# lemma	paradigms	pos — from apertium-kaz's lexc, tools/apertium_paradigms.py
,	DIGITLEX,LASTDIGIT,LASTDIGIT-REST,POWERS	?
-ақ	POSTADV	?
.	DIGITLEX,LASTDIGIT,LASTDIGIT-REST,POWERS	?
0	LOOP,NUM	num
00	NUM-DIGIT	num
000	NUM-DIGIT	num
1	LOOP,NUM-DIGIT	num
10	NUM-DIGIT	num
2	LOOP,NUM-DIGIT	num
20	NUM-DIGIT	num
3	LOOP,NUM-DIGIT	num
30	NUM-DIGIT	num
4	LOOP,NUM-DIGIT	num
40	NUM-DIGIT	num
5	LOOP,NUM-DIGIT	num
50	NUM-DIGIT	num
6	LOOP,NUM-DIGIT	num
60	NUM-DIGIT	num
7	LOOP,NUM-DIGIT	num
70	NUM-DIGIT	num
8	LOOP,NUM-DIGIT	num
80	NUM-DIGIT	num
9	LOOP,NUM-DIGIT	num
90	NUM-DIGIT	num
A	GUESS-QUEUE	?
ABBA	NP-ORG-LAT	np
ABC	NP-ORG-LAT	np
ACLU	NP-ORG-LAT	np
AFP	ABBR	abbr
AMD	NP-ORG-LAT	np
ANP	ABBR	abbr
AOL	NP-ORG-LAT	np
ASCII	NP-ORG-LAT	np
ATP	ABBR	abbr
Adobe	NP-ORG-LAT	np
Airbus	NP-ORG-LAT	np
Ajax	NP-ORG-LAT	np
Alma	NP-ANT-F	np
Althea	NP-ORG-LAT	np
Amiga	NP-ORG-LAT	np
Amnesty%	NP-ORG-LAT	np
Amway	NP-ORG-LAT	np
Aon	NP-ORG-LAT	np
Apertium	NP-AL	np
Atari	NP-ORG-LAT	np
Audi	NP-ORG-LAT	np
Autodesk	NP-ORG-LAT	np
AББ	ABBR,N1	abbr+n
Aйтғали	NP-ANT-M	np
B	GUESS-QUEUE	?
BAE	ABBR	abbr
BG	ABBR	abbr
BP	ABBR	abbr
Beatles	NP-AL	np
C	GUESS-QUEUE,NUM-ROMAN	?
CAM	ABBR	abbr
CCTV	ABBR	abbr
CD	ABBR	abbr
CEZ	ABBR	abbr
CGI	ABBR	abbr
CNPC	ABBR	abbr
Camus	NP-ORG-LAT	np
Chevron%	NP-ORG-LAT	np
Christie	NP-ORG-LAT	np
Columbia	NP-ORG-LAT	np
Company	NP-ORG-LAT	np
Conoco	NP-ORG-LAT	np
Consolidated%	NP-ORG-LAT	np
D	GUESS-QUEUE,NUM-ROMAN	?
DC	NUM-ROMAN	?
DVD	ABBR	abbr
E	GUESS-QUEUE	?
EITI	ABBR	abbr
EPO	ABBR	abbr
ER	ABBR	abbr
Efe	NP-ORG-LAT	np
Endesa	NP-ORG-LAT	np
Erasmus	NP-AL	np
Ericsson	NP-ORG-LAT	np
Ethernet	N1	n
Eurovision	NP-AL	np
Expo	NP-AL	np
Exxon	NP-ORG-LAT	np
Exxon%	NP-ORG-LAT	np
F	GUESS-QUEUE	?
FARC	ABBR	abbr
FBI	ABBR	abbr
Facebook	NP-ORG-LAT	np
Freedom%	NP-ORG-LAT	np
Friendfeed	NP-ORG-LAT	np
G	GUESS-QUEUE	?
GP	ABBR	abbr
GPS	ABBR	abbr
Global	NP-AL	np
Google	NP-ORG-LAT	np
Group	NP-AL	np
Guardian	NP-ORG-LAT	np
H	GUESS-QUEUE	?
HAS	ABBR	abbr
HIV	ABBR	abbr
HRH	ABBR	abbr
Halal	NP-AL	np
I	NUM-ROMAN	?
IBM	NP-ORG-LAT	np
IC	N1	n
ICU	ABBR	abbr
IDF	ABBR	abbr
II	NUM-ROMAN	?
III	NUM-ROMAN	?
IMD	ABBR	abbr
IME	ABBR	abbr
INSEE	NP-ORG-LAT	np
IP	ABBR	abbr
ISO	ABBR	abbr
IV	NUM-ROMAN	?
IX	NUM-ROMAN	?
Iberdrola	NP-ORG-LAT	np
Inc	NP-ORG-LAT	np
Independent	NP-AL	np
Inpex	NP-ORG-LAT	np
Instructables	NP-ORG-LAT	np
Investment	NP-ORG-LAT	np
Ipad	NP-ORG-LAT	np
J	GUESS-QUEUE	?
Javascript	NP-ORG-LAT	np
Jenington	NP-ORG-LAT	np
K	GUESS-QUEUE	?
KPO	ABBR	abbr
KZ	ABBR	abbr
Karachaganak%	NP-ORG-LAT	np
Kaz	ABBR	abbr
KazakhGold	NP-ORG-LAT	np
Kazakhmys	NP-ORG-LAT	np
Kazakhmys%	NP-ORG-LAT	np
Kazakhstan	NP-AL	np
L	GUESS-QUEUE,NUM-ROMAN	?
Leaks	NP-AL	np
Limited	NP-ORG-LAT	np
Linux	NP-ORG-LAT	np
Ltd	NP-ORG-LAT	np
M	GUESS-QUEUE,NUM-ROMAN	?
MGM	ABBR	abbr
MRI	ABBR,N1	abbr+n
Metallica	NP-ORG-LAT	np
Mobil	NP-AL,NP-ORG-LAT	np
Mozilla	NP-ORG-LAT	np
MySpace	NP-ORG-LAT	np
N	GUESS-QUEUE	?
NASA	ABBR	abbr
NBA	ABBR	abbr
NBC	ABBR	abbr
NDS	ABBR	abbr
NGC	NP-ORG-LAT	np
NGO	NP-ORG-LAT	np
Nauryz	NP-AL	np
New%	NP-AL	np
News%	NP-AL	np
Nike	NP-ORG-LAT	np
Nokia	NP-ORG-LAT	np
O	GUESS-QUEUE	?
OHL	ABBR	abbr
OMLT	ABBR	abbr
Operating	NP-ORG-LAT	np
P	GUESS-QUEUE	?
PDA	ABBR	abbr
PKK	ABBR	abbr
PSM	ABBR,N1	abbr+n
PSP	ABBR	abbr
Petroleum	NP-AL,NP-ORG-LAT	np
Plc	NP-ORG-LAT	np
Q	GUESS-QUEUE	?
R	GUESS-QUEUE	?
RAF	ABBR	abbr
RSS	ABBR	abbr
RTL	ABBR	abbr
S	GUESS-QUEUE	?
SAS	ABBR	abbr
SCAT	NP-ORG-LAT	np
SFOR	NP-ORG-LAT	np
SME	ABBR	abbr
SMS	ABBR	abbr
Shell	NP-ORG-LAT	np
T	GUESS-QUEUE	?
TNT	ABBR	abbr
Time	NP-AL	np
Times	NP-AL	np
Twitter	NP-ORG-LAT	np
U	GUESS-QUEUE	?
UDF	ABBR	abbr
UEFA	ABBR	abbr
USB	ABBR	abbr
UTC	ABBR	abbr
V	GUESS-QUEUE,NUM-ROMAN	?
VI	NUM-ROMAN	?
VII	NUM-ROMAN	?
VIII	NUM-ROMAN	?
W	GUESS-QUEUE	?
Warner	NP-ORG-LAT	np
Wiki	NP-AL	np
WikiLeaks	NP-AL	np
Witness	NP-AL	np
Wordpress	NP-ORG-LAT	np
Wrigley	NP-ORG-LAT	np
X	GUESS-QUEUE,NUM-ROMAN	?
XI	NUM-ROMAN	?
XII	NUM-ROMAN	?
XIII	NUM-ROMAN	?
XIV	NUM-ROMAN	?
XIX	NUM-ROMAN	?
XV	NUM-ROMAN	?
XVI	NUM-ROMAN	?
XVII	NUM-ROMAN	?
XVIII	NUM-ROMAN	?
XX	NUM-ROMAN	?
XXI	NUM-ROMAN	?
Y	GUESS-QUEUE	?
Yahoo	NP-AL	np
YouTube	NP-ORG-LAT	np
Z	GUESS-QUEUE	?
ZDF	ABBR	abbr
cәуір	N1	n
http	ABBR	abbr
iPhone	NP-ORG-LAT	np
iPod	NP-ORG-LAT	np
iс	V-IV	v-intrans
iш%	N1	n
kPa	ABBR	abbr
kz	ABBR	abbr
oномастикалық	A1	adj
ppm	ABBR,N1	abbr+n
retroactive	A1	adj
x	ABBR	abbr
yahoo	NP-ORG-LAT	np
əріпті-санды	A4	adj
ІІМ	ABBR	abbr
Ібни	NP-ANT-M	np
Ізбасар	NP-ANT-M	np
Ізмұхамбетов	NP-COG-OB	np
Ізтілеуов	NP-COG-OB	np
Ілебай	NP-ANT-M	np
Ілеев	NP-COG-OB	np
Ілияс	NP-ANT-M	np
Інжу	NP-ANT-F	np
Інкәр	NP-ANT-F	np
Інкәрбала	NP-ANT-F	np
Ісмет	NP-ANT-M	np
Іңкәрбек	NP-ANT-M	np
А.	ABBR	abbr
ААҚ	ABBR	abbr
АЕК	ABBR	abbr
АК	ABBR	abbr
АКСР	ABBR	abbr
АМТ	ABBR	abbr
АФ	ABBR	abbr
АЦАТ	ABBR	abbr
Аарон	NP-ANT-M	np
Аб	NP-ANT-M	np
Абай	NP-ANT-M,NP-TOP	np
Абайділданов	NP-COG-OB	np
Абайжан	NP-ANT-M	np
Абакан	NP-TOP	np
Абалаков	NP-COG-OB	np
Абат	NP-ANT-M	np
Аббас	NP-ANT-M	np
Аббаси	N1	n
Абд	NP-ANT-M	np
Абдель	NP-ANT-M	np
Абди	NP-ANT-M	np
Абдо	NP-ANT-M	np
Абдолла	NP-ANT-M	np
Абдолов	NP-COG-OB	np
Абдрахманов	NP-COG-OB	np
Абдрашитов	NP-COG-OB	np
Абдужапаров	NP-COG-OB	np
Абдул	NP-ANT-M	np
Абдулатипов	NP-COG-OB	np
Абдулла	NP-ANT-M	np
Абдуллаев	NP-COG-OB	np
Абель	NP-ANT-M	np
Абердин	NP-TOP	np
Абердор	NP-TOP	np
Абзал	NP-ANT-M	np
Абиджан	NP-TOP	np
Абильдинов	NP-COG-OB	np
Абира	NP-ANT-F	np
Абиссинии	NP-TOP	np
Аблакетка	NP-TOP	np
Аблякимов	NP-COG-OB	np
Абрамов	NP-COG-OB	np
Абрахам	NP-ANT-M	np
Абриал	NP-COG-MF	np
Абрил	NP-ANT-F	np
Абрумов	NP-COG-OB	np
Абруццо	NP-TOP	np
Абсиех	NP-COG-M	np
Абубакир	NP-ANT-M	np
Абуджа	NP-TOP	np
Абхазия	NP-TOP	np
Абыз	NP-ANT-M	np
Абызтөбе	NP-TOP	np
Абылай	NP-ANT-M	np
Абылайкит	NP-TOP	np
Абылғазы	NP-ANT-M	np
Абыралы	NP-TOP	np
Ав	NP-ANT-M	np
Авангард	NP-AL	np
Аваров	NP-COG-OB	np
Аввакум	NP-TOP	np
Август	NP-ANT-M	np
Августин	NP-ANT-M	np
Авдеев	NP-COG-OB	np
Авейру	NP-TOP	np
Авиа	NP-ORG	np
Авила	NP-TOP	np
Авиценна	NP-ANT-M	np
Авраменко	NP-COG-MF	np
Аврора	NP-ANT-F	np
Австралия	NP-TOP	np
Австралиялық	N1	n
Австрия	NP-TOP	np
Австриялық	N1	n
Австро-Венгрия	NP-TOP	np
Аг	NP-ANT-M	np
Агаев	NP-COG-OB	np
Агаков	NP-COG-OB	np
Агамемнон	NP-ANT-M	np
Агар	NP-ANT-F	np
Агасси	NP-COG-MF	np
Агата	NP-ANT-F	np
Агафонов	NP-COG-OB	np
Агеев	NP-COG-OB	np
Агнес	NP-ANT-F	np
Агнесса	NP-ANT-F	np
Агнешка	NP-ANT-F	np
Агню	NP-COG-MF	np
Агостино	NP-ANT-M	np
Агриппина	NP-ANT-F	np
Агуреев	NP-COG-OB	np
Агустин	NP-ANT-M	np
Ада	NP-ANT-F	np
Адай	NP-ANT-M,NP-TOP	np
Адам	NP-ANT-M	np
Адамбай	NP-ANT-M	np
Адамбек	NP-ANT-M	np
Адамс	NP-COG-MF	np
Адела	NP-ANT-F	np
Аделаиде	NP-ANT-F	np
Аделина	NP-ANT-F	np
Аджанта	NP-ORG	np
Аджип	NP-AL	np
Адидже	NP-TOP	np
Адлер	NP-TOP	np
Адольф	NP-ANT-M	np
Адонис	NP-ANT-M	np
Адриан	NP-ANT-M	np
Адриана	NP-ANT-F	np
Адриано	NP-ANT-M	np
Адриат	NP-TOP	np
Адриен	NP-ANT-M	np
Адрия	NP-ANT-F	np
Адыраспантөбе	NP-TOP	np
Адырбай	NP-ANT-M	np
Адырбеков	NP-COG-OB	np
Адюков	NP-COG-OB	np
Ажар	NP-ANT-F	np
Ажарбек	NP-ANT-M	np
Ажаргүл	NP-ANT-F	np
Ажархан	NP-ANT-F	np
Аз	NP-ANT-M	np
Аза	NP-ANT-F	np
Азамат	NP-ANT-M	np
Азаров	NP-COG-OB	np
Азат	NP-ANT-M	np
Азатбан	NP-ANT-M	np
Азатбек	NP-ANT-M	np
Азеведо	NP-COG-MF	np
Азизов	NP-COG-OB	np
Азимов	NP-COG-OB	np
Азия	NP-TOP	np
Азиялық	N1-NAT	n
Азнақай	NP-TOP	np
Азов	NP-COG-OB	np
Аида	NP-ANT-F	np
Аимии	NP-ANT-F	np
Ай	NP-TOP	np
Айбала	NP-ANT-F	np
Айбар	NP-ANT-M	np
Айбарша	NP-ANT-F	np
Айбас	NP-ANT-M,NP-TOP	np
Айбас-Қайбас	NP-TOP	np
Айбат	NP-ANT-M	np
Айбек	NP-ANT-M	np
Айбибе	NP-ANT-F	np
Айбиби	NP-ANT-F	np
Айбике	NP-ANT-F	np
Айбол	NP-ANT-M	np
Айболат	NP-ANT-M	np
Айбын	NP-ANT-M	np
Айвенов	NP-COG-OB	np
Айвз	NP-ANT-M	np
Айгүл	NP-ANT-F	np
Айдабол	NP-TOP	np
Айдай	NP-ANT-F	np
Айдан	NP-ANT-M	np
Айдана	NP-ANT-F	np
Айдар	NP-ANT-M	np
Айдарбаев	NP-COG-OB	np
Айдарбек	NP-ANT-M	np
Айдария	NP-ANT-F	np
Айдаркөл	NP-TOP	np
Айдарлы	NP-ANT-M,NP-TOP	np
Айдаров	NP-COG-OB	np
Айдархан	NP-ANT-M,NP-TOP	np
Айдарғали	NP-ANT-M	np
Айдахо	NP-TOP	np
Айдос	NP-ANT-M,NP-TOP	np
Айдын	NP-ANT-M	np
Айжамал	NP-ANT-F	np
Айжан	NP-ANT-F,NP-TOP	np
Айжангүл	NP-ANT-F	np
Айжанов	NP-COG-OB	np
Айжарық	NP-ANT-M	np
Айжарқын	NP-ANT-M	np
Айжас	NP-ANT-M	np
Айзада	NP-ANT-F	np
Айзат	NP-ANT-M	np
Айзенберг	NP-COG-MF	np
Айзере	NP-ANT-F	np
Айзиба	NP-ANT-F	np
Айзия	NP-ANT-F	np
Айк	NP-ANT-M	np
Айкене	NP-TOP	np
Айкүміс	NP-ANT-F	np
Айкүн	NP-ANT-F	np
Айла	NP-ANT-F	np
Айман	NP-ANT-F	np
Айманай	NP-ANT-F	np
Аймангүл	NP-ANT-F	np
Айманов	NP-COG-OB	np
Аймауытов	NP-COG-OB	np
Аймаханов	NP-COG-OB	np
Аймағамбет	NP-ANT-M	np
Аймағанов	NP-COG-OB	np
Аймақ	NP-ANT-M	np
Аймаңдай	NP-AL	np
Аймира	NP-ANT-F	np
Аймұрат	NP-ANT-M	np
Айна	NP-ANT-F	np
Айнабек	NP-ANT-M	np
Айнабеков	NP-COG-OB	np
Айнабұлақ	NP-TOP	np
Айнагүл	NP-ANT-F	np
Айнажан	NP-ANT-F	np
Айназия	NP-ANT-F	np
Айнан	NP-ANT-M	np
Айнанур	NP-ANT-F	np
Айнаша	NP-ANT-F	np
Айнағұлов	NP-COG-OB	np
Айнұр	NP-ANT-F	np
Айова	NP-TOP	np
Айпара	NP-ANT-F	np
Айрат	NP-ANT-M	np
Айса	NP-ANT-M	np
Айсары	NP-TOP	np
Айсауле	NP-ANT-F	np
Айсауыт	NP-ANT-M	np
Айсүгір	NP-ANT-M	np
Айсұлу	NP-ANT-F	np
Айтас	NP-ANT-M	np
Айтау	NP-TOP	np
Айтақын	NP-ANT-M	np
Айтаң	NP-ANT-M	np
Айтбаев	NP-COG-OB	np
Айтбай	NP-ANT-M	np
Айтбек	NP-ANT-M	np
Айтемір	NP-ANT-M	np
Айтжан	NP-ANT-M	np
Айтматов	NP-COG-OB	np
Айтмұхаметов	NP-COG-OB	np
Айтуар	NP-ANT-M	np
Айтуды	NP-ANT-M	np
Айтуған	NP-ANT-M	np
Айтқали	NP-ANT-M	np
Айтқұлов	NP-COG-OB	np
Айша	NP-ANT-F	np
Айшаиым	NP-ANT-F	np
Айшолпан	NP-ANT-F	np
Айшуақ	NP-ANT-M	np
Айшуақов	NP-COG-OB	np
Айшық	NP-ANT-M	np
Айым	NP-ANT-F	np
Айымбетов	NP-COG-OB	np
Айымгүл	NP-ANT-F	np
Айымжан	NP-ANT-F	np
Айымша	NP-ANT-F	np
Айыртау	NP-TOP	np
Айырқызыл	NP-TOP	np
Айғали	NP-ANT-M	np
Айғанша	NP-ANT-F	np
Айғыз	NP-ANT-F,NP-TOP	np
Айғыркөл	NP-TOP	np
Айғырқұм	NP-TOP	np
Айқын	NP-ANT-M	np
Айәділ	NP-ANT-M	np
Ак	NP-ANT-M	np
Ак-Су	NP-TOP	np
Акеев	NP-COG-OB	np
Акеми	NP-ANT-F	np
Акира	NP-ANT-F	np
Акколь	NP-TOP	np
Аккрингтон	NP-TOP	np
Аккурган	NP-TOP	np
Аксай	NP-TOP	np
Аксаков	NP-COG-OB	np
Аксум	NP-TOP	np
Аксёнов	NP-COG-OB	np
Алабама	NP-TOP	np
Алабота	NP-TOP	np
Алабуға	NP-TOP	np
Алай	NP-ANT-M,NP-TOP	np
Алайн	NP-ANT-M	np
Алакөл	NP-TOP	np
Аламесек	NP-TOP	np
Аламида	NP-TOP	np
Алан	NP-ANT-M	np
Алангов	NP-COG-OB	np
Аланис	NP-ANT-F	np
Аланов	NP-COG-OB	np
Аларик	NP-ANT-M	np
Алатау	NP-TOP	np
Алатөбе	NP-TOP	np
Алау	NP-ANT-M	np
Алаш	NP-TOP	np
Алашбеков	NP-COG-OB	np
Алашорда	NP-TOP	np
Алақын	NP-ANT-M	np
Албан	N1-NAT	n
Албания	NP-TOP	np
Албаниялық	N1	n
Албат	NP-ANT-M	np
Алвар	NP-ANT-M	np
Алвис	NP-ANT-M	np
Алгереев	NP-COG-OB	np
Алдабергенов	NP-COG-OB,NP-TOP	np
Алдажаров	NP-COG-OB	np
Алдамұратов	NP-COG-OB	np
Алдан	NP-ANT-M	np
Алдар	NP-ANT-M	np
Алдар%	NP-ANT-M	np
Алек	NP-ANT-M	np
Алекс	NP-ANT-F,NP-ANT-M	np
Алекса	NP-ANT-F	np
Александр	NP-ANT-M	np
Александра	NP-ANT-F	np
Александрия	NP-ANT-F,NP-TOP	np
Александров	NP-COG-OB	np
Александрович	NP-PAT-VICH	np
Александровск	NP-TOP	np
Александрос	NP-ANT-M	np
Алексеев	NP-COG-OB	np
Алексеевич	NP-PAT-VICH	np
Алексеевка	NP-TOP	np
Алексеевск	NP-TOP	np
Алексей	NP-ANT-M	np
Алексия	NP-ANT-F	np
Ален	NP-ANT-M,NP-TOP	np
Алентежу	NP-TOP	np
Алепауыл	NP-TOP	np
Алессандро	NP-ANT-M	np
Алехандро	NP-ANT-M	np
Алехо	NP-ANT-M	np
Алжир	NP-TOP	np
Али	NP-ANT-M	np
Алиев	NP-COG-OB	np
Ализа	NP-ANT-F	np
Алик	NP-ANT-M	np
Алимасов	NP-COG-OB	np
Алина	NP-ANT-F	np
Алипинов	NP-COG-OB	np
Алиса	NP-ANT-F	np
Алисия	NP-ANT-F	np
Алисса	NP-ANT-F	np
Алита	NP-ANT-F	np
Алия	NP-ANT-F	np
Алкей	NP-ANT-M	np
Алла	N1	n
Аллан	NP-ANT-M	np
Аллах	NP-ANT-M	np
Аллаһ	N1	n
Аллаһ%	N3	?
Аллен	NP-ANT-M	np
Алма	NP-ANT-F	np
Алмаарасан	NP-TOP	np
Алмабай	NP-ANT-M	np
Алмабек	NP-ANT-M	np
Алмабеков	NP-COG-OB	np
Алмагүл	NP-ANT-F	np
Алмажан	NP-ANT-F	np
Алмаз	NP-ANT-M	np
Алмазбек	NP-ANT-M	np
Алмалы	NP-TOP	np
Алмалыбақ	NP-TOP	np
Алмалық	NP-TOP	np
Алмания	NP-TOP	np
Алмас	NP-ANT-F,NP-ANT-M	np
Алмасбай	NP-ANT-M	np
Алмасбек	NP-ANT-M	np
Алмасхан	NP-ANT-M	np
Алматай	NP-ANT-M	np
Алматов	NP-COG-OB	np
Алмату	NP-TOP	np
Алматы	NP-TOP	np
Алмахан	NP-ANT-F	np
Алмұрт	NP-ANT-M	np
Алпамыс	NP-ANT-M	np
Алпар	NP-ANT-M	np
Алпысбаев	NP-COG-OB	np
Алпысбай	NP-ANT-M	np
Алтай	NP-ANT-M,NP-TOP	np
Алтыбай	NP-ANT-M,NP-TOP	np
Алтыбайсор	NP-TOP	np
Алтын	NP-ANT-F	np
Алтын%	NP-AL,NP-TOP	np
Алтынай	NP-ANT-F	np
Алтынасар	NP-TOP	np
Алтынбаев	NP-COG-OB	np
Алтынбек	NP-ANT-M	np
Алтынгүл	NP-ANT-F	np
Алтынемел	NP-TOP	np
Алтынсарин	NP-TOP	np
Алтынсары	NP-ANT-M	np
Алтынтау	NP-TOP	np
Алтынтөбе	NP-TOP	np
Алтыншаш	NP-ANT-F	np
Алтышаһар	NP-TOP	np
Алтықарасу	NP-TOP	np
Алтыүй	NP-TOP	np
Алуа	NP-ANT-F	np
Алшымбаев	NP-COG-OB	np
Алшынбай	NP-ANT-M	np
Алымов	NP-COG-OB	np
Аль	NP-ANT-M	np
Аль%	NP-COG-MF	np
Альба	NP-ANT-F	np
Альбано	NP-ANT-M	np
Альберт	NP-ANT-M	np
Альберта	NP-TOP	np
Альберто	NP-ANT-M	np
Альбина	NP-ANT-F	np
Альбион	NP-TOP	np
Альбукерке	NP-TOP	np
Альваро	NP-ANT-M	np
Альден	NP-ANT-M	np
Альдо	NP-ANT-M	np
Альмуния	NP-COG-MF	np
Альмяшев	NP-COG-OB	np
Альпі	NP-TOP	np
Альта	NP-ANT-F	np
Альтов	NP-COG-OB	np
Альфонс	NP-ANT-M	np
Альфред	NP-ANT-M	np
Альфредо	NP-ANT-M	np
Альхазен	NP-ANT-M	np
Аляска	NP-TOP	np
Алёна	NP-ANT-F	np
Алға	NP-ANT-M,NP-TOP	np
Алғабас	NP-TOP	np
Алғазы	NP-TOP	np
Алғыр	NP-ANT-M	np
Алқа	NP-ANT-F	np
Алқабек	NP-TOP	np
Алқагүл	NP-ANT-F	np
Алқакөлқұм	NP-TOP	np
Алқамерген	NP-TOP	np
Алқатерек	NP-TOP	np
Амадеус	NP-ANT-M	np
Амадо	NP-ANT-M	np
Амазонка	NP-TOP	np
Амалдық	NP-ANT-M	np
Амалия	NP-ANT-F	np
Амальрик	NP-ANT-M,NP-COG-MF	np
Аман	NP-ANT-F,NP-ANT-M	np
Аманбаев	NP-COG-OB	np
Аманбай	NP-ANT-M,NP-TOP	np
Аманбала	NP-ANT-F	np
Аманбек	NP-ANT-M	np
Амангелді	NP-ANT-M,NP-TOP	np
Амангелдіұлы	NP-ANT-M	np
Амангүл	NP-ANT-F	np
Аманда	NP-ANT-F	np
Аманджулов	NP-COG-OB	np
Амандос	NP-ANT-M	np
Амандосов	NP-COG-OB	np
Амандык	NP-ANT-M	np
Аманжол	NP-ANT-M,NP-TOP	np
Аманжолов	NP-COG-OB	np
Аманиязов	NP-COG-OB	np
Аманкелді	NP-ANT-M	np
Аманов	NP-COG-OB	np
Амантай	NP-ANT-M	np
Амантоғай	NP-TOP	np
Аманғайша	NP-ANT-F	np
Аманқали	NP-ANT-M	np
Аманқарағай	NP-TOP	np
Аманөткел	NP-TOP	np
Амаро	NP-ANT-M	np
Амбосели	NP-TOP	np
Амброуз	NP-ANT-M	np
Амели	NP-ANT-F	np
Амелия	NP-ANT-F	np
Америка	NP-TOP	np
Американ	N1-NAT	n
Аминев	NP-COG-OB	np
Амир	NP-ANT-M	np
Амира	NP-ANT-F	np
Амиров	NP-COG-OB	np
Амман	NP-TOP	np
Амнести%	NP-ORG	np
Амстердам	NP-TOP	np
Амур	NP-TOP	np
Амьен	NP-TOP	np
Ана	NP-ANT-F	np
Анадолы	NP-TOP	np
Анаксагор	NP-ANT-M	np
Ананьев	NP-COG-OB	np
Анар	NP-ANT-F,NP-TOP	np
Анаргүл	NP-ANT-F	np
Анаржан	NP-ANT-F	np
Анархан	NP-ANT-F	np
Анастасия	NP-ANT-F	np
Анатолий	NP-ANT-M	np
Анатольевич	NP-PAT-VICH	np
Ангела	NP-ANT-F	np
Ангелина	NP-ANT-F	np
Ангелино	NP-ANT-M	np
Ангелов	NP-COG-OB	np
Ангилья	NP-TOP	np
Англия	NP-TOP	np
Ангола	NP-TOP	np
Анд	NP-TOP	np
Андалусия	NP-TOP	np
Андасай	NP-TOP	np
Андерсен	NP-ANT-M	np
Андерсон	NP-ANT-M	np
Андес	NP-ANT-M	np
Анджелина	NP-ANT-F	np
Анджело	NP-ANT-M	np
Андорра	NP-TOP	np
Андорра-ла-Велья	NP-TOP	np
Андре	NP-ANT-M	np
Андреа	NP-ANT-F	np
Андреас	NP-ANT-M	np
Андреев	NP-COG-OB	np
Андреевич	NP-PAT-VICH	np
Андрей	NP-ANT-M	np
Андрес	NP-ANT-M	np
Андрис	NP-COG-MF	np
Андромеда	NP-AL,NP-TOP	np
Андронов	NP-COG-OB	np
Андропов	NP-COG-OB,NP-TOP	np
Анжела	NP-ANT-F	np
Аника	NP-ANT-F	np
Аниса	NP-ANT-F	np
Анисимов	NP-COG-OB	np
Анита	NP-ANT-F	np
Анищенко	NP-COG-MF	np
Анкара	NP-TOP	np
Анна	NP-ANT-F	np
Аннамұрадов	NP-COG-OB	np
Анненков	NP-COG-OB	np
Аннет	NP-ANT-F	np
Анри	NP-ANT-M	np
Ансальдо	NP-ANT-M	np
Антананариву	NP-TOP	np
Антанас	NP-ANT-M	np
Антарктида	NP-TOP	np
Анте	NP-ANT-M	np
Антигуа	NP-TOP	np
Антигуа%	NP-TOP	np
Антиллы	NP-TOP	np
Антиль	NP-TOP	np
Антиль%	NP-TOP-COMPOUND	np
Антипов	NP-COG-OB	np
Антон	NP-ANT-M	np
Антоненко	NP-COG-MF	np
Антоний	NP-ANT-M	np
Антонио	NP-ANT-M	np
Антонов	NP-COG-OB	np
Антуан	NP-ANT-M	np
Антуанетта	NP-ANT-F	np
Анук	NP-ANT-F	np
Анфиса	NP-ANT-F	np
Анхальт	NP-TOP	np
Аня	NP-ANT-F	np
Апас	NP-TOP	np
Апиа	NP-TOP	np
Аполло	NP-AL,NP-ANT-M	np
Аполлон	NP-AL	np
Аппанов	NP-COG-OB	np
Аппақ	NP-ANT-M	np
Апсалықов	NP-COG-OB	np
Апулия	NP-TOP	np
Ар	NP-ANT-M	np
Араб	N1-NAT	n
Арабия	NP-TOP	np
Аравия	NP-TOP	np
Арагон	NP-TOP	np
Арай	NP-ANT-M,NP-TOP	np
Арайша	NP-ANT-F	np
Аракс	NP-TOP	np
Арал	NP-TOP	np
Аралбаев	NP-COG-OB	np
Аралбай	NP-ANT-M	np
Аралсор	NP-TOP	np
Аралтоғай	NP-TOP	np
Аралтөбе	NP-TOP	np
Аралқұм	NP-TOP	np
Арам	NP-ANT-M	np
Арамей	N1-NAT	n
Арамеялық%	N1	n
Арамнов	NP-COG-OB	np
Арапов	NP-COG-OB	np
Арасан	NP-TOP	np
Арафат	NP-COG-MF	np
Арафур	NP-TOP	np
Арақарағай	NP-TOP	np
Арбек	NP-ANT-M	np
Арбол	NP-ANT-M	np
Аргау	NP-TOP	np
Аргентин	N1	n
Аргентина	NP-TOP	np
Ард	NP-ANT-M	np
Ардатов	NP-COG-OB	np
Ардақ	NP-ANT-F	np
Арден	NP-COG-MF	np
Ари	NP-ANT-M	np
Ариан	NP-ANT-M	np
Ариана	NP-ANT-F	np
Ариас	NP-COG-MF	np
Аризона	NP-TOP	np
Арина	NP-ANT-F	np
Арипов	NP-COG-OB	np
Аристов	NP-COG-OB	np
Аристотель	NP-ANT-M	np
Аркажах	NP-TOP	np
Арканзас	NP-TOP	np
Арктика	NP-TOP	np
Аркук	NP-TOP	np
Арман	NP-ANT-M,NP-COG-MF	np
Армандо	NP-ANT-M	np
Армения	NP-TOP	np
Арна	NP-ANT-F	np
Арнольд	NP-ANT-M	np
Арон	NP-ANT-M	np
Аррениус	NP-COG-MF	np
Арсалиев	NP-COG-OB	np
Арсен	NP-ANT-M	np
Арсений	NP-ANT-M	np
Арсентьев	NP-COG-OB	np
Арсланов	NP-COG-OB	np
Артаев	NP-COG-OB	np
Артамонов	NP-COG-OB	np
Артеев	NP-COG-OB	np
Артем	NP-ANT-M,NP-TOP	np
Артемид	NP-TOP	np
Артемида	NP-AL,NP-ANT-F	np
Артемьев	NP-COG-OB	np
Артур	NP-ANT-M	np
Артыш	NP-ANT-M	np
Артық	NP-ANT-M	np
Артықбай	NP-ANT-M	np
Артыққали	NP-ANT-M	np
Ару	NP-ANT-F	np
Аруба	NP-TOP	np
Архангельск	NP-TOP	np
Архандеев	NP-COG-OB	np
Архимед	NP-ANT-M	np
Архипов	NP-COG-OB	np
Арцыбышев	NP-COG-OB	np
Арча	NP-TOP	np
Арчибальд	NP-ANT-M	np
Аршалы	NP-TOP	np
Аршат	NP-ANT-F	np
Аршинов	NP-COG-OB	np
Арын	NP-ANT-M	np
Арынбай	NP-ANT-M	np
Арынбек	NP-ANT-M	np
Арындық	NP-ANT-M	np
Арынов	NP-COG-OB	np
Арынғазы	NP-ANT-M	np
Арыс	NP-TOP	np
Арыс-Түркістан	NP-TOP	np
Арысбай	NP-ANT-M	np
Арыстан	NP-ANT-M	np
Арыстанбай	NP-ANT-M	np
Арыстанбек	NP-ANT-M	np
Арыстанды	NP-TOP	np
Арыстанов	NP-COG-OB	np
Арыстанқали	NP-ANT-M	np
Арысқұм	NP-TOP	np
Арықбалық	NP-TOP	np
Арықты	NP-TOP	np
Арьян	NP-ANT-M	np
Арғанаты	NP-TOP	np
Арғынбаев	NP-COG-OB	np
Арқайым	NP-TOP	np
Арқалық	NP-TOP	np
Арқанкерген	NP-TOP	np
Арқарлы	NP-TOP	np
Арқат	NP-ANT-M,NP-TOP	np
Ас	NP-ANT-M	np
Аса	NP-ANT-M	np
Асабай	NP-ANT-M	np
Асад	NP-ANT-M,NP-COG-MF	np
Асайын	NP-ANT-M	np
Асамат	NP-ANT-M	np
Асан	NP-ANT-M	np
Асанас	NP-TOP	np
Асанбай	NP-ANT-M	np
Асанбек	NP-ANT-M	np
Асанжан	NP-ANT-M	np
Асанкелді	NP-ANT-M	np
Асанмұрат	NP-ANT-M	np
Асанов	NP-COG-OB	np
Асанқали	NP-ANT-M	np
Асанқан	NP-ANT-M	np
Асанқожа	NP-ANT-M	np
Асаубалық	NP-TOP	np
Асаутай	NP-ANT-M	np
Асаф	NP-ANT-M	np
Асель	NP-ANT-F	np
Асем	NP-ANT-F	np
Асимов	NP-COG-OB	np
Аскольд	NP-COG-MF	np
Аслан	NP-ANT-M	np
Асланбек	NP-ANT-M	np
Асли	NP-ANT-F	np
Аснар	NP-COG-MF	np
Аспазия	NP-ANT-F	np
Аспандиаров	NP-COG-OB	np
Аспандияр	NP-ANT-M	np
Аспантау	NP-TOP	np
Аспара	NP-TOP	np
Аспен	NP-ANT-F	np
Аспижаб	NP-TOP	np
Ассанж	NP-COG-MF	np
Ассельборн	NP-COG-MF	np
Ассириялық	N1	n
Ассур	NP-ANT-M	np
Астам	NP-ANT-M	np
Астана	NP-TOP	np
Астор	NP-ANT-M	np
Астрахан	NP-TOP	np
Астурия	NP-TOP	np
Асубұлақ	NP-TOP	np
Асулан	NP-ANT-M	np
Асхат	NP-ANT-M	np
Асы	NP-TOP	np
Асыл	NP-ANT-F,NP-ANT-M	np
Асылбек	NP-ANT-M	np
Асылбеков	NP-COG-OB	np
Асылов	NP-COG-OB	np
Асылтас	NP-ANT-F	np
Асылхан	NP-ANT-M	np
Асылша	NP-ANT-F	np
Асысаға	NP-TOP	np
Асықата	NP-TOP	np
Асқан	NP-ANT-M	np
Асқар	NP-ANT-M	np
Асқаралы	NP-ANT-M	np
Асқарбай	NP-ANT-M	np
Асқарбек	NP-ANT-M	np
Асқарбекұлы	NP-ANT-M	np
Асқаржан	NP-ANT-M	np
Асқаров	NP-COG-OB	np
Ат	NP-ANT-M	np
Атабаев	NP-COG-OB	np
Атабай	NP-TOP	np
Атабек	NP-ANT-M	np
Атабеков	NP-COG-OB	np
Аталай	NP-COG-MF	np
Аталанта	NP-ORG	np
Аталық	NP-ANT-M	np
Атаманов	NP-COG-OB	np
Атамбаев	NP-COG-OB	np
Атамұрат	NP-ANT-M	np
Атанасов	NP-COG-OB	np
Атанияз	NP-ANT-M	np
Атаниязов	NP-COG-OB	np
Атасу	NP-TOP	np
Атағозиев	NP-COG-OB	np
Атбасар	NP-TOP	np
Атена	NP-ANT-F	np
Атжақты	NP-TOP	np
Аткинсон	NP-COG-MF	np
Атлант	NP-AL	np
Атланта	NP-TOP	np
Атлантик	NP-TOP	np
Атлантика	NP-TOP	np
Атлантикалық	A1	adj
Атласов	NP-COG-OB	np
Атрохов	NP-COG-OB	np
Атрошенко	NP-COG-MF	np
Аттила	NP-ANT-M	np
Атшабаров	NP-COG-OB	np
Атшыбаев	NP-COG-OB	np
Атымтай	NP-ANT-M	np
Атырау	NP-TOP	np
Ауан	NP-TOP	np
Аугусто	NP-ANT-M	np
Аурангзеб	NP-ANT-M	np
Аурелио	NP-ANT-M	np
Аурелия	NP-ANT-M	np
Аустралия	NP-TOP	np
Аустрия	NP-TOP	np
Ауған	N1-NAT	n
Ауғанстан	NP-TOP	np
Ауқатты	NP-TOP	np
Афанасьев	NP-COG-OB,NP-TOP	np
Афина	NP-TOP	np
Афон	NP-ANT-M	np
Афонсо	NP-COG-MF	np
Африка	NP-TOP	np
Ах	NP-ANT-M	np
Ахаб	NP-ANT-M	np
Ахан	NP-ANT-M	np
Аханов	NP-COG-OB	np
Ахат	NP-ANT-M	np
Ахемен	N1	n
Ахен	NP-TOP	np
Ахерн	NP-COG-MF	np
Ахиллес	NP-ANT-M	np
Ахмад	NP-ANT-M	np
Ахмадиев	NP-COG-OB	np
Ахмадинежад	NP-COG-MF	np
Ахмар	NP-ANT-M	np
Ахматканов	NP-COG-OB	np
Ахматов	NP-COG-OB	np
Ахмед	NP-ANT-M	np
Ахмединежад	NP-COG-M	np
Ахмедияр	NP-ANT-M	np
Ахмедияров	NP-COG-OB	np
Ахмедов	NP-COG-OB	np
Ахмеров	NP-COG-OB	np
Ахмет	NP-ANT-M	np
Ахметбеков	NP-COG-OB	np
Ахметжан	NP-ANT-M	np
Ахметжанов	NP-COG-OB	np
Ахметов	NP-COG-OB	np
Ахметсапа	NP-ANT-M	np
Ахрам	NP-ANT-M	np
Ашанти	NP-TOP	np
Ашимханов	NP-COG-OB	np
Аширбаев	NP-COG-OB	np
Ашкеров	NP-COG-OB	np
Аюбаев	NP-COG-OB	np
Аюханов	NP-COG-OB	np
Аюшат	NP-TOP	np
Аягөз	NP-TOP	np
Аязқала	NP-TOP	np
Аян	NP-ANT-M	np
Аяубаев	NP-COG-OB	np
Аяччо	NP-TOP	np
Аяғанов	NP-COG-OB	np
Аяққамыр	NP-TOP	np
Ағабек	NP-ANT-M	np
Ағадыр	NP-TOP	np
Ағайсенов	NP-COG-OB	np
Ағайша	NP-ANT-F	np
Ағеділ	NP-TOP	np
Ағзам	NP-ANT-M	np
Ағила	NP-ANT-F	np
Ағлая	NP-ANT-F	np
Ағыбайұлы	NP-COG-M	np
Ағылшын	N1-NAT	n
Ағын	NP-ANT-M	np
АҚ	ABBR	abbr
АҚШ	ABBR,NP-TOP-ABBR	abbr+np
Ақаев	NP-COG-OB	np
Ақай	NP-ANT-M	np
Ақан	NP-ANT-M	np
Ақанаев	NP-COG-OB	np
Ақанбарақ	NP-TOP	np
Ақанов	NP-COG-OB	np
Ақарал	NP-TOP	np
Ақатұлы	NP-COG-M	np
Ақбай	NP-ANT-M	np
Ақбала	NP-ANT-F	np
Ақбастау	NP-TOP	np
Ақбасты	NP-TOP	np
Ақбатес	NP-ANT-F	np
Ақбауыр	NP-TOP	np
Ақбақай	NP-TOP	np
Ақбейіт	NP-TOP	np
Ақберді	NP-ANT-M	np
Ақбет	NP-TOP	np
Ақбешім	NP-TOP	np
Ақболат	NP-ANT-M	np
Ақбота	NP-ANT-F	np
Ақбұлақ	NP-TOP	np
Ақбұлым	NP-TOP	np
Ақдала	NP-TOP	np
Ақдаласор	NP-TOP	np
Ақдөң	NP-TOP	np
Ақеділ	NP-ANT-M	np
Ақеспе	NP-TOP	np
Ақжайық	NP-TOP	np
Ақжайқын	NP-TOP	np
Ақжал	NP-TOP	np
Ақжан	NP-ANT-M,NP-TOP	np
Ақжанат	NP-ANT-M	np
Ақжар	NP-TOP	np
Ақжарма	NP-TOP	np
Ақжарқын	NP-ANT-M	np
Ақжелке	NP-ANT-M	np
Ақжол	NP-ANT-M	np
Ақжігіт	NP-ANT-M	np
Ақкесене	NP-TOP	np
Ақкиізтоғай	NP-TOP	np
Ақкөл	NP-TOP	np
Ақлима	NP-ANT-F	np
Ақмарал	NP-ANT-F	np
Ақмая	NP-TOP	np
Ақмешіт	NP-TOP	np
Ақмола	NP-TOP	np
Ақмәмбет	NP-TOP	np
Ақназар	NP-ANT-M	np
Ақоба	NP-TOP	np
Ақорда	NP-TOP	np
Ақпанбет	NP-ANT-M	np
Ақпар	NP-ANT-M	np
Ақсай	NP-TOP	np
Ақсақалов	NP-COG-OB	np
Ақсейіт	NP-TOP	np
Ақсораң	NP-TOP	np
Ақсу	NP-TOP	np
Ақсу-Аюлы	NP-TOP	np
Ақсуат	NP-TOP	np
Ақсубай	NP-TOP	np
Ақсүйек	NP-TOP	np
Ақсүмбе	NP-TOP	np
Ақсұлтан	NP-ANT-M	np
Ақтай	NP-TOP	np
Ақтайлақ	NP-TOP	np
Ақтам	NP-TOP	np
Ақтамақ	NP-ANT-F	np
Ақтаныш	NP-TOP	np
Ақтас	NP-TOP	np
Ақтасты	NP-TOP	np
Ақтастысай	NP-TOP	np
Ақтау	NP-TOP	np
Ақтаң	NP-ANT-M	np
Ақтерек	NP-TOP	np
Ақтоғай	NP-TOP	np
Ақтоған	NP-TOP	np
Ақтоқты	NP-ANT-F	np
Ақтілек	NP-ANT-M	np
Ақтүбек	NP-TOP	np
Ақтөбе	NP-TOP	np
Ақтөбемұнайгаз	NP-ORG	np
Ақшатау	NP-TOP	np
Ақшеңгелді	NP-TOP	np
Ақши	NP-TOP	np
Ақшора	NP-ANT-M	np
Ақшоқы	NP-TOP	np
Ақшәулі	NP-TOP	np
Ақылбай	NP-ANT-M	np
Ақылбек	NP-ANT-M	np
Ақын	NP-ANT-M	np
Ақынжан	NP-ANT-M	np
Ақынжанов	NP-COG-OB	np
Ақыраб	NP-TOP	np
Ақырап	NP-ANT-M	np
Ақыртас	NP-TOP	np
Ақыртөбе	NP-TOP	np
Ақышев	NP-COG-OB	np
Аққаба	NP-TOP	np
Аққайнар	NP-TOP	np
Аққайың	NP-TOP	np
Аққал	NP-ANT-F,NP-ANT-M	np
Аққанбұрлық	NP-TOP	np
Аққасқа	NP-AL	np
Аққожа	NP-ANT-M	np
Аққозы	NP-ANT-M	np
Аққорған	NP-TOP	np
Аққоңыр	NP-TOP	np
Аққу	NP-AL,NP-TOP	np
Аққыз	NP-ANT-F	np
Аққыр	NP-TOP	np
Аққыстау	NP-TOP	np
Аққұдық	NP-TOP	np
Аққұлы	NP-COG-MF	np
Аққұм	NP-TOP	np
Аққұяш	NP-TOP	np
Ақәжетай	NP-ANT-F	np
Аңдас	NP-ANT-M	np
Аңсар	NP-ANT-M	np
Аңсаған	NP-ANT-M	np
Аңырақай	NP-TOP	np
Аһимса	N1	n
АӨСШК	ABBR	abbr
БАҚ	N1-ABBR	?
ББС	ABBR	abbr
БМТРК	NP-TOP-ABBR	np
БОАК	ABBR	abbr
БСН	ABBR	abbr
БТА	ABBR,NP-ORG-ABBR	abbr+np
БХООО	NP-TOP-ABBR	np
Ба	NP-ANT-M	np
Баба	NP-ANT-M	np
Бабажан	NP-ANT-M	np
Бабажанов	NP-COG-OB	np
Бабайқорған	NP-TOP	np
Бабамкожа	NP-COG-MF	np
Бабан	NP-TOP	np
Бабанияз	NP-ANT-M	np
Бабас	NP-ANT-M	np
Бабата	NP-TOP	np
Бабатоған	NP-TOP	np
Бабахан	NP-ANT-M	np
Бабағали	NP-ANT-M	np
Бабақожа	NP-ANT-M	np
Бабақұмаров	NP-COG-OB	np
Бабенко	NP-COG-MF	np
Бабичев	NP-COG-OB	np
Бабурин	NP-COG-IN	np
Бабыл	NP-TOP	np
Бабықұм	NP-TOP	np
Бав	NP-ANT-M	np
Бавария	NP-TOP	np
Бавдинов	NP-COG-OB	np
Багам%	N-COMPOUND-PX,NP-TOP-COMPOUND	np
Багамалар	NP-TOP	np
Багдад	NP-TOP	np
Багул	NP-ANT-F	np
Бадам	NP-TOP	np
Бадамбай	NP-ANT-M	np
Бадамшы	NP-TOP	np
Бадер	NP-ANT-F	np
Бадиға	NP-ANT-F	np
Бадігулжамал	NP-ANT-F	np
Баз	NP-ANT-M	np
Базаев	NP-COG-OB	np
Базан	NP-ANT-M	np
Базар	NP-ANT-M,NP-TOP	np
Базарайм	NP-ANT-F	np
Базаралы	NP-ANT-M	np
Базарбаев	NP-COG-OB	np
Базарбай	NP-ANT-M	np
Базаргүл	NP-ANT-F	np
Базартөбе	NP-TOP	np
Базаршолан	NP-TOP	np
Базель	NP-TOP	np
Базиликата	NP-TOP	np
Базилио	NP-ANT-M	np
Базыл	NP-ANT-M	np
Базылбек	NP-ANT-M	np
Бай	NP-ANT-M	np
Байарыстан	NP-ANT-M	np
Байахмет	NP-ANT-M	np
Байақын	NP-ANT-M	np
Байбарыс	NP-ANT-M	np
Байбақты	NP-ANT-M	np
Байбек	NP-ANT-M	np
Байбол	NP-ANT-M	np
Байболат	NP-ANT-M	np
Байболды	NP-ANT-M	np
Байболсын	NP-ANT-M	np
Байбосын	NP-ANT-M	np
Байбосынов	NP-COG-OB	np
Байбөрі	NP-ANT-M	np
Байбөрілі	NP-TOP	np
Байгелдиев	NP-COG-OB	np
Байгозы	NP-ANT-M	np
Байдалы	NP-ANT-M	np
Байдар	NP-ANT-M	np
Байден	NP-COG-MF	np
Байдеряков	NP-COG-OB	np
Байдуков	NP-COG-OB	np
Байділда	NP-ANT-M	np
Байдәулет	NP-ANT-M	np
Байер%	NP-ORG	np
Байжан	NP-ANT-M	np
Байжанбай	NP-ANT-M	np
Байжанов	NP-COG-OB	np
Байжансай	NP-TOP	np
Байжарас	NP-ANT-M	np
Байжол	NP-ANT-M	np
Байжігіт	NP-ANT-M	np
Байзақ	NP-ANT-M,NP-TOP	np
Байзақов	NP-COG-OB,NP-TOP	np
Байкал	NP-TOP	np
Байков	NP-COG-OB	np
Байлы	NP-ANT-M	np
Баймади	NP-ANT-M	np
Байман	NP-ANT-M	np
Баймаханов	NP-COG-OB	np
Баймағамбет	NP-ANT-M	np
Баймағамбетов	NP-COG-OB	np
Баймағанбетов	NP-COG-OB	np
Байменов	NP-COG-OB	np
Баймырза	NP-ANT-M,NP-TOP	np
Баймырзаев	NP-COG-OB	np
Баймұрат	NP-ANT-M	np
Баймұратов	NP-COG-OB	np
Байназар	NP-ANT-M	np
Байнұр	NP-ANT-M	np
Байпаков	NP-COG-OB	np
Байпақов	NP-COG-OB	np
Байрон	NP-ANT-M,NP-COG-MF	np
Байсаков	NP-COG-OB	np
Байсал	NP-ANT-M	np
Байсан	NP-ANT-M	np
Байсары	NP-ANT-M	np
Байсейiтов	NP-COG-OB	np
Байсейіт	NP-TOP	np
Байсейітов	NP-COG-OB	np
Байсерке	NP-ANT-M,NP-TOP	np
Байсұлтан	NP-ANT-M	np
Байтазиев	NP-COG-OB	np
Байтас	NP-ANT-M	np
Байтақ	NP-ANT-M	np
Байтақкөл	NP-TOP	np
Байтемір	NP-ANT-M	np
Байту	NP-ANT-M	np
Байтуғай	NP-ANT-M	np
Байтұр	NP-ANT-M	np
Байтұрсынов	NP-COG-OB	np
Байтұрсынұлы	NP-COG-M	np
Байшонас	NP-TOP	np
Байшұлақов	NP-COG-OB	np
Байызбай	NP-ANT-M	np
Байылдыр	NP-TOP	np
Байынқол	NP-TOP	np
Байыр	NP-ANT-M	np
Байырқұм	NP-TOP	np
Байысов	NP-COG-OB	np
Байғабыл	NP-TOP	np
Байғани	NP-ANT-M	np
Байғанин	NP-TOP	np
Байғожа	NP-ANT-M	np
Байқабыл	NP-TOP	np
Байқадамов	NP-COG-OB	np
Байқанат	NP-ANT-M	np
Байқара	NP-TOP	np
Байқожа	NP-TOP	np
Байқоныс	NP-TOP	np
Байқошқар	NP-ANT-M	np
Байқоңыр	NP-TOP	np
Байқоңыров	NP-COG-OB	np
Байқұт	NP-ANT-M	np
Байқұтты	NP-ANT-M	np
Байұзақ	NP-ANT-M	np
Бак	NP-ANT-M	np
Бакиев	NP-COG-OB	np
Бакримович	NP-PAT-VICH	np
Баку	NP-TOP	np
Бакчиев	NP-COG-OB	np
Бал	NP-ANT-M	np
Балабай	NP-ANT-M	np
Балажанов	NP-COG-OB	np
Балакөл	NP-TOP	np
Баланды	NP-TOP	np
Баласағұн	NP-TOP	np
Балаталдық	NP-TOP	np
Балатопар	NP-TOP	np
Балауса	NP-ANT-F	np
Балахмет	NP-ANT-M	np
Балақаев	NP-COG-OB	np
Балақай	NP-ANT-M	np
Балақұлболды	NP-TOP	np
Балаұйық	NP-TOP	np
Балбала	NP-ANT-F	np
Балбырауын	NP-TOP	np
Балгүл	NP-ANT-F	np
Балдай	NP-ANT-F	np
Балдр	NP-ANT-M	np
Балдық	NP-TOP	np
Балжан	NP-ANT-F	np
Балиев	NP-COG-OB	np
Балкан	NP-TOP	np
Балкашев	NP-COG-OB	np
Балкашино	NP-TOP	np
Балмағамбетов	NP-COG-OB	np
Балмұқан	NP-ANT-M	np
Балта	NP-ANT-M	np
Балтабай	NP-ANT-M,NP-TOP	np
Балтабек	NP-ANT-M	np
Балтабеков	NP-COG-OB	np
Балтаев	NP-COG-OB	np
Балтасов	NP-COG-OB	np
Балтатарақ	NP-TOP	np
Балтач	NP-TOP	np
Балтиев	NP-COG-OB	np
Балтика	NP-TOP	np
Балтимор	NP-TOP	np
Балтық	NP-TOP	np
Балтық%	NP-TOP	np
Балуанғали	NP-ANT-M	np
Балшекер	NP-ANT-F	np
Балым	NP-ANT-F	np
Балық	NP-TOP	np
Балық%	NP-TOP	np
Балықтыкөл	NP-TOP	np
Балыұшы	NP-TOP	np
Бальбоа	NP-COG-MF	np
Балғабаев	NP-COG-OB	np
Балғабек	NP-ANT-M	np
Балғаным	NP-ANT-F	np
Балғасын	NP-TOP	np
Балғымбаев	NP-COG-OB	np
Балқадиша	NP-ANT-F	np
Балқаш	NP-TOP	np
Балқаш-Алакөл	NP-TOP	np
Балқожа	NP-ANT-M	np
Балқы	NP-ANT-M	np
Балқыбай	NP-ANT-M	np
Балқыбек	NP-ANT-M	np
Балқұдық	NP-TOP	np
Бамако	NP-TOP	np
Бангалор	NP-TOP	np
Бангкок	NP-TOP	np
Бангладеш	NP-TOP	np
Бандар-Сери-Бегаван	NP-TOP	np
Бандерас	NP-COG-MF	np
Банко	NP-ANT-M,NP-COG-MF	np
Бану	NP-ANT-F	np
Бапа	NP-ANT-M	np
Бапов	NP-COG-OB	np
Бапы	NP-ANT-M	np
Барабба	NP-ANT-M	np
Барабы	NP-TOP	np
Бараев	NP-COG-OB	np
Барак	NP-ANT-M	np
Баранов	NP-COG-OB	np
Барат	NP-ANT-M	np
Барахас	NP-TOP	np
Барақ	NP-ANT-M	np
Барақкөл	NP-TOP	np
Барбадос	NP-TOP	np
Барбара	NP-ANT-F	np
Бардасов	NP-COG-OB	np
Баржақсы	NP-ANT-M	np
Бари	NP-ANT-M	np
Барклай	NP-COG-MF	np
Барклейз	NP-TOP	np
Барлас	NP-ANT-M	np
Барлоу	NP-COG-MF	np
Барлыбай	NP-ANT-M,NP-TOP	np
Барлық	NP-TOP	np
Барлықарасан	NP-TOP	np
Бармаққұм	NP-TOP	np
Бароссо	NP-COG-MF	np
Барретт	NP-ANT-M	np
Барри	NP-ANT-M	np
Барро	NP-COG-MF	np
Барсакелмес	NP-TOP	np
Барселона	NP-ORG,NP-TOP	np
Бартоғай	NP-TOP	np
Бартушка	NP-COG-MF	np
Барханқұм	NP-TOP	np
Баршатас	NP-TOP	np
Баршақұм	NP-TOP	np
Баршын	NP-TOP	np
Баршынкент	NP-TOP	np
Барыс	NP-ANT-M	np
Барышников	NP-COG-OB	np
Бас	NP-ANT-M	np
Басар	NP-ANT-M	np
Басарал	NP-TOP	np
Басбаев	NP-COG-OB	np
Баск	N1	n
Баскаков	NP-COG-OB	np
Баспаев	NP-COG-OB	np
Басра	NP-TOP	np
Бастаубай	NP-ANT-M	np
Бастиан	NP-ANT-M	np
Басши	NP-TOP	np
Басым	NP-ANT-M	np
Басымов	NP-COG-OB	np
Басықара	NP-TOP	np
Басқамыр	NP-TOP	np
Басқан	NP-ANT-M,NP-TOP	np
Басқыншы	NP-TOP	np
Басқұншақ	NP-TOP	np
Баталов	NP-COG-OB	np
Баташов	NP-COG-OB	np
Батист	NP-ANT-M	np
Баторий	NP-COG-M	np
Батпайсағыр	NP-TOP	np
Батпақты	NP-TOP	np
Батпаққара	NP-TOP	np
Батраков	NP-COG-OB	np
Батсайы	NP-ANT-F	np
Баттал	NP-ANT-M	np
Батталхан	NP-ANT-M	np
Батуров	NP-COG-OB	np
Батый	NP-ANT-M	np
Батыр	NP-ANT-M	np
Батырбек	NP-ANT-M	np
Батырлан	NP-ANT-M	np
Батырхан	NP-ANT-M	np
Батырша	NP-ANT-M	np
Баубек	NP-ANT-M	np
Баулы	NP-TOP	np
Бауыржан	NP-ANT-M	np
Бафинов	NP-COG-OB	np
Бахар	NP-TOP	np
Бахмисов	NP-COG-OB	np
Бахрейн	NP-TOP	np
Бахтия	NP-COG-MF	np
Бахтияр	NP-ANT-M	np
Бачериков	NP-COG-OB	np
Баччан	NP-COG-MF	np
Башадар	NP-TOP	np
Башар	NP-ANT-M	np
Башкиров	NP-COG-OB	np
Башмаков	NP-COG-OB	np
Башқұртстан	NP-TOP	np
Баязит	NP-ANT-M	np
Баян	NP-ANT-F,NP-ANT-M	np
Баянаула	NP-TOP	np
Баянауыл	NP-TOP	np
Баянды	NP-ANT-M	np
Баянжүрек	NP-TOP	np
Баянсұлу	NP-ANT-F	np
Баят	NP-ANT-M	np
Бағамалар	NP-TOP	np
Бағашар	NP-ANT-M	np
Бағдад	NP-TOP-RUS	np
Бағдат	NP-ANT-M,NP-TOP	np
Бағдатұлы	NP-ANT-M	np
Бағила	NP-ANT-F	np
Бағлан	NP-ANT-M	np
Бағланов	NP-COG-OB	np
Бағыбай	NP-ANT-M	np
Бағымша	NP-ANT-F	np
Бағырлай	NP-TOP	np
Бағытқали	NP-ANT-M	np
Бақай	NP-ANT-M,NP-TOP	np
Бақалы	NP-TOP	np
Бақанас	NP-TOP	np
Бақашы	NP-TOP	np
Бақбақты	NP-TOP	np
Бақбергенов	NP-COG-OB	np
Бақи	NP-ANT-M	np
Бақсай	NP-TOP	np
Бақтаев	NP-COG-OB	np
Бақталап	NP-ANT-M	np
Бақтарай	NP-ANT-M	np
Бақты	NP-TOP	np
Бақтыбай	NP-ANT-M	np
Бақтыгүл	NP-ANT-F	np
Бақтығұл	NP-ANT-M	np
Бақшасарай	NP-TOP	np
Бақыртау	NP-TOP	np
Бақыт	NP-ANT-M	np
Бақытбек	NP-ANT-M	np
Бақытжан	NP-ANT-M	np
Бақытжар	NP-ANT-M	np
Бақыткереев	NP-COG-OB	np
Баққожа	NP-ANT-M	np
Баңладеш	NP-TOP	np
Беатрис	NP-ANT-F	np
Бегалиев	NP-COG-OB	np
Беген	NP-TOP	np
Бегеш	NP-ANT-M	np
Бегімбет	NP-TOP	np
Бедарев	NP-COG-OB	np
Беделбай	NP-ANT-M	np
Беделбек	NP-ANT-M	np
Беделхан	NP-ANT-M	np
Бедров	NP-COG-OB	np
Бежінтау	NP-TOP	np
Без	NP-ANT-M	np
Безсонов	NP-COG-OB	np
Бейбітгүл	NP-ANT-F	np
Бейбітжан	NP-ANT-M	np
Бейжің	NP-TOP	np
Бейнеу	NP-TOP	np
Бейрут	NP-TOP	np
Бейсалы	NP-ANT-M	np
Бейсбеков	NP-COG-OB	np
Бейсекеев	NP-COG-OB	np
Бейсеков	NP-COG-OB	np
Бейсенов	NP-COG-OB	np
Бейтен	NP-ANT-F	np
Бейімбет	NP-ANT-M	np
Бейіс	NP-ANT-M	np
Бейісбай	NP-ANT-M	np
Бейісбек	NP-ANT-M	np
Бейісқали	NP-ANT-M	np
Бейқан	NP-ANT-M	np
Бейқұт	NP-ANT-M	np
Бек	NP-ANT-M,NP-COG-MF	np
Бекайдар	NP-ANT-M	np
Бекбаев	NP-COG-OB	np
Бекбай	NP-ANT-M	np
Бекбатыр	NP-ANT-M	np
Бекбау	NP-ANT-M	np
Бекберген	NP-ANT-M	np
Бекбие	NP-TOP	np
Бекбол	NP-ANT-M	np
Бекболат	NP-ANT-M	np
Бекбосынов	NP-COG-OB	np
Бекдайыр	NP-ANT-M	np
Бекдана	NP-ANT-F	np
Бекежан	NP-ANT-M	np
Бекежанов	NP-COG-OB	np
Бекей	NP-ANT-M	np
Бекембай	NP-ANT-M	np
Бекенов	NP-COG-OB	np
Бекер	NP-ANT-M,NP-COG-MF	np
Бекетаев	NP-COG-OB	np
Бекетов	NP-COG-OB	np
Бекжан	NP-ANT-M	np
Бекжасар	NP-ANT-M	np
Бекжігіт	NP-ANT-M	np
Бекзат	NP-ANT-M	np
Беккелді	NP-ANT-M	np
Беккет	NP-COG-MF	np
Беккожа	NP-ANT-M	np
Беклан	NP-ANT-M	np
Бекмамбетов	NP-COG-OB	np
Бекмаханов	NP-COG-OB	np
Бекмұрат	NP-ANT-M	np
Бекмұхамбет	NP-ANT-M	np
Бекмұхамбетов	NP-COG-OB	np
Бекмұханбетов	NP-COG-OB	np
Бекмәмбетов	NP-COG-OB	np
Бекназар	NP-ANT-M	np
Бекназаров	NP-COG-OB	np
Бекнар	NP-ANT-M	np
Бекнияз	NP-ANT-M	np
Бексейіт	NP-ANT-M	np
Бексұлтан	NP-ANT-M	np
Бексұлу	NP-ANT-F	np
Бектаев	NP-COG-OB	np
Бектауата	NP-TOP	np
Бектемір	NP-ANT-M	np
Бектеміс	NP-ANT-M	np
Бектен	NP-ANT-M	np
Бектілеу	NP-ANT-M	np
Бектұр	NP-ANT-M	np
Бектұрган	NP-ANT-M	np
Бектұрсын	NP-ANT-M	np
Бектұрғанов	NP-COG-OB	np
Бектөбе	NP-TOP	np
Бекшентаев	NP-COG-OB	np
Бекі	NP-TOP	np
Бекімов	NP-COG-OB	np
Бекін	NP-ANT-M	np
Бекқали	NP-ANT-M	np
Бекәділ	NP-ANT-M	np
Беларус	NP-AL	np
Беларуссия	NP-TOP	np
Беларусь	NP-TOP	np
Беласар	NP-ANT-M,NP-TOP	np
Беласыл	NP-ANT-M	np
Белағаш	NP-TOP	np
Белбасар	NP-TOP	np
Белберді	NP-ANT-M	np
Белбұлақ	NP-TOP	np
Белгород	NP-TOP	np
Белград	NP-TOP	np
Белгібай	NP-ANT-M	np
Белен	NP-ANT-F	np
Белес	NP-ANT-M	np
Белиз	NP-TOP	np
Белинда	NP-ANT-F	np
Белинский	NP-COG-M	np
Белков	NP-COG-OB	np
Белкөл	NP-TOP	np
Белла	NP-ANT-F	np
Беллини	NP-COG-M	np
Белов	NP-COG-OB	np
Беловощев	NP-COG-OB	np
Белоглазов	NP-COG-OB	np
Белогорский	NP-TOP	np
Белозёров	NP-COG-OB	np
Белоруссия	NP-TOP	np
Белоусов	NP-COG-OB	np
Белоусовка	NP-TOP	np
Белсексеуіл	NP-TOP	np
Белтам	NP-TOP	np
Белтерек	NP-TOP	np
Бельгия	NP-TOP	np
Бельтов	NP-COG-OB	np
Беляев	NP-COG-OB	np
Беляков	NP-COG-OB	np
Бен	NP-ANT-M	np
Беназир	NP-ANT-F	np
Бенгази	NP-TOP	np
Бенгал	NP-TOP	np
Бенедикт	NP-ANT-M	np
Бенин	NP-TOP	np
Бенита	NP-ANT-F	np
Бенито	NP-ANT-M	np
Беннетт	NP-ANT-M	np
Бер	NP-ANT-M	np
Берг	NP-TOP	np
Берген	NP-ANT-M	np
Бергман	NP-ANT-M	np
Бердалиев	NP-COG-OB	np
Берден	NP-ANT-M	np
Бердешов	NP-COG-OB	np
Бердичев	NP-COG-OB	np
Бердияр	NP-ANT-M	np
Бердников	NP-COG-OB	np
Бердыев	NP-COG-OB	np
Бердығалиев	NP-COG-OB	np
Берді	NP-ANT-M	np
Бердібаев	NP-COG-OB	np
Бердібек	NP-ANT-M	np
Бердімұрат	NP-ANT-M	np
Бердімұхамедов	NP-COG-OB	np
Бердімұхаммедов	NP-COG-OB	np
Бердінияз	NP-ANT-M	np
Береговой	NP-TOP	np
Березов	NP-COG-OB	np
Березовка	NP-TOP	np
Березовский	NP-TOP	np
Береке	NP-TOP	np
Берекет	NP-ORG	np
Берел	NP-TOP	np
Берен	NP-ANT-M	np
Бержан	NP-ANT-M	np
Берзиньш	NP-COG-M	np
Беринг	NP-COG-M,NP-TOP	np
Берингов	NP-TOP	np
Берк	NP-COG-MF	np
Беркалиев	NP-COG-OB	np
Беркли	NP-TOP	np
Беркін	NP-ANT-M	np
Берлин	NP-TOP	np
Берлиоз	NP-COG-MF	np
Берлускони	NP-COG-MF	np
Бермамыт	NP-TOP	np
Бермуд	NP-TOP	np
Берн	NP-TOP	np
Бернар	NP-ANT-M	np
Бернард	NP-ANT-M	np
Бернд	NP-ANT-M	np
Бернштейн	NP-COG-MF	np
Бернштейн-Коган	NP-COG-M	np
Берсиев	NP-COG-OB	np
Берта	NP-ANT-F	np
Бертенсон	NP-COG-M	np
Бертран	NP-ANT-M	np
Бертіс	NP-TOP	np
Берцелиус	NP-COG-MF	np
Бершінтөбе	NP-TOP	np
Берік	NP-ANT-M	np
Берікбай	NP-ANT-M	np
Беріктас	NP-TOP	np
Берікқара	NP-TOP	np
Берғалиев	NP-COG-OB	np
Берқайыр	NP-ANT-M	np
Бесарық	NP-TOP	np
Бесағаш	NP-TOP	np
Бесбай	NP-ANT-M	np
Бесбалық	NP-TOP	np
Бесжылдық	NP-TOP	np
Бесир	NP-ANT-M	np
Бескөл	NP-TOP	np
Бесмойнақ	NP-TOP	np
Бесоба	NP-TOP	np
Беспалов	NP-COG-OB	np
Бессараб	NP-TOP	np
Бессон	NP-COG-MF	np
Бестай	NP-COG-MF	np
Бестамақ	NP-TOP	np
Бестамқала	NP-TOP	np
Бестас	NP-TOP	np
Бестерек	NP-TOP	np
Бестібаев	NP-COG-OB	np
Бестөбе	NP-TOP	np
Бесчасов	NP-COG-OB	np
Бесшатыр	NP-TOP	np
Бесшоқы	NP-TOP	np
Бесқайнар	NP-TOP	np
Бесқарағай	NP-TOP	np
Бесқасқа	NP-TOP	np
Бетани	NP-ANT-F	np
Бетен	NP-TOP	np
Бетина	NP-ANT-F	np
Бетпақдала	NP-TOP	np
Бетти	NP-ANT-F	np
Бетховен	NP-COG-MF	np
Бетқайнар	NP-TOP	np
Бехар	NP-COG-M	np
Бечасын	NP-TOP	np
Биахмет	NP-ANT-M	np
Бибатыр	NP-ANT-M	np
Биби	NP-ANT-F	np
Бибигүл	NP-ANT-F	np
Бибижамал	NP-ANT-F	np
Бибинұр	NP-ANT-F	np
Бибисара	NP-ANT-F	np
Бибиғаным	NP-ANT-F	np
Бигелдинов	NP-COG-OB	np
Бигиев	NP-COG-OB	np
Бидайбек	NP-ANT-M	np
Бидайкөл	NP-TOP	np
Бидайық	NP-TOP	np
Бижан	NP-ANT-M	np
Биз	NP-ANT-M	np
Бизнес%	NP-ORG	np
Бик	NP-ANT-M	np
Бил	NP-ANT-M	np
Билал	NP-ANT-M	np
Билл	NP-ANT-M	np
Билли	NP-ANT-M	np
Билікөл	NP-TOP	np
Бим	NP-ANT-M	np
Биман	NP-ANT-M	np
Бимағамбет	NP-ANT-M	np
Биохим	ABBR	abbr
Бир	NP-ANT-M	np
Бирма	NP-TOP	np
Бирн	NP-COG-MF	np
Бирюков	NP-COG-OB	np
Бисекен	NP-ANT-M	np
Бисенғалиев	NP-COG-OB	np
Бискай	NP-TOP	np
Бисмарк	NP-COG-MF	np
Бихар	N1	n
Биш	NP-ANT-M	np
Биікжал	NP-TOP	np
Биіктау	NP-TOP	np
Биғалым	NP-ANT-M	np
Биғаш	NP-TOP	np
Биқұм	NP-TOP	np
Благовещенск	NP-TOP	np
Благоевград	NP-TOP	np
Бланка	NP-ANT-F	np
Бланко	NP-COG-MF	np
Блез	NP-ANT-M	np
Блейк	NP-ANT-M	np
Блинов	NP-COG-OB	np
Блохин	NP-COG-IN	np
Блохинцев	NP-COG-OB	np
Блумберг	NP-ORG	np
Блэйз	NP-ANT-M	np
Блэкджек	NP-ANT-M	np
Блэклэддер	NP-ANT-M	np
Блэр	NP-COG-M,NP-COG-MF	np
Бо	NP-ANT-M	np
Боб	NP-ANT-M	np
Бобби	NP-ANT-M	np
Бобков	NP-COG-OB	np
Бобров	NP-COG-OB	np
Бобылёв	NP-COG-OB	np
Богатов	NP-COG-OB	np
Богдан	NP-ANT-M	np
Богданов	NP-COG-OB	np
Богемия	NP-TOP	np
Боголюбов	NP-COG-OB	np
Боголюбский	NP-COG-M	np
Богота	NP-TOP	np
Бодан	NP-ANT-M	np
Бодрийяр	NP-TOP	np
Бодуэн	NP-ANT-M	np
Боз	NP-ANT-M	np
Бозай	NP-ANT-M	np
Бозанбай	NP-TOP	np
Бозарал	NP-TOP	np
Бозащы	NP-TOP	np
Бозақор	NP-TOP	np
Боздақ	NP-ANT-M	np
Бозжиде	NP-TOP	np
Бозкөл	NP-TOP	np
Бозой	NP-TOP	np
Бозшакөл	NP-TOP	np
Бозымбаев	NP-COG-OB	np
Боинг	NP-ORG,NP-TOP	np
Бок	NP-COG-MF	np
Боков	NP-COG-OB	np
Болат	NP-ANT-M	np
Болатбай	NP-ANT-M	np
Болатбек	NP-ANT-M	np
Болатжан	NP-ANT-M	np
Болаттай	NP-ANT-M	np
Болаттау	NP-TOP	np
Болатхан	NP-ANT-M	np
Болатқожа	NP-ANT-M	np
Болгария	NP-TOP	np
Болдуин	NP-ANT-M	np
Болдырев	NP-COG-OB	np
Боливия	NP-TOP	np
Болкиях	NP-COG-MF	np
Болотов	NP-COG-OB	np
Болсынбек	NP-ANT-M	np
Болтаев	NP-COG-OB	np
Большаков	NP-COG-OB	np
Болған	NP-ANT-M	np
Болғанбай	NP-ANT-M	np
Бомбей	NP-TOP	np
Бонавентура	NP-ANT-M	np
Бонапарт	NP-COG-MF	np
Бондарев	NP-COG-OB	np
Бонн	NP-TOP	np
Боно	NP-ANT-M	np
Боралдай	NP-TOP	np
Боран	NP-ANT-M,NP-TOP	np
Боранбай	NP-ANT-M	np
Боранғазы	NP-ANT-M	np
Боранқұл	NP-TOP	np
Борг	NP-COG-MF	np
Борис	NP-ANT-M	np
Борисов	NP-COG-OB	np
Бормойнақ	NP-TOP	np
Борнхольм	NP-ANT-M	np
Боровский	NP-TOP	np
Бородулиха	NP-TOP	np
Боронников	NP-COG-OB	np
Борохоро	NP-TOP	np
Борусевич	NP-PAT-VICH	np
Боруссия%	NP-ORG	np
Борхес	NP-COG-MF	np
Борщов	NP-COG-OB	np
Босния	NP-TOP	np
Бостандық	NP-TOP	np
Бостанқұм	NP-TOP	np
Бостон	NP-TOP	np
Босфор	NP-TOP	np
Бота	NP-ANT-F	np
Ботабай	NP-ANT-M	np
Ботайтөбе	NP-TOP	np
Ботакөз	NP-ANT-F	np
Ботақара	NP-TOP	np
Боткөл	NP-TOP	np
Ботсвана	NP-TOP	np
Боучез	NP-COG-MF	np
Бочков	NP-COG-OB	np
Бош	NP-ORG	np
Бошай	NP-ANT-M	np
Боқаев	NP-COG-OB	np
Боқсық	NP-TOP	np
Боқтыбай	NP-TOP	np
Боқтықарын	NP-TOP	np
Браво	NP-COG-MF	np
Брага	NP-TOP	np
Браганса	NP-TOP	np
Брагин	NP-COG-IN	np
Бразилиа	NP-TOP	np
Бразилия	NP-TOP	np
Бразилиялық	N1	n
Брайан	NP-ANT-M	np
Брайант	NP-ANT-M	np
Брал	NP-COG-MF	np
Бранденбург	NP-TOP	np
Бранислав	NP-ANT-M	np
Бранко	NP-COG-MF	np
Бранку	NP-TOP	np
Братислава	NP-TOP	np
Браун	NP-COG-MF	np
Брахим	NP-ANT-M	np
Брежнев	NP-COG-OB	np
Бремен	NP-TOP	np
Брендан	NP-ANT-M	np
Брендон	NP-ANT-M	np
Бреннан	NP-ANT-M	np
Брент	NP-ANT-M	np
Бриджит	NP-ANT-F	np
Брилов	NP-COG-OB	np
Бриндизи	NP-TOP	np
Брис	NP-ANT-M	np
Брисбен	NP-TOP	np
Британ	N1-NAT	n
Британия	NP-TOP	np
Бритиш%	NP-ORG	np
Брно	NP-TOP	np
Бродвей	NP-TOP	np
Брок	NP-ANT-M	np
Бронислав	NP-ANT-M	np
Бронкс	NP-TOP	np
Броуди	NP-ANT-M	np
Бруклин	NP-ANT-F	np
Бруна	NP-ANT-F	np
Бруней	NP-TOP	np
Бруни	NP-ANT-M	np
Бруно	NP-ANT-M	np
Бруссел	NP-TOP	np
Брэд	NP-ANT-M	np
Брэди	NP-ANT-M	np
Брэдли	NP-ANT-M	np
Брэкстон	NP-ANT-M	np
Брэм	NP-ANT-M	np
Брэндон	NP-ANT-M	np
Брюллов	NP-COG-OB	np
Брюс	NP-ANT-M	np
Брюсов	NP-COG-M	np
Брюссель	NP-TOP	np
Брянск	NP-TOP	np
Брянцев	NP-COG-OB	np
Бу	NP-ANT-M	np
Буа	NP-TOP	np
Будапешт	NP-TOP	np
Бударин	NP-TOP	np
Будда	N3	?
Буддизм	N5	n
Буддист	N1	n
Буз	NP-ANT-M	np
Бук	NP-ANT-M	np
Букер	NP-COG-MF	np
Букетов	NP-COG-OB	np
Булаев	NP-COG-OB,NP-TOP	np
Булгаков	NP-COG-OB	np
Бундеслига	NP-ORG	np
Бунин	NP-COG-MF	np
Бунямин	NP-ANT-M	np
Бура	NP-ANT-M	np
Бурабай	NP-ANT-M,NP-TOP	np
Бурахан	NP-ANT-M	np
Бургас	NP-TOP	np
Бургенланд	NP-TOP	np
Буриев	NP-COG-OB	np
Буркина%	NP-TOP	np
Бурмистер	A1	adj
Бурмистров	NP-COG-OB	np
Буров	NP-COG-OB	np
Бурсик	NP-COG-MF	np
Бурунди	NP-TOP	np
Бурундуков	NP-COG-OB	np
Бурятия	NP-TOP	np
Буслаев	NP-COG-OB	np
Бусленко	NP-COG-MF	np
Бутаков	NP-COG-OB	np
Бутан	NP-TOP	np
Бутенко	NP-COG-MF	np
Буфа	NP-ANT-M	np
Бухарест	NP-TOP	np
Бухари	NP-COG-MF	np
Буценко	NP-COG-MF	np
Буш	NP-COG-MF	np
Буэнос%	NP-TOP	np
Быжы	NP-TOP	np
Быков	NP-COG-OB	np
Быченков	NP-COG-OB	np
Бычков	NP-COG-OB	np
Бьянка	NP-ANT-F	np
Бэзил	NP-ANT-M	np
Бэкон	NP-COG-MF	np
Бэтмен	NP-ANT-M	np
Біжікен	NP-ANT-M	np
Білгір	NP-ANT-M	np
Білім	NP-ANT-M	np
Білісбеков	NP-COG-OB	np
Біржан	NP-ANT-M	np
Бірлескен%	N-COMPOUND-PX,NP-TOP-COMPOUND	np
Бірлестік	NP-TOP	np
Бірлік	NP-ANT-M,NP-TOP	np
Бірлікүстем	NP-TOP	np
Бірсуат	NP-TOP	np
Біріккен%	N-COMPOUND-PX,NP-TOP-COMPOUND	np
Бірімжанов	NP-COG-OB	np
Бірімқұлов	NP-COG-OB	np
Бішкек	NP-TOP	np
БҚА	N1	n
Бүби	NP-ANT-F	np
Бүбихан	NP-ANT-F	np
Бүбиш	NP-ANT-F	np
Бүгілме	NP-TOP	np
Бүйен	NP-TOP	np
Бүлдіршін	NP-ANT-F	np
Бүркіт	NP-ANT-M	np
Бүркітбаев	NP-COG-OB	np
Бүркітбай	NP-ANT-M	np
Бүркітбек	NP-ANT-M	np
Бүркітті	NP-TOP	np
Бүрібай	NP-ANT-M	np
БҰҰ	ABBR,NP-ORG-ABBR	abbr+np
Бұзанай	NP-TOP	np
Бұзаушы	NP-ANT-M	np
Бұзықтөбе	NP-TOP	np
Бұзыққала	NP-TOP	np
Бұлабай	NP-ANT-M	np
Бұлан	NP-TOP	np
Бұланбай	NP-ANT-M	np
Бұланды	NP-TOP	np
Бұланты	NP-TOP	np
Бұлақбай	NP-ANT-M	np
Бұлақты	NP-TOP	np
Бұлбұл	NP-ANT-F	np
Бұлдыбай	NP-ANT-M	np
Бұлдырты	NP-TOP	np
Бұлғар	NP-TOP	np
Бұлқыш	NP-ANT-M	np
Бұлқышев	NP-COG-OB	np
Бұрхан	NP-ANT-M	np
Бұрыл	NP-TOP	np
Бұрындық	A1	adj
Бұхар	NP-TOP	np
Бұхара	NP-ANT-M,NP-TOP	np
Бұғыбай	NP-ANT-M	np
Бұғылы	NP-TOP	np
Бұғыты	NP-TOP	np
Бұқанов	NP-COG-OB	np
Бұқантау	NP-TOP	np
Бұқар%	NP-TOP	np
Бұқарбай	NP-TOP	np
Бұқтырма	NP-TOP	np
Бәдинұр	NP-ANT-F	np
Бәзила	NP-ANT-F	np
Бәйбішетау	NP-TOP	np
Бәйгеқұм	NP-TOP	np
Бәйдібек	NP-TOP	np
Бәйменов	NP-COG-OB	np
Бәйсейітов	NP-COG-OB	np
Бәйте	NP-TOP	np
Бәйтен	NP-ANT-F	np
Бәйтереков	NP-COG-OB	np
Бәйімбетов	NP-COG-OB	np
Бәке	NP-ANT-M	np
Бәкиев	NP-COG-OB	np
Бәкизат	NP-ANT-F	np
Бәкібала	NP-ANT-F	np
Бәкімбаев	NP-COG-OB	np
Бәкір	NP-ANT-M	np
Бәлиев	NP-COG-OB	np
Бәлия	NP-ANT-F	np
Бәлиға	NP-ANT-F	np
Бәрібаев	NP-TOP	np
Бәсенов	NP-COG-OB	np
Бәтес	NP-ANT-F	np
Бәтима	NP-TOP	np
Бәшір	NP-ANT-M	np
БӨ	ABBR	abbr
Бөгембай	NP-TOP	np
Бөген	NP-TOP	np
Бөгетсай	NP-TOP	np
Бөжей	NP-ANT-M	np
Бөке	NP-TOP	np
Бөкеев	NP-COG-OB	np
Бөкей	NP-ANT-M,NP-TOP	np
Бөкейхан	NP-ANT-M	np
Бөкейханов	NP-COG-OB	np
Бөкейханұлы	NP-COG-M	np
Бөкенкөл	NP-TOP	np
Бөкенші	NP-TOP	np
Бөкетов	NP-COG-OB	np
Бөлебай	NP-ANT-M	np
Бөлегенов	NP-COG-OB	np
Бөлек	NP-TOP	np
Бөлекаяқ	NP-TOP	np
Бөлексаз	NP-TOP	np
Бөпетай	NP-ANT-M	np
Бөрі	NP-ANT-M	np
Бөрібай	NP-ANT-M	np
Бөріжар	NP-TOP	np
Бөрілі	NP-TOP	np
Бөріқазған	NP-TOP	np
ВДР	NP-TOP-ABBR	np
ВИЧ	ABBR	abbr
ВСООНЛ	ABBR	abbr
Ва	NP-ANT-M	np
Вавилов	NP-COG-OB	np
Вавилон	NP-TOP	np
Ваганов	NP-COG-OB	np
Вадим	NP-ANT-M	np
Вадуц	NP-TOP	np
Важоров	NP-COG-OB	np
Вайоминг	NP-TOP	np
Вайсбанд	NP-ANT-M	np
Валеев	NP-COG-OB	np
Валенсия	NP-ANT-F,NP-TOP	np
Валентин	NP-ANT-M	np
Валентина	NP-ANT-F	np
Валентино	NP-ANT-M	np
Валерий	NP-ANT-M	np
Валеро	NP-COG-MF	np
Валид	NP-ANT-M	np
Валлетта	NP-TOP	np
Вальдо	NP-ANT-M	np
Вальтер	NP-ANT-M	np
Ванеев	NP-COG-OB	np
Ванеса	NP-ANT-F	np
Ванесса	NP-ANT-F	np
Ванина	NP-ANT-F	np
Вануату	NP-TOP	np
Варвара	NP-ANT-F	np
Вардан	NP-ANT-M	np
Варшава	NP-TOP	np
Васенко	NP-COG-MF	np
Васила	NP-ANT-F	np
Василенко	NP-COG-MF	np
Василий	NP-ANT-M	np
Васильев	NP-COG-OB	np
Васильевич	NP-PAT-VICH	np
Васильков	NP-COG-OB	np
Ватзке	NP-COG-M	np
Ватикан	NP-TOP	np
Вахитов	NP-COG-OB	np
Вацлав	NP-ANT-M	np
Ваш	NP-ANT-M	np
Вашингтон	NP-ANT-M,NP-TOP	np
Введенка	NP-TOP	np
Вдовиченко	NP-COG-MF	np
Ве	NP-ANT-M	np
Вега	NP-COG-MF	np
Веда	N1	n
Великанов	NP-COG-OB	np
Вена	NP-TOP	np
Венансио	NP-ANT-M	np
Венгрия	NP-TOP	np
Венди	NP-ANT-F	np
Венедиктов	NP-COG-OB	np
Венера	NP-ANT-F	np
Венесуэла	NP-TOP	np
Венето	NP-TOP	np
Венеция	NP-TOP	np
Венециялық	N1	n
Вениамин	NP-ANT-M	np
Вера	NP-ANT-F	np
Вергилий	NP-ANT-M	np
Веремеенко	NP-COG-MF	np
Верена	NP-ANT-F	np
Верендеев	NP-COG-OB	np
Вериялов	NP-COG-OB	np
Верликов	NP-COG-OB	np
Вермонт	NP-TOP	np
Вернадский	NP-COG-M	np
Вернер	NP-ANT-M	np
Верный	NP-TOP	np
Верона	NP-ANT-F	np
Вероника	NP-ANT-F	np
Версаль	NP-TOP	np
Верхнеберезовский	NP-TOP	np
Верхояно	NP-TOP	np
Верхоянск	NP-TOP	np
Верхубинка	NP-TOP	np
Веселов	NP-COG-OB	np
Веселовка	NP-TOP	np
Весна	NP-ANT-F	np
Вестендорп	NP-COG-MF	np
Вестминстер	NP-TOP	np
Вестфалия	NP-TOP	np
Взгляд	NP-AL	np
Вивальди	NP-COG-MF	np
Вивиан	NP-ANT-F	np
Видал	NP-ANT-M	np
Византия	NP-TOP	np
Визеу	NP-TOP	np
Википедия	NP-ORG	np
Вико	NP-ANT-M	np
Виктор	NP-ANT-M	np
Викторенко	NP-COG-MF	np
Викторина	NP-ANT-F	np
Виктория	NP-ANT-F	np
Викторов	NP-COG-OB	np
Викторовка	NP-TOP	np
Вилжан	NP-ANT-M	np
Вилинбахов	NP-COG-OB	np
Вилнұр	NP-ANT-M	np
Вильгельм	NP-ANT-M	np
Вильма	NP-ANT-F	np
Вильн	NP-ANT-M,NP-TOP	np
Вильнюс	NP-TOP	np
Вильярреал	NP-ORG	np
Вимблей	NP-TOP	np
Винка	NP-ANT-F	np
Винко	NP-ANT-M	np
Виноградов	NP-COG-OB	np
Винокуров	NP-COG-OB	np
Винсент	NP-ANT-M	np
Винсенте	NP-ANT-M	np
Винченцо	NP-ANT-M	np
Виолета	NP-ANT-F	np
Виргиния	NP-ANT-F	np
Вирджиния	NP-TOP	np
Вирхов	NP-COG-OB	np
Вирьялов	NP-COG-OB	np
Висбю	NP-TOP	np
Висенте	NP-ANT-M	np
Висконсин	NP-TOP	np
Висла	NP-TOP	np
Вислинск	NP-TOP	np
Вита	NP-ANT-F	np
Виталий	NP-ANT-M	np
Виталик	NP-ANT-M	np
Витлев	NP-COG-OB	np
Вито	NP-ANT-M	np
Витренко	NP-COG-MF	np
Витторио	NP-ANT-M	np
Витус	NP-ANT-M	np
Вишнев	NP-COG-OB	np
Вишняков	NP-COG-OB	np
Влад	NP-ANT-M	np
Владивосток	NP-TOP	np
Владимир	NP-ANT-M,NP-TOP	np
Владимиров	NP-COG-OB	np
Владимирович	NP-PAT-VICH	np
Владимировка	NP-TOP	np
Владислав	NP-ANT-M	np
Владлен	NP-ANT-M	np
Владыченко	NP-COG-MF	np
Власов	NP-COG-OB	np
Воже	NP-TOP	np
Возвышенка	NP-TOP	np
Вознесенка	NP-TOP	np
Возрождение	NP-TOP	np
Волга	NP-AL	np
Волга-Балтық	NP-TOP	np
Волга-Камск	NP-TOP	np
Волгоград	NP-TOP	np
Волин	NP-TOP	np
Волков	NP-COG-OB	np
Вологда	NP-TOP	np
Волхов	NP-COG-OB	np
Волынов	NP-COG-OB	np
Вольфганг	NP-ANT-M	np
Вон	NP-ANT-M	np
Воробьёв	NP-COG-OB	np
Воронеж	NP-TOP	np
Воронов	NP-COG-OB	np
Воронцов	NP-COG-OB	np
Ворошилов	NP-COG-OB	np
Восток	NP-AL	np
Востриков	NP-COG-OB	np
Востров	NP-COG-OB	np
Воф	NP-ANT-M	np
Врангеля	NP-TOP	np
Враца	NP-TOP	np
Время	NP-AL	np
Вроцлав	NP-TOP	np
Всеволод	NP-ANT-M	np
Всеволодович	NP-COG-M	np
Вук	NP-COG-MF	np
Вукичевич	NP-PAT-VICH	np
Вуколов	NP-COG-OB	np
Вуянович	NP-PAT-VICH	np
Выграненко	NP-COG-MF	np
Выдриха	NP-TOP	np
Вьентьян	NP-TOP	np
Вьетнам	NP-TOP	np
Вэнс	NP-ANT-M	np
Вюртемберг	NP-TOP	np
Вячеслав	NP-ANT-M,NP-TOP	np
Вячеславович	NP-PAT-VICH	np
ГСБП	ABBR	abbr
ГСДП	ABBR	abbr
ГУЛАГ	NP-TOP-ABBR	np
ГЭС	ABBR	abbr
Гааг	NP-TOP	np
Гаага	NP-TOP	np
Габ	NP-ANT-M	np
Габон	NP-TOP	np
Габриэла	NP-ANT-F	np
Габриэле	NP-ANT-M	np
Габриэль	NP-ANT-F,NP-ANT-M	np
Габрово	NP-TOP	np
Гавайи	NP-TOP	np
Гаванна	NP-TOP	np
Гаврилов	NP-COG-OB	np
Гагарин	NP-TOP	np
Гад	NP-ANT-M	np
Гаджиев	NP-COG-OB	np
Газ	NP-ANT-M	np
Газа	NP-TOP	np
Газиантеп	NP-TOP	np
Газпром	NP-ORG	np
Гаити	NP-TOP-RUS	np
Гай	NP-ANT-M	np
Гайана	NP-TOP	np
Гайдебуров	NP-COG-OB	np
Гайнутдинов	NP-COG-OB	np
Гал	NP-ANT-M	np
Галатасарай	NP-TOP	np
Галилей	NP-ANT-M,NP-COG-MF	np
Галилео	NP-ANT-M	np
Галилеянин	A1	adj
Галимзянов	NP-COG-OB	np
Галина	NP-ANT-F	np
Галисия	NP-TOP	np
Галкин	NP-COG-IN	np
Галкино	NP-TOP	np
Галлахер	NP-COG-MF	np
Галлямов	NP-COG-OB	np
Галошев	NP-COG-OB	np
Гальяно	NP-ANT-M	np
Галя	NP-ANT-F	np
Гамаль	NP-ANT-M	np
Гамбия	NP-TOP	np
Гамбург	NP-TOP	np
Гамбурцев	NP-COG-OB	np
Гамильтон	NP-COG-MF	np
Гамов	NP-COG-OB	np
Гана	NP-TOP	np
Гангутск	NP-TOP	np
Ганди	NP-COG-MF	np
Гандольфо	NP-ANT-M	np
Ганза	NP-TOP	np
Ганнибал	NP-ANT-M	np
Ганс	NP-ANT-M	np
Гапеев	NP-COG-OB	np
Гапликов	NP-COG-OB	np
Гар	NP-ANT-M	np
Гарвард	NP-ORG	np
Гардиан	NP-ORG	np
Гарднер	NP-COG-MF	np
Гари	NP-ANT-M	np
Гарольд	NP-ANT-M	np
Гарри	NP-ANT-M	np
Гаррисон	NP-ANT-M	np
Гарсия	NP-COG-MF	np
Гаспар	NP-ANT-M	np
Гатауов	NP-COG-OB	np
Гаутама	N1	n
Гаухар	NP-ANT-F	np
Гафидов	NP-COG-OB	np
Гашпарович	NP-PAT-VICH	np
Гашпорович	NP-PAT-VICH	np
Гаэль	NP-ANT-M	np
Гаэтано	NP-ANT-M	np
Гаяна	NP-ANT-F	np
Гвадалахара	NP-TOP	np
Гвардейский	NP-TOP	np
Гватемала	NP-TOP	np
Гвидо	NP-ANT-M	np
Гвинет	NP-ANT-F	np
Гвинея	NP-TOP	np
Гвинея-Бисау	NP-TOP	np
Гвоздев	NP-COG-OB	np
Гданьск	NP-TOP	np
Гдов	NP-COG-OB	np
Ге	NP-ANT-M	np
Геббельс	NP-ANT-M	np
Гег	NP-ANT-M	np
Гедимин	NP-COG-M	np
Гедиминович	NP-PAT-VICH	np
Гедмин	NP-COG-MF	np
Гей-Люссак	NP-COG-MF	np
Гейдельберг	NP-TOP	np
Гейзенберг	NP-COG-MF	np
Гейтс	NP-COG-MF	np
Гелиос	NP-ANT-M	np
Гельсингфорс	NP-TOP	np
Гема	NP-ANT-F	np
Генко	NP-COG-MF	np
Геннадий	NP-ANT-M	np
Генри	NP-ANT-M	np
Генрих	NP-ANT-M	np
Генуя	NP-TOP	np
Георг	NP-ANT-M	np
Георгиев	NP-COG-OB	np
Георгиевск	NP-TOP	np
Георгий	NP-ANT-M	np
Гер	NP-ANT-M	np
Геральд	NP-ANT-M	np
Герасименко	NP-COG-MF	np
Герасимов	NP-COG-OB	np
Герат	NP-TOP	np
Герберт	NP-ANT-M	np
Геркулес	NP-ANT-M,NP-TOP	np
Герман	NP-ANT-M,NP-COG-MF	np
Германия	NP-TOP	np
Гермезир	NP-TOP	np
Гермес	NP-ANT-M	np
Гернси	NP-TOP	np
Геродот	NP-ANT-M	np
Герхард	NP-ANT-M	np
Герцеговина	NP-TOP	np
Герцен	NP-COG-MF	np
Гершель	NP-COG-MF	np
Гессен	NP-TOP	np
Гете	NP-COG-MF	np
Геш	NP-ANT-M	np
Ги	NP-ANT-M	np
Ги%	NP-COG-MF	np
Гиб	NP-ANT-M	np
Гибралтар	NP-TOP	np
Гиги	NP-ANT-F	np
Гид	NP-ANT-M	np
Гидденс	NP-COG-M	np
Гиза	NP-TOP	np
Гийом	NP-ANT-M	np
Гилберт	NP-ANT-M	np
Гилберто	NP-ANT-M	np
Гильермо	NP-ANT-M	np
Гим	NP-ANT-M	np
Гималай	NP-TOP	np
Гинзберг	NP-COG-MF	np
Гир	NP-ANT-M	np
Гит	NP-ANT-M	np
Гитлер	NP-COG-MF	np
Гиффен	NP-COG-MF	np
Гиш	NP-ANT-M	np
Гладков	NP-COG-OB	np
Глазов	NP-COG-OB	np
Глазунов	NP-COG-OB	np
Глеб	NP-ANT-M	np
Глен	NP-ANT-M	np
Гленкор	ABBR	abbr
Гленн	NP-ANT-M	np
Глобал	NP-AL	np
Глория	NP-ANT-F	np
Глубоков	NP-COG-OB,NP-TOP	np
Глубокое	NP-TOP	np
Глубочанка	NP-TOP	np
Глухов	NP-COG-OB	np
Глуховка	NP-TOP	np
Глущенко	NP-COG-MF	np
Гнеденко	NP-COG-MF	np
Гниломедов	NP-COG-OB	np
Говард	NP-ANT-M	np
Гоголь	NP-COG-MF	np
Годдард	NP-ANT-M	np
Годунов	NP-COG-OB	np
Гой	NP-ANT-M	np
Гойя	NP-COG-MF	np
Гол	NP-ANT-M	np
Голдман	NP-COG-MF	np
Голенков	NP-COG-OB	np
Голланд	N1	n
Голландия	NP-TOP	np
Голландық	N1	n
Голливуд	NP-TOP	np
Голль	NP-COG-MF	np
Голос%	NP-ORG	np
Голоскоков	NP-COG-OB	np
Голубев	NP-COG-OB	np
Голубков	NP-COG-OB	np
Голубченко	NP-COG-MF	np
Гольбах	NP-COG-MF	np
Гомер	NP-ANT-M	np
Гондурас	NP-TOP	np
Гонзало	NP-ANT-M	np
Гонконг	NP-TOP	np
Гонсалес	NP-COG-MF	np
Гончаров	NP-COG-OB	np
Гор	NP-COG-MF	np
Гораций	NP-ANT-M	np
Горбачев	NP-COG-OB	np
Горбачёв	NP-COG-OB	np
Горбунов	NP-COG-OB	np
Горган	NP-TOP	np
Гордеев	NP-COG-OB	np
Гордон	NP-ANT-M	np
Горленко	NP-COG-MF	np
Горный	NP-TOP	np
Городовиков	NP-COG-OB	np
Городцов	NP-COG-OB	np
Горшков	NP-COG-OB	np
Горький	NP-COG-M	np
Горьковское	NP-TOP	np
Госу	NP-COG-MF	np
Готфрид	NP-ANT-M	np
Гофман	NP-COG-M	np
Гояс	NP-TOP	np
Градов	NP-COG-OB	np
Гранада	NP-TOP	np
Грант	NP-ANT-M	np
Граубюнден	NP-TOP	np
Грачев	NP-COG-OB	np
Гребенщиков	NP-COG-OB	np
Грегориандық	A1	adj
Грегориус	NP-ANT-M	np
Грей	NP-COG-MF	np
Грейди	NP-ANT-M	np
Грекия	NP-TOP	np
Гренада	NP-TOP	np
Гренландия	NP-TOP	np
Грета	NP-ANT-F	np
Греция	NP-TOP	np
Грибаускайте	NP-COG-M	np
Грибоедов	NP-COG-OB	np
Григоренко	NP-COG-MF	np
Григориан	NP-ANT-M	np
Григорий	NP-ANT-M	np
Григорьев	NP-COG-OB	np
Григорьевич	NP-PAT-VICH	np
Гризобудов	NP-COG-OB	np
Гринвич	NP-TOP	np
Гриненко	NP-COG-MF	np
Гринпис	NP-ORG	np
Гриценко	NP-COG-MF	np
Гришин	NP-COG-IN	np
Гродеков	NP-COG-OB	np
Гродеково	NP-TOP	np
Грозный	NP-TOP	np
Громов	NP-COG-OB	np
Грос	NP-TOP	np
Гросвенор	NP-ANT-M	np
Гротендик	NP-COG-MF	np
Грузия	NP-TOP	np
Грызлов	NP-COG-OB	np
Грызов	NP-COG-OB	np
Грэм	NP-ANT-M	np
Грэхем	NP-ANT-M	np
Грязнов	NP-COG-OB	np
Гу	NP-ANT-M	np
Гуам	NP-TOP	np
Гуантанамо	NP-TOP	np
Гуарда	NP-TOP	np
Губанов	NP-COG-OB	np
Губарев	NP-COG-OB	np
Губерт	NP-ANT-M	np
Гуд	NP-ANT-M	np
Гудзон	NP-ANT-M	np
Гузенко	NP-COG-MF	np
Гуйчжоу	NP-TOP	np
Гук	NP-ANT-M	np
Гул	NP-ANT-M	np
Гуленко	NP-COG-MF	np
Гульельмо	NP-ANT-M	np
Гуляев	NP-COG-OB	np
Гум	NP-ANT-M	np
Гумилев	NP-COG-OB	np
Гуп	NP-ANT-M	np
Гурбангұлы	NP-ANT-M	np
Гурцев	NP-COG-OB	np
Гурченко	NP-COG-MF	np
Гуръев	NP-COG-OB	np
Гурьев	NP-COG-OB,NP-TOP	np
Гусаров	NP-COG-OB	np
Гусев	NP-COG-OB	np
Густав	NP-ANT-M	np
Гутеррес	NP-COG-MF	np
Гущин	NP-COG-IN	np
Гью	NP-ANT-M	np
Гэмпшир	NP-TOP	np
Гюйгенс	NP-COG-MF	np
Гюнтер	NP-ANT-M	np
Гүлажар	NP-ANT-F	np
Гүлай	NP-ANT-F	np
Гүлайым	NP-ANT-F	np
Гүлбанат	NP-ANT-F	np
Гүлбараш	NP-ANT-F	np
Гүлбаршын	NP-ANT-F	np
Гүлбахрам	NP-ANT-F	np
Гүлболсын	NP-ANT-F	np
Гүлжамал	NP-ANT-F	np
Гүлжамила	NP-ANT-F	np
Гүлжан	NP-ANT-F	np
Гүлжеңіс	NP-ANT-F	np
Гүлжихан	NP-ANT-F	np
Гүлзанат	NP-ANT-F	np
Гүлзара	NP-ANT-F	np
Гүлзарифа	NP-ANT-F	np
Гүлзипа	NP-ANT-F	np
Гүлмария	NP-ANT-F	np
Гүлмира	NP-ANT-F	np
Гүлназ	NP-ANT-F	np
Гүлнар	NP-ANT-F	np
Гүлнара	NP-ANT-F	np
Гүлнафиса	NP-ANT-F	np
Гүлниса	NP-ANT-F	np
Гүлнұр	NP-ANT-F	np
Гүлнәр	NP-ANT-F	np
Гүлсанат	NP-ANT-F	np
Гүлсара	NP-ANT-F	np
Гүлсипат	NP-ANT-F	np
Гүлшар	NP-ANT-F	np
Гүлшара	NP-ANT-F	np
Гүлшаруан	NP-ANT-F	np
Гүлшат	NP-ANT-F,NP-TOP	np
Гүлшахара	NP-ANT-F	np
Гүлшаш	NP-ANT-F	np
Гүржістан	NP-TOP	np
Гұлбану	NP-ANT-F	np
ДК	ABBR	abbr
ДНҚ	ABBR,N1-ABBR	abbr
ДСҰ	ABBR	abbr
Да	NP-ANT-M	np
Даб	NP-ANT-M	np
Дабыл	NP-ANT-M	np
Дабыс	NP-ANT-M,NP-TOP	np
Дабысын	NP-TOP	np
Давид	NP-ANT-M	np
Давиде	NP-ANT-M	np
Давор	NP-ANT-M	np
Давос	NP-COG-MF	np
Давыденов	NP-COG-OB	np
Давыдов	NP-COG-OB	np
Дагмар	NP-ANT-F	np
Дадабай	NP-ANT-M	np
Дайана	NP-ANT-F	np
Дайрабай	NP-ANT-M	np
Дайын	NP-ANT-M	np
Дайыр	NP-ANT-M,NP-TOP	np
Дайырбек	NP-ANT-M	np
Дайырман	NP-ANT-M	np
Дакар	NP-TOP	np
Дакка	NP-TOP	np
Дакота	NP-ANT-F,NP-ANT-M,NP-TOP	np
Далай	NP-ANT-M	np
Далақайнар	NP-TOP	np
Далбағаев	NP-COG-OB	np
Далер	NP-ANT-M	np
Дали	NP-COG-MF	np
Даллас	NP-ANT-M,NP-TOP	np
Даль	NP-ANT-M	np
Даля	NP-ANT-F,NP-TOP	np
Далянь	NP-TOP	np
Дамаск	NP-TOP	np
Дамиан	NP-ANT-M	np
Дамир	NP-ANT-M	np
Дамира	NP-ANT-F	np
Дамокл	NP-ANT-M	np
Дамса	NP-TOP	np
Дамыл	NP-ANT-M	np
Дана	NP-ANT-F	np
Данагүл	NP-ANT-F	np
Данай	NP-ANT-M	np
Даналық	NP-ANT-M	np
Даная	NP-ANT-F	np
Дандай	NP-ANT-M	np
Данеш	NP-ANT-M	np
Даниил	NP-ANT-M	np
Данил	NP-ANT-M	np
Данило	NP-ANT-M	np
Данилов	NP-COG-OB	np
Данис	NP-ANT-M	np
Даниэла	NP-ANT-F	np
Даниэль	NP-ANT-F	np
Дания	NP-TOP	np
Даниял	NP-ANT-M	np
Данияр	NP-ANT-M	np
Данко	NP-COG-MF	np
Данлоп	NP-TOP	np
Данте	NP-ANT-M	np
Данченко	NP-COG-MF	np
Данышпан	NP-ANT-M	np
Дар	NP-ANT-M	np
Дар-әл-Харб	NP-TOP	np
Дара	NP-ANT-F	np
Дарас	NP-ANT-M	np
Дарбаза	NP-TOP	np
Дарвин	NP-ANT-M,NP-COG-MF	np
Дарио	NP-ANT-M	np
Дария	NP-ANT-F	np
Дариға	NP-ANT-F	np
Даркевич	NP-COG-M	np
Дарко	NP-ANT-M	np
Даррен	NP-ANT-M	np
Дарфур	NP-TOP	np
Дархан	NP-ANT-M	np
Дарханбай	NP-ANT-M	np
Дарханов	NP-COG-OB	np
Дарын	NP-ANT-M	np
Дарья	NP-ANT-F	np
Дасия	NP-ANT-F	np
Дастан	NP-ANT-M	np
Даунинг	NP-COG-MF	np
Даупбаев	NP-COG-OB	np
Даурен	NP-ANT-M	np
Даут	NP-ANT-M	np
Дауылбаев	NP-COG-OB	np
Дауылбай	NP-ANT-M	np
Дауылбеков	NP-COG-OB	np
Дафна	NP-ANT-F	np
Даффи	NP-COG-MF	np
Дағанделі	NP-TOP	np
Дағыстан	NP-TOP	np
Двина	NP-TOP	np
Дворяненко	NP-COG-MF	np
Двуречное	NP-TOP	np
Де	NP-ANT-M	np
Деб	NP-ANT-M	np
Дебир	NP-TOP	np
Дева	N1	n
Девон	NP-TOP	np
Дегдар	NP-ANT-M	np
Дегелең	NP-TOP	np
Дегерес	NP-TOP	np
Дегтярев	NP-COG-OB	np
Дежнев	NP-COG-OB	np
Дежнёв	NP-TOP	np
Дези	NP-ANT-M	np
Дейл	NP-ANT-M	np
Дейли	NP-AL	np
Декарт	NP-COG-MF	np
Деку	NP-ANT-M	np
Делавэр	NP-TOP	np
Дели	NP-TOP	np
Делия	NP-ANT-F	np
Дело	NP-TOP	np
Дельфа	NP-TOP	np
Дельфина	NP-ANT-F	np
Демежан	NP-ANT-M	np
Дементьев	NP-COG-OB	np
Демесін	NP-ANT-M	np
Демеу	NP-ANT-M	np
Демеуов	NP-COG-OB	np
Деми	NP-ANT-F	np
Демидов	NP-COG-OB	np
Демокрит	NP-ANT-M	np
Демосфен	NP-ANT-M	np
Демченко	NP-COG-MF	np
Демьянка	NP-TOP	np
Демьянов	NP-COG-OB	np
Денвер	NP-TOP	np
Денев	NP-COG-MF	np
Дениз	NP-ANT-F,NP-ANT-M	np
Денис	NP-ANT-M	np
Дениса	NP-ANT-F	np
Денисенко	NP-COG-MF	np
Денисов	NP-COG-OB,NP-TOP	np
Денисовка	NP-TOP	np
Депардье	NP-COG-MF	np
Дербай	NP-ANT-M	np
Дербісалі	NP-ANT-M	np
Дербісек	NP-TOP	np
Дербісәлиев	NP-COG-OB	np
Дерек	NP-ANT-M	np
Державинск	NP-TOP	np
Дерипаска	NP-COG-M	np
Деркөл	NP-TOP	np
Дерлет	NP-COG-MF	np
Деррик	NP-ANT-M	np
Десмонд	NP-ANT-M	np
Деспина	NP-ANT-F	np
Детройт	NP-TOP	np
Дешериев	NP-COG-OB	np
Деште-Кевир	NP-TOP	np
Деште-Лух	NP-TOP	np
Джа	NP-ANT-M	np
Джаггер	NP-ANT-M	np
Джад	NP-ANT-M	np
Джакарта	NP-TOP	np
Джакомо	NP-ANT-M	np
Джалиль	NP-ANT-M	np
Джамал	NP-ANT-M	np
Джампаоло	NP-ANT-M	np
Джан	NP-ANT-M	np
Джанет	NP-ANT-F	np
Джанна	NP-ANT-F	np
Джанни	NP-ANT-M	np
Джансугуров	NP-COG-OB	np
Джанфранко	NP-ANT-M	np
Джастин	NP-ANT-M	np
Джаф	NP-ANT-M	np
Джаш	NP-ANT-M	np
Дже	NP-ANT-M	np
Джеб	NP-ANT-M	np
Джеймс	NP-ANT-M	np
Джейн	NP-ANT-F	np
Джейсон	NP-ANT-M	np
Джек	NP-ANT-M	np
Джексон	NP-ANT-M,NP-COG-MF	np
Дженера	NP-ANT-F	np
Джени	NP-ANT-F	np
Дженис	NP-ANT-F	np
Дженни	NP-ANT-F	np
Дженнифер	NP-ANT-F	np
Дженсен	NP-ANT-M	np
Джеральд	NP-ANT-M	np
Джеральдин	NP-ANT-F	np
Джеральдины	NP-ANT-F	np
Джереми	NP-ANT-M	np
Джером	NP-ANT-M	np
Джерри	NP-ANT-M	np
Джерси	NP-TOP	np
Джес	NP-ANT-M	np
Джесси	NP-ANT-M	np
Джессика	NP-ANT-F	np
Джет	NP-ANT-M	np
Джеф	NP-ANT-M	np
Джефф	NP-ANT-M	np
Джефферсон	NP-ANT-M,NP-COG-MF	np
Джеффри	NP-ANT-M	np
Джеш	NP-ANT-M	np
Джиада	NP-ANT-F	np
Джибути	NP-TOP	np
Джид	NP-ANT-M	np
Джил	NP-ANT-M	np
Джиллиан	NP-ANT-F	np
Джим	NP-ANT-M	np
Джимми	NP-ANT-M	np
Джин	NP-ANT-F,NP-ANT-M	np
Джина	NP-ANT-F	np
Джино	NP-ANT-M	np
Джо	NP-ANT-M	np
Джоаккино	NP-ANT-M	np
Джоанна	NP-ANT-F	np
Джованна	NP-ANT-F	np
Джованни	NP-ANT-M	np
Джог	NP-ANT-M	np
Джозеф	NP-ANT-M	np
Джои	NP-ANT-M	np
Джой	NP-ANT-M	np
Джойс	NP-ANT-F	np
Джок	NP-ANT-M	np
Джокович	NP-COG-M	np
Джоли	NP-ANT-F	np
Джон	NP-ANT-M	np
Джона	NP-ANT-M	np
Джонатан	NP-ANT-M	np
Джонни	NP-ANT-M	np
Джонс	NP-COG-MF	np
Джонсон	NP-COG-MF	np
Джонстон	NP-COG-MF	np
Джоп	NP-ANT-M	np
Джор	NP-ANT-M	np
Джордж	NP-ANT-M	np
Джорджио	NP-ANT-M	np
Джорджия	NP-TOP	np
Джош	NP-ANT-M	np
Джошуа	NP-ANT-M	np
Джоэл	NP-ANT-M	np
Джуд	NP-ANT-M	np
Джудит	NP-ANT-F	np
Джузеппе	NP-ANT-M	np
Джули	NP-ANT-F	np
Джулиан	NP-ANT-M	np
Джулиана	NP-ANT-F	np
Джулиано	NP-ANT-M	np
Джулио	NP-ANT-M	np
Джулия	NP-ANT-F	np
Джульета	NP-ANT-F	np
Джульетта	NP-ANT-F	np
Джут	NP-ANT-M	np
Джэй	NP-ANT-M	np
Джэймсон	NP-ANT-M	np
Джэт	NP-ANT-M	np
Дзюнко	NP-COG-MF	np
Ди	NP-ANT-M	np
Диана	NP-ANT-F	np
Диас	NP-ANT-M	np
Диб	NP-ANT-M	np
Дибай	NP-ANT-M	np
Диваев	NP-COG-OB	np
Дидар	NP-ANT-M	np
Дидара	NP-ANT-F	np
Дидарбек	NP-ANT-M	np
Дидро	NP-COG-MF	np
Дидье	NP-ANT-M	np
Диего	NP-ANT-M	np
Дик	NP-ANT-M	np
Дила	NP-ANT-F	np
Диллон	NP-ANT-M	np
Дильбегим	NP-ANT-M	np
Дим	NP-ANT-M	np
Дима	NP-ANT-M	np
Димитриев	NP-COG-OB	np
Димитрий	NP-ANT-M	np
Дин	NP-ANT-M	np
Дина	NP-ANT-F	np
Динамо	NP-AL	np
Динара	NP-ANT-F	np
Дино	NP-ANT-M	np
Диомидов	NP-COG-OB	np
Диор	NP-COG-MF	np
Дисней	NP-COG-MF	np
Дитрих	NP-COG-MF	np
Дифранко	NP-COG-MF	np
Дияр	NP-ANT-M	np
Диярбек	NP-ANT-M	np
Диқанбай	NP-ANT-M	np
Дмитренко	NP-COG-MF	np
Дмитриев	NP-COG-OB	np
Дмитрий	NP-ANT-M	np
Дмитров	NP-COG-OB	np
Днепр	NP-TOP	np
Днестр	NP-TOP	np
Добродомов	NP-COG-OB	np
Добролюбов	NP-COG-OB	np
Довженко	NP-COG-MF	np
Додабай	NP-ANT-M	np
Додан	NP-ANT-M	np
Дойл	NP-COG-MF	np
Дойман	NP-ANT-M	np
Дойче	NP-TOP	np
Долган	NP-TOP	np
Долган-Ненец	NP-TOP	np
Долгашев	NP-COG-OB	np
Долгов	NP-COG-OB	np
Долинка	NP-TOP	np
Долорес	NP-ANT-F	np
Домалақ	NP-TOP	np
Домбаров	NP-COG-OB	np
Доменек	NP-COG-MF	np
Доменико	NP-ANT-M	np
Доминго	NP-ANT-M	np
Доминик	NP-ANT-M	np
Доминика	NP-ANT-F,NP-TOP	np
Домогаров	NP-COG-OB	np
Дон	NP-ANT-M,NP-TOP	np
Дональд	NP-ANT-M	np
Донато	NP-ANT-M	np
Донақов	NP-COG-OB	np
Донбасс	NP-TOP	np
Донец	NP-ANT-M	np
Донецк	NP-TOP	np
Доннедьё	NP-COG-MF	np
Донован	NP-ANT-M	np
Донченко	NP-COG-MF	np
Дор	NP-ANT-M	np
Дора	NP-ANT-F	np
Доренко	NP-COG-MF	np
Дориан	NP-ANT-M	np
Доронин	NP-COG-IN	np
Дорофеев	NP-COG-OB	np
Дос	NP-ANT-M	np
Досаев	NP-COG-OB	np
Досай	NP-ANT-M	np
Досанов	NP-COG-OB	np
Досақ	NP-ANT-M	np
Досбай	NP-ANT-M	np
Досберген	NP-ANT-M	np
Досбол	NP-ANT-M	np
Досжан	NP-ANT-M	np
Досжанов	NP-COG-OB	np
Досия	NP-ANT-F	np
Досмат	NP-ANT-M	np
Досмүхамедов	NP-COG-OB	np
Досмұқан	NP-ANT-M	np
Доспанов	NP-COG-OB	np
Достоевский	NP-COG-M	np
Достық	NP-TOP	np
Досым	NP-ANT-M	np
Досымбек	NP-ANT-M	np
Досымжан	NP-ANT-M	np
Досымжанов	NP-COG-OB	np
Досымов	NP-COG-OB	np
Досымханов	NP-COG-OB	np
Досқалиев	NP-COG-OB	np
Досәлі	NP-ANT-M	np
Доф	NP-ANT-M	np
Доценко	NP-COG-MF	np
Доян	NP-ANT-M	np
Доңызтау	NP-TOP	np
Доһа	NP-TOP	np
Драги	NP-ANT-M	np
Драго	NP-ANT-M	np
Драгомир	NP-ANT-M	np
Дракула	NP-ANT-M	np
Дрепер	NP-COG-MF	np
Дрина	NP-ANT-F	np
Дроздов	NP-COG-OB	np
Ду	NP-ANT-M	np
Дуанбай	NP-ANT-M	np
Дубай	NP-TOP	np
Дубанов	NP-COG-OB	np
Дублин	NP-TOP	np
Дубов	NP-COG-OB	np
Дубовка	NP-TOP	np
Дубров	NP-COG-OB	np
Дубровное	NP-TOP	np
Дубровский	NP-COG-M	np
Дубровченко	NP-COG-MF	np
Дуванов	NP-COG-OB	np
Дуглас	NP-ANT-M	np
Дудар	NP-ANT-M	np
Дулат	NP-ANT-M	np
Дулатов	NP-COG-OB	np
Дулатұлы	NP-COG-M	np
Думан	NP-ANT-M	np
Думенко	NP-COG-MF	np
Дунаев	NP-COG-OB	np
Дунай	NP-TOP	np
Дуния	NP-ANT-F	np
Дункан	NP-ANT-M	np
Дурасов	NP-COG-OB	np
Дурия	NP-ANT-F	np
Дурнев	NP-COG-OB	np
Дусматов	NP-COG-OB	np
Дутов	NP-COG-OB	np
Душанбе	NP-TOP	np
Дъяков	NP-COG-OB	np
Дыбенко	NP-COG-MF	np
Дью	NP-ANT-M	np
Дьяченко	NP-COG-MF	np
Дьячков	NP-COG-OB	np
Дэвид	NP-ANT-M	np
Дэвис	NP-ANT-M	np
Дэйн	NP-ANT-M	np
Дэйтон	NP-ANT-M	np
Дэмиен	NP-ANT-M	np
Дэн	NP-ANT-M	np
Дэнни	NP-ANT-M	np
Дэрил	NP-ANT-M	np
Дэстини	NP-ANT-F	np
Дюпон	NP-COG-MF	np
Дюрер	NP-COG-MF	np
Дяченко	NP-COG-MF	np
Ділара	NP-ANT-F	np
Ділбара	NP-ANT-F	np
Ділда	NP-ANT-F	np
Ділдабай	NP-ANT-M	np
Ділдабек	NP-ANT-M	np
Ділма	NP-ANT-M	np
Дінмұхаммед	NP-ANT-M	np
Дінішев	NP-COG-OB	np
Дүзелханов	NP-COG-OB	np
Дүйсебаев	NP-COG-OB	np
Дүйсекей	NP-ANT-M	np
Дүйсембинов	NP-COG-OB	np
Дүйсен	NP-ANT-M	np
Дүйсенбаев	NP-COG-OB	np
Дүйсенбай	NP-ANT-M,NP-TOP	np
Дүйсенбек	NP-ANT-M	np
Дүйсенгали	NP-ANT-M	np
Дүйсенов	NP-COG-OB	np
Дүйсехан	NP-ANT-M	np
Дүнгене	NP-TOP	np
Дүрмішев	NP-COG-OB	np
Дұлатұлы	NP-COG-M	np
Дәдебаев	NP-COG-OB	np
Дәлбек	NP-ANT-M	np
Дәлила	NP-ANT-F	np
Дәмелі	NP-ANT-F	np
Дәмен	NP-ANT-M	np
Дәмина	NP-ANT-F	np
Дәнеш	NP-ANT-F	np
Дәркенбай	NP-ANT-M	np
Дәрмен	NP-ANT-M	np
Дәрмене	NP-TOP	np
Дәубек	NP-ANT-M	np
Дәукенов	NP-COG-OB	np
Дәулен	NP-ANT-M	np
Дәулет	NP-ANT-M	np
Дәулетбай	NP-ANT-M	np
Дәулетбақ	NP-ANT-M	np
Дәулетбақов	NP-COG-OB	np
Дәулетбеков	NP-COG-OB	np
Дәулетбекұлы	NP-COG-M	np
Дәулеткелді	NP-ANT-M	np
Дәулетов	NP-COG-OB	np
Дәулетше	NP-ANT-M	np
Дәурен	NP-ANT-M	np
Дәуренбеков	NP-COG-OB	np
Дәуір	NP-ANT-M	np
Дәуірбек	NP-ANT-M	np
Дәуіт	NP-ANT-M,NP-TOP	np
Дәшін	NP-TOP	np
Дөненбай	NP-ANT-M	np
Дөнентаев	NP-COG-OB	np
Дөңгелек	NP-TOP	np
ЕАЭЫ	NP-TOP-ABBR	np
ЕАҚК	ABBR	abbr
ЕО	ABBR,NP-TOP	abbr+np
ЕЭЫ	NP-TOP-ABBR	np
Ебейті	NP-TOP	np
Ебінұр	NP-TOP	np
Ева	NP-ANT-F	np
Евгениев	NP-COG-OB	np
Евгениевич	NP-PAT-VICH	np
Евгений	NP-ANT-M	np
Евгения	NP-ANT-F	np
Евгеньевка	NP-TOP	np
Евдокимов	NP-COG-OB	np
Евкуров	NP-COG-OB	np
Евланов	NP-COG-OB	np
Еврей	NP-TOP	np
Евроньюс	NP-ORG	np
Евсеев	NP-COG-OB	np
Евстафьев	NP-COG-OB	np
Евстигнеев	NP-COG-OB	np
Евтушенко	NP-COG-MF	np
Евфрат	NP-TOP	np
Египет	NP-TOP	np
Египтолог	N1	n
Егор	NP-ANT-M	np
Егоров	NP-COG-OB	np
Егізбай	NP-ANT-M	np
Егізбек	NP-ANT-M	np
Егізен	NP-TOP	np
Егізқара	NP-TOP	np
Егіндібұлақ	NP-TOP	np
Егіндікөл	NP-TOP	np
Едіге	NP-ANT-M,NP-TOP	np
Еділ	NP-ANT-M,NP-TOP	np
Еділбай	NP-ANT-M	np
Еділбек	NP-ANT-M	np
Еділжан	NP-ANT-M	np
Еділтай	NP-ANT-M	np
Едірей	NP-TOP	np
Еж	NP-ANT-M	np
Ежи	NP-ANT-M	np
Ежов	NP-COG-OB	np
Езекия	NP-ANT-M	np
Екатерина	NP-ANT-F	np
Екатеринбург	NP-TOP	np
Екимов	NP-COG-OB	np
Екпінді	NP-TOP	np
Екуадор	NP-TOP	np
Екіаша	NP-TOP	np
Екібастұз	NP-TOP	np
Екіөгіз	NP-TOP	np
Елазар	NP-ANT-M	np
Еламан	NP-ANT-M	np
Елбар	NP-ANT-M	np
Елбас	NP-ANT-M	np
Елбек	NP-ANT-M	np
Елдар	NP-ANT-M	np
Елдес	NP-ANT-M	np
Елдос	NP-ANT-M	np
Елебаев	NP-COG-OB	np
Елебай	NP-ANT-M	np
Елебеков	NP-COG-OB	np
Елек	NP-TOP	np
Елен	NP-ANT-M	np
Елена	NP-ANT-F	np
Еленовка	NP-TOP	np
Елеу	NP-ANT-M	np
Елеубай	NP-ANT-M	np
Елеуов	NP-COG-OB	np
Елеусізов	NP-COG-OB	np
Елжан	NP-ANT-M	np
Елжар	NP-ANT-M	np
Елжас	NP-ANT-M	np
Елжасар	NP-ANT-M	np
Елизавета	NP-ANT-F	np
Елимов	NP-COG-OB	np
Елисеев	NP-COG-OB	np
Елмұрат	NP-ANT-M	np
Елназар	NP-ANT-M	np
Елнар	NP-ANT-M	np
Елнұр	NP-ANT-M	np
Елтай	NP-TOP	np
Елтоқ	NP-ANT-M	np
Елубаев	NP-COG-OB	np
Елшібай	NP-ANT-M	np
Ельцов	NP-COG-OB	np
Елібай	NP-ANT-M	np
Елқам	NP-ANT-M	np
Ембі	NP-TOP	np
Ембімұнайгаз	ABBR,NP-TOP	abbr+np
Емел	NP-ANT-M	np
Емелжан	NP-ANT-M	np
Емелтай	NP-ANT-M	np
Емельянов	NP-COG-OB	np
Еміл	NP-TOP	np
Ендеров	NP-COG-OB	np
Енисей	NP-TOP	np
Еншіқарман	NP-TOP	np
Ер	NP-ANT-M	np
Ер%	NP-ANT-M	np
Еразумов	NP-COG-OB	np
Ералиев	NP-COG-OB	np
Ералы	NP-ANT-M	np
Ерасыл	NP-ANT-M	np
Ербай	NP-ANT-M	np
Ербала	NP-ANT-M	np
Ербатыр	NP-ANT-M	np
Ербақ	NP-ANT-M	np
Ербек	NP-ANT-M	np
Ербол	NP-ANT-M	np
Ерболат	NP-ANT-M	np
Ерболсын	NP-ANT-M	np
Ербосын	NP-ANT-M	np
Ербота	NP-ANT-M	np
Ергеш	NP-ANT-M	np
Ергозы	NP-ANT-M	np
Ердар	NP-ANT-M	np
Ерден	NP-ANT-M	np
Ерденай	NP-ANT-M	np
Ерденбай	NP-ANT-M	np
Ерденбек	NP-ANT-M	np
Ерденғали	NP-ANT-M	np
Ердоған	NP-COG-MF	np
Ердәулет	NP-ANT-M	np
Ереван	NP-TOP	np
Ережеп	NP-ANT-M	np
Ерейментау	NP-TOP	np
Еремеев	NP-COG-OB	np
Ерементау	NP-TOP	np
Еремич	NP-COG-M	np
Еремия	NP-ANT-M	np
Ерен	NP-ANT-M	np
Ержан	NP-ANT-M	np
Ержанов	NP-COG-OB	np
Ержігіт	NP-ANT-M	np
Ержұман	NP-ANT-M	np
Ерзада	NP-ANT-F	np
Ерзиба	NP-ANT-F	np
Ерицов	NP-COG-OB	np
Ерке	NP-ANT-F	np
Еркебай	NP-ANT-M	np
Еркеболат	NP-ANT-M	np
Еркебұлан	NP-ANT-M	np
Еркежан	NP-ANT-F	np
Еркеғали	NP-ANT-M	np
Еркін	NP-ANT-M,NP-TOP	np
Еркінбай	NP-ANT-M	np
Еркінжан	NP-ANT-M	np
Еркінтай	NP-ANT-M	np
Еркінғали	NP-ANT-M	np
Еркінқала	NP-TOP	np
Еркінұлы	NP-ANT-M	np
Ерлан	NP-ANT-M	np
Ерлен	NP-ANT-M	np
Ерлік	NP-ANT-M	np
Ермак	NP-COG-M	np
Ермаков	NP-COG-OB	np
Ерман	NP-ANT-M	np
Ермат	NP-ANT-M	np
Ермегияев	NP-COG-OB	np
Ермек	NP-ANT-M	np
Ермекбаев	NP-COG-OB	np
Ермеков	NP-COG-OB	np
Ермексу	NP-TOP	np
Ермилов	NP-COG-OB	np
Ермолаев	NP-COG-OB	np
Ермолов	NP-COG-OB	np
Ермұхамет	NP-ANT-M	np
Ерназар	NP-ANT-M,NP-TOP	np
Ерназаров	NP-COG-OB	np
Ернар	NP-ANT-M	np
Ернияз	NP-ANT-M	np
Ернұр	NP-ANT-M	np
Ерофеев	NP-COG-OB	np
Ерсайын	NP-ANT-M	np
Ерсұлтан	NP-ANT-M	np
Ертаев	NP-COG-OB	np
Ертай	NP-ANT-M	np
Ертуған	NP-ANT-M	np
Ертілес	NP-ANT-M	np
Ертіс	NP-ANT-M,NP-TOP	np
Ертісбаев	NP-COG-OB	np
Ерубаев	NP-COG-OB	np
Ерубай	NP-ANT-M	np
Ершов	NP-COG-OB	np
Ершовка	NP-TOP	np
Ерік	NP-ANT-M	np
Ерімбек	NP-ANT-M	np
Ерғазы	NP-ANT-M	np
Ерғали	NP-ANT-M	np
Ерғалиев	NP-COG-OB	np
Ерғожа	NP-ANT-M	np
Ерқожа	NP-ANT-M	np
Ерәлиев	NP-COG-OB	np
Ерәлі	NP-TOP	np
Ес	NP-ANT-M	np
Есбай	NP-ANT-M	np
Есбатыр	NP-ANT-M	np
Есберген	NP-ANT-M	np
Есбол	NP-ANT-M	np
Есболай	NP-ANT-M	np
Есболайұлы	NP-COG-M	np
Есболат	NP-ANT-M	np
Есболов	NP-COG-OB	np
Есдәулет	NP-ANT-M	np
Есдәулетов	NP-COG-OB	np
Есдәуір	NP-ANT-M	np
Есеболатов	NP-TOP	np
Есей	NP-ANT-M	np
Есекеев	NP-COG-OB	np
Есен	NP-ANT-M,NP-TOP	np
Есенай	NP-ANT-M	np
Есенаман	NP-ANT-M	np
Есенанқаты	NP-TOP	np
Есенбаев	NP-COG-OB	np
Есенбай	NP-ANT-M	np
Есенбақи	NP-ANT-M	np
Есенбек	NP-ANT-M	np
Есенберді	NP-ANT-M	np
Есенбол	NP-ANT-M	np
Есенболат	NP-ANT-M	np
Есенжан	NP-ANT-M	np
Есенкелді	NP-ANT-M,NP-TOP	np
Есенов	NP-COG-OB	np
Есенсай	NP-TOP	np
Есентай	NP-TOP	np
Есентемір	NP-ANT-M	np
Есенқұлов	NP-COG-OB	np
Есенәлі	NP-ANT-M	np
Есет	NP-ANT-M	np
Есжан	NP-ANT-M	np
Есжанов	NP-COG-OB	np
Ескелді	NP-TOP	np
Ескелді%	NP-TOP	np
Ескендір	NP-ANT-M	np
Ескендіров	NP-COG-OB	np
Ескене	NP-TOP	np
Ескожа	NP-ANT-M	np
Ескі%	NP-TOP	np
Ескідариялық	NP-TOP	np
Ескіжол	NP-TOP	np
Есмамбетов	NP-COG-OB	np
Есмағанбетов	NP-COG-OB	np
Есмұрат	NP-ANT-M	np
Есов	NP-COG-OB	np
Еспе	NP-TOP	np
Еспенбет	NP-TOP	np
Еспетұз	NP-TOP	np
Есполов	NP-COG-OB	np
Естай	NP-ANT-M	np
Естекбай	NP-ANT-M	np
Естібай	NP-ANT-M	np
Есік	NP-TOP	np
Есікасу	NP-TOP	np
Есіл	NP-ANT-M,NP-TOP	np
Есілбай	NP-ANT-M	np
Есім	NP-ANT-M	np
Есімбек	NP-ANT-M	np
Есімов	NP-COG-OB	np
Есіргепов	NP-COG-OB	np
Есірке	NP-ANT-M	np
Есқайыр	NP-ANT-M	np
Есқали	NP-ANT-M	np
Есқалиев	NP-COG-OB	np
Есқараев	NP-COG-OB	np
Ет	NP-ANT-M	np
Еугенио	NP-ANT-M	np
Еултангуров	NP-COG-OB	np
ЕурАзЭҚ	ABBR	abbr
Еуразия	NP-TOP	np
Еуро	NP-AL	np
Еуровидение	NP-AL	np
Еуроодақ	ABBR,NP-TOP	abbr+np
Еуропа	NP-TOP	np
Еуропалық	N1	n
Еф	NP-ANT-M	np
Ефатеров	NP-COG-OB	np
Ефимов	NP-COG-OB	np
Ефрем	NP-ANT-M	np
Ефремов	NP-COG-OB	np
Ефремовка	NP-TOP	np
Ешбай	NP-ANT-M	np
Ешекеев	NP-COG-OB	np
Ешжан	NP-ANT-M	np
Ешкітау	NP-TOP	np
Ешкіөлмес	NP-TOP	np
Ешмұхамбет	NP-ANT-M	np
Ешуа	NP-ANT-M	np
ЕҚЫҰ	ABBR	abbr
Еңбек	NP-TOP	np
Еңбек%	N-COMPOUND-PX	?
Еңбекші	NP-TOP	np
Еңбекшілдер	NP-TOP	np
Еңбекшіқазақ	NP-TOP	np
Еңлік	NP-ANT-F	np
Еңсебек	NP-ANT-M	np
Еңсепов	NP-COG-OB	np
ЕҰУ	ABBR	abbr
ЖІӨ	ABBR	abbr
ЖКО	NP-TOP-ABBR	np
ЖКТ	ABBR	abbr
ЖОО	ABBR	abbr
ЖСДП	ABBR,NP-ORG-ABBR	abbr+np
ЖСК	ABBR	abbr
ЖТСХ	ABBR	abbr
ЖХЛ	NP-TOP-ABBR	np
ЖШС	ABBR	abbr
ЖЭК	ABBR	abbr
Жабаев	NP-COG-OB	np
Жабай	NP-ANT-M,NP-TOP	np
Жабайхан	NP-ANT-M	np
Жабал	NP-ANT-M	np
Жабағалы	NP-TOP	np
Жабағы	NP-ANT-M	np
Жабырбай	NP-ANT-M	np
Жабысақ	NP-TOP	np
Жадай	NP-ANT-M	np
Жадов	NP-COG-OB	np
Жадыра	NP-ANT-F	np
Жазира	NP-ANT-F	np
Жазылбек	NP-ANT-M	np
Жазғы%	N-COMPOUND-PX-PL	?
Жазғұрлы	NP-TOP	np
Жайдар	NP-ANT-M	np
Жайдақкер	NP-ANT-M	np
Жайлау	NP-ANT-M	np
Жайлаубай	NP-ANT-M	np
Жайнақ	NP-ANT-M	np
Жайнақов	NP-COG-OB	np
Жайсанбек	NP-ANT-M	np
Жайық	NP-ANT-M,NP-TOP	np
Жайықмұнайгаз	NP-ORG	np
Жак	NP-ANT-M	np
Жаклин	NP-ANT-F	np
Жалал	NP-ANT-M	np
Жалал-Абад	NP-TOP	np
Жалтыр	NP-ANT-M	np
Жалын	NP-ANT-M	np
Жалғас	NP-ANT-M	np
Жалғасбай	NP-ANT-M	np
Жалғасбек	NP-ANT-M	np
Жалғастұр	NP-ANT-M	np
Жамал	NP-ANT-F	np
Жамали	NP-ANT-F	np
Жаманмұрынов	NP-COG-OB	np
Жаманов	NP-COG-OB	np
Жамбыл	NP-ANT-M,NP-TOP	np
Жамиға	NP-ANT-F	np
Жана	NP-ANT-F	np
Жанай	NP-ANT-M	np
Жанайдар	NP-ANT-M	np
Жанайдаров	NP-COG-OB	np
Жанан	NP-ANT-F	np
Жанар	NP-ANT-F,NP-ANT-M	np
Жанаргүл	NP-ANT-F	np
Жанарыстан	NP-ANT-M	np
Жанас	NP-ANT-M	np
Жанасаев	NP-COG-OB	np
Жанат	NP-ANT-F,NP-ANT-M	np
Жанатбай	NP-ANT-M	np
Жанатбек	NP-ANT-M	np
Жанатқан	NP-ANT-M	np
Жанахмет	NP-ANT-M	np
Жанақ	NP-ANT-M	np
Жанбай	NP-ANT-M	np
Жанбек	NP-ANT-M	np
Жанболат	NP-ANT-M	np
Жанбосын	NP-ANT-M	np
Жанбурчинов	NP-COG-OB	np
Жанбусунов	NP-COG-OB	np
Жандай	NP-ANT-M	np
Жандар	NP-ANT-M	np
Жандарбек	NP-ANT-M	np
Жандарбеков	NP-COG-OB	np
Жандархан	NP-ANT-M	np
Жандос	NP-ANT-M	np
Жандосов	NP-COG-OB	np
Жандәулетов	NP-COG-OB	np
Жанжігітов	NP-COG-OB	np
Жанзақов	NP-COG-OB	np
Жанипа	NP-ANT-F	np
Жания	NP-ANT-F	np
Жанкелді	NP-ANT-M	np
Жанкеұлы	NP-COG-M	np
Жанмырза	NP-ANT-M	np
Жанна	NP-ANT-F	np
Жанназар	NP-ANT-M	np
Жаннат	NP-ANT-F	np
Жаннет	NP-ANT-F	np
Жаннұр	NP-ANT-M	np
Жанораз	NP-ANT-M	np
Жанпейіс	NP-ANT-M	np
Жансал	NP-ANT-M	np
Жансая	NP-ANT-F	np
Жансейіт	NP-ANT-M	np
Жансүгіров	NP-COG-OB	np
Жансұлтан	NP-ANT-M	np
Жанта	NP-COG-MF	np
Жантай	NP-ANT-M	np
Жантас	NP-ANT-M	np
Жантемір	NP-ANT-M	np
Жантуар	NP-ANT-M	np
Жантуған	NP-ANT-M	np
Жантілеу	NP-ANT-M	np
Жанша	NP-ANT-M	np
Жанғабылов	NP-COG-OB	np
Жанғозы	NP-ANT-M	np
Жанқабыл	NP-ANT-M	np
Жанқали	NP-ANT-M	np
Жанқозы	NP-ANT-M	np
Жанқуат	NP-ANT-M	np
Жанқұлиев	NP-COG-OB	np
Жанұалиев	NP-COG-OB	np
Жанұзақ	NP-ANT-M	np
Жанұзақов	NP-COG-OB	np
Жанәбіл	NP-ANT-M	np
Жанәділ	NP-ANT-M	np
Жапан	NP-ANT-M	np
Жапар	NP-ANT-M	np
Жапақов	NP-COG-OB	np
Жапондық	A1,N1	adj+n
Жапония	NP-TOP	np
Жаппасбаев	NP-COG-OB	np
Жарас	NP-ANT-M	np
Жарасбай	NP-ANT-M	np
Жарбол	NP-ANT-M	np
Жаркеев	NP-COG-OB	np
Жаркент	NP-TOP	np
Жармахан	NP-ANT-M	np
Жармағамбетов	NP-COG-OB	np
Жармағанбетов	NP-COG-OB	np
Жармұхамбет	NP-ANT-M	np
Жармұхамедов	NP-COG-OB	np
Жаров	NP-COG-OB	np
Жартыбаев	NP-COG-OB	np
Жарылғапов	NP-COG-OB	np
Жарылқасымұлы	NP-COG-M	np
Жарылқасын	NP-ANT-M	np
Жарықбаев	NP-COG-OB	np
Жарықпаев	NP-COG-OB	np
Жарьқ	NP-ANT-M	np
Жарқайың	NP-TOP	np
Жарқын	NP-ANT-M	np
Жарқынбай	NP-ANT-M	np
Жарқынбек	NP-ANT-M	np
Жас	NP-ANT-M	np
Жасамыс	NP-ANT-M	np
Жасарал	NP-TOP	np
Жасмин	NP-ANT-F	np
Жасталап	NP-ANT-M	np
Жасыбай	NP-ANT-M	np
Жасыл%	NP-TOP	np
Жасқайрат	NP-ANT-M	np
Жасұзақ	NP-ANT-M	np
Жасұзақов	NP-COG-OB	np
Жасұлан	NP-ANT-M	np
Жауме	NP-ANT-M	np
Жауыртау	NP-TOP	np
Жафаров	NP-COG-OB	np
Жахаев	NP-COG-OB	np
Жағабұлақ	NP-TOP	np
Жағыпар	NP-ANT-M	np
Жағыпаров	NP-COG-OB	np
Жақан	NP-ANT-M	np
Жақанов	NP-COG-OB	np
Жақия	NP-ANT-M	np
Жақсыбай	NP-ANT-M	np
Жақсыбек	NP-ANT-M	np
Жақсыбеков	NP-COG-OB	np
Жақсыбектов	NP-COG-OB	np
Жақсылық	NP-ANT-M	np
Жақсылықов	NP-COG-OB	np
Жақсымұрат	NP-ANT-M	np
Жақсытұз	NP-TOP	np
Жақып	NP-ANT-M	np
Жақыпбаев	NP-COG-OB	np
Жақыпбай	NP-ANT-M	np
Жақыпбек	NP-ANT-M	np
Жақыпжан	NP-ANT-M	np
Жақыпов	NP-COG-OB	np
Жақыпқан	NP-ANT-M	np
Жаңа%	NP-TOP	np
Жаңаауыл	NP-TOP	np
Жаңабаев	NP-COG-OB	np
Жаңабай	NP-ANT-M	np
Жаңабергенов	NP-COG-OB	np
Жаңажол	NP-TOP	np
Жаңатас	NP-TOP	np
Жаңақала	NP-TOP	np
Жаңақорған	NP-TOP	np
Жаңаөзен	NP-TOP	np
Ждан	NP-ANT-M	np
Жеан	NP-ANT-M	np
Жебрейіл	NP-AL	np
Жезқазған	NP-TOP	np
Жейлітбаев	NP-COG-OB	np
Жейхун	NP-TOP	np
Жексен	NP-ANT-M	np
Жексенбай	NP-ANT-M	np
Жексенбеков	NP-COG-OB	np
Жексенбі	NP-ANT-M	np
Жекшен	NP-ANT-M	np
Желмая	N1	n
Желтау	NP-TOP	np
Желтов	NP-COG-OB	np
Жемісбек	NP-ANT-M	np
Женева	NP-ANT-F,NP-TOP	np
Женя	NP-ANT-F,NP-ANT-M	np
Жерар	NP-ANT-M	np
Жеребятиев	NP-COG-OB	np
Жермен	NP-ANT-M	np
Жерорта%	NP-TOP	np
Жерұйық	NP-TOP	np
Жетiсу	NP-TOP	np
Жетенов	NP-COG-OB	np
Жетес	NP-ANT-M	np
Жетіасар	NP-TOP	np
Жетібай	NP-ANT-M	np
Жетіген	NP-ANT-M	np
Жетік	NP-ANT-M	np
Жетістік	NP-ANT-M	np
Жетісу	NP-TOP	np
Жетіқарақшы	NP-AL,NP-TOP	np
Жеңіс	NP-ANT-M	np
Жеңісбек	NP-ANT-M	np
Жеңісгүл	NP-ANT-F	np
Жжёнов	NP-COG-OB	np
Живоев	NP-COG-OB	np
Жигалов	NP-COG-OB	np
Жигарев	NP-COG-OB	np
Жидебай	NP-ANT-M	np
Жиекбаев	NP-COG-OB	np
Жиенбаев	NP-COG-OB	np
Жиенқұлов	NP-COG-OB	np
Жизақ	NP-TOP	np
Жилль	NP-ANT-M	np
Жирен	NP-ANT-M	np
Жиренше	NP-ANT-M	np
Жирнов	NP-COG-OB	np
Жиров	NP-COG-OB	np
Жирона	NP-TOP	np
Житков	NP-COG-OB	np
Жиханша	NP-ANT-M	np
Жовтис	NP-COG-MF	np
Жозефина	NP-ANT-F	np
Жолай	NP-ANT-M	np
Жолан	NP-ANT-M	np
Жолбарыс	NP-ANT-M	np
Жолдас	NP-ANT-M	np
Жолдасбай	NP-ANT-M	np
Жолдасбек	NP-ANT-M	np
Жолдасбеков	NP-COG-OB	np
Жолдасқан	NP-ANT-M	np
Жолдасәлі	NP-ANT-M	np
Жолдыбай	NP-ANT-M	np
Жолтай	NP-ANT-M	np
Жомарт	NP-ANT-M	np
Жомартбай	NP-ANT-M	np
Жомартбек	NP-ANT-M	np
Жонатан	NP-ANT-M	np
Жора	NP-ANT-M	np
Жорабаев	NP-COG-OB	np
Жорабай	NP-ANT-M	np
Жорам	NP-ANT-M	np
Жорахан	NP-ANT-M	np
Жорж	NP-ANT-M	np
Жортар	NP-ANT-M	np
Жосапат	NP-ANT-M	np
Жошыбаев	NP-COG-OB	np
Жоэль	NP-ANT-F	np
Жоғаб	NP-ANT-M	np
Жоғары%	NP-TOP	np
Жоғас	NP-ANT-M	np
Жоңғар	NP-AL,NP-TOP	np
Жоңғария	NP-TOP	np
Жуалы	NP-TOP	np
Жуан	NP-ANT-M	np
Жуков	NP-COG-OB	np
Журавлёв	NP-COG-OB	np
Жыланшық	NP-TOP	np
Жылыой	NP-TOP	np
Жылысбаев	NP-COG-OB	np
Жылқышиев	NP-COG-OB	np
Жюль	NP-ANT-M	np
Жюльен	NP-ANT-M	np
Жюнесса	NP-ANT-F	np
Жюстин	NP-ANT-F	np
Жібек	NP-ANT-F	np
Жігер	NP-ANT-M	np
Жігітек	NP-ANT-M	np
Жіткеев	NP-COG-OB	np
ЖҚҚ	NP-TOP-ABBR	np
Жүзбай	NP-ANT-M	np
Жүніс	NP-ANT-M	np
Жүнісбай	NP-ANT-M	np
Жүнісбек	NP-ANT-M	np
Жүнісжан	NP-ANT-M	np
Жүнісов	NP-COG-OB	np
Жүнісәлі	NP-ANT-M	np
Жүргенов	NP-COG-OB	np
Жүрсін	NP-ANT-M	np
Жүсіп	NP-ANT-M	np
Жүсіпақын	NP-ANT-M	np
Жүсіпбай	NP-ANT-M	np
Жүсіпбек	NP-ANT-M	np
Жүсіпжан	NP-ANT-M	np
Жүсіпов	NP-COG-OB	np
Жүсіпқали	NP-ANT-M	np
Жүсіпқан	NP-ANT-M	np
Жүсіпқожа	NP-ANT-M	np
Жұбан	NP-ANT-M	np
Жұбанов	NP-COG-OB	np
Жұбаныш	NP-ANT-M	np
Жұлдызай	NP-ANT-F	np
Жұма	NP-ANT-M	np
Жұмабаев	NP-COG-OB	np
Жұмабай	NP-ANT-M	np
Жұмабек	NP-ANT-M	np
Жұмабеков	NP-COG-OB	np
Жұмабике	NP-ANT-F	np
Жұмагүл	NP-ANT-M	np
Жұмаділ	NP-ANT-M	np
Жұмаділов	NP-COG-OB	np
Жұмаев	NP-COG-OB	np
Жұмажан	NP-ANT-M	np
Жұмакелді	NP-ANT-M	np
Жұмалиев	NP-COG-MF	np
Жұман	NP-ANT-M	np
Жұманбай	NP-ANT-M	np
Жұманбеков	NP-COG-OB	np
Жұманияз	NP-ANT-M	np
Жұманиязов	NP-COG-OB	np
Жұмасқалиев	NP-COG-OB	np
Жұмат	NP-ANT-M	np
Жұматай	NP-ANT-M	np
Жұмағазы	NP-ANT-M	np
Жұмағалиев	NP-COG-OB	np
Жұмағұл	NP-ANT-M	np
Жұмағұлов	NP-COG-OB	np
Жұмақан	NP-ANT-M	np
Жұмәділ	NP-ANT-M	np
Жұпар	NP-ANT-F	np
Жұрынов	NP-COG-OB	np
Жәдігер	NP-ANT-M	np
Жәкiшев	NP-COG-OB	np
Жәкішев	NP-COG-OB	np
Жәлел	NP-ANT-M	np
Жәлид	NP-ANT-M	np
Жәлила	NP-ANT-F	np
Жәмеңке	NP-ANT-M	np
Жәми	NP-COG-MF	np
Жәмила	NP-ANT-F	np
Жәмилә	NP-ANT-F	np
Жәмитұлы	NP-COG-M	np
Жәмихан	NP-ANT-M	np
Жәмкенов	NP-COG-OB	np
Жәмшид	NP-ANT-M	np
Жәміл	NP-ANT-M	np
Жәміш	NP-ANT-M	np
Жәмішев	NP-COG-OB	np
Жәнекешев	NP-COG-OB	np
Жәния	NP-ANT-F	np
Жәнібек	NP-ANT-M	np
Жәнібеков	NP-COG-OB	np
Жәрдем	NP-ANT-M	np
Жәсия	NP-ANT-M	np
Жәңгір	NP-ANT-M	np
Жәңгіров	NP-COG-OB	np
За	NP-ANT-M	np
Заб	NP-ANT-M	np
Забалета	NP-COG-MF	np
Забур	NP-ANT-M	np
Завала	NP-COG-M	np
Завьялов	NP-COG-OB	np
Загаев	NP-COG-OB	np
Загора	NP-TOP	np
Загреб	NP-TOP	np
Загрос	NP-TOP	np
Задорнов	NP-COG-OB	np
Заев	NP-COG-OB	np
Заир	NP-TOP	np
Зайда	NP-ANT-F	np
Зайкенов	NP-COG-OB	np
Зайра	NP-ANT-F	np
Зайроллаұлы	NP-COG-M	np
Зайсан	NP-TOP	np
Зайт	NP-ANT-M	np
Зайтуна	NP-ANT-F	np
Зайцев	NP-COG-OB	np
Зайыр	NP-ANT-M	np
Зак	NP-ANT-M	np
Закира	NP-ANT-F	np
Закиров	NP-COG-OB	np
Зал	NP-ANT-M	np
Зальцбург	NP-TOP	np
Заманбек	NP-ANT-M	np
Замбези	NP-TOP	np
Замбия	NP-TOP	np
Заменгоф	NP-TOP	np
Замзегул	NP-ANT-F	np
Замилия	NP-ANT-F	np
Замир	NP-ANT-M	np
Замира	NP-ANT-F	np
Занзибар	NP-TOP	np
Зар	NP-ANT-M	np
Зарема	NP-ANT-F	np
Зарина	NP-ANT-F	np
Зарипа	NP-ANT-F	np
Зариф	NP-ANT-M	np
Заря	NP-AL	np
Зат	NP-ANT-M	np
Заф	NP-ANT-M	np
Захаров	NP-COG-OB	np
Захарченко	NP-COG-MF	np
Зағила	NP-ANT-F	np
Зағипа	NP-ANT-F	np
Заңғар	NP-ANT-M	np
Збигнев	NP-ANT-M	np
Зверьков	NP-COG-OB	np
Звонилов	NP-COG-OB	np
Здоровенко	NP-COG-MF	np
Зе	NP-ANT-M	np
Зеб	NP-ANT-M	np
Зевс	NP-AL,NP-ANT-M	np
Зейнегүл	NP-ANT-F	np
Зейнеп	NP-ANT-F	np
Зейнеш	NP-ANT-F	np
Зейнұр	NP-ANT-M	np
Зел	NP-ANT-M	np
Зеландия	NP-TOP	np
Зеленов	NP-COG-OB	np
Зеленодольск	NP-TOP	np
Зем	NP-ANT-M	np
Земан	NP-ANT-M	np
Земфира	NP-ANT-F	np
Зенд	NP-ANT-M	np
Зенков	NP-COG-OB	np
Зеньков	NP-COG-OB	np
Зер	NP-ANT-M	np
Зере	NP-ANT-F	np
Зерек	NP-ANT-M	np
Зеренді	NP-TOP	np
Зета	NP-ANT-F	np
Зею	NP-ANT-M	np
Зиб	NP-ANT-M	np
Зиба	NP-ANT-F	np
Зибагүл	NP-ANT-F	np
Зигмунд	NP-ANT-M	np
Зид	NP-ANT-M	np
Зик	NP-ANT-M	np
Зил	NP-ANT-M	np
Зила	NP-ANT-F	np
Зим	NP-ANT-M	np
Зиманов	NP-COG-OB	np
Зимбабве	NP-TOP	np
Зимин	NP-COG-IN	np
Зинаида	NP-ANT-F	np
Зинат	NP-ANT-F	np
Зинира	NP-ANT-F	np
Зиния	NP-ANT-F	np
Зиновьев	NP-COG-OB	np
Зинченко	NP-COG-MF	np
Зита	NP-ANT-F	np
Зиф	NP-ANT-M	np
Зифридович	NP-PAT-VICH	np
Зих	NP-ANT-M	np
Зия	NP-ANT-F	np
Зиягүл	NP-ANT-F	np
Зиятбек	NP-ANT-M	np
Злиха	NP-ANT-F	np
Зо	NP-ANT-M	np
Зов	NP-COG-OB	np
Зои	NP-ANT-F	np
Золотницкий	NP-COG-OB	np
Золото	NP-AL	np
Золотов	NP-COG-OB	np
Золотурн	NP-TOP	np
Зор	NP-ANT-M	np
Зотиков	NP-COG-OB	np
Зотов	NP-COG-OB	np
Зощенко	NP-COG-MF	np
Зоя	NP-ANT-F	np
Зу	NP-ANT-M	np
Зубайда	NP-ANT-F	np
Зубайра	NP-ANT-F	np
Зубков	NP-COG-OB	np
Зуев	NP-COG-OB	np
Зулькарнаев	NP-COG-OB	np
Зумрат	NP-ANT-F	np
Зыков	NP-COG-OB	np
Зындәуітов	NP-COG-OB	np
Зырянов	NP-COG-OB	np
Зюганов	NP-COG-OB	np
Зікірия	NP-ANT-M	np
Зүлфия	NP-ANT-F	np
Зұлпықар	NP-ANT-M	np
Зұлқарнай	NP-ANT-M	np
Зәй	NP-TOP	np
Зәкария	NP-ANT-M	np
Зәки	NP-ANT-M	np
Зәкиев	NP-COG-OB	np
Зәкия	NP-ANT-F	np
Зәкір	NP-ANT-M	np
Зәкәрия	NP-ANT-M	np
Зәмзамия	NP-ANT-F	np
Зәрия	NP-ANT-F	np
Зәріп	NP-ANT-M	np
Зәуре	NP-ANT-F	np
Зәңгіров	NP-COG-OB	np
И.	ABBR	abbr
ИНТА	ABBR	abbr
ИСАФ	ABBR	abbr
Иаков	NP-ANT-M	np
Иб	NP-ANT-M	np
Иба	NP-ANT-F	np
Ибагүл	NP-ANT-F	np
Ибажан	NP-ANT-F	np
Ибар	NP-ANT-M	np
Ибат	NP-ANT-M	np
Ибер	NP-ANT-M	np
Иберия	NP-TOP	np
Иберо	NP-ANT-M	np
Ибн	NP-ANT-M	np
Ибн%	NP-COG-MF	np
Ибрагим	NP-ANT-M	np
Ибрагимов	NP-COG-OB	np
Ибраев	NP-COG-OB	np
Ибрахим	NP-ANT-M	np
Ибрашев	NP-COG-OB	np
Ибраһим	NP-ANT-M	np
Ибсен	NP-COG-MF	np
Ибятов	NP-COG-OB	np
Ив	NP-ANT-M	np
Иван	NP-ANT-M	np
Ивана	NP-ANT-F	np
Иванка	NP-ANT-F	np
Иванко	NP-COG-MF	np
Иванов	NP-COG-OB	np
Иванович	NP-PAT-VICH	np
Иваново	NP-TOP	np
Ивановский	NP-COG-OB	np
Иванченко	NP-COG-MF	np
Иванченков	NP-COG-OB	np
Ивашев	NP-COG-OB	np
Иващенко	NP-COG-MF	np
Иво	NP-ANT-M	np
Ивонн	NP-ANT-F	np
Иврит	N1	n
Ивченко	NP-COG-MF	np
Иг	NP-ANT-M	np
Игенбай	NP-ANT-M	np
Игнасио	NP-ANT-M	np
Игнатов	NP-COG-OB	np
Игнатьев	NP-COG-OB	np
Игор	NP-ANT-M	np
Игорь	NP-ANT-M	np
Игратьев	NP-COG-OB	np
Игрнатьев	NP-COG-OB	np
Игілік	NP-ANT-M	np
Игісін	NP-ANT-M	np
Ид	NP-ANT-M	np
Ида	NP-ANT-F	np
Идаят	NP-ANT-M	np
Ие	NP-ANT-M	np
Иегова	NP-ANT-M	np
Иез	NP-ANT-M	np
Иер	NP-ANT-M	np
Иерусалим	NP-TOP	np
Из	NP-ANT-M	np
Изабель	NP-ANT-F	np
Изатбек	NP-ANT-M	np
Изатов	NP-COG-OB	np
Изендеев	NP-COG-OB	np
Изотов	NP-COG-OB	np
Израил	NP-ANT-M	np
Израиль	NP-TOP	np
Израильдік	N1	n
Изумо	N1	n
Иисус	NP-ANT-M	np
Ик	NP-ANT-M	np
Икар	NP-ORG	np
Икрам	NP-ANT-M	np
Икрама	NP-ANT-F	np
Ил	NP-AL	np
Илан	NP-ANT-M	np
Илеана	NP-ANT-F	np
Илиана	NP-ANT-F	np
Илларионов	NP-COG-OB	np
Иллинойс	NP-TOP	np
Илмар	NP-ANT-M	np
Илхам	NP-ANT-M	np
Ильин	NP-COG-IN	np
Ильина	NP-ANT-F	np
Ильхандар	NP-TOP	np
Ильющенко	NP-COG-MF	np
Илья	NP-ANT-F,NP-ANT-M	np
Им	NP-ANT-M	np
Иман	NP-ANT-M	np
Иманақыш	NP-ANT-M	np
Иманбай	NP-ANT-M	np
Иманбек	NP-ANT-M	np
Имангелді	NP-ANT-M	np
Иманжан	NP-ANT-M	np
Иманов	NP-COG-OB	np
Иманғазиев	NP-COG-OB	np
Иманғазы	NP-ANT-M	np
Иманғали	NP-ANT-M	np
Иманғалиев	NP-COG-OB	np
Иманқұл	NP-ANT-M	np
Иманәлиев	NP-COG-OB	np
Иманәлі	NP-ANT-M	np
Имашев	NP-COG-OB	np
Именбай	NP-ANT-M	np
Именнов	NP-COG-OB	np
Иммануил	NP-ANT-M	np
Инаят	NP-ANT-M	np
Инга	NP-ANT-F	np
Ингушетия	NP-TOP	np
Индиана	NP-ANT-F,NP-TOP	np
Индира	NP-ANT-F	np
Индия	NP-ANT-F,NP-TOP	np
Индонезия	NP-TOP	np
Индырчев	NP-COG-OB	np
Инес	NP-ANT-F	np
Инна	NP-ANT-F	np
Иноходов	NP-COG-OB	np
Инрике	NP-ANT-M	np
Интеринвестбанк	NP-TOP	np
Интернационал	NP-AL	np
Интерфакс	NP-ORG	np
Иоан	NP-ANT-M	np
Иовлев	NP-COG-OB	np
Иоганн	NP-ANT-M	np
Иордан	NP-TOP	np
Иордания	NP-TOP	np
Иосиф	NP-ANT-M	np
Иохим	NP-ANT-M	np
Ир	NP-ANT-M	np
Ирада	NP-ANT-F	np
Ираида	NP-ANT-F	np
Иран	NP-TOP	np
Ирақ	NP-TOP	np
Ирен	NP-ANT-F	np
Ирена	NP-ANT-F	np
Ирина	NP-ANT-F	np
Ирисметов	NP-COG-OB	np
Иритков	NP-COG-OB	np
Иркутск	NP-TOP	np
Ирландия	NP-TOP	np
Ирландық	N1	n
Ирма	NP-ANT-F	np
Ирод	NP-ANT-M	np
Иртышъ	NP-TOP	np
Иса	NP-ANT-M	np
Исаак	NP-ANT-M	np
Исабай	NP-ANT-M	np
Исабек	NP-ANT-M	np
Исаділ	NP-ANT-M	np
Исаев	NP-COG-OB	np
Исажан	NP-ANT-M	np
Исаков	NP-COG-OB	np
Исалиев	NP-COG-OB	np
Исалы	NP-ANT-M	np
Исатай	NP-ANT-M	np
Исаханов	NP-COG-OB	np
Исахмет	NP-ANT-M	np
Исағали	NP-ANT-M	np
Исақан	NP-ANT-M	np
Исекешев	NP-COG-OB	np
Исидора	NP-ANT-F	np
Исис	NP-ANT-F	np
Искаков	NP-COG-OB	np
Искандеров	NP-COG-OB	np
Искеев	NP-COG-OB	np
Искендиров	NP-COG-OB	np
Ислам	N1	n
Исламабад	NP-TOP	np
Исламист	N1	n
Исландия	NP-TOP	np
Исмаил	NP-ANT-M	np
Исмаэль	NP-ANT-M	np
Исметов	NP-COG-OB	np
Испан	N1	n
Испандық	N1	n
Испания	NP-TOP	np
Исраил	NP-ANT-M	np
Иствуд	NP-COG-MF	np
Исфаһан	NP-TOP	np
Ит	NP-ANT-M	np
Ита	NP-ANT-F	np
Италиа	NP-ANT-F	np
Италия	NP-TOP	np
Итало	NP-ANT-M	np
Итальян	N1-NAT	n
Итенов	NP-COG-OB	np
Иу	NP-ANT-M	np
Иуда	NP-ANT-M	np
Иудаизм	N5	n
Иф	NP-ANT-M	np
Ифигения	NP-ANT-F	np
Их	NP-ANT-M	np
Ихсаноглу	NP-COG-MF	np
Иш	NP-ANT-M	np
Ишая	NP-ANT-M	np
Ишутов	NP-COG-OB	np
Ищанов	NP-COG-OB	np
Йемен	NP-TOP	np
Йоав	NP-ANT-M	np
Йован	NP-ANT-M	np
Йонас	NP-ANT-M	np
Йорк	NP-TOP	np
Йоркшир	NP-TOP	np
Йосипович	NP-PAT-VICH	np
Йот	NP-ANT-M	np
Йохан	NP-ANT-M	np
Йоханна	NP-ANT-F	np
Йоханнес	NP-ANT-M	np
Йоханнесбург	NP-TOP	np
Йоханссон	NP-COG-MF	np
КАФ	NP-AL-ABBR	np
КГБ	ABBR	abbr
КЕУ	ABBR	abbr
КИМЕП	ABBR	abbr
КИМЭП	NP-ORG-ABBR	np
КМС	NP-TOP-ABBR	np
КОКП	ABBR	abbr
КОНМЕБОЛ	NP-AL-ABBR	np
КОТА	ABBR	abbr
КСР	ABBR	abbr
КСРО	ABBR,NP-TOP-ABBR	abbr+np
КТУ	NP-TOP-ABBR	np
КХДР	ABBR,NP-TOP-ABBR	abbr+np
Ка	NP-ANT-M	np
Каб	NP-ANT-M	np
Кабанов	NP-COG-OB	np
Кабарда-Балкария	NP-TOP	np
Кабир	NP-ANT-M	np
Кабира	NP-ANT-F	np
Кабиров	NP-COG-OB	np
Кабо-Верде	NP-TOP	np
Кабрера	NP-COG-MF	np
Кабул	NP-TOP	np
Кабулов	NP-COG-OB	np
Кавказ	NP-TOP	np
Кавказ%	N-COMPOUND-PX	?
Кагул	NP-TOP	np
Кад	NP-ANT-M	np
Каддафи	NP-ANT-M	np
Каджар	NP-ANT-M	np
Кадыков	NP-COG-OB	np
Кадышев	NP-COG-OB	np
Казаков	NP-COG-OB	np
Казамиас	NP-COG-MF	np
Казанов	NP-COG-OB	np
Казанова	NP-COG-MF	np
Казанцев	NP-COG-OB	np
Казначеев	NP-COG-OB	np
Казталов	NP-COG-OB	np
Каир	NP-TOP	np
Кай	NP-ANT-M	np
Кайнозой	NP-AL	np
Кал	NP-ANT-M	np
Калаубай	NP-ANT-M	np
Калаужан	NP-ANT-M	np
Калашников	NP-COG-OB	np
Калгари	NP-TOP	np
Кале	NP-ANT-M	np
Калимов	NP-COG-OB	np
Калинин	NP-COG-IN	np
Калининград	NP-TOP	np
Калифорния	NP-TOP	np
Калкабаев	NP-COG-OB	np
Каллас	NP-COG-MF	np
Каллен	NP-ANT-M	np
Калмыков	NP-COG-OB	np
Кальвин	NP-COG-MF	np
Кальдерон	NP-COG-MF	np
Калькутта	NP-TOP	np
КамАЗ	ABBR	abbr
Кама	NP-TOP	np
Камал	NP-ANT-M	np
Камалиев	NP-COG-OB	np
Камалов	NP-COG-OB	np
Камбоджа	NP-TOP	np
Камелия	NP-ANT-F	np
Каменщиков	NP-COG-OB	np
Камерун	NP-TOP	np
Камерундық	N1	n
Камиль	NP-ANT-F	np
Кампала	NP-TOP	np
Камчатка	NP-TOP	np
Канада	NP-TOP	np
Канберра	NP-TOP	np
Кандаур	NP-TOP	np
Канзас	NP-TOP	np
Каннингем	NP-COG-MF	np
Кант	NP-COG-MF	np
Капа-Верде	NP-TOP	np
Капитонов	NP-COG-OB	np
Капсулов	NP-COG-OB	np
Капустин	NP-COG-IN	np
Кар	NP-ANT-M	np
Кара	NP-ANT-F	np
Карабаев	NP-COG-OB	np
Карабасов	NP-COG-OB	np
Карабах	NP-TOP	np
Каракалпак%	NP-TOP-ASSR	np
Каракас	NP-TOP	np
Карамзин	NP-COG-M	np
Карасаев	NP-COG-OB	np
Каратаев	NP-COG-OB	np
Карачарсков	NP-COG-OB	np
Карбышев	NP-COG-OB	np
Карев	NP-COG-OB	np
Карел	NP-ANT-M	np
Карелия	NP-TOP	np
Карен	NP-ANT-F	np
Каренин	NP-COG-OB	np
Каренина	NP-ANT-F	np
Карзай	NP-COG-MF	np
Кариб	NP-TOP	np
Карим	NP-ANT-M	np
Каримов	NP-COG-OB	np
Карин	NP-ANT-F	np
Карина	NP-ANT-F	np
Карл	NP-ANT-M	np
Карла	NP-ANT-F	np
Карло	NP-ANT-M	np
Карлов	NP-COG-OB	np
Карлос	NP-ANT-M	np
Карлсруэ	NP-TOP	np
Карлтон	NP-ANT-M	np
Карме	NP-ANT-F	np
Кармела	NP-ANT-F	np
Кармен	NP-ANT-F	np
Карнеги	NP-COG-MF	np
Каролин	NP-ANT-F	np
Каролина	NP-ANT-F,NP-TOP	np
Каролла	NP-COG-MF	np
Карпеев	NP-COG-OB	np
Карпенко	NP-COG-MF	np
Карпов	NP-COG-OB	np
Карпович	NP-PAT-VICH	np
Картер	NP-ANT-M	np
Картинтия	NP-TOP	np
Карычев	NP-COG-OB	np
Касабланка	NP-TOP	np
Касимов	NP-COG-OB	np
Каспаров	NP-COG-OB	np
Каспий	NP-TOP	np
Кастро	NP-COG-MF	np
Касымжан	NP-ANT-M	np
Катаев	NP-COG-OB	np
Каталина	NP-ANT-F	np
Каталония	NP-TOP	np
Катанов	NP-COG-OB	np
Катар	NP-TOP	np
Катарина	NP-ANT-F	np
Катерина	NP-ANT-F	np
Катков	NP-COG-OB	np
Катманду	NP-TOP	np
Катранов	NP-COG-OB	np
Катрина	NP-ANT-F	np
Катя	NP-ANT-F	np
Кау	NP-ANT-M	np
Каунас	NP-TOP	np
Каф	NP-ANT-M	np
Кафаров	NP-COG-OB	np
Качиньский	NP-COG-M	np
Кашмир	NP-TOP	np
Каштелу	NP-TOP	np
Каюров	NP-COG-OB	np
Кая	NP-ANT-F	np
Квар	NP-ANT-M	np
Квасьневский	NP-COG-MF	np
Кведлинбургтік	A4	adj
Квентин	NP-ANT-M	np
Квинсленд	NP-TOP	np
Квинтон	NP-ANT-M	np
Ке	NP-ANT-M	np
Кебіспаев	NP-COG-OB	np
Кевин	NP-ANT-M	np
Кед	NP-ANT-M	np
Кедров	NP-COG-OB	np
Кей	NP-ANT-M,NP-COG-MF	np
Кейл	NP-ANT-M	np
Кейн	NP-ANT-M	np
Кекіл	NP-ANT-M	np
Кекілбаев	NP-COG-OB	np
Келат	NP-TOP	np
Келбет	NP-ANT-F	np
Келес	NP-TOP	np
Келли	NP-ANT-F,NP-ANT-M	np
Кельмаков	NP-COG-OB	np
Келімбетов	NP-COG-OB	np
Келіс	NP-ANT-M	np
Кемелбек	NP-ANT-M	np
Кемелов	NP-COG-OB	np
Кемеров	NP-COG-OB,NP-TOP	np
Кемерово	NP-TOP	np
Кемеңгер	NP-ANT-M	np
Кемикл	NP-TOP	np
Кен	NP-ANT-M	np
Кенбаев	NP-COG-OB	np
Кенбай	NP-ANT-M	np
Кендал	NP-ANT-F	np
Кенебаев	NP-COG-OB	np
Кенен	NP-ANT-M	np
Кенесары	NP-ANT-M	np
Кенешов	NP-COG-OB	np
Кенжалы	NP-ANT-M	np
Кенже	NP-ANT-F,NP-ANT-M	np
Кенжебаев	NP-COG-OB	np
Кенжебай	NP-ANT-M	np
Кенжебек	NP-ANT-M	np
Кенжебеков	NP-COG-OB	np
Кенжетаев	NP-COG-OB	np
Кенжетай	NP-ANT-M	np
Кенжетайұлы	NP-COG-M	np
Кенжеханов	NP-COG-OB	np
Кенжеғали	NP-ANT-M	np
Кенжеқан	NP-ANT-M	np
Кенигсберг	NP-TOP	np
Кения	NP-ANT-F,NP-TOP	np
Кениян	N1	n
Кеннеди	NP-ANT-F,NP-ANT-M,NP-COG-MF	np
Кеннет	NP-ANT-M	np
Кент	NP-ANT-M,NP-TOP	np
Кентербери	NP-TOP	np
Кентукки	NP-TOP	np
Кеплер	NP-COG-MF	np
Кер	NP-ANT-M	np
Керей	NP-ANT-M	np
Керимбала	NP-ANT-F	np
Кермани	NP-COG-M	np
Кертис	NP-ANT-M	np
Керім	NP-ANT-M	np
Керімбай	NP-ANT-M	np
Керімбек	NP-ANT-M	np
Керімбеков	NP-COG-OB	np
Керімқан	NP-ANT-M	np
Керімқұлов	NP-COG-OB	np
Керімәлі	NP-ANT-M	np
Кесов	NP-COG-OB	np
Кеңес	NP-ANT-M	np
Кеңес%	NP-TOP-COMPOUND	np
Кеңесгүл	NP-ANT-F	np
Кеңшілік	NP-ANT-M	np
Ки	NP-ANT-M	np
Киб	NP-ANT-M	np
Кибивотт	NP-COG-M	np
Кивилев	NP-COG-OB	np
Кидман	NP-COG-MF	np
Киев	NP-TOP	np
Киликия	NP-TOP	np
Ким	NP-ANT-F,NP-ANT-M	np
Кинжалов	NP-COG-OB	np
Киншаса	NP-TOP	np
Кипр	NP-TOP	np
Киприану	NP-COG-MF	np
Кипрлік	N1	n
Кир	NP-ANT-M	np
Киран	NP-ANT-M	np
Кирибати	NP-TOP	np
Кирилл	NP-ANT-M	np
Кириллов	NP-COG-OB	np
Киров	NP-COG-OB,NP-TOP	np
Кирпичников	NP-COG-OB	np
Кирсанов	NP-COG-OB	np
Киселёв	NP-COG-OB	np
Кит	NP-ANT-M	np
Китаби-ал-масалик%	NP-AL	np
Китаенко	NP-COG-MF	np
Кихот	NP-COG-M,NP-ORG	np
Киченсув	NP-TOP	np
Киш	NP-ANT-M	np
Кишинев	NP-COG-OB	np
Киікбай	NP-ANT-M	np
Клавдий	NP-ANT-M	np
Клара	NP-ANT-F	np
Клариса	NP-ANT-F	np
Кларк	NP-ANT-M,NP-COG-MF	np
Клау	NP-ANT-M	np
Клаудио	NP-ANT-M	np
Клаудия	NP-ANT-F	np
Клаус	NP-ANT-M	np
Кле	NP-ANT-M	np
Клейн	NP-ANT-M	np
Клейтон	NP-ANT-M	np
Клементе	NP-ANT-M	np
Клементьев	NP-COG-OB	np
Клим	NP-ANT-M	np
Клименко	NP-COG-MF	np
Климент	NP-ANT-M	np
Клинт	NP-ANT-M	np
Клинтон	NP-ANT-M,NP-COG-MF	np
Клиффорд	NP-ANT-M	np
Кло	NP-ANT-M	np
Клод	NP-ANT-M	np
Клоп	NP-COG-M	np
Клуни	NP-COG-MF	np
Клэр	NP-ANT-F	np
Клюни	NP-TOP	np
Ключев	NP-COG-OB	np
Ключевск	NP-TOP	np
Кляжев	NP-COG-OB	np
Кносс	NP-COG-MF	np
Князев	NP-COG-OB	np
Ко	NP-ANT-M	np
Кобе	NP-ANT-M	np
Кобяков	NP-COG-OB	np
Ковалев	NP-COG-OB	np
Ковалевский	NP-COG-MF	np
Коваленко	NP-COG-MF	np
Ковалёв	NP-COG-OB	np
Ковров	NP-COG-OB	np
Кожанов	NP-COG-OB	np
Кожевников	NP-COG-OB	np
Коз	NP-ANT-M	np
Козаков	NP-COG-OB	np
Козлов	NP-COG-OB	np
Козырев	NP-COG-OB	np
Коимбра	NP-TOP	np
Колби	NP-ANT-M	np
Коле	NP-ANT-M	np
Колесников	NP-COG-OB	np
Колесниченко	NP-COG-MF	np
Колин	NP-ANT-M	np
Колл	NP-COG-MF	np
Коллинз	NP-COG-MF	np
Колмогоров	NP-COG-OB	np
Колобов	NP-COG-OB	np
Колокольников	NP-COG-OB	np
Коломбо	NP-ANT-M,NP-TOP	np
Колорадо	NP-TOP	np
Колосков	NP-COG-OB	np
Колпаков	NP-COG-OB	np
Колтен	NP-ANT-M	np
Колумб	NP-ANT-M,NP-COG-MF	np
Колумбия	NP-TOP	np
Кольцов	NP-COG-OB	np
Коля	NP-ANT-M	np
Комаров	NP-COG-OB	np
Коми	NP-TOP	np
Комиссаров	NP-COG-OB	np
Комор	NP-TOP	np
Коморовский	NP-COG-M	np
Композиторов	NP-COG-OB	np
Конан	NP-ANT-M,NP-COG-MF	np
Конго	NP-TOP	np
Кондаков	NP-COG-OB	np
Кондолиза	NP-ANT-F	np
Кондратенко	NP-COG-MF	np
Кондратов	NP-COG-OB	np
Кондратьев	NP-COG-OB	np
Кондрашов	NP-COG-OB	np
Конев	NP-COG-OB	np
Коннектикут	NP-TOP	np
Коннов	NP-COG-OB	np
Коннолли	NP-COG-MF	np
Коннор	NP-ANT-M	np
Коновалов	NP-COG-OB	np
Кононенко	NP-COG-MF	np
Кононов	NP-COG-OB	np
Конрад	NP-ANT-M	np
Констан	NP-ANT-M	np
Констанинов	NP-COG-OB	np
Константин	NP-ANT-M	np
Константино	NP-ANT-M	np
Константинов	NP-COG-OB	np
Константинополь	NP-TOP	np
Консуэло	NP-ANT-F	np
Контрерас	NP-COG-MF	np
Конфуций	NP-ANT-M	np
Копенгаген	NP-TOP	np
Копылов	NP-COG-OB	np
Кор	NP-ANT-M	np
Кора	NP-ANT-F	np
Кордильер	NP-TOP	np
Корей	NP-TOP	np
Корея	NP-TOP	np
Кореялық	N1	n
Корнеев	NP-COG-OB	np
Корнилов	NP-COG-OB	np
Королев	NP-COG-OB	np
Короленко	NP-COG-MF	np
Королёв	NP-COG-OB	np
Коротина	NP-ANT-F	np
Корреа	NP-ANT-F	np
Корсаков	NP-COG-OB	np
Кортес	NP-ANT-M	np
Корчаков	NP-COG-OB	np
Коршунов	NP-COG-OB	np
Корытников	NP-COG-OB	np
Коряков	NP-COG-M	np
Косарев	NP-COG-OB	np
Косачев	NP-COG-OB	np
Космосбек	NP-ANT-M	np
Косовар	N1	n
Косово	NP-TOP	np
Коста-Рика	NP-TOP	np
Костин	NP-COG-IN	np
Костуника	NP-COG-MF	np
Костя	NP-ANT-M	np
Косырев	NP-COG-OB	np
Кот-д'Ивуар	NP-TOP	np
Кот-д-Ивуар	NP-TOP	np
Котельников	NP-COG-OB	np
Котил	NP-COG-M	np
Котов	NP-COG-OB	np
Котович	NP-PAT-VICH	np
Коул	NP-ANT-M	np
Коулман	NP-ANT-M	np
Коуэн	NP-COG-MF	np
Кочетков	NP-COG-OB	np
Кочкарев	NP-COG-OB	np
Кошелев	NP-COG-OB	np
Коэн	NP-COG-MF	np
Коқан	NP-TOP	np
Кравков	NP-COG-OB	np
Кравченко	NP-COG-MF	np
Краков	NP-TOP	np
Крамаренко	NP-COG-MF	np
Крамдсбанк	NP-TOP	np
Красильников	NP-COG-OB	np
Краснов	NP-COG-OB	np
Краснояр	NP-TOP	np
Красноярск	NP-TOP	np
Крашенинников	NP-COG-OB	np
Крганов	NP-COG-OB	np
Крев	A1	adj
Крейг	NP-ANT-M	np
Кремль	NP-TOP	np
Крестьянович	NP-PAT-VICH	np
Кривоносов	NP-COG-OB	np
Криков	NP-COG-OB	np
Крис	NP-ANT-M	np
Кристиан	NP-ANT-M	np
Кристиана	NP-ANT-F	np
Кристин	NP-ANT-F	np
Кристина	NP-ANT-F	np
Кристоф	NP-ANT-M	np
Кристофер	NP-ANT-M	np
Крит	NP-TOP	np
Крлыков	NP-COG-OB	np
Крокт	NP-ANT-M	np
Кросс	NP-ANT-M	np
Кротов	NP-COG-OB	np
Кроули	NP-COG-MF	np
Крутов	NP-COG-OB	np
Крыленко	NP-COG-MF	np
Крылов	NP-COG-OB	np
Крюков	NP-COG-OB	np
Крючков	NP-COG-OB	np
Ксавье	NP-ANT-M	np
Ксения	NP-ANT-F	np
Ксенофонтов	NP-COG-OB	np
Ку	NP-ANT-M	np
Куба	NP-TOP	np
Кубалық	A1	adj
Куваев	NP-COG-OB	np
Кувейт	NP-TOP	np
Кувшинов	NP-COG-OB	np
Кудаков	NP-COG-OB	np
Кудрявцев	NP-COG-OB	np
Кудряшов	NP-COG-OB	np
Кузнецк	NP-TOP	np
Кузнецов	NP-COG-OB	np
Кузьменко	NP-COG-MF	np
Кузьменков	NP-COG-OB	np
Кузьмин	NP-COG-IN	np
Кузя	NP-ANT-M	np
Кузяев	NP-COG-OB	np
Куйбышев	NP-COG-OB	np
Кукси	NP-COG-MF	np
Кулагин	NP-COG-IN	np
Кулаков	NP-COG-OB	np
Куленов	NP-COG-M,NP-COG-OB	np
Кулешов	NP-COG-OB	np
Куликов	NP-COG-OB	np
Кулов	NP-COG-OB	np
Кульев	NP-COG-OB	np
Купер	NP-ANT-M	np
Кура-Аракс	NP-TOP	np
Куравлев	NP-COG-OB	np
Кураков	NP-COG-OB	np
Курамшин	NP-COG-IN	np
Курбатов	NP-COG-OB	np
Курганцев	NP-COG-OB	np
Кургат	NP-ANT-M	np
Курдистан	NP-TOP	np
Курдстан	NP-TOP	np
Курзенко	NP-COG-MF	np
Куросава	NP-COG-MF	np
Курск	NP-TOP	np
Курт	NP-ANT-M	np
Курчатов	NP-COG-OB	np
Кустиков	NP-COG-OB	np
Кухруд	NP-TOP-RUS	np
Кучеренко	NP-COG-MF	np
Кушаев	NP-COG-OB	np
Кушан	NP-COG-MF	np
Кушнаренко	NP-COG-MF	np
Куэльяр	NP-COG-MF	np
Куэнка	NP-TOP	np
Кырджали	NP-TOP	np
Кэл	NP-ANT-M	np
Кэмерон	NP-COG-MF	np
Кэмпбелл	NP-COG-MF	np
Кэрол	NP-ANT-F	np
Кэролайн	NP-ANT-F	np
Кэрри	NP-ANT-F	np
Кэти	NP-ANT-F	np
Кэтлин	NP-ANT-F	np
Кэтрин	NP-ANT-F	np
Кюракао	NP-TOP	np
Кюри	NP-COG-MF	np
Кюстендил	NP-TOP	np
Күбара	NP-ANT-F	np
Күзембаев	NP-COG-OB	np
Күлай	NP-ANT-F	np
Күлайхан	NP-ANT-F	np
Күлбағира	NP-ANT-F	np
Күлеев	NP-COG-OB	np
Күлтегін	NP-ANT-M	np
Күлянда	NP-ANT-F	np
Күлғайша	NP-ANT-F	np
Күлән	NP-ANT-F	np
Күләш	NP-ANT-F	np
Күмісай	NP-ANT-F	np
Күмісбаев	NP-COG-OB	np
Күмісбеков	NP-COG-OB	np
Күнай	NP-ANT-F	np
Күнке	NP-ANT-M	np
Күнсұлу	NP-ANT-F	np
Күнту	NP-ANT-M	np
Күнғалиев	NP-COG-OB	np
Күрдер	NP-TOP	np
Күрішбаев	NP-COG-OB	np
Күшікбай	NP-ANT-M	np
Күңке	NP-ANT-F	np
Кұдайберді	NP-ANT-M	np
Кәдір	NP-ANT-M	np
Кәдірбай	NP-ANT-M	np
Кәдірбек	NP-ANT-M	np
Кәдіржан	NP-ANT-M	np
Кәкімбек	NP-ANT-M	np
Кәкімжан	NP-ANT-M	np
Кәлетаев	NP-COG-OB	np
Кәмалия	NP-ANT-F	np
Кәміл	NP-ANT-M	np
Кәрима	NP-ANT-F	np
Кәрменов	NP-COG-OB	np
Кәрібаев	NP-COG-OB	np
Кәрібжанов	NP-COG-OB	np
Кәрім	NP-ANT-M	np
Кәрімбаев	NP-COG-OB	np
Кәрімбай	NP-ANT-M	np
Кәрімбек	NP-ANT-M	np
Кәрімжан	NP-ANT-M	np
Кәрімов	NP-COG-OB	np
Кәрімқұл	NP-ANT-M	np
Кәріпжан	NP-ANT-M	np
Көбдіков	NP-COG-OB	np
Көбеген	NP-ANT-M	np
Көбеев	NP-COG-OB	np
Көбей	NP-ANT-M	np
Көбейсін	NP-ANT-M	np
Көбенқұлов	NP-COG-OB	np
Көдек	NP-ANT-M	np
Көжеков	NP-COG-OB	np
Көкбай	NP-ANT-M	np
Көксерек	NP-ANT-M	np
Көксу	NP-TOP	np
Көктөбе	NP-TOP	np
Көкше	NP-TOP	np
Көкшетау	NP-TOP	np
Көлбаев	NP-COG-OB	np
Көмекбаев	NP-COG-OB	np
Көпбай	NP-ANT-M	np
Көпеев	NP-COG-OB	np
Көпешов	NP-COG-OB	np
Көпжан	NP-ANT-M	np
Көпжасар	NP-ANT-M	np
Көтібаров	NP-COG-OB	np
Көтібақ	NP-ANT-M	np
Көшағаш	NP-TOP	np
Көшербаев	NP-COG-OB	np
Көшімбай	NP-ANT-M	np
Лoрбрульгруд	NP-TOP	np
Ла	NP-ANT-M	np
Ла-Манш	NP-TOP	np
Ла-Плата	NP-TOP	np
Лава	N1	n
Лаврентьев	NP-COG-OB	np
Лавриненко	NP-COG-MF	np
Лавров	NP-COG-OB	np
Лавуазье	NP-COG-MF	np
Лада	NP-AL	np
Ладога	NP-TOP	np
Ладыков	NP-COG-OB	np
Лаз	NP-ANT-M	np
Лазарев	NP-COG-OB	np
Лазаренко	NP-COG-MF	np
Лазым	NP-ANT-F	np
Лайд	NP-ANT-M	np
Лайс	NP-ANT-M	np
Лайыш	NP-TOP	np
Лак	NP-ANT-M	np
Лакачев	NP-COG-OB	np
Лакачов	NP-COG-OB	np
Лала	NP-ANT-F	np
Ламаев	NP-COG-OB	np
Ламберт	NP-COG-MF	np
Ламберто	NP-ANT-M	np
Ламмерт	NP-ANT-M	np
Лана	NP-ANT-F	np
Ланкастер	NP-TOP	np
Лаос	NP-TOP	np
Лапаев	NP-COG-OB	np
Лапин	NP-COG-IN	np
Лаптев	NP-COG-OB	np
Лара	NP-ANT-F	np
Ларин	NP-COG-IN	np
Ларионов	NP-COG-OB	np
Лариса	NP-ANT-F	np
Ларри	NP-ANT-M	np
Ларс	NP-ANT-M	np
Латвия	NP-TOP	np
Латиф	NP-ANT-M	np
Латифа	NP-ANT-F	np
Латыпов	NP-COG-OB	np
Латыш	N1	n
Лаула	NP-ANT-M	np
Лаура	NP-ANT-F	np
Лацио	NP-TOP	np
Лашын	NP-ANT-F	np
Ле	NP-ANT-M	np
Леандра	NP-ANT-F	np
Леб	NP-ANT-M	np
Лебедев	NP-COG-OB	np
Лев	NP-ANT-M	np
Леви	NP-ANT-M	np
Левин	NP-COG-IN	np
Левчаев	NP-COG-OB	np
Левченко	NP-COG-MF	np
Ледо	NP-COG-MF	np
Лейла	NP-ANT-F	np
Лейпциг	NP-TOP	np
Лека	NP-ANT-F	np
Леканов	NP-COG-OB	np
Лекер	NP-ANT-M	np
Лекеров	NP-COG-OB	np
Лексус	NP-ANT-F	np
Лелюшенко	NP-COG-MF	np
Лем	NP-ANT-M	np
Лена	NP-ANT-F	np
Ленар	NP-ANT-M	np
Ленин	NP-COG-IN	np
Ленинград	NP-TOP	np
Лениногорск	NP-TOP	np
Ленкоран	NP-TOP	np
Леннон	NP-COG-MF	np
Леньков	NP-COG-OB	np
Лео	NP-ANT-M	np
Леон	NP-ANT-M	np
Леонард	NP-ANT-M	np
Леонардо	NP-ANT-M	np
Леоне	NP-ANT-M	np
Леонид	NP-ANT-M	np
Леонов	NP-COG-OB	np
Леонора	NP-ANT-F	np
Леонтьев	NP-COG-OB	np
Леопольд	NP-ANT-M	np
Лермонтов	NP-COG-OB	np
Лесков	NP-COG-OB	np
Лесото	NP-TOP	np
Лессинг	NP-COG-MF	np
Летавка	NP-TOP	np
Лех	NP-ANT-M	np
Лещенко	NP-COG-MF	np
Ли	NP-ANT-M,NP-COG-MF	np
Лиана	NP-ANT-F	np
Либ	NP-ANT-M	np
Либерия	NP-ANT-F,NP-TOP	np
Либерман	NP-COG-M	np
Либия	NP-TOP	np
Ливан	NP-TOP	np
Ливенворт	NP-TOP	np
Ливия	NP-TOP	np
Ливиялық	N1	n
Ливония	NP-TOP	np
Лигурия	NP-TOP	np
Лидия	NP-ANT-F	np
Лидс	NP-TOP	np
Лиза	NP-ANT-F	np
Лила	NP-ANT-F	np
Лилиан	NP-ANT-F	np
Лилиана	NP-ANT-F	np
Лилия	NP-ANT-F	np
Лилли	NP-ANT-F	np
Лима	NP-TOP	np
Лина	NP-ANT-F	np
Линда	NP-ANT-F	np
Линдсей	NP-ANT-F	np
Линдси	NP-ANT-F	np
Линкольн	NP-ANT-M,NP-COG-MF	np
Линней	NP-COG-MF	np
Лино	NP-ANT-M	np
Линч	NP-COG-MF	np
Лион	NP-COG-MF	np
Лионель	NP-ANT-M	np
Лисаков	NP-COG-OB	np
Лисбет	NP-ANT-F	np
Лиссабон	NP-TOP	np
Литбел	NP-ANT-M	np
Литва	NP-TOP	np
Литвинов	NP-COG-OB	np
Лихарев	NP-COG-OB	np
Лихачёв	NP-COG-OB	np
Лихтенштейн	NP-TOP	np
Лицина	NP-ANT-F	np
Лия	NP-ANT-F	np
Ллоидз	NP-TOP	np
Ллойд	NP-COG-MF	np
Ло	NP-COG-MF	np
Лобамба	NP-TOP	np
Лобанов	NP-COG-OB	np
Лобачев	NP-COG-OB	np
Лобков	NP-COG-OB	np
Лованов	NP-COG-OB	np
Логвиненко	NP-COG-MF	np
Логинов	NP-COG-OB	np
Логунов	NP-COG-OB	np
Лоис	NP-ANT-M	np
Лойола	NP-COG-MF	np
Локк	NP-COG-MF	np
Локтев	NP-COG-OB	np
Лола	NP-ANT-F	np
Лолита	NP-ANT-F	np
Ломбарди	NP-COG-MF	np
Ломбардия	NP-TOP	np
Ломов	NP-COG-OB	np
Ломоносов	NP-COG-OB	np
Лондиниум	NP-TOP	np
Лондон	NP-TOP	np
Лопе	NP-ANT-M	np
Лопес	NP-COG-MF	np
Лора	NP-ANT-F	np
Лоран	NP-ANT-M	np
Лорен	NP-ANT-F	np
Лорена	NP-ANT-F	np
Лоренс	NP-ANT-M	np
Лоренцо	NP-ANT-M	np
Лос-Анджелес	NP-TOP	np
Лосманов	NP-COG-OB	np
Лотар	NP-ANT-M	np
Лотышев	NP-COG-OB	np
Лу	NP-ANT-M	np
Луанда	NP-TOP	np
Луара	NP-ANT-F,NP-TOP	np
Лувр	NP-ORG	np
Лужков	NP-COG-OB	np
Луи	NP-ANT-M	np
Луиджи	NP-ANT-M	np
Луиза	NP-ANT-F,NP-TOP	np
Луизиана	NP-TOP	np
Луис	NP-ANT-M	np
Лука	NP-ANT-M	np
Лукас	NP-ANT-M	np
Лукашенко	NP-COG-MF	np
Лукиан	NP-ANT-M	np
Лукианов	NP-COG-OB	np
Лукин	NP-COG-IN	np
Лукиянов	NP-COG-OB	np
Лукойл	NP-ORG	np
Лукоянов	NP-COG-OB	np
Лукьяненко	NP-COG-MF	np
Лукьянов	NP-COG-OB	np
Лула	NP-ANT-F	np
Луначарский	NP-COG-M	np
Лупо	NP-ANT-M	np
Лупов	NP-COG-OB	np
Лурдес	NP-ANT-F	np
Лусака	NP-TOP	np
Лут	NP-ANT-M	np
Луферов	NP-COG-OB	np
Луценко	NP-COG-MF	np
Лучано	NP-ANT-M	np
Лхаса	NP-TOP	np
Лысенко	NP-COG-MF	np
Лыткин	NP-COG-IN	np
Львов	NP-TOP	np
Льгов	NP-COG-OB	np
Льюис	NP-ANT-M	np
Лэйла	NP-ANT-F	np
Лэйн	NP-ANT-M	np
Лэндон	NP-ANT-M	np
Лю	NP-COG-MF	np
Люба	NP-ANT-F	np
Любезнов	NP-COG-OB	np
Любимов	NP-COG-OB	np
Люблин	NP-TOP	np
Любляна	NP-TOP	np
Любовь	NP-ANT-F	np
Людмила	NP-ANT-F	np
Людовик	NP-ANT-M	np
Людовь	NP-ANT-F	np
Люк	NP-ANT-M	np
Люксембург	NP-TOP	np
Люси	NP-ANT-F	np
Люсия	NP-ANT-F	np
Люсье	NP-ANT-F	np
Люсьен	NP-ANT-M	np
Ля	NP-ANT-M	np
Ляньюньган	NP-TOP	np
Ляпунов	NP-COG-OB	np
Ляхов	NP-COG-OB	np
Лұт	NP-ANT-M	np
Лұқпан	NP-ANT-M	np
Ләбиба	NP-ANT-F	np
Ләззат	NP-ANT-F	np
Ләзиза	NP-ANT-F	np
Ләйла	NP-ANT-F	np
Ләшкер	NP-ANT-M	np
Ләшкербек	NP-ANT-M	np
М.	ABBR	abbr
МАГАТЭ	ABBR	abbr
МАЖ	ABBR	abbr
МБФ	ABBR	abbr
МВт	ABBR	abbr
МР	NP-TOP-ABBR	np
МСОП	ABBR	abbr
МТ	NP-TOP-ABBR	np
МТК	ABBR	abbr
Ма	NP-ANT-M	np
Мавлоний	NP-COG-MF	np
Маврикий	NP-TOP	np
Мавритания	NP-TOP	np
Магадан	NP-TOP	np
Магда	NP-ANT-F	np
Магдалена	NP-ANT-F	np
Магдиев	NP-COG-OB	np
Магеллан	NP-COG-MF	np
Магомаев	NP-COG-OB	np
Магриба	NP-TOP	np
Мадагаскар	NP-TOP	np
Мадейра	NP-TOP	np
Мадина	NP-ANT-F	np
Мадлен	NP-ANT-F	np
Мадов	NP-COG-OB	np
Мадона	NP-ANT-F	np
Мадонна	NP-ANT-F	np
Мадрид	NP-TOP	np
Мадумаров	NP-COG-OB	np
Мадуров	NP-COG-OB	np
Мадхат	NP-ANT-M	np
Мажарстан	NP-TOP	np
Майами	NP-TOP	np
Майбасар	NP-ANT-M	np
Майдан	NP-ANT-M	np
Майк	NP-ANT-M	np
Майкл	NP-ANT-M	np
Майков	NP-COG-OB	np
Майкрософт	NP-ORG	np
Майлы	NP-ANT-M	np
Майлыбаев	NP-COG-OB	np
Майна	NP-ANT-F	np
Майнц	NP-TOP	np
Майор	NP-COG-MF	np
Майорка	NP-TOP	np
Майра	NP-ANT-F	np
Майса	NP-ANT-F	np
Майте	NP-ANT-F	np
Майя	NP-ANT-F	np
Майқайын	NP-TOP	np
Мак	NP-ANT-M	np
Макалис	NP-COG-MF	np
Макао	NP-TOP	np
Макаревич	NP-COG-M	np
Макаренко	NP-COG-MF	np
Макаров	NP-COG-OB	np
Макау	NP-TOP	np
Макашарипов	NP-COG-OB	np
Макашұлы	NP-COG-M	np
Македония	NP-TOP	np
Македонский	NP-COG-MF	np
Макеев	NP-COG-OB	np
Маки	NP-ANT-F	np
Макинск	NP-TOP	np
Маккейн	NP-COG-MF	np
Макс	NP-ANT-M	np
Максам	ABBR	abbr
Максим	NP-ANT-M	np
Максименко	NP-COG-MF	np
Максимов	NP-COG-OB	np
Максимус	NP-ANT-M	np
Максутов	NP-COG-OB	np
Мал	NP-ANT-M	np
Малабо	NP-TOP	np
Малави	NP-TOP	np
Малага	NP-TOP	np
Малайзия	NP-TOP	np
Малакка	NP-TOP	np
Малахов	NP-COG-OB	np
Малбай	NP-ANT-M	np
Малдыбаев	NP-COG-OB	np
Малеев	NP-COG-OB	np
Малжан	NP-ANT-M	np
Мали	NP-TOP	np
Малкольм	NP-ANT-M	np
Малов	NP-COG-OB	np
Малышев	NP-COG-OB	np
Мальдив%	N-COMPOUND-PX,NP-TOP-COMPOUND	np
Мальдивалар	NP-TOP	np
Мальта	NP-TOP	np
Мальцев	NP-COG-OB	np
Мам	NP-ANT-M	np
Мамадыш	NP-TOP	np
Мамаев	NP-COG-OB	np
Мамажан	NP-ANT-M	np
Мамай	NP-ANT-M	np
Маман	NP-ANT-M	np
Мамасадық	NP-ANT-M	np
Мамат	NP-ANT-M	np
Мамаш	NP-ANT-M	np
Мамашев	NP-COG-OB	np
Мамбетказиев	NP-COG-M	np
Мамедов	NP-COG-OB	np
Мамонтов	NP-COG-OB	np
Мамуржон	NP-ANT-M	np
Мамыр	NP-ANT-M	np
Мамыраев	NP-COG-OB	np
Мамырханов	NP-COG-OB	np
Мамырқазов	NP-COG-OB	np
Мамыт	NP-ANT-M	np
Мамытбеков	NP-COG-OB	np
Манагуа	NP-TOP	np
Манан	NP-ANT-M	np
Манап	NP-ANT-M	np
Манапов	NP-COG-OB	np
Манар	NP-ANT-M	np
Манас	NP-ANT-M	np
Манаса	NP-ANT-M	np
Манасбай	NP-ANT-M	np
Манат	NP-ANT-F	np
Мандела	NP-COG-MF	np
Манзура	NP-ANT-F	np
Манила	NP-TOP	np
Манко	NP-COG-MF	np
Манола	NP-ANT-F	np
Маноло	NP-ANT-M	np
Мансур	NP-ANT-M	np
Мансуров	NP-COG-OB	np
Мансұр	NP-ANT-M	np
Мансұров	NP-COG-OB	np
Ману	NP-ANT-M	np
Мануэла	NP-ANT-F	np
Мануэль	NP-ANT-M	np
Манхэттен	NP-TOP	np
Манчестер	NP-TOP	np
Манчестер%	NP-ORG	np
Маньчжурия	NP-TOP	np
Мао	NP-ANT-M	np
Маоизм	N1	n
Мапуту	NP-TOP	np
Мар	NP-ANT-F	np
Мара	NP-ANT-F	np
Марабай	NP-ANT-M	np
Марадона	NP-COG-IN	np
Маракана	NP-AL	np
Маралбай	NP-ANT-M	np
Мараньян	NP-TOP	np
Марат	NP-ANT-M	np
Маргарет	NP-ANT-F	np
Маргарита	NP-ANT-F	np
Маргерит	NP-ANT-F	np
Марго	NP-ANT-F	np
Мардан	NP-ANT-M	np
Маресьев	NP-COG-OB	np
Маржан	NP-ANT-F	np
Марзия	NP-ANT-F	np
Мари	NP-ANT-F	np
Мариан	NP-ANT-F	np
Мариана	NP-ANT-F	np
Марианна	NP-ANT-F	np
Мариано	NP-ANT-M	np
Мариетта	NP-ANT-F	np
Марин	NP-ANT-M,NP-ORG	np
Марина	NP-ANT-F	np
Марино	NP-ANT-M,NP-TOP	np
Марио	NP-ANT-M	np
Марион	NP-ANT-F	np
Марита	NP-ANT-F	np
Мариус	NP-ANT-M	np
Марица	NP-ANT-F	np
Мария	NP-ANT-F	np
Марк	NP-ANT-M	np
Маркварт	NP-ANT-M	np
Марке	NP-TOP	np
Маркелов	NP-COG-OB	np
Маркес	NP-ANT-M,NP-COG-MF	np
Маркиянов	NP-COG-OB	np
Марко	NP-ANT-M	np
Марков	NP-COG-OB	np
Маркос	NP-ANT-M	np
Маркс	NP-COG-M	np
Марксшіл	N1	n
Маркус	NP-ANT-M	np
Марлен	NP-ANT-F,NP-ANT-M	np
Марлон	NP-ANT-M	np
Марна	NP-TOP	np
Марокко	NP-TOP	np
Марс	NP-ANT-M,NP-TOP	np
Марсело	NP-ANT-M	np
Марсель	NP-ANT-M,NP-TOP	np
Марсио	NP-ANT-M	np
Марта	NP-ANT-F	np
Мартин	NP-ANT-M	np
Мартинес	NP-COG-MF	np
Мартов	NP-COG-OB	np
Мартынов	NP-COG-OB	np
Маруан	NP-ANT-M	np
Маруф	NP-ANT-M	np
Марфа	NP-ANT-F	np
Марфуға	NP-ANT-F	np
Мархаба	NP-ANT-F	np
Мархабат	NP-ANT-M	np
Марчелло	NP-ANT-M	np
Марченко	NP-COG-MF	np
Маршал	NP-ANT-M,NP-COG-MF	np
Маршалл	NP-ANT-M,NP-TOP	np
Маршалл%	NP-TOP-COMPOUND	np
Марғұлан	NP-COG-MF	np
Марқай	NP-ANT-M	np
Мас	NP-ANT-M	np
Масленников	NP-COG-OB	np
Маслов	NP-COG-OB	np
Масляков	NP-COG-OB	np
Массачусетс	NP-TOP	np
Массимо	NP-ANT-M	np
Мастура	NP-ANT-F	np
Масуд	NP-COG-MF	np
Масудов	NP-COG-OB	np
Масқұт	NP-ANT-M	np
Матвеев	NP-COG-OB	np
Матвеевич	NP-PAT-VICH	np
Матвеенко	NP-COG-MF	np
Матвиенко	NP-COG-MF	np
Матиас	NP-ANT-M	np
Матлуба	NP-ANT-F	np
Матросов	NP-COG-OB	np
Маттео	NP-ANT-M	np
Маттиас	NP-ANT-M	np
Маурисио	NP-ANT-M	np
Маурицио	NP-ANT-M	np
Мауро	NP-ANT-M	np
Маусымбай	NP-ANT-M	np
Маусымжан	NP-ANT-F	np
Мах	NP-ANT-M	np
Махамбет	NP-ANT-M	np
Маханбетәжиев	NP-COG-OB	np
Махаяна	N1	n
Махбара	NP-ANT-F	np
Махбуби	NP-ANT-F	np
Махинур	NP-ANT-F	np
Махмет	NP-ANT-M	np
Махмуд	NP-ANT-M,NP-COG-MF	np
Махмутов	NP-COG-OB	np
Махмұд	NP-ANT-M	np
Махмұт	NP-ANT-M	np
Махмұтов	NP-COG-OB	np
Маху	NP-ANT-M	np
Махы	NP-ANT-M	np
Машанов	NP-COG-OB	np
Машеев	NP-COG-OB	np
Машкевич	NP-COG-MF	np
Машков	NP-COG-OB	np
Машрап	NP-ANT-M	np
Маяков	NP-COG-OB	np
Мағаз	NP-ANT-M	np
Мағауия	NP-ANT-M	np
Мағжан	NP-ANT-M	np
Мағзұм	NP-ANT-M	np
Мағрипа	NP-ANT-F	np
Мағруф	NP-ANT-M	np
Мақабыл	NP-ANT-M	np
Мақат	NP-TOP	np
Мақатаев	NP-COG-OB	np
Мақашұлы	NP-COG-M	np
Мақпал	NP-ANT-F	np
Мақсат	NP-ANT-M	np
Мақсуди	NP-COG-MF	np
Мақсұд	NP-ANT-M	np
Мақсұм	NP-ANT-M	np
Мақсұт	NP-ANT-M	np
Мақсұтұлы	NP-COG-M	np
Мақтымқұлы	NP-COG-M	np
Мақыш	NP-ANT-M	np
Маңғыстау	NP-TOP	np
Мб	ABBR	abbr
Мег	NP-ANT-F	np
Меган	NP-ANT-F	np
Мед	NP-ANT-M	np
Медведев	NP-COG-OB	np
Медведьев	NP-COG-OB	np
Меделбек	NP-ANT-M	np
Медет	NP-ANT-M	np
Медетбай	NP-ANT-M	np
Медетбек	NP-ANT-M	np
Медетнар	NP-ANT-M	np
Медетхан	NP-ANT-M	np
Медеу	NP-ANT-M,NP-TOP	np
Медхат	NP-ANT-M	np
Мей	NP-COG-MF	np
Мейер	NP-ANT-F,NP-ANT-M,NP-COG-MF	np
Мейман	NP-ANT-M	np
Мейрам	NP-ANT-M	np
Мейрамгүл	NP-ANT-F	np
Мейржан	NP-ANT-F	np
Мейсон	NP-ANT-M	np
Мейіз	NP-ANT-F	np
Мейір	NP-ANT-M	np
Мейірбек	NP-ANT-M	np
Мейірман	NP-ANT-M	np
Мекемтас	NP-ANT-M	np
Мекке	NP-TOP	np
Мекран	NP-TOP	np
Мексика	N1,NP-TOP	n+np
Мексико	NP-TOP	np
Мелвилл	NP-COG-MF	np
Мелина	NP-ANT-F	np
Мелинда	NP-ANT-F	np
Мелисса	NP-ANT-F	np
Мельников	NP-COG-OB	np
Мем	NP-ANT-M	np
Мемдум	NP-TOP-ABBR	np
Мемфис	NP-TOP	np
Менделеев	NP-COG-OB	np
Менделеевск	NP-TOP	np
Мендель	NP-COG-MF	np
Мендельсон	NP-COG-MF	np
Мер	NP-ANT-M	np
Мерген	NP-ANT-M	np
Мергенбаев	NP-COG-OB	np
Мердеев	NP-COG-OB	np
Мердок	NP-COG-MF	np
Мередит	NP-ANT-F	np
Мерей	NP-ANT-M	np
Мереке	NP-ANT-M	np
Мерецков	NP-COG-OB	np
Мерзляков	NP-COG-OB	np
Мерил	NP-ANT-F	np
Мерке	NP-TOP	np
Меркель	NP-ANT-F,NP-COG-MF	np
Меркулов	NP-COG-OB	np
Меркурий	NP-AL	np
Меркурьев	NP-COG-OB	np
Меркушев	NP-COG-OB	np
Мерседес	NP-ANT-F	np
Меруерт	NP-ANT-F	np
Мерфи	NP-COG-MF	np
Месахаб	NP-ANT-M	np
Месси	NP-COG-M	np
Мет	NP-ANT-M	np
Метлов	NP-COG-OB	np
Меф	NP-ANT-M	np
Мефодьев	NP-COG-OB	np
Мехико	NP-TOP	np
Меценатов	NP-COG-OB	np
Мечников	NP-COG-OB	np
Мешков	NP-COG-OB	np
Мешхед	NP-TOP	np
Мең	NP-ANT-M	np
Меңгерей	NP-ANT-M	np
Меңдалиев	NP-COG-OB	np
Меңдіахмет	NP-ANT-M	np
Меңдібай	NP-ANT-M	np
Меңешев	NP-COG-OB	np
Меңліахмет	NP-ANT-M	np
Меңлібай	NP-ANT-M	np
Меңсұлу	NP-ANT-M	np
Ми	NP-ANT-M	np
Миа	NP-ANT-F	np
Мианма	NP-TOP	np
Миб	NP-ANT-M	np
Миг	NP-ANT-M	np
Мигель	NP-ANT-M	np
Мид	NP-ANT-M	np
Мидж	NP-ANT-M	np
Мидлэнд	NP-TOP	np
Мидуков	NP-COG-OB	np
Миз	NP-ANT-M	np
Мизам	NP-ANT-M	np
Мик	NP-ANT-M	np
Микаэла	NP-ANT-F	np
Микеланджело	NP-ANT-M	np
Микки	NP-ANT-M	np
Микронезия	NP-TOP	np
Мил	NP-ANT-M	np
Мила	NP-ANT-F	np
Милад	NP-ANT-M	np
Милан	NP-TOP	np
Милана	NP-ANT-F	np
Милена	NP-ANT-F	np
Миллер	NP-COG-M,NP-COG-MF	np
Миллионов	NP-COG-OB	np
Миллионщиков	NP-COG-OB	np
Мило	NP-ANT-M	np
Милорад	NP-ANT-M	np
Милос	NP-COG-MF	np
Милосевиц	NP-COG-M	np
Милтон	NP-ANT-M	np
Мими	NP-ANT-F	np
Мин	NP-ANT-M	np
Мина	NP-ANT-F	np
Миначев	NP-COG-OB	np
Мингалев	NP-COG-OB	np
Миндовг	NP-ANT-M	np
Минерва	NP-ANT-F	np
Минзәлә	NP-TOP	np
Минковский	NP-COG-M	np
Миннеаполис	NP-TOP	np
Миннегулов	NP-COG-OB	np
Миннесота	NP-TOP	np
Минниханов	NP-COG-OB	np
Минск	NP-TOP	np
Минтимер	NP-ANT-M	np
Мир	NP-AL,NP-ANT-M	np
Мира	NP-ANT-F	np
Мирабо	NP-ANT-M	np
Мирас	NP-ANT-M	np
Мирболат	NP-ANT-M	np
Мирзиёев	NP-COG-OB	np
Мирко	NP-ANT-M	np
Миров	NP-COG-OB	np
Мироваев	NP-COG-OB	np
Мирон	NP-ANT-M	np
Миронов	NP-COG-OB	np
Мирослав	NP-ANT-M	np
Мирошниченко	NP-COG-MF	np
Миршанов	NP-COG-OB	np
Мирғали	NP-ANT-M	np
Мис	NP-ANT-M	np
Мисагие	NP-COG-MF	np
Мисрата	NP-TOP	np
Мисс	N1	n
Миссис	N1	n
Миссисипи	NP-TOP	np
Миссиссипи	NP-TOP	np
Миссури	NP-TOP	np
Мистер	N1	n
Мит	NP-ANT-M	np
Митрофанов	NP-COG-OB	np
Миттеран	NP-COG-MF	np
Миттов	NP-COG-OB	np
Митчел	NP-ANT-M	np
Митчелл	NP-ANT-M	np
Мифтахутдинов	NP-COG-OB	np
Михаил	NP-ANT-M	np
Михайленко	NP-COG-MF	np
Михайлов	NP-COG-OB	np
Михайлович	NP-PAT-VICH	np
Михайловка	NP-TOP	np
Михалков	NP-COG-OB	np
Михаэлис	NP-ANT-M	np
Михеев	NP-COG-OB	np
Мицубиси	NP-TOP	np
Мич	NP-ANT-M	np
Мичиган	NP-TOP	np
Миш	NP-ANT-M	np
Мишель	NP-ANT-F,NP-ANT-M	np
Мишин	NP-COG-IN	np
Мишлен	NP-COG-MF	np
Мишлин	NP-ANT-F	np
Мият	NP-ANT-M	np
Миңнеханов	NP-COG-OB	np
Мо	NP-ANT-M	np
Моаб	NP-TOP	np
Могилев	NP-COG-OB	np
Мозамбик	NP-TOP	np
Моисеев	NP-COG-OB	np
Мойзес	NP-ANT-M	np
Мокеев	NP-COG-OB	np
Мокиенко	NP-COG-MF	np
Молбай	NP-ANT-M	np
Молдабеков	NP-COG-OB	np
Молдавия	NP-TOP	np
Молдакәрімов	NP-COG-OB	np
Молдан	NP-ANT-M	np
Молдағалиев	NP-COG-OB	np
Молдағұлов	NP-COG-OB	np
Молдова	NP-TOP	np
Молдоқов	NP-COG-OB	np
Молоков	NP-COG-OB	np
Молотков	NP-COG-OB	np
Молотов	NP-COG-OB	np
Молчанов	NP-COG-OB	np
Мольер	NP-COG-MF	np
Моляков	NP-COG-OB	np
Момбек	NP-ANT-M	np
Момбеков	NP-COG-OB	np
Момынәлиев	NP-COG-OB	np
Момынәлі	NP-ANT-M	np
Мона	NP-ANT-F	np
Монако	NP-TOP	np
Моне	NP-COG-MF	np
Моника	NP-ANT-F	np
Мономах	NP-COG-MF	np
Монпелье	NP-TOP	np
Монреаль	NP-TOP	np
Монсанто	NP-TOP	np
Монтана	NP-ANT-F	np
Монтгомери	NP-ANT-M	np
Монтень	NP-COG-MF	np
Монтсеррат	NP-TOP	np
Мор	NP-ANT-M	np
Моран	NP-COG-MF	np
Моратинос	NP-COG-MF	np
Морган	NP-ANT-F,NP-ANT-M	np
Мордашев	NP-COG-OB	np
Мордвинцев	NP-COG-OB	np
Мордовия	NP-TOP	np
Мордяков	NP-COG-OB	np
Морено	NP-COG-MF	np
Мориарти	NP-ANT-M	np
Морин	NP-ANT-F	np
Морис	NP-ANT-M	np
Мороз	NP-ANT-M	np
Морозов	NP-COG-OB	np
Мосаддық	NP-COG-MF	np
Москаленко	NP-COG-MF	np
Мостар	NP-TOP	np
Моуринью	NP-COG-MF	np
Мохамед	NP-ANT-M	np
Мохаммад	NP-ANT-M	np
Мохаммед	NP-ANT-M	np
Мохсени	NP-COG-MF	np
Мохтасем	NP-COG-MF	np
Моцарт	NP-COG-MF	np
Мочалов	NP-COG-OB	np
Моше	NP-ANT-M	np
Моя	NP-COG-MF	np
Мояз	NP-ANT-M	np
Моғолстан	NP-TOP	np
Моңғолия	NP-TOP	np
Мстислав	NP-ANT-M	np
Му	NP-ANT-M	np
Мубарак	NP-COG-OB	np
Мугалжар	NP-TOP	np
Мукаррама	NP-ANT-F	np
Муллаев	NP-COG-OB	np
Муллан	NP-COG-MF	np
Мулюков	NP-COG-OB	np
Мулянов	NP-COG-OB	np
Мумбай	NP-TOP	np
Мундус	NP-ORG	np
Муп	NP-ANT-M	np
Мур	NP-COG-MF	np
Муравленко	NP-COG-MF	np
Муравьев	NP-COG-OB	np
Муравьёв	NP-COG-OB	np
Мурат	NP-ANT-M	np
Мурауин	NP-COG-IN	np
Мурзуков	NP-COG-OB	np
Мурманск	NP-TOP	np
Мусатов	NP-COG-OB	np
Мусин	NP-COG-IN	np
Мусинов	NP-COG-OB	np
Муссолини	NP-COG-MF	np
Мустаев	NP-COG-OB	np
Мустафа	NP-ANT-M	np
Мухамбетәзіз	NP-ANT-M	np
Мухамет	NP-ANT-M	np
Мухаммед	NP-ANT-M	np
Мухин	NP-COG-IN	np
Мушарраф	NP-ANT-M	np
Мушкетов	NP-COG-OB	np
Мынбаев	NP-COG-OB	np
Мырзабай	NP-ANT-M	np
Мырзабеков	NP-COG-OB	np
Мырзаберген	NP-ANT-M	np
Мырзаболат	NP-ANT-M	np
Мырзагелді	NP-ANT-M	np
Мырзагул	NP-ANT-M	np
Мырзакәрім	NP-ANT-M	np
Мырзалиев	NP-COG-OB	np
Мырзамадиев	NP-COG-OB	np
Мырзамұрат	NP-ANT-M	np
Мырзатай	NP-ANT-M	np
Мырзахан	NP-ANT-M	np
Мырзахмет	NP-ANT-M	np
Мырзахметов	NP-COG-M,NP-COG-OB	np
Мырхайдар	NP-ANT-M	np
Мырқасым	NP-ANT-M	np
Мыс	NP-ANT-M	np
Мысыр	NP-TOP	np
Мысырлық	N1	n
Мышбай	NP-ANT-M	np
Мышырбай	NP-ANT-M	np
Мығым	NP-ANT-M	np
Мықтыбаев	NP-COG-OB	np
Мыңбаев	NP-COG-OB	np
Мыңбай	NP-ANT-M	np
Мыңжасар	NP-ANT-M	np
Мыңтуар	NP-ANT-M	np
Мьянма	NP-TOP	np
Мэг	NP-ANT-F	np
Мэган	NP-ANT-F	np
Мэдисон	NP-ANT-F	np
Мэй	NP-ANT-F	np
Мэн	NP-TOP	np
Мэри	NP-ANT-F	np
Мэриленд	NP-TOP	np
Мэрилин	NP-ANT-F	np
Мэтью	NP-ANT-M	np
Мюллер	NP-COG-MF	np
Мюнхен	NP-TOP	np
Мюриэль	NP-ANT-F	np
Мюррей	NP-COG-MF	np
Мясищев	NP-COG-OB	np
Мясников	NP-COG-OB	np
Мінайдаров	NP-COG-OB	np
Мірқадыров	NP-COG-OB	np
МҚО	NP-TOP-ABBR	np
Мүбарак	NP-COG-M	np
Мүбәрак	NP-ANT-M	np
Мүлипа	NP-ANT-F	np
Мүнира	NP-ANT-F	np
Мүрсейіт	NP-ANT-M	np
Мүсiрепов	NP-COG-OB	np
Мүсабаев	NP-COG-OB	np
Мүсілім	NP-ANT-M	np
Мүсіреп	NP-ANT-M	np
Мүсірепов	NP-COG-OB	np
Мүсірәлі	NP-ANT-M	np
Мүткенов	NP-COG-OB	np
Мүтәліп	NP-ANT-M	np
Мүштәри	NP-ANT-F	np
Мұзафар	NP-ANT-M	np
Мұрабай	NP-ANT-M	np
Мұрат	NP-ANT-M	np
Мұратбаев	NP-COG-OB	np
Мұратбай	NP-ANT-M	np
Мұратбек	NP-ANT-M	np
Мұратбеков	NP-COG-OB	np
Мұратберді	NP-ANT-M	np
Мұратжан	NP-ANT-M	np
Мұратғали	NP-ANT-M	np
Мұратқан	NP-ANT-M	np
Мұратқожа	NP-ANT-M	np
Мұратәлі	NP-ANT-M	np
Мұса	NP-ANT-M	np
Мұсабаев	NP-COG-OB	np
Мұсабек	NP-ANT-M	np
Мұсажан	NP-ANT-M	np
Мұсайынов	NP-COG-OB	np
Мұсатай	NP-ANT-M	np
Мұсахан	NP-ANT-M	np
Мұсаханов	NP-COG-OB	np
Мұсаходжаев	NP-COG-OB	np
Мұсағали	NP-ANT-M	np
Мұсақожаев	NP-COG-OB	np
Мұсақыл	NP-ANT-M	np
Мұстанбаев	NP-COG-OB	np
Мұстапаев	NP-COG-OB	np
Мұстафа	NP-ANT-M	np
Мұстахиб	NP-ANT-M	np
Мұсылман	N1,N1-NAT	n
Мұсылмандық	N1	n
Мұфтахов	NP-COG-OB	np
Мұфтолла	NP-ANT-M	np
Мұхамбет	NP-ANT-M	np
Мұхамбетов	NP-COG-OB	np
Мұхамеджанов	NP-COG-OB	np
Мұхамедиұлы	NP-COG-M	np
Мұхаметжанов	NP-COG-OB	np
Мұхаметқалиев	NP-COG-OB	np
Мұхаммед	NP-ANT-M	np
Мұхамәди	NP-ANT-M	np
Мұхит	NP-ANT-M	np
Мұхитан	NP-ANT-M	np
Мұхтар	NP-ANT-M	np
Мұхтарбай	NP-ANT-M	np
Мұхтарима	NP-ANT-F	np
Мұғалжар	NP-TOP	np
Мұқа	NP-ANT-M	np
Мұқаділ	NP-ANT-M	np
Мұқали	NP-ANT-M	np
Мұқамбет	NP-ANT-M	np
Мұқамбетбай	NP-ANT-M	np
Мұқамбетбек	NP-ANT-M	np
Мұқамбетжан	NP-ANT-M	np
Мұқамбеткәрім	NP-ANT-M	np
Мұқамбетназар	NP-ANT-M	np
Мұқамбетғали	NP-ANT-M	np
Мұқамбетқожа	NP-ANT-M	np
Мұқамедияр	NP-ANT-M	np
Мұқамет	NP-ANT-M	np
Мұқамәди	NP-ANT-M	np
Мұқан	NP-ANT-M	np
Мұқанов	NP-COG-OB	np
Мұқашев	NP-COG-OB	np
Мұқағали	NP-ANT-M	np
Мұқым	NP-ANT-M	np
Мұңайтпасов	NP-COG-OB	np
Мәдел	NP-ANT-M	np
Мәди	NP-ANT-M	np
Мәдина	NP-ANT-F	np
Мәдит	NP-ANT-M	np
Мәдхан	NP-ANT-M	np
Мәжгүл	NP-ANT-M	np
Мәжен	NP-ANT-M	np
Мәжит	NP-ANT-M	np
Мәлика	NP-ANT-F	np
Мәлік	NP-ANT-M	np
Мәліков	NP-COG-OB	np
Мәлім	NP-ANT-M	np
Мәліқайдар	NP-ANT-M	np
Мәмбет	NP-ANT-M	np
Мәмбетов	NP-COG-OB	np
Мәметов	NP-COG-OB	np
Мәнзила	NP-ANT-F	np
Мәнсура	NP-ANT-F	np
Мәншүк	NP-ANT-M	np
Мәриям	NP-ANT-F	np
Мәрмара	NP-ANT-F	np
Мәрсеков	NP-COG-OB	np
Мәскеу	NP-TOP	np
Мәсімбай	NP-ANT-M	np
Мәсімов	NP-COG-M,NP-COG-OB	np
Мәсіх	NP-ANT-M	np
Мәтжан	NP-ANT-M	np
Мәткәрім	NP-ANT-M	np
Мәтхалық	NP-ANT-M	np
Мәтіби	NP-ANT-M	np
Мәтібәлі	NP-ANT-M	np
Мәтқасым	NP-ANT-M	np
Мәуе	NP-ANT-F	np
Мәулен	NP-ANT-M	np
Мәуленов	NP-COG-OB	np
Мәшһур	NP-ANT-M	np
Мәһди	NP-ANT-M	np
Мөслим	NP-TOP	np
Мөхәммәтшин	NP-COG-IN	np
Мөңке	NP-ANT-M	np
НАСА	ABBR	abbr
НАТО	ABBR,NP-ORG-ABBR	abbr+np
НКВД	ABBR	abbr
На	NP-ANT-M	np
Наарбаев	NP-COG-OB	np
Набиль	NP-ANT-M	np
Набуходоносор	NP-ANT-M	np
Наварро	NP-COG-MF	np
Наг	NP-ANT-M	np
Нагорнов	NP-COG-OB	np
Над	NP-TOP	np
Надаль	NP-COG-MF	np
Надежда	NP-ANT-F	np
Надер	NP-ANT-M	np
Надин	NP-ANT-F	np
Надя	NP-ANT-F	np
Наз	NP-ANT-M	np
Назар	NP-ANT-M	np
Назарбаев	NP-COG-OB	np
Назарбай	NP-ANT-M	np
Назарбеков	NP-COG-OB	np
Назаров	NP-COG-OB	np
Назгүл	NP-ANT-F	np
Назырбаев	NP-COG-OB	np
Наим	NP-ANT-M	np
Най	NP-ANT-M	np
Найджел	NP-ANT-M	np
Найманбай	NP-ANT-M	np
Найпидау	NP-TOP	np
Найра	NP-ANT-F	np
Найроби	NP-TOP	np
Намибия	NP-TOP	np
Нансен	NP-COG-IN	np
Наполеон	NP-ANT-M	np
Нарбай	NP-ANT-M	np
Нарбек	NP-ANT-M	np
Нарбол	NP-ANT-M	np
Нариман	NP-ANT-M	np
Нариманов	NP-COG-OB	np
Наркес	NP-ANT-M	np
Нармагамбет	NP-ANT-M	np
Нармұхамбет	NP-ANT-M	np
Народецкий	NP-COG-OB	np
Нартау	NP-ANT-M	np
Нарту	NP-ANT-M	np
Нарша	NP-ANT-F	np
Нарымбаев	NP-COG-OB	np
Нарымбетов	NP-COG-OB	np
Нарымжан	NP-ANT-M	np
Нарын	NP-TOP	np
Насимов	NP-COG-OB	np
Насиров	NP-COG-OB	np
Насх	NP-ANT-M	np
Насыр	NP-ANT-M	np
Насырбай	NP-ANT-M	np
Насырулла	NP-ANT-M	np
Натали	NP-ANT-F	np
Наталия	NP-ANT-F	np
Наталья	NP-ANT-F	np
Наташа	NP-ANT-F	np
Науаи	NP-COG-MF	np
Науат	NP-ANT-F	np
Наум	NP-ANT-M	np
Наумов	NP-COG-OB	np
Науру	NP-TOP	np
Наурыз	N1,NP-ANT-M	n+np
Наурызбаев	NP-COG-OB	np
Науша	NP-ANT-F	np
Наф	NP-ANT-M	np
Нах	NP-ANT-M	np
Нахименко	NP-COG-MF	np
Нахчыван	NP-TOP	np
Нағи	NP-ANT-M	np
Нағиза	NP-ANT-F	np
Нағима	NP-ANT-F	np
Нағым	NP-ANT-M	np
Нағымбек	NP-ANT-M	np
Нақып	NP-ANT-M	np
Нақысбек	NP-ANT-M	np
Не	NP-ANT-M	np
Неаполь	NP-TOP	np
Небраска	NP-TOP	np
Нева	NP-TOP	np
Невада	NP-TOP	np
Невский	NP-ANT-M	np
Нег	NP-ANT-M	np
Нейман	NP-ANT-M	np
Некрасов	NP-COG-OB	np
Нельсон	NP-ANT-M	np
Нем	NP-ANT-M	np
Немилов	NP-COG-OB	np
Немцев	NP-COG-OB	np
Ненецк	NP-TOP	np
Непал	NP-TOP	np
Непенин	NP-COG-IN	np
Неплюев	NP-COG-OB	np
Нептун	NP-AL	np
Нер	NP-ANT-M	np
Неро	NP-ANT-M	np
Нестеров	NP-COG-OB	np
Нестор	NP-ANT-M	np
Несіп	NP-ANT-M	np
Несіпбаев	NP-COG-OB	np
Несіпбай	NP-ANT-M	np
Несіпжан	NP-ANT-F	np
Неуструев	NP-COG-OB	np
Неф	NP-ANT-M	np
Нехорошев	NP-COG-OB	np
Нечаев	NP-COG-OB	np
Ни	NP-ANT-M,NP-COG-MF	np
Ниа	NP-ANT-F	np
Ниб	NP-ANT-M	np
Нигер	NP-TOP	np
Нигерия	NP-TOP	np
Нигериялық	N1	n
Нигматуллин	NP-COG-IN	np
Нидерланд	NP-TOP	np
Нидерландтық%	NP-TOP	np
Нидерландылар	NP-TOP	np
Ниетқали	NP-ANT-M	np
Нижегород	NP-TOP	np
Нижегородов	NP-COG-OB	np
Низам	NP-ANT-M	np
Низами	NP-COG-MF	np
Ник	NP-ANT-M	np
Никаноров	NP-COG-OB	np
Никарагуа	NP-TOP	np
Никита	NP-ANT-M	np
Никитенко	NP-COG-MF	np
Никитин	NP-COG-IN	np
Никитченко	NP-COG-MF	np
Никифоров	NP-COG-OB	np
Нико	NP-ANT-M	np
Никола	NP-ANT-M	np
Николае	NP-ANT-M	np
Николаев	NP-COG-OB	np
Николаевич	NP-PAT-VICH	np
Николаевка	NP-ANT-F,NP-TOP	np
Николаенко	NP-COG-MF	np
Николай	NP-ANT-M	np
Николас	NP-ANT-M	np
Николсон	NP-COG-MF	np
Николь	NP-ANT-F	np
Николя	NP-ANT-M	np
Никонов	NP-COG-OB	np
Никоноров	NP-COG-OB	np
Нил	NP-ANT-M,NP-TOP	np
Нильс	NP-ANT-M	np
Ним	NP-ANT-M	np
Нин	NP-ANT-M	np
Нина	NP-ANT-F	np
Нино	NP-ANT-M	np
Нита	NP-ANT-F	np
Ничиков	NP-COG-OB	np
Ниш	NP-ANT-M	np
Нишапур	NP-TOP	np
Нияз	NP-ANT-M	np
Ниязбек	NP-ANT-M	np
Ниязбеков	NP-COG-OB	np
Ниязмұхамбет	NP-ANT-M	np
Ниязов	NP-COG-OB	np
Ниязымбетов	NP-COG-OB	np
Ниязғали	NP-ANT-M	np
Ноа	NP-ANT-F	np
Нобелев	NP-COG-OB	np
Нобель	NP-ANT-M,NP-COG-MF	np
Новгород	NP-TOP	np
Новиков	NP-COG-OB	np
Новозывков	NP-COG-OB	np
Новомихайлов	NP-COG-OB	np
Новоселов	NP-COG-OB	np
Новосибирск	NP-TOP	np
Ноздряков	NP-COG-OB	np
Ноиль	NP-ANT-M	np
Ной	NP-ANT-M	np
Нора	NP-ANT-F	np
Норберт	NP-ANT-M	np
Норвегия	NP-TOP	np
Норвегиялық	N1	n
Норман	NP-ANT-M	np
Нормандия	NP-TOP	np
Носков	NP-COG-OB	np
Носов	NP-COG-OB	np
Ноэль	NP-ANT-M	np
Ноян	NP-ANT-M	np
Ноянбай	NP-ANT-M	np
Ноянбек	NP-ANT-M	np
Ноғаев	NP-COG-OB	np
Ноғайбай	NP-ANT-M	np
Нуакшот	NP-TOP	np
Нунцио	NP-ANT-M	np
Нурақын	NP-ANT-M	np
Нургалиев	NP-COG-OB	np
Нури	NP-ANT-F	np
Нурлат	NP-TOP	np
Нурутдинов	NP-COG-OB	np
Нысанбаев	NP-COG-OB	np
Нысанғалиев	NP-COG-OB	np
Нығматулин	NP-COG-IN	np
Нығмет	NP-ANT-M	np
Нығметжан	NP-ANT-M	np
Нығметов	NP-COG-OB	np
Нығметолла	NP-ANT-M	np
Нығметқали	NP-ANT-M	np
Нью%	NP-TOP	np
Нью-Дели	NP-TOP	np
Нью-Йорк	NP-TOP	np
Нью-Йорк%	NP-ORG	np
Ньютон	NP-COG-MF	np
Нэлли	NP-ANT-F	np
Нэнси	NP-ANT-F	np
Нэш	NP-ANT-M	np
Нэшнл	NP-TOP	np
Нюрнберг	NP-TOP	np
Няриса	NP-TOP	np
Нүкенов	NP-COG-OB	np
Нүсіп	NP-ANT-M	np
Нүсіпжанов	NP-COG-OB	np
НҰСЖП	ABBR	abbr
Нұақын	NP-ANT-M	np
Нұр	NP-ANT-M	np
Нұр%	NP-ORG	np
Нұра	NP-TOP	np
Нұрабаев	NP-COG-OB	np
Нұрабай	NP-ANT-M	np
Нұрай	NP-ANT-F	np
Нұрайдар	NP-ANT-M	np
Нұрайша	NP-ANT-F	np
Нұралы	NP-ANT-M	np
Нұрахметов	NP-COG-OB	np
Нұрақов	NP-COG-OB	np
Нұрбаев	NP-COG-OB	np
Нұрбай	NP-ANT-M	np
Нұрбапа	NP-ANT-M	np
Нұрбағила	NP-ANT-F	np
Нұрбақ	NP-ANT-M	np
Нұрбек	NP-ANT-M	np
Нұрбиби	NP-ANT-F	np
Нұрбол	NP-ANT-M	np
Нұрболат	NP-ANT-M	np
Нұргелді	NP-ANT-M	np
Нұрдан	NP-ANT-M	np
Нұржамал	NP-ANT-F	np
Нұржан	NP-ANT-M	np
Нұржанов	NP-COG-OB	np
Нұржау	NP-ANT-M	np
Нұржахан	NP-ANT-M	np
Нұржекеев	NP-COG-OB	np
Нұржігіт	NP-ANT-M	np
Нұржәмила	NP-ANT-F	np
Нұрзада	NP-ANT-M	np
Нұрзерек	NP-ANT-M	np
Нұрзила	NP-ANT-F	np
Нұрзия	NP-ANT-F	np
Нұри	NP-ANT-M	np
Нұрикамал	NP-ANT-F	np
Нұрила	NP-ANT-F	np
Нұрипа	NP-ANT-F	np
Нұрия	NP-ANT-F	np
Нұрлай	NP-ANT-M	np
Нұрлан	NP-ANT-M	np
Нұрлат	NP-ANT-M	np
Нұрлы	NP-ANT-M	np
Нұрлыбаев	NP-COG-OB	np
Нұрлыбай	NP-ANT-M	np
Нұрлыбек	NP-ANT-M	np
Нұрлыгүл	NP-ANT-F	np
Нұрмаханбетов	NP-COG-OB	np
Нұрмаханов	NP-COG-OB	np
Нұрмағамбетов	NP-COG-OB	np
Нұрмыхан	NP-ANT-M	np
Нұрмұхамбет	NP-ANT-M	np
Нұрмұхамедов	NP-COG-OB	np
Нұрмұхаметов	NP-COG-OB	np
Нұрнияз	NP-ANT-M	np
Нұрпейсов	NP-COG-M	np
Нұрпейіс	NP-ANT-M	np
Нұрпейісов	NP-COG-OB	np
Нұрсапа	NP-ANT-M	np
Нұрсейіт	NP-ANT-M	np
Нұрсовет	NP-ANT-M	np
Нұрсұлтан	NP-ANT-M	np
Нұрсұлу	NP-ANT-F	np
Нұртаев	NP-COG-OB	np
Нұртай	NP-ANT-M	np
Нұртайұлы	NP-ANT-M	np
Нұрталап	NP-ANT-M	np
Нұртас	NP-ANT-M	np
Нұрхан	NP-ANT-F,NP-ANT-M	np
Нұрша	NP-ANT-F	np
Нұршайым	NP-ANT-F	np
Нұршайықов	NP-COG-OB	np
Нұршара	NP-ANT-F	np
Нұрым	NP-ANT-M	np
Нұрышев	NP-COG-OB	np
Нұрғазы	NP-ANT-M	np
Нұрғалиев	NP-COG-OB	np
Нұрғалы	NP-ANT-M	np
Нұрғалым	NP-ANT-M	np
Нұрғаным	NP-ANT-F	np
Нұрғиса	NP-ANT-M	np
Нұрғожа	NP-ANT-M	np
Нұрқасым	NP-ANT-M	np
Нұрәділ	NP-ANT-M	np
Нұрәлінов	NP-COG-OB	np
Нұсқабай	NP-ANT-M	np
Нұсқар	NP-ANT-M	np
Нұх	NP-ANT-M	np
Нұғман	NP-ANT-M	np
Нәби	NP-ANT-M	np
Нәбибулла	NP-ANT-M	np
Нәбира	NP-ANT-F	np
Нәдира	NP-ANT-F	np
Нәдір	NP-ANT-M	np
Нәдірбай	NP-ANT-M	np
Нәдірбек	NP-ANT-M	np
Нәжимеденов	NP-COG-OB	np
Нәжімеденов	NP-COG-OB	np
Нәжіп	NP-ANT-M	np
Нәзипа	NP-ANT-F	np
Нәзір	NP-ANT-M	np
Нәзірбек	NP-ANT-M	np
Нәйля	NP-ANT-F	np
Нәргүл	NP-ANT-F	np
Нәрима	NP-ANT-F	np
Нәрік	NP-ANT-M	np
Нәрікбаев	NP-COG-OB	np
Нәсима	NP-ANT-F	np
Нәсірдің	NP-COG-MF	np
Нәфиса	NP-ANT-F	np
Нөкенұлы	NP-COG-M	np
Нөкербек	NP-ANT-M	np
Нөсербаев	NP-COG-OB	np
ОАР	ABBR	abbr
ОББ	ABBR	abbr
ОГПУ	ABBR	abbr
ОЕБ	ABBR	abbr
ОПЕК	ABBR	abbr
Обаев	NP-COG-OB	np
Обай	NP-ANT-M	np
Обама	NP-COG-MF	np
Обогрелов	NP-COG-OB	np
Образцов	NP-COG-OB	np
Обручев	NP-COG-OB	np
Обухов	NP-COG-OB	np
Обь	NP-TOP	np
Овельев	NP-COG-OB	np
Овсеенко	NP-COG-MF	np
Овчинников	NP-COG-OB	np
Огайо	NP-TOP	np
Огишев	NP-COG-OB	np
Огурцов	NP-COG-OB	np
Одақ	NP-ANT-M	np
Одер	NP-TOP	np
Одесса	NP-TOP	np
Одинцов	NP-COG-OB	np
Одоев	NP-COG-OB	np
Одри	NP-ANT-F	np
Одюков	NP-COG-OB	np
Ожарбай	NP-ANT-M	np
Оз	NP-ANT-M	np
Озарбек	NP-ANT-M	np
Озария	NP-ANT-F	np
Озат	NP-ANT-M	np
Озғанбаев	NP-COG-OB	np
Ойлы	NP-ANT-M	np
Ойрат	NP-ANT-M	np
Океания	NP-TOP	np
Оклахома	NP-TOP	np
Оксана	NP-ANT-F	np
Оксфорд	NP-TOP	np
Октябрина	NP-ANT-F	np
Октябрь	NP-ANT-M	np
Окунев	NP-COG-OB	np
Олаф	NP-ANT-M	np
Олег	NP-ANT-M	np
Олегович	NP-PAT-VICH	np
Олжабай	NP-ANT-M	np
Олжай	NP-ANT-M	np
Олжас	NP-ANT-M	np
Олзоев	NP-COG-OB	np
Оливанов	NP-COG-OB	np
Оливер	NP-ANT-M	np
Олимп	NP-AL	np
Олимпиада	N1	n
Олимпиада%	N-COMPOUND-PX-PL	?
Олимпиадалық	A4	adj
Олимпия	NP-AL	np
Олли	NP-ANT-M	np
Ольга	NP-ANT-F	np
Ом	NP-ANT-M	np
Оман	NP-TOP	np
Омар	NP-ANT-M	np
Омарбаев	NP-COG-OB	np
Омарбай	NP-ANT-M	np
Омарбек	NP-ANT-M	np
Омари	NP-ANT-M	np
Омаров	NP-COG-OB	np
Омархан	NP-ANT-M	np
Омарғали	NP-ANT-M	np
Омбы	NP-TOP	np
Омега	NP-ANT-M	np
Омер	NP-ANT-M	np
Омичъ	NP-AL	np
Омск	NP-TOP	np
Омуралиев	NP-COG-OB	np
Она	NP-ANT-F	np
Онбай	NP-ANT-M	np
Онегин	NP-COG-OB	np
Онищенко	NP-COG-MF	np
Онуфриенко	NP-COG-MF	np
Опабек	NP-ANT-M	np
Опажан	NP-ANT-F	np
Ораз	NP-ANT-M	np
Оразали	NP-ANT-M	np
Оразалинов	NP-COG-OB	np
Оразалы	NP-ANT-M	np
Оразақ	NP-ANT-M	np
Оразақын	NP-ANT-M	np
Оразбаев	NP-COG-OB	np
Оразбай	NP-ANT-M	np
Оразбақов	NP-COG-OB	np
Оразбек	NP-ANT-M	np
Оразбекұлы	NP-COG-M	np
Оразгелді	NP-ANT-M	np
Оразгүл	NP-ANT-F	np
Оразмұхамбет	NP-ANT-M	np
Оразғалиев	NP-COG-OB	np
Оразғұл	NP-ANT-M	np
Орал	NP-ANT-F,NP-ANT-M,NP-TOP	np
Оралбаев	NP-COG-OB	np
Оралбай	NP-ANT-M	np
Оралбек	NP-ANT-M	np
Оралтай	NP-ANT-M	np
Оралхан	NP-ANT-M	np
Оралұлы	NP-COG-M	np
Оран	NP-TOP	np
Орасан	NP-ANT-M	np
Орақ	NP-ANT-M	np
Орақбай	NP-ANT-M	np
Ордабаев	NP-COG-OB	np
Ордабай	NP-ANT-M	np
Ордабек	NP-ANT-M	np
Ордалы	NP-ANT-M	np
Ордағали	NP-ANT-M	np
Орегон	NP-TOP	np
Орест	NP-ANT-M	np
Орехов	NP-COG-OB	np
Орешников	NP-COG-OB	np
Ори	NP-ANT-F	np
Оринов	NP-COG-OB	np
Орков	NP-COG-OB	np
Орландо	NP-ANT-M	np
Орлеан	NP-TOP	np
Орлов	NP-COG-OB	np
Орловка	NP-TOP	np
Орманбаев	NP-COG-OB	np
Орманбай	NP-ANT-M	np
Орманшы	NP-ANT-M	np
Орнела	NP-ANT-F	np
Орсариев	NP-COG-OB	np
Орск	NP-TOP	np
Орсон	NP-ANT-M	np
Орталық%	N-COMPOUND-PX,NP-TOP	np
Орфей	NP-ANT-M	np
Орхон	NP-TOP	np
Орхус	NP-TOP	np
Орымбаев	NP-COG-OB	np
Орымбетов	NP-COG-OB	np
Орынбаев	NP-COG-OB	np
Орынбай	NP-ANT-M	np
Орынбек	NP-ANT-M	np
Орынбеков	NP-COG-OB	np
Орынбор	NP-TOP	np
Орынша	NP-ANT-F	np
Орынғали	NP-ANT-M	np
Орыс	NP-TOP	np
Осака	NP-TOP	np
Осакаров	NP-COG-OB	np
Освенцим	NP-TOP	np
Осетия	NP-TOP	np
Осипов	NP-COG-OB	np
Оскар	NP-ANT-M	np
Осло	NP-TOP	np
Осман	NP-TOP	np
Основьяненко	NP-COG-MF	np
Оспан	NP-ANT-M	np
Оспанбаев	NP-COG-OB	np
Оспанбай	NP-ANT-M	np
Оспанбек	NP-ANT-M	np
Оспанбет	NP-ANT-M	np
Оспанов	NP-COG-OB	np
Оспанхан	NP-ANT-M	np
Оспанғали	NP-ANT-M	np
Оспанәлі	NP-ANT-M	np
Остин	NP-ANT-M	np
Остров	NP-AL	np
Островский	NP-COG-M	np
От	NP-ANT-M	np
Отан	NP-ANT-M	np
Отар	NP-ANT-M	np
Отарбай	NP-ANT-M	np
Отарбеков	NP-COG-OB	np
Отелло	NP-ANT-M	np
Отеро	NP-COG-MF	np
Отилия	NP-ANT-F	np
Отрыванов	NP-COG-OB	np
Отто	NP-ANT-M	np
Оттон	NP-ANT-M	np
Отунбаев	NP-COG-OB	np
Отынбаев	NP-COG-OB	np
Оуэн	NP-ANT-M	np
Оф	NP-ANT-M	np
Охотников	NP-COG-OB	np
Ош	NP-TOP	np
Ошақбай	NP-ANT-M	np
Оқпаев	NP-COG-OB	np
Оңалбай	NP-ANT-M	np
Оңалбек	NP-ANT-M	np
Оңдасын	NP-ANT-M	np
Оңдасынов	NP-COG-OB	np
Оңтүстік%	N-COMPOUND-PX,NP-TOP	np
Оңғар	NP-ANT-M	np
Оңғарбай	NP-ANT-M	np
ПИҚ	ABBR	abbr
Па	NP-ANT-M	np
Пабло	NP-ANT-M	np
Павел	NP-ANT-M	np
Павлов	NP-COG-OB	np
Павлович	NP-PAT-VICH	np
Павлодар	NP-TOP	np
Пазарджик	NP-TOP	np
Пазыл	NP-ANT-M	np
Пазылбек	NP-ANT-M	np
Пайгусов	NP-COG-OB	np
Пайпер	NP-ANT-F	np
Палау	NP-TOP	np
Палермо	NP-TOP	np
Палестин	NP-TOP	np
Палестина	NP-TOP	np
Палестиналық	N1	n
Палласов	NP-COG-OB	np
Палмер	NP-ANT-M	np
Палуан	NP-ANT-M	np
Палуанғали	NP-ANT-M	np
Памела	NP-ANT-F	np
Памир	NP-TOP	np
Пан	NP-ANT-M	np
Пана	NP-ANT-F	np
Панабек	NP-ANT-M	np
Панама	NP-TOP	np
Пандора	NP-ANT-F	np
Панев	NP-COG-OB	np
Панеке	NP-COG-MF	np
Панов	NP-COG-OB	np
Пантелеймонов	NP-COG-OB	np
Панфилов	NP-COG-OB	np
Панюков	NP-COG-OB	np
Паола	NP-ANT-F	np
Паоло	NP-ANT-M	np
Папанов	NP-COG-OB	np
Папуа	NP-TOP	np
Папуа%	NP-TOP	np
Пар	NP-ANT-M	np
Парагвай	NP-TOP	np
Параиба	NP-TOP	np
Парасат	NP-ANT-F,NP-ANT-M	np
Парзан	NP-ANT-F	np
Париж	NP-TOP	np
Паркер	NP-ANT-F,NP-ANT-M,NP-COG-MF	np
Парсонс	NP-TOP	np
Парфенов	NP-COG-OB	np
Парфия	NP-TOP	np
Пас	NP-ANT-F	np
Паскаль	NP-COG-MF	np
Пастер	NP-COG-MF	np
Пастор	NP-ANT-M	np
Пасха	NP-ORG	np
Патрик	NP-ANT-M	np
Патрисия	NP-ANT-F	np
Патриция	NP-ANT-F	np
Пау	NP-ANT-M	np
Паула	NP-ANT-F	np
Паули	NP-ANT-F	np
Паулу	NP-ANT-M	np
Пауыл	NP-ANT-M	np
Пахоменко	NP-COG-MF	np
Пахомов	NP-COG-OB	np
Паш	NP-ANT-M	np
Педро	NP-ANT-M	np
Пейдж	NP-ANT-F	np
Пекин	NP-TOP	np
Пел	NP-ANT-M	np
Пелеев	NP-COG-OB	np
Пеленган	NP-TOP	np
Пелла	NP-COG-MF	np
Пелоси	NP-COG-MF	np
Пена	NP-COG-MF	np
Пенелопа	NP-ANT-F	np
Пенза	NP-TOP	np
Пенсильвания	NP-TOP	np
Пентагон	NP-ORG	np
Пепе	NP-ANT-M	np
Пердебек	NP-ANT-M	np
Пердью	NP-TOP	np
Пере	NP-ANT-M	np
Передвижников	NP-COG-OB	np
Перейра	NP-TOP	np
Перес	NP-COG-MF	np
Перизат	NP-ANT-F	np
Перикл	NP-ANT-M	np
Перла	NP-ANT-F	np
Пермь	NP-TOP	np
Пернамбуку	NP-TOP	np
Пернешұлы	NP-COG-M	np
Перник	NP-TOP	np
Перов	NP-COG-OB	np
Перри	NP-ANT-M	np
Перрин	NP-ANT-M	np
Персей	NP-ANT-M	np
Персиваль	NP-ANT-M	np
Перу	NP-TOP	np
Перцев	NP-COG-OB	np
Перцов	NP-COG-OB	np
Перғауын	NP-TOP	np
Пестов	NP-COG-OB	np
Петербург	NP-TOP	np
Петерсон	NP-COG-MF	np
Петляков	NP-COG-OB	np
Петр	NP-ANT-M	np
Петра	NP-ANT-F	np
Петреус	NP-COG-MF	np
Петров	NP-COG-OB	np
Петрович	NP-PAT-VICH	np
Петроград	NP-TOP	np
Петроков	NP-COG-OB	np
Петропавл	NP-TOP	np
Петропавловск	NP-TOP	np
Петухов	NP-COG-OB	np
Петя	NP-ANT-M	np
Петір	NP-ANT-M	np
Пехлеви	NP-COG-MF	np
Печников	NP-COG-OB	np
Печора	NP-TOP	np
Пи	NP-ANT-M	np
Пиауи	NP-TOP	np
Пиебалгс	NP-COG-MF	np
Пикассо	NP-COG-MF	np
Пил	NP-ANT-M	np
Пино	NP-ANT-M	np
Пио	NP-ANT-M	np
Пир	NP-ANT-M	np
Пиреней	NP-TOP	np
Пирогов	NP-COG-OB	np
Пис	NP-ANT-M	np
Питер	NP-ANT-M,NP-TOP	np
Питлев	NP-COG-OB	np
Питрәч	NP-TOP	np
Питт	NP-COG-MF	np
Пифагор	NP-ANT-M	np
Планк	NP-COG-MF	np
Планка	NP-COG-MF	np
Пласидо	NP-ANT-M	np
Платини	NP-COG-MF	np
Платон	NP-ANT-M	np
Платонов	NP-COG-OB	np
Плевен	NP-TOP	np
Плетнев	NP-COG-OB	np
Плеханов	NP-COG-OB	np
Плешаков	NP-COG-OB	np
Плинио	NP-ANT-M	np
Пловдив	NP-TOP	np
Плотников	NP-COG-OB	np
Плугов	NP-COG-OB	np
Плутон	NP-AL	np
По	NP-ANT-M	np
Победоносцев	NP-COG-OB	np
Поведа	NP-COG-MF	np
Погодаев	NP-COG-OB	np
Подворков	NP-COG-OB	np
Подосинов	NP-COG-OB	np
Познань	NP-TOP	np
Пол	NP-ANT-M	np
Полански	NP-COG-MF	np
Полежаев	NP-COG-OB	np
Поливанов	NP-COG-OB	np
Поликарпов	NP-COG-OB	np
Полина	NP-ANT-F	np
Полинезия	NP-TOP	np
Поло	NP-ANT-M	np
Полоруссов	NP-COG-OB	np
Полтавченко	NP-COG-MF	np
Полугрудов	NP-COG-OB	np
Польша	NP-TOP	np
Поляк	NP-TOP	np
Поляков	NP-COG-OB	np
Поминов	NP-COG-OB	np
Пон	NP-ANT-M	np
Пономарев	NP-COG-OB	np
Пономарёв	NP-COG-OB	np
Попов	NP-COG-OB	np
Порошенко	NP-COG-MF	np
Портнов	NP-COG-OB	np
Порту	NP-TOP	np
Португалия	NP-TOP	np
Поручиков	NP-COG-OB	np
Порфирьев	NP-COG-OB	np
Поспелов	NP-COG-OB	np
Потапов	NP-COG-OB	np
Поттер	NP-COG-MF	np
Поттеринг	NP-COG-MF	np
Пояндаев	NP-COG-OB	np
Правда	NP-AL	np
Прага	NP-TOP	np
Преваль	NP-COG-MF	np
Преголя	NP-TOP	np
Пресервед	NP-TOP	np
Преснов	NP-COG-OB	np
Пресногорьков	NP-COG-OB	np
Претория	NP-TOP	np
Прибылов	NP-COG-OB	np
Прието	NP-COG-MF	np
Примаков	NP-COG-OB	np
Принц	NP-ANT-M	np
Принцесса	NP-ANT-F	np
Прис	NP-ANT-M	np
Пришепенко	NP-COG-MF	np
Приштина	NP-TOP	np
Проди	NP-COG-MF	np
Прокопьев	NP-COG-OB	np
Прокофьев	NP-COG-OB	np
Проктер	NP-COG-MF	np
Прорва	NP-TOP	np
Прохоренко	NP-COG-MF	np
Прохоров	NP-COG-OB	np
Проч	NP-ANT-M	np
Пруст	NP-COG-MF	np
Птолемей	NP-ANT-M	np
Пу	NP-ANT-M	np
Пуанкаре	NP-COG-IN	np
Пуаро	NP-COG-MF	np
Пугачев	NP-COG-OB	np
Пулков	NP-COG-OB	np
Пупорев	NP-COG-OB	np
Пустовойтенко	NP-COG-MF	np
Путеров	NP-COG-OB	np
Путилов	NP-COG-OB	np
Путин	NP-COG-IN	np
Пуч	NP-COG-MF	np
Пушкин	NP-COG-IN	np
Пуэрто-Рико	NP-TOP	np
Пхеньян	NP-TOP	np
Пьедонт	NP-TOP	np
Пьемонт	NP-TOP	np
Пьер	NP-ANT-M	np
Пьеро	NP-ANT-M	np
Пьетро	NP-ANT-M	np
Пэрис	NP-ANT-F	np
Пэт	NP-ANT-M	np
Пятиков	NP-COG-OB	np
Пётр	NP-ANT-M	np
Пірімгүл	NP-ANT-M	np
Пірәлиев	NP-COG-OB	np
Пірәлі	NP-ANT-M	np
Пішенбаев	NP-COG-OB	np
ПӘК	ABBR	abbr
Пәкістан	NP-TOP	np
Р.	ABBR	abbr
РЖМБ	NP-TOP-ABBR	np
РКФСР	ABBR	abbr
РЛДП	NP-TOP-ABBR	np
РНҚ	ABBR	abbr
РСФКР	NP-TOP-ABBR	np
РСФСР	ABBR	abbr
РТЖ	NP-TOP-ABBR	np
РФ	ABBR,NP-TOP-ABBR	abbr+np
РФКП	NP-TOP-ABBR	np
Ра	NP-ANT-M	np
Раб	NP-ANT-M	np
Рабат	NP-ANT-M	np
Раббы	N3	?
Рабия	NP-ANT-F	np
Рад	NP-ANT-M	np
Радаев	NP-COG-OB	np
Радж	NP-ANT-M	np
Радий	NP-ANT-M	np
Радищев	NP-COG-OB	np
Радлов	NP-COG-OB	np
Радченко	NP-COG-MF	np
Разақ	NP-ANT-M	np
Разумов	NP-COG-OB	np
Раил	NP-ANT-M	np
Раиса	NP-ANT-F	np
Рай	NP-ANT-M	np
Райан	NP-ANT-F,NP-ANT-M	np
Райбаев	NP-COG-OB	np
Райбай	NP-ANT-M	np
Райбек	NP-ANT-M	np
Райгүл	NP-ANT-F	np
Райд	NP-COG-MF	np
Раймонд	NP-ANT-M	np
Райна	NP-ANT-F	np
Райнер	NP-ANT-M	np
Райнұр	NP-ANT-M	np
Райхан	NP-ANT-F	np
Райымбек	NP-ANT-M	np
Райыс	NP-ANT-M	np
Рак	NP-ANT-M	np
Раков	NP-COG-OB	np
Ральф	NP-ANT-M	np
Рамазан	N3,NP-ANT-M	np
Рамазанов	NP-COG-OB	np
Раманқұлов	NP-COG-OB	np
Рамиз	NP-ANT-M	np
Рамирес	NP-COG-MF	np
Рамон	NP-ANT-M	np
Рамсфелд	NP-COG-MF	np
Ранис	NP-ANT-M	np
Расима	NP-ANT-F	np
Расков	NP-COG-OB	np
Расо	NP-ANT-M	np
Распутин	NP-COG-IN	np
Рассел	NP-ANT-M	np
Расул	NP-ANT-M	np
Ратманов	NP-TOP	np
Ратцингер	NP-COG-MF	np
Ратьков	NP-COG-OB	np
Рауан	NP-ANT-M	np
Рауза	NP-ANT-F	np
Рауль	NP-ANT-M	np
Раушан	NP-ANT-F,NP-ANT-M	np
Рафаель	NP-ANT-M	np
Рафаэль	NP-ANT-M	np
Рафель	NP-ANT-M	np
Рафик	NP-ANT-M	np
Рафика	NP-ANT-F	np
Рафиков	NP-COG-OB	np
Рафил	NP-ANT-M	np
Рафих	NP-ANT-M	np
Рафия	NP-COG-MF	np
Рафсанджани	NP-COG-MF	np
Рахат	NP-ANT-M	np
Рахила	NP-ANT-F	np
Рахима	NP-ANT-F	np
Рахимов	NP-COG-OB	np
Рахия	NP-ANT-F	np
Рахмадиев	NP-COG-OB	np
Рахмадиұлы	NP-COG-M	np
Рахман	NP-ANT-M	np
Рахманинов	NP-COG-OB	np
Рахманов	NP-COG-OB	np
Рахмет	NP-ANT-M	np
Рахметолла	NP-ANT-M	np
Рахметоллаұлы	NP-COG-M	np
Рахмон	NP-COG-MF	np
Рахмонов	NP-COG-OB	np
Рахов	NP-COG-OB	np
Рахой	NP-ANT-M	np
Рахымбаев	NP-COG-OB	np
Рахымқанұлы	NP-COG-M	np
Рашид	NP-ANT-M,NP-COG-M	np
Рашида	NP-ANT-F	np
Рашит	NP-ANT-M	np
Рақап	NP-ANT-M	np
Рақым	NP-ANT-M	np
Рақымов	NP-COG-OB	np
Рақышев	NP-COG-OB	np
Рдюков	NP-COG-OB	np
Ре	NP-ANT-M	np
Реал%	NP-ORG	np
Ребекка	NP-ANT-F	np
Реболло	NP-COG-MF	np
Ребров	NP-COG-OB	np
Ревенко	NP-COG-MF	np
Ревмир	NP-ANT-M	np
Регина	NP-ANT-F	np
Редгрейв	NP-COG-MF	np
Режеп	NP-ANT-M	np
Реза	NP-ANT-M	np
Резников	NP-COG-OB	np
Рей	NP-ANT-M	np
Рейд	NP-ANT-M	np
Рейкиявик	NP-TOP	np
Рейкьявик	NP-TOP	np
Рейтер	NP-ORG	np
Рекеев	NP-COG-OB	np
Рембрандт	NP-ANT-M	np
Ремезов	NP-COG-OB	np
Ремиджио	NP-ANT-M	np
Ремингтон	NP-ANT-M	np
Ремчуков	NP-COG-OB	np
Ренат	NP-ANT-M	np
Рената	NP-ANT-F	np
Ренато	NP-ANT-M	np
Рене	NP-ANT-F,NP-ANT-M	np
Рено	NP-AL,NP-ANT-M,NP-COG-MF	np
Ренцо	NP-ANT-M	np
Репин	NP-COG-M	np
Ресей	NP-TOP	np
Реутерс	NP-ORG	np
Реутов	NP-COG-OB	np
Рехн	NP-COG-M	np
Ржанов	NP-COG-OB	np
Рзақұл	NP-ANT-M	np
Ри	NP-ANT-M	np
Риа	NP-ANT-F	np
Рива	NP-ANT-F	np
Ривера	NP-COG-MF	np
Рига	NP-TOP	np
Ригов	NP-COG-OB	np
Рид	NP-ANT-M	np
Риз	NP-ANT-M	np
Рик	NP-ANT-M	np
Рикарда	NP-ANT-F	np
Рикардо	NP-ANT-M	np
Рикельме	NP-COG-MF	np
Рико	NP-ANT-M,NP-COG-MF	np
Рим	NP-TOP	np
Римдік	N1	n
Римов	NP-COG-OB	np
Римский-Корсаков	NP-COG-M	np
Рин	NP-ANT-M	np
Рино	NP-ANT-M	np
Рио-де-Жанейро	NP-TOP	np
Риоха	NP-TOP	np
Рис	NP-ANT-M	np
Рит	NP-ANT-M	np
Рита	NP-ANT-F	np
Рихтер	NP-COG-MF	np
Ричард	NP-ANT-M	np
Ришат	NP-ANT-M	np
Ро	NP-ANT-M	np
Роберт	NP-ANT-M	np
Роберта	NP-ANT-F	np
Роберто	NP-ANT-M	np
Робертс	NP-COG-MF	np
Робин	NP-ANT-F	np
Робинсон	NP-COG-MF	np
Робиньо	NP-ANT-M	np
Ровена	NP-ANT-F	np
Рогов	NP-COG-OB	np
Рогун	NP-TOP	np
Родезия	NP-TOP	np
Роден	NP-COG-MF	np
Родерик	NP-ANT-M	np
Роджер	NP-ANT-M	np
Родзянко	NP-COG-MF	np
Родионов	NP-COG-OB	np
Родригес	NP-COG-MF	np
Родченко	NP-COG-MF	np
Рожков	NP-COG-OB	np
Роза	NP-ANT-F	np
Розана	NP-ANT-F	np
Розанна	NP-ANT-F	np
Розария	NP-ANT-F	np
Розлана	NP-ANT-F	np
Розмарин	NP-ANT-F	np
Розов	NP-COG-OB	np
Розыбақиев	NP-COG-OB	np
Рой	NP-ANT-M	np
Рокко	NP-ANT-M	np
Роксана	NP-ANT-F	np
Рокфеллер	NP-COG-MF	np
Роланд	NP-ANT-M	np
Роландо	NP-ANT-M	np
Роман	NP-ANT-M	np
Романа	NP-ANT-F	np
Романенко	NP-COG-MF	np
Романо	NP-ANT-M	np
Романов	NP-COG-OB	np
Романья	NP-TOP	np
Ромео	NP-ANT-M	np
Ромеро	NP-COG-MF	np
Ромни	NP-COG-MF	np
Ромула	NP-TOP	np
Рон	NP-ANT-M	np
Роналду	NP-ANT-M	np
Рональд	NP-ANT-M	np
Ронан	NP-ANT-M	np
Ронко	NP-COG-MF	np
Рори	NP-ANT-M	np
Росковшенко	NP-COG-MF	np
Росс	NP-ANT-M	np
Росси	NP-COG-MF	np
Россия	NP-TOP	np
Ростов	NP-COG-OB	np
Роттердам	NP-TOP	np
Ру	NP-ANT-M	np
Руанда	NP-TOP	np
Рубалькаба	NP-COG-MF	np
Рубинов	NP-COG-OB	np
Рубцов	NP-COG-OB	np
Руденко	NP-COG-MF	np
Рудольф	NP-ANT-M,NP-TOP	np
Рузвельт	NP-COG-M	np
Руис	NP-COG-MF	np
Румын	N1	n
Румыния	NP-TOP	np
Румянцев	NP-COG-OB	np
Рурк	NP-COG-MF	np
Русаков	NP-COG-OB	np
Русанов	NP-COG-OB	np
Русинов	NP-COG-OB	np
Руслан	NP-ANT-M	np
Руслана	NP-ANT-F	np
Руссефф	NP-COG-MF	np
Руссо	NP-COG-MF	np
Рустам	NP-ANT-M	np
Русь	NP-TOP	np
Рут	NP-ANT-F	np
Руфия	NP-ANT-F	np
Рухия	NP-ANT-F	np
Рыбак	NP-COG-MF	np
Рыбаков	NP-COG-OB	np
Рыженко	NP-COG-MF	np
Рыжков	NP-COG-OB	np
Рыков	NP-COG-OB	np
Рымбаев	NP-COG-OB	np
Рымтайұлы	NP-ANT-M	np
Рынков	NP-COG-OB	np
Рысбек	NP-ANT-M	np
Рысқалиев	NP-COG-OB	np
Рысқұлбекұлы	NP-COG-M	np
Рысқұлов	NP-COG-OB	np
Рычков	NP-COG-OB	np
Рью	NP-ANT-M	np
Рэйчел	NP-ANT-F	np
Рэнди	NP-ANT-M	np
Рэпх	NP-ANT-M	np
Рюрик	NP-ANT-M	np
Рюрикович	NP-COG-M	np
Рябов	NP-COG-OB	np
Рябцев	NP-COG-OB	np
Рябышев	NP-COG-OB	np
Рязанов	NP-COG-OB	np
Рязань	NP-TOP	np
Рүстем	NP-ANT-M	np
Рүстемов	NP-COG-OB	np
Рәбиға	NP-ANT-F	np
Рәзиев	NP-COG-OB	np
Рәзия	NP-ANT-F	np
Рөстәм	NP-ANT-M	np
С.	ABBR	abbr
Сəтбаев	NP-COG-OB	np
СБД	ABBR	abbr
СБЛ	NP-TOP-ABBR	np
СВС	ABBR	abbr
СВУ	ABBR	abbr
СДУ	ABBR	abbr
СЕС	ABBR	abbr
СНПС	ABBR	abbr
СООНО	ABBR	abbr
СПБМУ	ABBR	abbr
ССР	ABBR,NP-TOP	abbr+np
ССРО	ABBR	abbr
ССС	ABBR	abbr
СССР	ABBR	abbr
СЭС	ABBR	abbr
Са	NP-ANT-M	np
Сааведра	NP-COG-MF	np
Сааданбеков	NP-COG-OB	np
Саб	NP-ANT-M	np
Саба	NP-TOP	np
Сабаз	NP-ANT-M	np
Сабаншы	NP-ANT-M	np
Сабатаев	NP-COG-OB	np
Сабатай	NP-ANT-M	np
Сабато	NP-ANT-M	np
Сабдалин	NP-COG-IN	np
Сабильянов	NP-COG-OB	np
Сабина	NP-ANT-F	np
Сабиров	NP-COG-MF	np
Сабит	NP-ANT-M	np
Сабиғат	NP-ANT-M	np
Сабрина	NP-ANT-F	np
Сабыр	NP-ANT-M	np
Сабыржан	NP-ANT-M	np
Саванков	NP-COG-OB	np
Саванна	NP-ANT-F	np
Савельев	NP-COG-OB	np
Савимби	NP-COG-M	np
Савин	NP-COG-IN	np
Савуков	NP-COG-OB	np
Савченко	NP-COG-MF	np
Савёлов	NP-COG-OB	np
Садан	NP-ANT-M	np
Саданов	NP-COG-OB	np
Саддам	NP-ANT-M	np
Садида	NP-ANT-F	np
Садовников	NP-COG-OB	np
Садыр	NP-ANT-M	np
Садыралы	NP-ANT-M	np
Садырбаев	NP-COG-OB	np
Садырбай	NP-ANT-M	np
Садырбек	NP-ANT-M	np
Садыркан	NP-ANT-M	np
Садық	NP-ANT-M	np
Садықов	NP-COG-OB	np
Садықұлов	NP-COG-OB	np
Садюков	NP-COG-OB	np
Саеров	NP-COG-OB	np
Сажида	NP-ANT-F	np
Сазерленд	NP-COG-MF	np
Сазонов	NP-COG-OB	np
Саида	NP-ANT-F	np
Сай	NP-ANT-M	np
Сайбақ	NP-ANT-M	np
Сайгон	NP-TOP	np
Сайдар	NP-ANT-M	np
Сайдашев	NP-COG-OB	np
Сайденов	NP-COG-OB	np
Сайлау	NP-ANT-M	np
Сайлаугүл	NP-ANT-F	np
Саймасай	NP-ANT-M	np
Саймон	NP-ANT-M	np
Сайра	NP-ANT-F	np
Сайрамбай	NP-ANT-M	np
Сайран	NP-ANT-M	np
Сайтиев	NP-COG-OB	np
Сайын	NP-ANT-M	np
Сак	NP-ANT-M	np
Сакмаров	NP-COG-OB	np
Сакс	N1,NP-COG-MF	n+np
Саксония	NP-TOP	np
Саламанка	NP-TOP	np
Саламат	NP-ANT-M	np
Салауат	NP-ANT-M	np
Салидат	NP-ANT-M	np
Салимов	NP-COG-OB	np
Салих	NP-ANT-M	np
Салихов	NP-COG-OB	np
Салливан	NP-ANT-M	np
Салоники	NP-TOP	np
Салтанат	NP-ANT-F	np
Салтыков	NP-COG-OB	np
Салық	NP-ANT-M	np
Сальвадор	NP-ANT-M,NP-TOP	np
Сальваторе	NP-ANT-M	np
Сальгадо	NP-COG-MF	np
Сальников	NP-COG-OB	np
Самани	N1	n
Самар	NP-TOP	np
Самара	NP-TOP	np
Самарқан	NP-TOP	np
Самат	NP-ANT-M	np
Саматов	NP-COG-OB	np
Самашев	NP-COG-OB	np
Сами	NP-ANT-M	np
Самир	NP-ANT-M	np
Само	NP-TOP	np
Самоа	NP-TOP	np
Самодуров	NP-COG-OB	np
Самойлов	NP-COG-OB	np
Самсонов	NP-COG-OB	np
Самуил	NP-ANT-M	np
Самға	NP-ANT-M	np
Самұрат	NP-ANT-M	np
Самұрық	NP-AL	np
Самұрық-қазына	NP-ORG	np
Сан	NP-ANT-M	np
Сан-Паулу	NP-TOP	np
Сан-Томе	NP-TOP	np
Сан-Томе%	NP-TOP	np
Сан-Франциско	NP-TOP	np
Сана	NP-ANT-M,NP-TOP	np
Санат	NP-ANT-M	np
Санбаев	NP-COG-OB	np
Сандимиров	NP-COG-OB	np
Сандра	NP-ANT-F	np
Сандуғаш	NP-ANT-F	np
Сандыбаев	NP-COG-OB	np
Сандыбай	NP-ANT-M	np
Санжар	NP-ANT-M	np
Санко	NP-COG-MF	np
Санкт-Петербург	NP-TOP	np
Сансызбай	NP-ANT-M	np
Санта	NP-ANT-F	np
Сантарен	NP-TOP	np
Сантино	NP-ANT-M	np
Сантос	NP-ANT-M	np
Сантьяго	NP-ANT-M,NP-TOP	np
Санчес	NP-COG-MF	np
Сапа	NP-ANT-M	np
Сапабек	NP-ANT-M	np
Сапар	NP-ANT-M	np
Сапарбаев	NP-COG-OB	np
Сапарбай	NP-ANT-M	np
Сапарбек	NP-ANT-M	np
Сапарбекұлы	NP-COG-M	np
Сапармұрат	NP-ANT-M	np
Сапарғали	NP-ANT-M	np
Сапарғалиев	NP-COG-OB	np
Сапатеро	NP-COG-MF	np
Сапи	NP-ANT-M	np
Сапожников	NP-COG-OB	np
Сапуұлы	NP-COG-M	np
Сар	NP-ANT-M	np
Сара	NP-ANT-F	np
Сарагоса	NP-TOP	np
Сараев	NP-COG-OB	np
Сараево	NP-TOP	np
Сарайшық	NP-TOP	np
Саран	NP-TOP	np
Сарасенбаев	NP-COG-OB	np
Саратов	NP-COG-OB,NP-TOP	np
Сарбалаев	NP-COG-OB	np
Сарбасов	NP-COG-OB	np
Сардар	NP-ANT-M	np
Сардиния	NP-TOP	np
Сари	NP-ANT-M	np
Сарина	NP-ANT-F	np
Сарита	NP-ANT-F	np
Сария	NP-ANT-F	np
Саркизов	NP-COG-OB	np
Саркози	NP-COG-MF	np
Сарман	NP-ANT-M,NP-TOP	np
Сарманов	NP-COG-OB	np
Сарсенбай	NP-ANT-M	np
Сарханов	NP-COG-OB	np
Сары	NP-ANT-M	np
Сарыарқа	NP-TOP	np
Сарыағаш	NP-TOP	np
Сарыбаев	NP-COG-OB	np
Сарыбай	NP-ANT-M	np
Сарыбас	NP-ANT-M	np
Сарын	NP-ANT-M	np
Сарысу	NP-TOP	np
Сарышығанақ	NP-TOP	np
Сарьян	NP-ANT-M	np
Сарқұлов	NP-COG-OB	np
Сасан	NP-ANT-M	np
Сасани	NP-TOP	np
Сасықов	NP-COG-OB	np
Сатаев	NP-COG-OB	np
Сатай	NP-ANT-M	np
Сатпаев	NP-COG-OB	np
Саттар	NP-ANT-M	np
Саттаров	NP-COG-OB	np
Саттарханов	NP-COG-OB	np
Сатурн	NP-AL,NP-TOP	np
Сатыбалдиев	NP-COG-OB	np
Сатыбалдинов	NP-COG-OB	np
Сатыбалды	NP-COG-MF	np
Сатыбалдыұлы	NP-COG-M	np
Сауат	NP-ANT-M	np
Сауд%	N-COMPOUND-PX,NP-TOP	np
Саудабаев	NP-COG-OB	np
Саул	NP-ANT-M	np
Сауле	NP-ANT-F	np
Сауран	NP-ANT-M,NP-TOP	np
Сауранбаев	NP-COG-OB	np
Сауранбай	NP-ANT-M	np
Сауранбек	NP-ANT-M	np
Саурық	NP-ANT-M	np
Саутуорк	NP-ANT-M	np
Сауыт	NP-ANT-M	np
Сауытбай	NP-ANT-M	np
Сауық	NP-ANT-M	np
Сафа	NP-ANT-M	np
Сафаргалиев	NP-COG-OB	np
Сафи	NP-ANT-M	np
Сафиев	NP-COG-OB	np
Сафин	NP-COG-IN	np
Сафонов	NP-COG-OB	np
Сафронов	NP-COG-OB	np
Сафуан	NP-ANT-M	np
Сафура	NP-ANT-F	np
Сахалин	NP-TOP	np
Сахара	NP-TOP	np
Сахаров	NP-COG-OB	np
Сахи	NP-ANT-M	np
Саша	NP-ANT-F,NP-ANT-M	np
Саюдис	NP-TOP	np
Сая	NP-ANT-M	np
Саян	NP-ANT-M	np
Саяно	NP-TOP	np
Саят	NP-ANT-M,NP-TOP	np
Саят-Нова	NP-ANT-M	np
Саятқан	NP-ANT-M	np
Сағадат	NP-ANT-M	np
Сағадиев	NP-COG-OB	np
Сағат	NP-ANT-M	np
Сағди	NP-COG-MF	np
Сағдиев	NP-COG-OB	np
Сағи	NP-ANT-M	np
Сағида	NP-ANT-F	np
Сағира	NP-ANT-F	np
Сағит	NP-ANT-M	np
Сағия	NP-ANT-F	np
Сағым	NP-ANT-M	np
Сағымбай	NP-ANT-M	np
Сағымбек	NP-ANT-M	np
Сағын	NP-ANT-M	np
Сағынай	NP-ANT-F	np
Сағынбай	NP-ANT-M	np
Сағындық	NP-ANT-M	np
Сағындықов	NP-COG-OB	np
Сағынтаев	NP-COG-OB	np
Сағынтай	NP-ANT-M	np
Сағынғали	NP-ANT-M	np
Сағыр	NP-ANT-M	np
Сағырбаев	NP-COG-OB	np
Сақабеков	NP-COG-OB	np
Сақбалдыұлы	NP-COG-M	np
Сақтар	NP-ANT-M	np
Сақып	NP-ANT-F,NP-ANT-M	np
Сақыпжамал	NP-ANT-F	np
Сваев	NP-COG-OB	np
Свазиленд	NP-TOP	np
Свен	NP-ANT-M	np
Свердлов	NP-COG-OB	np
Свердловск	NP-TOP	np
Сверчков	NP-COG-OB	np
Светлана	NP-ANT-F	np
Свиридов	NP-COG-OB	np
Свислочь	NP-TOP	np
Свистков	NP-COG-OB	np
Свобода	NP-AL,NP-COG-MF	np
Святенко	NP-COG-MF	np
Святослав	NP-ANT-M	np
Святославич	NP-COG-M	np
Се	NP-ANT-M	np
Сеара	NP-TOP	np
Себастьян	NP-ANT-M	np
Севериано	NP-ANT-M	np
Северина	NP-ANT-F	np
Северцов	NP-COG-OB	np
Севилья	NP-TOP	np
Сегізбаев	NP-COG-OB	np
Седов	NP-COG-OB	np
Сеитов	NP-COG-OB	np
Сейд	NP-ANT-M	np
Сейдахмет	NP-ANT-M	np
Сейдағалиев	NP-COG-OB	np
Сейдолла	NP-ANT-M	np
Сейдуәли	NP-ANT-M	np
Сейділдә	NP-ANT-M	np
Сейдәлі	NP-ANT-M	np
Сейед	NP-ANT-M	np
Сейнт%	NP-TOP	np
Сейсенбай	NP-ANT-M	np
Сейсенбек	NP-ANT-M	np
Сейсенбі	NP-ANT-M	np
Сейсенғали	NP-ANT-M	np
Сейсенқан	NP-ANT-M	np
Сейфолла	NP-ANT-M	np
Сейшель%	NP-TOP	np
Сейіл	NP-ANT-M	np
Сейіт	NP-ANT-M	np
Сейітбаттал	NP-ANT-M	np
Сейітбек	NP-ANT-M	np
Сейітжан	NP-ANT-M	np
Сейіткерей	NP-ANT-M	np
Сейіткожа	NP-ANT-M	np
Сейітмет	NP-ANT-M	np
Сейітмұрат	NP-ANT-M	np
Сейітмұхамбет	NP-ANT-M	np
Сейітмәмет	NP-ANT-M	np
Сейітов	NP-COG-OB	np
Сейітхан	NP-ANT-M	np
Сейітқали	NP-ANT-M	np
Секерхан	NP-ANT-F	np
Сексенбай	NP-ANT-M	np
Селезнев	NP-COG-OB	np
Селезнёв	NP-COG-OB	np
Селенга	NP-TOP	np
Селиванов	NP-COG-OB	np
Селиверстов	NP-COG-OB	np
Селивестров	NP-COG-OB	np
Селим	NP-ANT-M	np
Селия	NP-ANT-F	np
Сельма	NP-ANT-F	np
Сембаев	NP-COG-OB	np
Сембай	NP-ANT-M	np
Семби	NP-ANT-M	np
Семей	NP-TOP	np
Семененко	NP-COG-MF	np
Семенов	NP-COG-OB	np
Семёнов	NP-COG-OB	np
Сена	NP-TOP	np
Сенегал	NP-TOP	np
Сенкаку	NP-TOP	np
Сент-Винсент%	NP-TOP	np
Сент-Люсия	NP-TOP	np
Сенім	NP-ANT-M	np
Сер	NP-ANT-M	np
Серафимов	NP-COG-OB	np
Серафимович	NP-COG-M	np
Сербия	NP-TOP	np
Сервантес	NP-COG-MF	np
Сергачев	NP-COG-OB	np
Сергеев	NP-COG-OB	np
Сергеевич	NP-PAT-VICH	np
Сергей	NP-ANT-M	np
Серги	NP-ANT-M	np
Сергиев	NP-COG-OB	np
Сердюков	NP-COG-OB	np
Серебренников	NP-COG-OB	np
Серебряков	NP-COG-OB	np
Серена	NP-ANT-F	np
Серж	NP-ANT-M	np
Серке	NP-ANT-M	np
Серкебаев	NP-COG-OB	np
Серов	NP-COG-OB	np
Серпухов	NP-COG-OB	np
Серхед	NP-TOP-RUS	np
Серхетяка	NP-ORG	np
Серхио	NP-ANT-M	np
Серік	NP-ANT-M	np
Серікбай	NP-ANT-M	np
Серікбек	NP-ANT-M	np
Серікбол	NP-ANT-M	np
Серікболсын	NP-ANT-M	np
Серіктұр	NP-ANT-M	np
Серікқали	NP-ANT-M	np
Серікқалиев	NP-COG-OB	np
Серғазиев	NP-COG-OB	np
Серғазы	NP-ANT-M	np
Серғали	NP-ANT-M	np
Серғалиұлы	NP-COG-M	np
Серәлі	NP-ANT-M	np
Сесилия	NP-ANT-F	np
Сестрорецк	NP-TOP	np
Сет	NP-ANT-M	np
Сетнеров	NP-COG-OB	np
Сетов	NP-COG-OB	np
Сеул	NP-TOP	np
Сефеви	N1	n
Сеченев	NP-COG-OB	np
Сеченов	NP-COG-OB	np
Сеңгірбаев	NP-COG-OB	np
Сеңгірбай	NP-ANT-M	np
Си	NP-ANT-M	np
Сиб	NP-ANT-M	np
Сиваш	NP-TOP	np
Сигизмунд	NP-ANT-M	np
Сигнал%	NP-TOP	np
Сигтуна	NP-TOP	np
Сид	NP-ANT-M	np
Сиданко	NP-COG-MF	np
Сиддхарта	N1	n
Сидней	NP-ANT-F,NP-TOP	np
Сидоренко	NP-COG-MF	np
Сидоров	NP-COG-OB	np
Сидорочев	NP-COG-OB	np
Сидяков	NP-COG-OB	np
Сил	NP-ANT-M	np
Силезия	NP-TOP	np
Силенко	NP-COG-MF	np
Силин	NP-COG-IN	np
Силистра	NP-TOP	np
Сильва	NP-COG-MF	np
Сильвана	NP-ANT-F	np
Сильвано	NP-ANT-M	np
Сильвестр	NP-ANT-M	np
Сильви	NP-ANT-F	np
Сильвио	NP-ANT-M	np
Сильвия	NP-ANT-F	np
Сильвэйн	NP-ANT-M	np
Сильнов	NP-COG-OB	np
Сим	NP-ANT-M	np
Сименс	NP-AL,NP-ORG	np
Симон	NP-ANT-M	np
Симона	NP-ANT-F	np
Симонетта	NP-ANT-F	np
Симонов	NP-COG-OB	np
Симус	NP-ANT-M	np
Симьянов	NP-COG-OB	np
Сингапур	NP-TOP	np
Синельников	NP-COG-OB	np
Синтия	NP-ANT-F	np
Синьхуа	NP-TOP	np
Сион	NP-ANT-M,NP-TOP	np
Сионизм	N1	n
Сиприен	NP-ANT-M	np
Сираж	NP-ANT-M	np
Сирин	NP-COG-MF	np
Сирия	NP-TOP	np
Сириялық	N1	n
Сиро	NP-ANT-M	np
Сис	NP-ANT-M	np
Систан	NP-TOP	np
Ситников	NP-COG-OB	np
Ситх	NP-ANT-M	np
Сихотэ-Алинь	NP-TOP	np
Сицилия	NP-TOP	np
Сиэтл	NP-TOP	np
Сиязбек	NP-ANT-M	np
Сиякух	NP-TOP	np
Скагеррак	NP-TOP	np
Скай	NP-ANT-F	np
Скала	NP-COG-MF	np
Скандинавия	NP-TOP	np
Скатов	NP-COG-OB	np
Скворцов	NP-COG-OB	np
Скиф	NP-ANT-M	np
Скотт	NP-ANT-M	np
Скоша	NP-TOP	np
Славен	NP-ANT-M	np
Славо-Сербия	NP-TOP	np
Славян	NP-TOP	np
Сладков	NP-COG-OB	np
Сланов	NP-COG-OB	np
Слатнов	NP-COG-OB	np
Слободан	NP-ANT-M,NP-COG-IN	np
Словак	N1	n
Словакия	NP-TOP	np
Словения	NP-TOP	np
Слонов	NP-COG-OB	np
Сләмқұлов	NP-COG-OB	np
Смаилов	NP-COG-OB	np
Смайылов	NP-COG-OB	np
Смағұл	NP-ANT-M	np
Смағұлов	NP-COG-OB	np
Смағұлұлы	NP-COG-M	np
Смақов	NP-COG-OB	np
Смирнов	NP-COG-OB	np
Смит	NP-COG-MF	np
Смоленск	NP-TOP	np
Смолов	NP-COG-OB	np
Смолян	NP-TOP	np
Смородинов	NP-COG-OB	np
Смыр	NP-ANT-M	np
Смятон	NP-COG-IN	np
Сни	NP-ANT-M	np
Снонетта	NP-COG-MF	np
Соболев	NP-COG-OB	np
Собчак	NP-COG-OB	np
Совет	NP-ANT-M	np
Советбек	NP-ANT-M	np
Советжан	NP-ANT-M	np
Советқан	NP-ANT-M	np
Сод	NP-ANT-M	np
Соза	NP-COG-MF	np
Созақбаев	NP-COG-OB	np
Соколов	NP-COG-OB	np
Сократ	NP-ANT-M	np
Солана	NP-ANT-F	np
Солдатбек	NP-ANT-M	np
Солженицын	NP-COG-M	np
Солис	NP-ORG	np
Соловьёв	NP-COG-OB	np
Соломон	NP-ANT-M	np
Солтыбай	NP-ANT-M	np
Солтүстік	NP-TOP	np
Солтүстік%	NP-TOP	np
Соль	NP-ANT-F	np
Сомали	NP-TOP	np
Сомалилық	N1	n
Сомбел	NP-ANT-M	np
Сомма	NP-TOP	np
Сонко	NP-COG-MF	np
Соня	NP-ANT-F	np
Соп	NP-ANT-M	np
Сопылық	N1	n
Сория	NP-TOP	np
Сорокин	NP-COG-IN	np
Сос	NP-ANT-M	np
Соф	NP-ANT-M	np
Софи	NP-ANT-F	np
София	NP-TOP	np
Софокл	NP-ANT-M	np
Софронов	NP-COG-OB	np
Софья	NP-ANT-F	np
Социал	NP-ANT-M	np
Соқпақбаев	NP-COG-OB	np
Спамбетов	NP-COG-OB	np
Спандияр	NP-ANT-M	np
Спартак	NP-AL,NP-ANT-M	np
Спас	NP-TOP	np
Спенсер	NP-ANT-M	np
Спиваков	NP-COG-OB	np
Спиноза	NP-COG-MF	np
Спиридович	NP-COG-M	np
Спиридон	NP-ANT-M	np
Спиридонов	NP-COG-OB	np
Ста	NP-ANT-M	np
Ставрополь	NP-TOP	np
Ставрос	NP-ANT-M	np
Сталбек	NP-ANT-M	np
Сталин	NP-COG-IN	np
Сталинград	NP-TOP	np
Сталлоне	NP-COG-MF	np
Стамбул	NP-TOP	np
Стамбұл	NP-TOP	np
Станимир	NP-ANT-M	np
Станислав	NP-ANT-M	np
Станиславский	NP-COG-M	np
Станислас	NP-ANT-M	np
Стародубцев	NP-COG-OB	np
Старченко	NP-COG-MF	np
Старшов	NP-COG-OB	np
Стас	NP-ANT-M	np
Стасов	NP-COG-OB	np
Стаханов	NP-COG-OB	np
Стеблов	NP-COG-OB	np
Стелла	NP-ANT-F	np
Степан	NP-ANT-M	np
Степанов	NP-COG-OB	np
Степанович	NP-PAT-VICH	np
Степняк	NP-TOP	np
Стеттиниус	NP-ANT-M	np
Стеф	NP-ANT-M	np
Стефан	NP-ANT-M	np
Стефани	NP-ANT-F	np
Стефания	NP-ANT-F	np
Стефано	NP-ANT-M	np
Стив	NP-ANT-M	np
Стивен	NP-ANT-M	np
Стирия	NP-TOP	np
Стифонов	NP-COG-OB	np
Сто	NP-ANT-M	np
Стокгольм	NP-TOP	np
Столыпин	NP-TOP	np
Столяров	NP-COG-OB	np
Страсбург	NP-TOP	np
Стратонов	NP-COG-OB	np
Страхов	NP-COG-OB	np
Стрекозов	NP-COG-OB	np
Стрелков	NP-COG-OB	np
Стрельников	NP-COG-OB	np
Стрельцов	NP-COG-OB	np
Стрип	NP-COG-MF	np
Строганов	NP-COG-OB	np
Стросс	NP-COG-MF	np
Струнников	NP-COG-OB	np
Стручков	NP-COG-OB	np
Студеница	NP-TOP	np
Студенцов	NP-COG-OB	np
Стэн	NP-ANT-M	np
Стэнли	NP-ANT-M,NP-COG-MF	np
Стюарт	NP-ANT-M,NP-COG-MF	np
Су	NP-ANT-M	np
Суазиланд	NP-TOP	np
Субанов	NP-COG-OB	np
Субботин	NP-COG-IN	np
Суворов	NP-COG-OB	np
Судаков	NP-COG-OB	np
Судан	NP-TOP	np
Суйін	NP-ANT-M	np
Сук	NP-ANT-M	np
Сукре	NP-TOP	np
Сулеймен	NP-ANT-M	np
Сулиманов	NP-COG-OB	np
Сумитомо	NP-TOP	np
Сундарбан	NP-TOP	np
Сундетов	NP-COG-OB	np
Суриков	NP-COG-OB	np
Суринам	NP-TOP	np
Сусанино	NP-TOP	np
Суслов	NP-COG-OB	np
Суханов	NP-COG-OB	np
Суховерхов	NP-COG-OB	np
Сухомлинов	NP-COG-OB	np
Сухум	NP-TOP	np
Сушков	NP-COG-OB	np
Сыбанқұл	NP-ANT-M	np
Сыдық	NP-ANT-M	np
Сыдықов	NP-COG-OB	np
Сыздықов	NP-COG-OB	np
Сызрань	NP-TOP	np
Сылан	NP-ANT-M	np
Сымақ	NP-ANT-M	np
Сымбат	NP-ANT-F	np
Сын	NP-ANT-M	np
Сындыбай	NP-ANT-M	np
Сындыбала	NP-ANT-F	np
Сыпатаев	NP-COG-OB	np
Сыр	NP-ANT-M	np
Сырбай	NP-ANT-M	np
Сырбар	NP-ORG	np
Сырдария	NP-TOP	np
Сырмұхамбет	NP-ANT-M	np
Сыромятников	NP-COG-OB	np
Сырттанов	NP-COG-OB	np
Сырым	NP-ANT-M	np
Сырымбет	NP-ANT-M	np
Сырымбетов	NP-COG-OB	np
Сырғабай	NP-ANT-M	np
Сырғабек	NP-ANT-M	np
Сысоев	NP-COG-OB	np
Сычев	NP-COG-OB	np
Сычуань	NP-TOP	np
Сьван	NP-TOP	np
Сьерра	NP-ANT-F	np
Сьерра%	NP-TOP	np
Сьюдад-Хуарес	NP-TOP	np
Сьюдад-пердида	NP-TOP	np
Сьюзен	NP-ANT-F	np
Сэл	NP-ANT-M	np
Сэлинджер	NP-COG-M	np
Сэм	NP-ANT-M	np
Сэмюэл	NP-ANT-M	np
Сэсто	NP-ANT-M	np
Сю	NP-ANT-M	np
Сюзанна	NP-ANT-F	np
Сюй	NP-COG-MF	np
Сібір	NP-TOP	np
Сүгір	NP-ANT-M	np
Сүгірбаев	NP-COG-OB	np
Сүгірбай	NP-ANT-M	np
Сүйеу	NP-ANT-M	np
Сүйменбаев	NP-COG-OB	np
Сүйімхан	NP-ANT-F	np
Сүйінбай	NP-ANT-M	np
Сүйінбала	NP-ANT-F	np
Сүйіндік	NP-ANT-M	np
Сүлеев	NP-COG-OB	np
Сүлеймен	NP-ANT-M	np
Сүлейменов	NP-COG-OB	np
Сүмбебай	NP-ANT-M	np
Сүндет	NP-ANT-M	np
Сүндетов	NP-COG-OB	np
Сүттібай	NP-ANT-M	np
Сұдан	NP-TOP	np
Сұзы	NP-TOP	np
Сұлтан	NP-ANT-M	np
Сұлтанбаев	NP-COG-OB	np
Сұлтанбай	NP-ANT-M	np
Сұлтанбек	NP-ANT-M	np
Сұлтангелді	NP-ANT-M	np
Сұлтанов	NP-COG-OB	np
Сұлтанғали	NP-ANT-M	np
Сұлу	NP-ANT-F	np
Сұлуке	NP-ANT-F	np
Сұлухан	NP-ANT-F	np
Сұлушаш	NP-ANT-F	np
Сұңқар	NP-ANT-M	np
Сәбила	NP-ANT-F	np
Сәбира	NP-ANT-F	np
Сәбит	NP-ANT-M	np
Сәбиға	NP-ANT-F	np
Сәбиғат	NP-ANT-M	np
Сәденұлы	NP-COG-M	np
Сәдуақас	NP-ANT-M	np
Сәдуақасов	NP-COG-OB	np
Сәдуақасұлы	NP-COG-M	np
Сәйденов	NP-COG-OB	np
Сәкен	NP-ANT-M	np
Сәкиев	NP-COG-OB	np
Сәлима	NP-ANT-F	np
Сәлмен	NP-ANT-M	np
Сәлім	NP-ANT-M	np
Сәлімұлы	NP-ANT-M	np
Сәмединов	NP-COG-OB	np
Сәмен	NP-ANT-M	np
Сәмет	NP-ANT-M	np
Сәми	NP-ANT-M	np
Сәмүд	NP-TOP	np
Сәндігүл	NP-ANT-F	np
Сәния	NP-ANT-F	np
Сәнімай	NP-ANT-F	np
Сәпиев	NP-COG-OB	np
Сәпина	NP-ANT-F	np
Сәрсекбаев	NP-COG-OB	np
Сәрсеков	NP-COG-OB	np
Сәрсембаев	NP-COG-OB	np
Сәрсен	NP-ANT-M	np
Сәрсенбаев	NP-COG-OB	np
Сәрсенбай	NP-ANT-M	np
Сәрсенбайұлы	NP-COG-M	np
Сәрсенбек	NP-ANT-M	np
Сәрсенбі	NP-ANT-M	np
Сәрсенов	NP-COG-OB	np
Сәрсенқан	NP-ANT-M	np
Сәрсенәлі	NP-ANT-M	np
Сәруар	NP-ANT-F	np
Сәрінжіпов	NP-COG-OB	np
Сәт	NP-ANT-M	np
Сәтбаев	NP-COG-OB	np
Сәтбай	NP-ANT-M	np
Сәтжан	NP-ANT-M	np
Сәтпаев	NP-COG-OB	np
Сәтім	NP-ANT-M	np
Сәтқалиев	NP-COG-OB	np
Сәуле	NP-ANT-F	np
Сәулет	NP-ANT-F	np
Сәуір	NP-ANT-M	np
Сәуірбек	NP-ANT-M	np
Сәуірқұл	NP-ANT-M	np
Сәғди	NP-COG-MF	np
Сөмединов	NP-COG-OB	np
Т.	ABBR	abbr
ТВ	ABBR	abbr
ТЖ	ABBR	abbr
ТЖҚ	ABBR	abbr
ТИМ	NP-TOP-ABBR	np
ТМД	ABBR	abbr
ТР	ABBR	abbr
ТЭЦ	ABBR	abbr
Та	NP-ANT-M	np
Табар	NP-ANT-M	np
Табылдиев	NP-COG-OB	np
Табылған	NP-ANT-M	np
Табыс	NP-ANT-M	np
Тагильцев	NP-COG-OB	np
Тадеуш	NP-ANT-M	np
Тажик%	NP-TOP-ASSR	np
Тазабек	NP-ANT-M	np
Тазабеков	NP-COG-OB	np
Таиланд	NP-TOP	np
Тайбек	NP-ANT-M	np
Тайвань	NP-TOP	np
Тайланд	NP-TOP	np
Тайлақ	NP-ANT-M	np
Тайманов	NP-COG-OB	np
Таймасов	NP-COG-OB	np
Таймағамбетов	NP-COG-OB	np
Таймс	NP-AL	np
Таймыр	NP-TOP	np
Тайуан	NP-TOP	np
Тайшапов	NP-COG-OB	np
Тайшық	NP-ANT-M	np
Тайыр	NP-ANT-M	np
Таланцев	NP-COG-OB	np
Талап	NP-ANT-M	np
Талас	NP-TOP	np
Талдықорған	NP-TOP	np
Талжанов	NP-COG-OB	np
Тали	NP-ANT-F	np
Талиб	NP-ANT-M	np
Талибан	NP-AL	np
Талиев	NP-COG-OB	np
Таллин	NP-TOP	np
Талмас	NP-ANT-M	np
Талов	NP-COG-OB	np
Талшыбық	NP-ANT-F	np
Таль	NP-ANT-M	np
Талғат	NP-ANT-M	np
Талқа	NP-ANT-M	np
Там	NP-ANT-M	np
Тамабаев	NP-COG-OB	np
Тамар	NP-ANT-M	np
Тамара	NP-ANT-F	np
Тамбов	NP-TOP	np
Тамбукан	NP-TOP	np
Тамм	NP-ANT-M	np
Тана	NP-ANT-F	np
Танабай	NP-ANT-M	np
Танзания	NP-TOP	np
Таныкөк	NP-ANT-M	np
Таня	NP-ANT-F	np
Тапцырев	NP-COG-OB	np
Тар	NP-ANT-M	np
Тара	NP-ANT-F	np
Тараз	NP-TOP	np
Таранов	NP-COG-OB	np
Тарантино	NP-COG-MF	np
Тарас	NP-ANT-M	np
Тарасов	NP-COG-OB	np
Тарбағатай	NP-TOP	np
Тариба	NP-TOP	np
Тарик	NP-ANT-M	np
Тарковский	NP-COG-M	np
Тарпищев	NP-COG-OB	np
Таррагона	NP-TOP	np
Тархан	NP-ANT-M	np
Тарчизио	NP-ANT-M	np
Тарғын	NP-ANT-M	np
Тасболат	NP-ANT-M	np
Тасболатов	NP-COG-OB	np
Тасемен	NP-ANT-M	np
Тасман	NP-TOP	np
Тасмания	NP-TOP	np
Тасмағамбетов	NP-COG-OB	np
Тастайбек	NP-ANT-M	np
Тастайбеков	NP-COG-OB	np
Тастанбеков	NP-COG-OB	np
Тастемір	NP-ANT-M	np
Тастүлек	NP-ANT-M	np
Тасқайрат	NP-ANT-M	np
Тасқын	NP-ANT-M	np
Тат	NP-ANT-M	np
Татанов	NP-COG-OB	np
Татар%	NP-TOP-ASSR	np
Татар-информ	NP-ORG	np
Татарстан	NP-TOP	np
Татарханов	NP-COG-OB	np
Татубай	NP-ANT-M	np
Татьяна	NP-ANT-F	np
Тау	NP-ANT-M	np
Тауасат	NP-ANT-M	np
Таубай	NP-ANT-M	np
Таужан	NP-ANT-M	np
Таукин	NP-COG-IN	np
Тауман	NP-ANT-M	np
Тауфих	NP-ANT-M	np
Тауэр	NP-TOP	np
Тафаев	NP-COG-OB	np
Тах	NP-ANT-M	np
Тахауи	NP-ANT-M	np
Тахир	NP-ANT-M	np
Тахиржан	NP-ANT-M	np
Ташкент	NP-TOP	np
Ташмұхамедов	NP-COG-OB	np
Таяу%	NP-TOP	np
Таған	NP-ANT-M	np
Тақыр	NP-ANT-M	np
Таңат	NP-ANT-M	np
Таңатаров	NP-COG-OB	np
Таңбол	NP-ANT-M	np
Таңсык	NP-ANT-F	np
Таңсықбай	NP-ANT-M	np
Таңсұлу	NP-ANT-F	np
Таңшолпан	NP-ANT-F	np
Тверь	NP-TOP	np
Те	NP-ANT-M	np
Тебриз	NP-TOP-RUS	np
Тевкелев	NP-COG-OB	np
Тевмесс	NP-TOP	np
Тегель	NP-TOP	np
Тегеран	NP-TOP	np
Тегусигальпа	NP-TOP	np
Тейлор	NP-ANT-F,NP-ANT-M	np
Тейт	NP-TOP	np
Текеш	NP-ANT-M	np
Тектіғұл	NP-ANT-M	np
Телесинко	NP-COG-MF	np
Телжан	NP-ANT-M	np
Теличенко	NP-COG-MF	np
Телма	NP-ANT-F	np
Теләче	NP-TOP	np
Темел	NP-ANT-M	np
Темелин	NP-ORG	np
Теменов	NP-COG-OB	np
Темза	NP-TOP	np
Темпель	NP-TOP	np
Темір	NP-ANT-M	np
Темірбаев	NP-COG-OB	np
Темірбек	NP-ANT-M	np
Темірбеков	NP-COG-OB	np
Темірболат	NP-ANT-M	np
Теміржанов	NP-COG-OB	np
Темірлан	NP-ANT-M	np
Теміров	NP-COG-OB	np
Теміртау	NP-TOP	np
Темірғали	NP-ANT-M	np
Темірқан	NP-ANT-M	np
Темірәлі	NP-ANT-M	np
Тенгиз	NP-ORG	np
Тенерифе	NP-TOP	np
Теннесси	NP-TOP	np
Теннис	NP-COG-MF	np
Тенюшев	NP-COG-OB	np
Тео	NP-ANT-M	np
Теодор	NP-ANT-M	np
Теофилос	NP-ANT-M	np
Теплов	NP-COG-OB	np
Теплоухов	NP-COG-OB	np
Тер	NP-ANT-M	np
Тера	NP-ANT-F	np
Терасия	NP-ANT-F	np
Тереза	NP-ANT-F	np
Терек	NP-TOP	np
Терентьев	NP-COG-OB	np
Тереньтев	NP-COG-OB	np
Тереғұлов	NP-COG-OB	np
Тернер	NP-ANT-M	np
Терренс	NP-ANT-M	np
Терри	NP-ANT-M	np
Теруэль	NP-TOP	np
Тесса	NP-ANT-F	np
Тетерин	NP-COG-IN	np
Техас	NP-TOP	np
Теңдік	NP-ANT-F	np
Теһран	NP-TOP	np
Ти	NP-ANT-M	np
Тиб	NP-ANT-M	np
Тиберий	NP-TOP	np
Тибет	NP-TOP	np
Тибор	NP-ANT-M	np
Тиг	NP-ANT-M	np
Тигиев	NP-COG-OB	np
Тигр	NP-TOP	np
Тиесов	NP-COG-OB	np
Тик	NP-ANT-M	np
Тиль	NP-ANT-M	np
Тим	NP-ANT-M	np
Тимаев	NP-COG-OB	np
Тимирязев	NP-COG-OB	np
Тимор	NP-TOP	np
Тимор-Лесте	NP-TOP	np
Тимофеев	NP-COG-OB	np
Тимофеевич	NP-PAT-VICH	np
Тимофей	NP-ANT-M	np
Тимошенко	NP-COG-MF	np
Тимур	NP-ANT-M	np
Тимурлыбаев	NP-COG-OB	np
Тина	NP-ANT-F	np
Тир	NP-ANT-M	np
Тирана	NP-TOP	np
Тиргартен	NP-TOP	np
Тирмизи	NP-COG-MF	np
Тироль	NP-TOP	np
Тит	NP-ANT-M	np
Титаренко	NP-COG-MF	np
Тито	NP-COG-MF	np
Титов	NP-COG-OB	np
Тиф	NP-ANT-M	np
Тифлис	NP-TOP	np
Тихвин	NP-TOP	np
Тихон	NP-ANT-M	np
Тихонов	NP-COG-OB	np
Тихорецк	NP-TOP	np
Тия	NP-ANT-F	np
Ткаченко	NP-COG-MF	np
Тоби	NP-ANT-M	np
Тобиас	NP-ANT-M	np
Тобольск	NP-TOP	np
Тобрук	NP-TOP	np
Тобыл	NP-TOP	np
Тобықты	NP-AL	np
Того	NP-TOP	np
Тодд	NP-ANT-M	np
Тойбала	NP-ANT-F	np
Тойкен	NP-ANT-M	np
Токантинс	NP-TOP	np
Токарев	NP-COG-OB	np
Токио	NP-TOP	np
Толедо	NP-TOP	np
Толмачев	NP-COG-OB	np
Толстов	NP-COG-OB	np
Толстой	NP-COG-M	np
Толғанай	NP-ANT-F	np
Толқын	NP-ANT-F	np
Том	NP-ANT-M	np
Томас	NP-ANT-M	np
Томирис	NP-ANT-F	np
Томск	NP-TOP	np
Томсон	NP-ANT-M,NP-COG-MF	np
Тонго	NP-TOP	np
Тони	NP-ANT-F,NP-ANT-M	np
Тонио	NP-ANT-M	np
Топай	NP-ANT-M	np
Торайғыров	NP-COG-OB	np
Торонто	NP-TOP	np
Торопцев	NP-COG-OB	np
Торрес	NP-COG-MF	np
Торымбала	NP-ANT-F	np
Торғын	NP-ANT-F	np
Тоска	NP-ANT-F	np
Тоскана	NP-TOP	np
Тосов	NP-COG-OB	np
Тоты	NP-ANT-F	np
Тоғжан	NP-ANT-F,NP-ANT-M	np
Тоғжанов	NP-COG-OB	np
Тоқаев	NP-COG-OB	np
Тоқмағанбетов	NP-COG-OB	np
Тоқомбаев	NP-COG-OB	np
Тоқпанов	NP-COG-OB	np
Тоқпақбаев	NP-COG-OB	np
Тоқсанбаев	NP-COG-OB	np
Тоқтабаев	NP-COG-OB	np
Тоқтаров	NP-COG-OB	np
Травник	NP-TOP	np
Транснистрия	NP-TOP	np
Транссиб	NP-TOP	np
Траст	NP-ORG	np
Трафальгар	NP-TOP	np
Требков	NP-COG-OB	np
Трейси	NP-ANT-F	np
Трент	NP-ANT-M	np
Трентино	NP-TOP	np
Трентон	NP-ANT-M	np
Третьяков	NP-COG-OB	np
Тринидад	NP-ANT-F,NP-TOP	np
Тринидад%	NP-TOP	np
Тринити	NP-ANT-F	np
Трипитака	N1	n
Триполи	NP-TOP	np
Трифонов	NP-COG-OB	np
Троица-Сергиева	NP-TOP	np
Троицк	NP-TOP	np
Тронов	NP-COG-OB	np
Троф	NP-ANT-M	np
Трофимов	NP-COG-OB	np
Трумэн	NP-COG-MF	np
Трэвис	NP-ANT-M	np
Ту	NP-ANT-M	np
Тубон	NP-TOP	np
Тува	NP-TOP	np
Тудор	NP-COG-MF	np
Тула	NP-TOP	np
Тулон	NP-TOP	np
Тулуза	NP-TOP	np
Тум	NP-ANT-M	np
Тун	NP-ANT-M	np
Тунис	NP-TOP	np
Туполев	NP-COG-OB	np
Тур	NP-ORG	np
Тургенев	NP-COG-OB	np
Тургенов	NP-COG-OB	np
Турин	NP-TOP	np
Туркестан%	NP-TOP-ASSR	np
Туров	NP-COG-OB	np
Турчинов	NP-COG-OB	np
Тутмос	NP-ANT-M	np
Туч	NP-ANT-M	np
Туқай	NP-TOP	np
Тхиенг	NP-ANT-M	np
Тыва	NP-TOP	np
Тынышбаев	NP-COG-OB	np
Тынышпаев	NP-COG-OB	np
Тынық	A1	adj
Тырново	NP-TOP	np
Тысыбаев	NP-COG-OB	np
Тьерри	NP-ANT-M	np
Тьшышбаев	NP-COG-OB	np
Тьюринг	NP-COG-MF	np
Тэд	NP-ANT-M	np
Тэтчер	NP-COG-MF	np
Тюдоров	NP-COG-OB	np
Тюленев	NP-COG-OB	np
Тюрингия	NP-TOP	np
Тянь-Шань	NP-TOP	np
Тячев	NP-COG-OB	np
Тённер	NP-ANT-M	np
Тілендиев	NP-COG-OB	np
Тіленшиев	NP-COG-OB	np
Тілеубаев	NP-COG-OB	np
Тілеуханов	NP-COG-OB	np
Тілеуханұлы	NP-COG-M	np
Тілешев	NP-COG-OB	np
Тінәлиев	NP-COG-OB	np
Түгелбаев	NP-COG-OB	np
Түймебаев	NP-COG-OB	np
Түйтеұлы	NP-COG-M	np
Түлкібас	NP-TOP	np
Түнтеков	NP-COG-OB	np
Түргеш	NP-TOP	np
Түркия	NP-TOP	np
Түрксіб	NP-TOP	np
Түркістан	NP-TOP	np
Түрік%	NP-ORG-COMPOUND	np
Түрікменстан	NP-TOP	np
Түсіпбеков	NP-COG-OB	np
Тұлымхан	NP-ANT-M	np
Тұнғұшпаев	NP-COG-OB	np
Тұран	NP-TOP	np
Тұранәлембанк	NP-TOP	np
Тұрағұлов	NP-COG-OB	np
Тұрдақын	NP-ANT-M	np
Тұржанов	NP-COG-OB	np
Тұрлыханов	NP-COG-OB	np
Тұрсынай	NP-ANT-F	np
Тұрған	NP-ANT-F	np
Тұяқбай	NP-COG-MF	np
Тұяқов	NP-COG-OB	np
Тұңғатар	NP-ANT-M	np
Тәбиба	NP-ANT-F	np
Тәбила	NP-ANT-F	np
Тәбия	NP-ANT-F	np
Тәжигүл	NP-ANT-F	np
Тәжиев	NP-COG-OB	np
Тәжин	NP-COG-IN	np
Тәжі	NP-ANT-M	np
Тәжібаев	NP-COG-OB	np
Тәжібай	NP-ANT-M	np
Тәжікстан	NP-TOP	np
Тәжімұрат	NP-ANT-M	np
Тәжін	NP-COG-IN	np
Тәкежан	NP-ANT-M	np
Тәкібаев	NP-COG-OB	np
Тәкім	NP-ANT-M	np
Тәлипа	NP-ANT-F	np
Тәліп	NP-ANT-M	np
Тәмила	NP-ANT-F	np
Тәнзила	NP-ANT-F	np
Тәнзия	NP-ANT-F	np
Тәрбие	NP-ANT-F	np
Тәтеш	NP-TOP	np
Тәттібай	NP-ANT-M	np
Тәттібала	NP-ANT-F	np
Тәуекел	NP-ANT-M	np
Тәуекелұлы	NP-COG-M	np
Тәуке	NP-ANT-M	np
Тәурат	NP-AL	np
Тәуір	NP-ANT-M	np
Тәшенев	NP-COG-OB	np
Тәшиев	NP-COG-OB	np
Тәңір	N1	n
Тәңірбергенов	NP-COG-OB	np
Тәңірберді	NP-ANT-M	np
Төлебаев	NP-COG-OB	np
Төлеген	NP-ANT-M	np
Төлегенов	NP-COG-OB	np
Төлепбаев	NP-COG-OB	np
Төлепберді	NP-ANT-M	np
Төмен%	NP-TOP	np
Төменгі%	NP-TOP	np
Төребаев	NP-COG-OB	np
Төрежанов	NP-COG-OB	np
Төржанов	NP-COG-OB	np
Төстік	NP-ANT-M	np
УАЗ	ABBR	abbr
УЕФА	ABBR	abbr
УК	ABBR	abbr
Уайльд	NP-COG-MF	np
Уайыс	NP-ANT-M	np
Уалиев	NP-COG-OB	np
Уалиханов	NP-COG-OB	np
Уалкер	NP-ANT-M	np
Уард	NP-COG-MF	np
Уаррен	NP-ANT-M	np
Уахап	NP-ANT-M	np
Уахат	NP-ANT-M	np
Уақа	NP-ANT-M	np
Уваров	NP-COG-OB	np
Уганда	NP-TOP	np
Угоренко	NP-COG-MF	np
Удмуртия	NP-TOP	np
Узелков	NP-COG-OB	np
Уи	NP-ANT-M	np
Уикипедия	NP-ORG	np
Уилан	NP-COG-MF	np
Уилсон	NP-ANT-M,NP-COG-M	np
Уильям	NP-ANT-M	np
Уильямс	NP-ANT-M	np
Уимблдон	NP-TOP	np
Уинстон	NP-ANT-M	np
Уитнесс	NP-ANT-M	np
Украина	NP-TOP	np
Украина%	NP-TOP-ASSR	np
Украиналық	N1	n
Ул	NP-ANT-M	np
Уланов	NP-COG-OB	np
Улисс	NP-ANT-M	np
Улла	NP-COG-MF	np
Ульянов	NP-COG-OB	np
Ульяновск	NP-TOP	np
Уляшев	NP-COG-OB	np
Ум	NP-ANT-M	np
Умань	NP-TOP	np
Умберто	NP-ANT-M	np
Умида	NP-ANT-F	np
Умов	NP-COG-OB	np
Уоллес	NP-ANT-M	np
Уолпол	NP-ANT-M	np
Уолстонкрафт	NP-COG-MF	np
Уолт	NP-ANT-M	np
Уолш	NP-COG-MF	np
Уорф	NP-COG-MF	np
Уорхол	NP-COG-MF	np
Уотсон	NP-COG-MF	np
Урал	NP-TOP	np
Уралеев	NP-COG-OB	np
Уралмаш	NP-TOP	np
Урбана	NP-ANT-F	np
Уреки	NP-COG-M	np
Урена-Расо	NP-ANT-M	np
Урмаев	NP-COG-OB	np
Урсула	NP-ANT-F	np
Уругвай	NP-TOP	np
Уругвайлық	N1	n
Устинов	NP-COG-OB	np
Усубакунов	NP-COG-OB	np
Ута	NP-TOP	np
Уфа	NP-TOP	np
Ушаков	NP-COG-OB	np
Уэйн	NP-ANT-M	np
Уэллс	NP-COG-MF	np
Уэльс	NP-TOP	np
Уэсли	NP-ANT-M	np
Уэстон	NP-ANT-M	np
Уәзипа	NP-ANT-F	np
Уәли	NP-ANT-M	np
Уәлиахмет	NP-ANT-M	np
Уәлиев	NP-COG-OB	np
Уәлиолла	NP-ANT-M	np
Уәлихан	NP-ANT-M	np
Уәлиханов	NP-COG-OB	np
Уәсила	NP-ANT-F	np
Уәсима	NP-ANT-F	np
ФИФА	NP-ORG-ABBR	np
ФКҚҚ	ABBR	abbr
ФСБ	ABBR	abbr
Фабиан	NP-ANT-M	np
Фабиано	NP-ANT-M	np
Фабио	NP-ANT-M	np
Фабиола	NP-ANT-F	np
Фабия	NP-ANT-F	np
Фабрицио	NP-ANT-M	np
Фадеев	NP-COG-OB	np
Фазила	NP-ANT-F	np
Фазыл	NP-ANT-M	np
Фазылбек	NP-ANT-M	np
Фазылхан	NP-ANT-M	np
Фаиз	NP-ANT-M	np
Файзрахман	NP-ANT-M	np
Фалес	NP-ANT-M	np
Фан	NP-ANT-M	np
Фандеев	NP-COG-OB	np
Фанни	NP-ANT-F	np
Фар	NP-ANT-M	np
Фараби	NP-ANT-M,NP-COG-MF	np
Фарахани	NP-COG-M	np
Фарер	NP-TOP	np
Фарид	NP-ANT-M	np
Фарида	NP-ANT-F	np
Фариза	NP-ANT-F	np
Фаррелл	NP-COG-MF	np
Фархан	NP-ANT-M	np
Фатима	NP-ANT-F	np
Фатих	NP-ANT-M	np
Фаузия	NP-ANT-F	np
Фаусто	NP-ANT-M	np
Фахир	NP-ANT-M	np
Федерер	NP-COG-MF	np
Федерика	NP-ANT-F	np
Федерико	NP-ANT-M	np
Федор	NP-ANT-M	np
Федоров	NP-COG-OB	np
Федорович	NP-PAT-VICH	np
Федосеев	NP-COG-OB	np
Федосеенко	NP-COG-MF	np
Федотов	NP-COG-OB	np
Федра	NP-ANT-F	np
Феликс	NP-ANT-M	np
Фелимонов	NP-COG-OB	np
Фелипе	NP-ANT-M	np
Фелисиано	NP-ANT-M	np
Фелисити	NP-ANT-F	np
Фелпс	NP-COG-MF	np
Фельтен	NP-ANT-M	np
Фемистокл	NP-ANT-M	np
Фенносарматия	NP-TOP	np
Феодосия	NP-TOP	np
Фердинанд	NP-ANT-M	np
Фердинандо	NP-ANT-M	np
Фернан	NP-ANT-M	np
Фернандес	NP-COG-MF	np
Фернандо	NP-ANT-M	np
Ферран	NP-ANT-M	np
Ферреро	NP-COG-MF	np
Ферхойген	NP-COG-MF	np
Ферғана	NP-TOP	np
Фзули	NP-COG-MF	np
Фивы	NP-TOP	np
Фидель	NP-ANT-M	np
Фиджи	NP-TOP	np
Физ	NP-ANT-M	np
Физули	NP-COG-MF	np
Филадельфия	NP-TOP	np
Филатов	NP-COG-OB	np
Филип	NP-ANT-M	np
Филипп	NP-ANT-M	np
Филиппенко	NP-COG-MF	np
Филиппин	NP-TOP	np
Филиппина	NP-ANT-F	np
Филиппиндер	NP-TOP	np
Филиппо	NP-ANT-M	np
Филиппов	NP-COG-OB	np
Филчев	NP-COG-OB	np
Фин	NP-ANT-M	np
Фина	NP-ANT-F	np
Финикия	NP-TOP	np
Финикс	NP-ANT-M	np
Финка	N1	n
Финли	NP-ANT-M	np
Финляндия	NP-TOP	np
Фино	NP-ANT-M	np
Фиорела	NP-ANT-F	np
Фируза	NP-ANT-F	np
Фита	NP-ANT-M	np
Фицджеральд	NP-COG-MF	np
Фишер	NP-COG-MF	np
Флавия	NP-ANT-F	np
Фламенко	NP-COG-MF	np
Фле	NP-ANT-M	np
Фленсбург	NP-TOP	np
Флетчер	NP-COG-MF	np
Флинн	NP-COG-MF	np
Флора	NP-ANT-F	np
Флорентин	NP-ANT-M	np
Флорентина	NP-ANT-F	np
Флориан	NP-ANT-M	np
Флорида	NP-TOP	np
Фокида	NP-TOP	np
Фокин	NP-COG-IN	np
Фоли	NP-COG-MF	np
Фольксваген	NP-ORG	np
Фома	NP-ANT-M	np
Фоменко	NP-COG-MF	np
Фомин	NP-COG-IN	np
Фомичев	NP-COG-OB	np
Фомичёв	NP-COG-OB	np
Форбс	NP-ORG	np
Форд	NP-COG-MF	np
Фортуна	NP-ANT-F	np
Фотыга	NP-COG-MF	np
Фрадков	NP-COG-OB	np
Фракия	NP-TOP	np
Франк	NP-ANT-M	np
Франка	NP-ANT-F	np
Франклин	NP-ANT-M	np
Франко	NP-COG-MF	np
Франколық	A4	adj
Франкфурт	NP-TOP	np
Франс	NP-ANT-M	np
Франс-Иосиф	NP-TOP	np
Франсуа	NP-ANT-M	np
Франц	NP-ANT-M	np
Франциско	NP-ANT-M	np
Франция	NP-TOP	np
Франческа	NP-ANT-F	np
Франческо	NP-ANT-M	np
Фраттини	NP-COG-MF	np
Фред	NP-ANT-M	np
Фредерик	NP-ANT-M	np
Фредерикс	NP-ANT-M	np
Фрейзер	NP-ANT-M	np
Фрида	NP-ANT-F	np
Фридман	NP-COG-MF	np
Фридом%	NP-ORG	np
Фридрих	NP-ANT-M	np
Фридрихсбург	NP-TOP	np
Фридрихсвердер	NP-TOP	np
Фриц	NP-COG-MF	np
Фролов	NP-COG-OB	np
Фрыг	NP-ANT-M	np
Фрэнк	NP-ANT-M	np
Фрэнсис	NP-ANT-M	np
Фукидид	NP-ANT-M	np
Фукусима	NP-TOP	np
Фульхенсио	NP-ANT-M	np
Фунтик	NP-AL	np
Фурманов	NP-COG-OB	np
Фурсенко	NP-COG-MF	np
Фюльсбюттель	NP-TOP	np
Фёдоров	NP-COG-OB	np
ФҚҚ	ABBR	abbr
Фәрит	NP-ANT-M	np
ХВҚ	NP-TOP-ABBR	np
ХДО	ABBR	abbr
ХДП	ABBR	abbr
ХТҚО	ABBR	abbr
Ха	NP-ANT-M	np
Хабалов	NP-COG-OB	np
Хабаров	NP-COG-OB	np
Хабиб	NP-ANT-M	np
Хабиба	NP-ANT-F	np
Хабиболлаұлы	NP-COG-M	np
Хав	NP-ANT-M	np
Хави	NP-ANT-M	np
Хавьер	NP-ANT-M	np
Хаг	NP-ANT-M	np
Хаддингтон	NP-TOP	np
Хадеев	NP-COG-OB	np
Хаджиев	NP-COG-OB	np
Хадим	NP-ANT-M	np
Хадиша	NP-ANT-F	np
Хадия	NP-ANT-F	np
Хаз	NP-ANT-M	np
Хазария	NP-TOP	np
Хайдар	NP-ANT-M	np
Хак	NP-ANT-M	np
Хакасия	NP-TOP	np
Хакназар	NP-ANT-M	np
Хаксли	NP-COG-MF	np
Хакім	NP-ANT-M	np
Хакімбек	NP-ANT-M	np
Хакімжан	NP-ANT-M	np
Хакімжанов	NP-COG-OB	np
Хакімзада	NP-ANT-M	np
Хакімов	NP-COG-OB	np
Халед	NP-ANT-M	np
Халел	NP-ANT-M	np
Халид	NP-ANT-M	np
Халида	NP-ANT-F	np
Халиков	NP-COG-OB	np
Халил	NP-ANT-M	np
Халила	NP-ANT-F	np
Халима	NP-ANT-F	np
Халиса	NP-ANT-F	np
Халиулла	NP-ANT-M	np
Халкомсов	NP-COG-OB	np
Халық	NP-ANT-M	np
Хамас	NP-ORG	np
Хамдамов	NP-COG-OB	np
Хаменеи	NP-COG-MF	np
Хамза	NP-ANT-M	np
Хамид	NP-ANT-M	np
Хамидуллаев	NP-COG-OB	np
Хамит	NP-ANT-M	np
Хаммат	NP-ANT-M	np
Хан	NP-ANT-M	np
Хангай	NP-TOP	np
Хангелді	NP-ANT-M	np
Хандверг	NP-COG-MF	np
Хандошкин	NP-ANT-M	np
Ханифа	NP-ANT-F	np
Ханко	NP-COG-MF	np
Ханна	NP-ANT-F	np
Ханой	NP-TOP	np
Ханс	NP-ANT-M	np
Хантемір	NP-ANT-M	np
Ханты-Мансийск	NP-TOP	np
Ханыков	NP-COG-OB	np
Хань	N1	n
Ханья	NP-ANT-F	np
Хап	NP-ANT-M	np
Хар	NP-ANT-M	np
Харбор	NP-AL	np
Харви	NP-ANT-M	np
Харес	NP-ANT-M	np
Харитон	NP-ANT-M	np
Харитонов	NP-COG-OB	np
Харламов	NP-COG-OB	np
Харлампьев	NP-COG-OB	np
Харпер	NP-COG-MF	np
Харрисон	NP-ANT-M	np
Хартум	NP-TOP	np
Харьков	NP-TOP	np
Хасан	NP-ANT-M	np
Хасанғалиев	NP-COG-OB	np
Хасен	NP-ANT-M	np
Хасенов	NP-COG-OB	np
Хасково	NP-TOP	np
Хассан	NP-ANT-M	np
Хассанал	NP-ANT-M	np
Хатами	NP-COG-MF	np
Хатима	NP-ANT-F	np
Хатип	NP-ANT-M	np
Хатифа	NP-ANT-F	np
Хаф	NP-ANT-M	np
Хафиз	NP-ANT-M	np
Хафиза	NP-ANT-F	np
Хач	NP-ANT-M	np
Хашеми	NP-ANT-M	np
Хашиев	NP-COG-OB	np
Хеа	NP-ANT-F	np
Хеб	NP-ANT-M	np
Хедквист	NP-ANT-F	np
Хез	NP-ANT-M	np
Хел	NP-ANT-M	np
Хельга	NP-ANT-F	np
Хельсинки	NP-TOP	np
Хем	NP-ANT-M	np
Хет	NP-ANT-M	np
Хеф	NP-ANT-M	np
Хеш	NP-ANT-M	np
Хиггинс	NP-COG-MF	np
Хиз	NP-ANT-M	np
Хизер	NP-ANT-F	np
Хикмет	NP-ANT-M	np
Хилал	NP-ANT-M	np
Хиллари	NP-ANT-F	np
Хиль	NP-ANT-M	np
Химка	NP-TOP	np
Хин	NP-ANT-M	np
Хиросима	NP-TOP	np
Хисматуллин	NP-COG-IN	np
Хитлер	NP-COG-MF	np
Хичкок	NP-COG-MF	np
Хлестаков	NP-COG-OB	np
Хло	NP-ANT-M	np
Хлодвиг	NP-ANT-M	np
Хлудов	NP-COG-OB	np
Хмелев	NP-COG-OB	np
Хо	NP-ANT-M	np
Хо%	NP-TOP	np
Хоакин	NP-ANT-M	np
Хог	NP-ANT-M	np
Холбрук	NP-COG-MF	np
Холли	NP-ANT-F	np
Холлуорд	NP-ANT-M	np
Холмс	NP-COG-MF	np
Хомейни	NP-COG-MF	np
Хоменко	NP-COG-MF	np
Хомутов	NP-COG-OB	np
Хонсю	NP-TOP	np
Хопкинс	NP-COG-MF	np
Хор	NP-ANT-M	np
Хорасан	NP-TOP	np
Хорасев	NP-COG-OB	np
Хорват	N1	n
Хорватия	NP-TOP	np
Хоргос	NP-TOP	np
Хорезм	NP-TOP	np
Хорхе	NP-ANT-M	np
Хосе	NP-ANT-M	np
Хосеп	NP-ANT-M	np
Хосни	NP-ANT-M	np
Хоф	NP-ANT-M	np
Хоффман	NP-COG-MF	np
Хохлов	NP-COG-OB	np
Хош	NP-ANT-M	np
Храброво	NP-TOP	np
Храпунов	NP-COG-OB	np
Христенко	NP-COG-MF	np
Христиандық	N1	n
Христианин	N1	n
Христос	NP-ANT-M	np
Христофор	NP-ANT-M	np
Хрусталев	NP-COG-OB	np
Хрущев	NP-COG-OB	np
Ху	NP-ANT-M,NP-COG-MF	np
Хуан	NP-ANT-M	np
Худуд-ал%	NP-AL	np
Хул	NP-ANT-M	np
Хулагу	NP-ANT-M	np
Хумышев	NP-COG-OB	np
Хусейн	NP-COG-MF	np
Хуфен	NP-TOP	np
Хуш	NP-ANT-M	np
Хью	NP-ANT-M	np
Хьюго	NP-ANT-M	np
Хьюз	NP-COG-MF	np
Хьюман	NP-COG-MF	np
Хьюман%	NP-ORG	np
Хьюстон	NP-ANT-M,NP-TOP	np
Хэдли	NP-ANT-F	np
Хэл	NP-ANT-M	np
Хэмиш	NP-ANT-M	np
Хюэ	NP-TOP	np
ХҚКО	ABBR	abbr
Хұзыстан	NP-TOP	np
Хұсайын	NP-ANT-M	np
ЦАС	ABBR	abbr
ЦТП	ABBR	abbr
Царев	NP-COG-OB	np
Цветаев	NP-COG-OB	np
Цветков	NP-COG-OB	np
Цезарь	NP-ANT-M	np
Цейлон	NP-TOP	np
Целзо	NP-ANT-M	np
Целиноград	NP-TOP	np
Цен	NP-ANT-M	np
Центавр	NP-TOP	np
Цзиньпин	NP-COG-M	np
Цзиньтао	NP-COG-M	np
Цзы	NP-ANT-M	np
Цинказ	NP-ORG	np
Цицерон	NP-ANT-M	np
Цой	NP-COG-M	np
Црес	NP-ANT-M	np
Цюрих	NP-ORG	np
Чавез	NP-COG-MF	np
Чагаев	NP-COG-OB	np
Чад	NP-TOP	np
Чайковский	NP-COG-M	np
Чак	NP-ANT-M	np
Чалабаев	NP-COG-OB	np
Чаллы	NP-TOP	np
Чапаев	NP-COG-OB	np
Чаплин	NP-COG-IN	np
Чарлз	NP-ANT-M	np
Чарли	NP-ANT-F,NP-ANT-M	np
Чарльз	NP-ANT-M	np
Чаушеску	NP-COG-MF	np
Чебышев	NP-COG-OB	np
Чейз%	NP-TOP	np
Чейни	NP-COG-MF	np
Чел	NP-ANT-M	np
Челах	NP-COG-MF	np
Челноков	NP-COG-OB	np
Челнокова	NP-TOP	np
Челси	NP-AL,NP-ANT-F	np
Челюскин	NP-TOP	np
Чемпиондар%	NP-ORG-COMPOUND	np
Червиченко	NP-COG-MF	np
Червоненко	NP-COG-MF	np
Чердабаев	NP-COG-OB	np
Черевиченко	NP-COG-MF	np
Черемухов	NP-COG-OB	np
Черенко	NP-COG-MF	np
Черенков	NP-COG-OB	np
Черненко	NP-COG-MF	np
Чернов	NP-COG-OB	np
Черногория	NP-TOP	np
Чернышев	NP-COG-OB	np
Чернышевский	NP-COG-M	np
Черняев	NP-COG-OB	np
Черняховск	NP-TOP	np
Черск	NP-TOP	np
Черчилль	NP-COG-MF	np
Чес	NP-ANT-M	np
Чесноков	NP-COG-OB	np
Чех%	NP-TOP	np
Чехия	NP-TOP	np
Чехов	NP-COG-OB	np
Чехословакия	NP-TOP	np
Чи	NP-ANT-M	np
Чижиков	NP-COG-OB	np
Чикаго	NP-TOP	np
Чико	NP-ANT-M	np
Чили	NP-TOP	np
Чиль	NP-ANT-M	np
Чирмешән	NP-TOP	np
Чис	NP-ANT-M	np
Чистай	NP-TOP	np
Чит	NP-ANT-M	np
Чита	NP-TOP	np
Читнаев	NP-COG-OB	np
Читта	NP-AL	np
Чихачев	NP-COG-OB	np
Чкалов	NP-COG-OB	np
Чок	NP-ANT-M	np
Чу	NP-ANT-M	np
Чувашия	NP-TOP	np
Чудинов	NP-COG-OB	np
Чукотка	NP-TOP	np
Чулков	NP-COG-OB	np
Чулошников	NP-COG-OB	np
Чупоршнев	NP-COG-OB	np
Чуриков	NP-COG-OB	np
Чуркин	NP-COG-IN	np
Чүпрәле	NP-TOP	np
Ш.	ABBR	abbr
ШЫҰ	ABBR	abbr
Ша	NP-ANT-M	np
Шаб	NP-ANT-M	np
Шабай	NP-ANT-M	np
Шабал	NP-ANT-F	np
Шабдан	NP-ANT-M	np
Шабдарбаев	NP-COG-OB	np
Шав	NP-ANT-M	np
Шавкат	NP-ANT-M	np
Шагаев	NP-COG-OB	np
Шадыман	NP-ANT-M	np
Шажабек	NP-ANT-M	np
Шайба	NP-ANT-M	np
Шайбан	NP-ANT-M	np
Шаймерденов	NP-COG-OB	np
Шаймиев	NP-COG-OB	np
Шайхы	NP-ANT-M	np
Шайқысламов	NP-COG-OB	np
Шакарім	NP-ANT-M	np
Шакира	NP-ANT-F	np
Шал	NP-ANT-M	np
Шалаев	NP-COG-OB	np
Шалеев	NP-COG-OB	np
Шалғымбаев	NP-COG-OB	np
Шалқұйрық	NP-ANT-M	np
Шам	NP-ANT-M	np
Шамаев	NP-COG-OB	np
Шамбыл	NP-ANT-M	np
Шамдария	NP-ANT-F	np
Шамиль	NP-ANT-M	np
Шамполов	NP-COG-OB	np
Шанхай	NP-TOP	np
Шапошников	NP-COG-OB	np
Шапталов	NP-COG-OB	np
Шар	NP-ANT-M	np
Шара	NP-ANT-F	np
Шарапат	NP-ANT-F	np
Шарапов	NP-COG-OB	np
Шарбану	NP-ANT-F	np
Шарипович	NP-PAT-VICH	np
Шариф	NP-ANT-M	np
Шарлотта	NP-ANT-F	np
Шарлоттенбург	NP-TOP	np
Шарль	NP-ANT-M	np
Шаров	NP-COG-OB	np
Шарон	NP-ANT-F	np
Шауқат	NP-ANT-M	np
Шафиға	NP-ANT-F	np
Шаханов	NP-COG-OB	np
Шахзада	NP-ANT-F	np
Шахия	NP-ANT-F	np
Шахноза	NP-ANT-F	np
Шацков	NP-COG-OB	np
Шашков	NP-COG-OB	np
Шаяхметов	NP-COG-OB	np
Шағыр	NP-ANT-M	np
Шаңгереев	NP-COG-OB	np
Шаңғытбаев	NP-COG-OB	np
Шаңғұтов	NP-COG-OB	np
Шварценберг	NP-COG-MF	np
Шварценеггер	NP-COG-MF	np
Швейцария	NP-TOP	np
Швейцариялық	N1	n
Швейцер	NP-COG-MF	np
Шверин	NP-TOP	np
Швецария	NP-TOP	np
Швеция	NP-TOP	np
Шеб	NP-ANT-M	np
Шевалье	NP-COG-MF	np
Шевернадзе	NP-COG-MF	np
Шеврон	NP-ORG	np
Шевченко	NP-COG-MF	np
Шекер	NP-ANT-F	np
Шекерхан	NP-ANT-F	np
Шекспир	NP-COG-MF	np
Шелли	NP-COG-M,NP-TOP	np
Шемекеев	NP-COG-OB	np
Шенкурск	NP-TOP	np
Шер	NP-ANT-M	np
Шерементьев	NP-COG-OB	np
Шереметев	NP-COG-OB	np
Шерлок	NP-ANT-M	np
Шерғазиев	NP-COG-OB	np
Шестаков	NP-COG-OB	np
Шетпе	NP-TOP	np
Шефтсбери	NP-TOP	np
Шешен	NP-TOP	np
Шеңне	NP-ANT-F	np
Ши	NP-ANT-M	np
Шиб	NP-ANT-M	np
Шибаев	NP-COG-OB	np
Шиелі	NP-TOP	np
Шик	NP-ANT-M	np
Шил	NP-ANT-M	np
Шиллер	NP-COG-M	np
Шилманов	NP-COG-OB	np
Шилов	NP-COG-OB	np
Шим	NP-ANT-M	np
Шимон	NP-ANT-M,NP-COG-MF	np
Шингарев	NP-COG-OB	np
Шинкаренко	NP-COG-MF	np
Шинко	NP-COG-MF	np
Шираз	NP-TOP-RUS	np
Ширак	NP-COG-M	np
Ширақбек	NP-ANT-M	np
Ширли	NP-ANT-F	np
Широнин	NP-COG-IN	np
Ширяев	NP-COG-OB	np
Шиф	NP-ANT-M	np
Школьник	NP-COG-MF	np
Шлезвиг	NP-TOP	np
Шлиссельбург	NP-TOP	np
Шляпников	NP-COG-OB	np
Шмид	NP-COG-MF	np
Шнайдер	NP-COG-MF	np
Шнитников	NP-COG-OB	np
Шо	NP-ANT-M	np
Шолман	NP-TOP	np
Шолпан	NP-AL,NP-ANT-F	np
Шон	NP-ANT-M	np
Шонанов	NP-COG-OB	np
Шопенгауэр	NP-COG-MF	np
Шораұлы	NP-ANT-M	np
Шорманов	NP-COG-OB	np
Шостков	NP-COG-OB	np
Шотаев	NP-COG-OB	np
Шотландия	NP-TOP	np
Шотландық	N1	n
Шоқаев	NP-COG-OB	np
Шоқан	NP-ANT-M	np
Шпаков	NP-COG-OB	np
Шпицберген	NP-TOP	np
Шри-Ланка	NP-TOP	np
Штайн	NP-TOP	np
Штайнмайер	NP-COG-MF	np
Штейнберг	NP-COG-MF	np
Штейнер	NP-COG-MF	np
Штирия	NP-TOP	np
Штутгарт	NP-TOP	np
Шу	NP-ANT-M,NP-TOP	np
Шубин	NP-COG-IN	np
Шувалов	NP-COG-OB	np
Шулаев	NP-COG-OB	np
Шуленбург	NP-TOP	np
Шульц	NP-COG-MF	np
Шуляченко	NP-COG-MF	np
Шуп	NP-ANT-M	np
Шустов	NP-COG-OB	np
Шылманов	NP-COG-OB	np
Шымбұлақ	NP-TOP	np
Шымкент	NP-TOP	np
Шымыр	NP-ANT-M	np
Шымырбай	NP-ANT-M	np
Шынар	NP-ANT-F	np
Шынаргүл	NP-ANT-F	np
Шынасілов	NP-COG-OB	np
Шынтөренов	NP-COG-OB	np
Шынәлиев	NP-COG-OB	np
Шырайгүл	NP-ANT-F	np
Шырдабаев	NP-COG-OB	np
Шырын	NP-ANT-F	np
Шырынгүл	NP-ANT-F	np
Шығай	NP-ANT-M	np
Шығанақ	NP-ANT-M	np
Шыңжаң	NP-TOP	np
Шыңғырлау	NP-TOP	np
Шыңғыс	NP-ANT-M	np
Шыңғысхан	NP-ANT-M	np
Шілдебай	NP-ANT-M	np
Шүкеев	NP-COG-OB	np
Шүменов	NP-COG-OB	np
ШҰАР	ABBR	abbr
Шұбарши	NP-TOP	np
Шұға	NP-ANT-F	np
Шұғайып	NP-ANT-M	np
Шұғыла	NP-ANT-F	np
Шәймиев	NP-COG-OB	np
Шәкира	NP-ANT-F	np
Шәкіров	NP-COG-OB	np
Шәкәрім	NP-ANT-M	np
Шәмсия	NP-ANT-F	np
Шәмші	NP-ANT-M	np
Шәмшә	NP-ANT-F	np
Шәміл	NP-ANT-M	np
Шәрбат	NP-ANT-F	np
Шәрипа	NP-ANT-F	np
Шәріпов	NP-COG-OB	np
Шөкеев	NP-COG-OB	np
Шөлістан	NP-TOP	np
Щепкин	NP-COG-IN	np
Щербаков	NP-COG-OB	np
Щукин	NP-COG-IN	np
Щучинск	NP-TOP	np
Ыбрайымов	NP-COG-OB	np
Ыбыраев	NP-COG-OB	np
Ыбырай	NP-ANT-M	np
Ыдырыс	NP-ANT-M	np
Ыдырысов	NP-COG-OB	np
Ызғұтты	NP-ANT-M	np
Ырысалды	NP-ANT-F,NP-ANT-M	np
Ырысбала	NP-ANT-F	np
Ырысбек	NP-ANT-M	np
Ырысты	NP-ANT-F	np
Ырғызбай	NP-ANT-M	np
Ысмайылов	NP-COG-OB	np
Ысмағамбетов	NP-COG-OB	np
Ысмағұл	NP-ANT-M	np
Ыстамбақы	NP-ANT-M	np
Ыстамбұл	NP-TOP	np
Ыстанбұл	NP-TOP	np
Ыстықкөл	NP-TOP	np
Ысқақ	NP-ANT-M	np
Ысқақов	NP-COG-OB	np
Ықсан	NP-ANT-M	np
Ықылас	NP-ANT-M	np
ЭКСПО	ABBR	abbr
ЭЫДҰ	ABBR	abbr
Эванс	NP-COG-MF	np
Эвбея	NP-TOP	np
Эвелин	NP-ANT-F	np
Эгон	NP-ANT-M	np
Эдвард	NP-ANT-M	np
Эдвин	NP-ANT-M	np
Эден	NP-ANT-F	np
Эди	NP-ANT-F	np
Эдинбург	NP-TOP	np
Эдит	NP-ANT-F	np
Эдита	NP-ANT-F	np
Эдмонд	NP-ANT-M	np
Эдмунд	NP-ANT-M	np
Эднан	NP-ANT-M	np
Эдоков	NP-COG-OB	np
Эдуард	NP-ANT-M	np
Эдуардо	NP-ANT-M	np
Эзоп	NP-ANT-M	np
Эйзенхауэр	NP-COG-MF	np
Эйкборн	NP-COG-MF	np
Эймс	NP-TOP	np
Эйнар	NP-ANT-M	np
Эйнштейн	NP-COG-MF	np
Эйфель	NP-COG-MF	np
Эк	NP-ANT-M	np
Эквадор	NP-TOP	np
Экваторлық%	NP-TOP	np
Экмеледдин	NP-COG-IN	np
Эктор	NP-ANT-M	np
Эла	NP-ANT-F	np
Эладио	NP-ANT-M	np
Элвин	NP-ANT-M	np
Элвис	NP-ANT-M	np
Элейн	NP-ANT-F	np
Электра	NP-ANT-F	np
Элеонора	NP-ANT-F	np
Элефтериос	NP-ANT-M	np
Эли	NP-ANT-M	np
Элиа	NP-ANT-M	np
Элиас	NP-ANT-M	np
Элиза	NP-ANT-F	np
Элизабет	NP-ANT-F	np
Элизабетта	NP-ANT-F	np
Элисон	NP-ANT-F	np
Элиэзер	NP-ANT-M	np
Элла	NP-ANT-F	np
Эллада	NP-TOP	np
Эллиот	NP-ANT-M	np
Эллиотт	NP-ANT-M	np
Эллис	NP-ANT-M	np
Эллисон	NP-ANT-F	np
Элма	NP-ANT-F	np
Элтон	NP-ANT-M	np
Эль	NP-ANT-M	np
Эль%	NP-TOP	np
Эль-Барадеи	NP-COG-MF	np
Эльба	NP-TOP	np
Эльбрус	NP-TOP	np
Эльбурс	NP-TOP	np
Эльвира	NP-ANT-F	np
Эльза	NP-ANT-F	np
Эльзас	NP-ANT-M	np
Эльмо	NP-ANT-M	np
Эльче	NP-TOP	np
Эмануэль	NP-ANT-M	np
Эми	NP-ANT-F	np
Эмилжан	NP-ANT-M	np
Эмили	NP-ANT-F	np
Эмилиано	NP-ANT-M	np
Эмилио	NP-ANT-M	np
Эмилия	NP-ANT-F	np
Эмиль	NP-ANT-M	np
Эмма	NP-ANT-F	np
Эммануэль	NP-ANT-M	np
Эмми	NP-ANT-F	np
Эмомали	NP-ANT-M	np
Энгельс	NP-COG-MF	np
Энди	NP-ANT-M	np
Эндрю	NP-ANT-M	np
Энн	NP-ANT-F	np
Энни	NP-ANT-F	np
Энрик	NP-ANT-M	np
Энрикета	NP-ANT-F	np
Энрико	NP-ANT-M	np
Энтони	NP-ANT-M	np
Эпикур	NP-ANT-M	np
Эр-Рияд	NP-TOP	np
Эра	NP-ANT-F	np
Эразм	NP-ANT-M	np
Эрасмус	NP-ANT-M	np
Эраст	NP-ANT-M	np
Эрик	NP-ANT-M	np
Эрика	NP-ANT-F	np
Эритрея	NP-TOP	np
Эрих	NP-ANT-M	np
Эрколе	NP-ANT-M	np
Эрл	NP-ANT-M	np
Эрнандо	NP-ANT-M	np
Эрнест	NP-ANT-M	np
Эрно	NP-ANT-M	np
Эрнст	NP-ANT-M	np
Эрос	NP-ANT-M	np
Эс	NP-ANT-M	np
Эсбьерг	NP-TOP	np
Эспиноса	NP-COG-MF	np
Эстляндия	NP-TOP	np
Эстония	NP-TOP	np
Эсхил	NP-ANT-M	np
Этнодизайн	NP-ORG	np
Этторе	NP-ANT-M	np
Этьен	NP-ANT-M	np
Эф	NP-ANT-M	np
Эфес	NP-TOP	np
Эфиопия	NP-TOP	np
Эфсе	NP-TOP	np
Эчкили-Таш	NP-TOP	np
Эш	NP-ANT-M	np
Эшли	NP-ANT-F	np
Эштремадура	NP-TOP	np
ЭҚК	ABBR	abbr
ЭӨКК	ABBR	abbr
Ю	NP-ANT-M	np
ЮНЕСКО	ABBR	abbr
Ювенальев	NP-COG-OB	np
Югослав	N1	n
Югославия	NP-TOP	np
Югославиялық	N1	n
Юденич	NP-COG-M	np
Юдин	NP-COG-IN	np
Юз	NP-ANT-M	np
Юзефа	NP-ANT-F	np
Юкатан	NP-TOP	np
Юлий	NP-ANT-M	np
Юлия	NP-ANT-F	np
Юм	NP-COG-MF	np
Юн	NP-ANT-M	np
Юниор	NP-ANT-M	np
Юность	NP-AL	np
Юпитер	NP-AL	np
Юра	NP-ANT-M	np
Юрген	NP-ANT-M	np
Юрий	NP-ANT-M	np
Юроуп	NP-ORG	np
Юрьев	NP-COG-OB	np
Юрьевич	NP-PAT-VICH	np
Юстина	NP-ANT-F	np
Юстиниана	NP-ANT-F	np
Юсто	NP-ANT-M	np
Юстус	NP-ANT-M	np
Юсупов	NP-COG-OB	np
Юсып	NP-ANT-M	np
Юта	NP-TOP	np
Ютазы	NP-TOP	np
Ютландия	NP-TOP	np
Ющенко	NP-COG-MF	np
Я	NP-ANT-M	np
Яакко	NP-ANT-M	np
Яблочков	NP-COG-OB	np
Ягайло	NP-ANT-M	np
Ягеллонов	NP-COG-OB	np
Ядов	NP-COG-OB	np
Ядринцев	NP-COG-OB	np
Яир	NP-ANT-M	np
Якеменко	NP-COG-MF	np
Якоб	NP-ANT-M	np
Яков	NP-ANT-M	np
Яковенко	NP-COG-MF	np
Яковлев	NP-COG-OB	np
Яколвев	NP-COG-OB	np
Якубенко	NP-COG-MF	np
Якутия	NP-TOP	np
Якушев	NP-COG-OB	np
Ялта	NP-TOP	np
Ямайка	NP-TOP	np
Ямал	NP-ANT-M	np
Ямбол	NP-TOP	np
Ямусукро	NP-TOP	np
Ямышев	NP-COG-OB	np
Ян	NP-ANT-M	np
Яна	NP-ANT-F	np
Янг	NP-COG-M	np
Янина	NP-ANT-F	np
Янис	NP-ANT-F	np
Янки	N1	n
Янко	NP-COG-MF	np
Яннис	NP-COG-M,NP-COG-MF	np
Янота	NP-COG-MF	np
Янукович	NP-COG-MF,NP-PAT-VICH	np
Яранцев	NP-COG-OB	np
Ярополк	NP-ANT-M	np
Ярослав	NP-ANT-M	np
Ярославич	NP-COG-M	np
Ярославцев	NP-COG-OB	np
Ярошук	NP-COG-M	np
Ясауи	NP-COG-MF	np
Ясеми	NP-COG-MF	np
Ят	NP-ANT-M	np
Яхья	NP-ANT-M	np
Яценко	NP-COG-MF	np
Яғқұп	NP-ANT-M	np
Яһуда	NP-ANT-M	np
аба	N1	n
абадан	A2,N1	adj+n
абажа	N1	n
абажадай	A1	adj
абажур	N1	n
абажурлы	A2	adj
абаз	N1	n
абазин	N1-NAT	n
абазия	N1	n
абай	A1,N1	adj+n
абай%	N1,V-IV	n+v-intrans
абайла	V-TV	v-trans
абайламаушылық	N1	n
абайлат	V-TV-CAUS	?
абайлаушылық	N1	n
абайлағыш	A2	adj
абайлаңқыра	V-TV-REFL	?
абаймен	ADV	adv
абайсыз	A1	adj
абайсызда	ADV	adv
абайсыздық	N1	n
абайтану	N1-VN	?
абайтанушы	N1	n
абайшылдық	N1	n
абайым	N1-ADR	?
абака	N1	n
абала	V-IV	v-intrans
абалан	V-IV-REFL	?
абалас	V-IV-COOP	?
абалат	V-TV-CAUS	?
абалақ	N1	n
абалақ-сабалақ	A2	adj
абалақта	V-IV	v-intrans
абалақтай	A1	adj
абалоне	N1	n
абана	N1	n
абандон	N1	n
абат	A2	adj
абатта	V-TV	v-trans
абаттан	V-IV-REFL	?
абаттандыр	V-TV-CAUS	?
абаттық	N1	n
абатшылық	N1	n
абақ	N1	n
абақоңыр	A2	adj
абақты	A1,N1	adj+n
абақы	N1	n
аббар	ADV	adv
аббат	N1	n
аббатиса	N1	n
аббаттық	N1	n
аббревиатура	N1	n
аббревиация	N1	n
абгора	N1	n
абда	A2	adj
абдал	N1-PL	?
абдан	N1	n
абданлық	N1	n
абдаста	N1	n
абдикация	N1	n
абдомен	N1	n
абдоминалдық	A2	adj
абдуктор	N1	n
абдукция	N1	n
абдукциялық	A2	adj
абдыра	N1,V-IV	n+v-intrans
абдыра-сандық	N1	n
абдырадай	A1	adj
абдырап-дабдырап	ADV	adv
абдырас	V-IV	v-intrans
абдырауық	A2	adj
абдырағыш	A2	adj
абдыраңқыра	V-IV	v-intrans
абдырия	N1	n
аберрация	N1	n
абжауқын	A1,ADV	adj+adv
абзал	A1	adj
абзалдық	N1	n
абзац	N1	n
абзел	N1	n
абиотикалық	A4	adj
абиссаль	A4	adj
абляция	N1	n
аболиционист	N1	n
абонемент	N1	n
абонементтік	A3	adj
абонент	N1	n
абоненттік	A1	adj
абориген	N1	n
аборт	N1	n
абразия	N1	n
абрис	N1	n
абсент	N1	n
абсентеизм	N1	n
абсолют	N1	n
абсолютивті	A4	adj
абсолютизм	N1	n
абсолютті	A4,ADV	adj+adv
абсолюттік	A4	adj
абсорбент	A1,N1	adj+n
абсорбциялан	V-IV	v-intrans
абстракт	N1	n
абстрактты	A1	adj
абстрактылық	N1	n
абстрактілі	A1	adj
абстрактілік	A1	adj
абстракция	N1	n
абстракциялау	N1	n
абстстракционизм	N1	n
абсурд	N1	n
абсурдтық	A1	adj
абсцисса	N1	n
абыз	N1	n
абыр-сабыр	N1	n
абырж	V-IV	v-intrans
абыржу	N1	n
абыржушылық	N1	n
абыржы	V-IV	v-intrans
абыржымастан	ADV	adv
абыржыған	ADV	adv
абырой	N1	n
абыройлы	A1,ADV	adj+adv
абыройлылық	N1	n
абыройсыз	A1	adj
абыройын%	V-IV,V-TV	v-intrans+v-trans
абысын	N1	n
абысын-ажын	N1	n
авангард	N1	n
авангардизм	N1	n
аванзал	N1	n
аванпорт	N1	n
аванпост	N1	n
аванс	N1	n
авансылау	N1	n
авантюралық	A3	adj
авантюризм	N1	n
авантюрист	N1	n
авантюрист%	N1	n
авария	N1	n
авг.	ABBR	abbr
авгит	N1	n
авгур	N1	n
август	N1	n
авеню	N1	n
авиабайланыс	N1	n
авиабағдаршам	N1	n
авиабилет	N1	n
авиадесант	N1	n
авиажелі	N1	n
авиазауыт	N1	n
авиаклуб	N1	n
авиакөкжиек	N1	n
авиалайнер	N1	n
авиамектеп	N1	n
авиамоделизм	N1	n
авиамодельші	N1	n
авиамотор	N1	n
авиапочта	N1	n
авиаспорт	N1	n
авиаспортшы	N1	n
авиатор	N1	n
авиахабарлама	N1	n
авиация	N1	n
авиациялық	A4	adj
авиашапқын	N1	n
авиақоректендіру	N1	n
авиақұрылыс	N1	n
авилайнер	N1	n
авокадо	N1	n
аврал	N1	n
аврикула	N1	n
автаркия	N1	n
автаркты	A4	adj
авто	N1	n
автоара	N1	n
автоаудармашы	N1	n
автоағаштасығыш	N1	n
автобақылау	N1	n
автобекет	N1	n
автобус	N1	n
автобөлшек	N1	n
автовокзал	N1	n
автовус	N1	n
автогамия	N1	n
автоген	N1	n
автогенші	N1	n
автодинамикалық	A4	adj
автодром	N1	n
автодүкен	N1	n
автожол	N1	n
автозауыт	N1	n
автоклав	N1	n
автокран	N1	n
автократ	N1	n
автократия	N1	n
автокөлік	N1	n
автокөлік%	N-COMPOUND-PX,N1	n
автокөлікті	A4	adj
автолитография	N1	n
автомагистраль	N1	n
автомат	N1	n
автоматизация	N1	n
автоматизм	N1	n
автоматтандыр	V-TV	v-trans
автоматтандыру	N1	n
автоматты	A1,N1	adj+n
автоматша	ADV	adv
автоматшы	N1	n
автомеханик	N1	n
автомобилизм	N1	n
автомобиль	N1,N5	n
автомобильдік	A4	adj
автомобильші	N1	n
автомоделизм	N1	n
автоморфизм	N1	n
автоморфты	A1	adj
автомотоклуб	N1	n
автомұнара	N1	n
автонауа	N1	n
автономия	N1	n
автономиялы	A3	adj
автономиялық	A4	adj
автопісіруші	N1	n
автор	N1	n
автореферат	N1	n
авторизация	N1	n
авторитаризм	N1	n
авторитарлық	A4	adj
авторластыр	V-TV	v-trans
авторластыру	N1	n
авторлық	A1,N3	adj
автосауғыш	N1	n
автосервис	N1	n
автоспорт	N1	n
автосуару	N1	n
автосуарғыш	N1	n
автосуат	N1	n
автотаразы	N1	n
автотежеуіш	N1	n
автотиеуіш	N1	n
автотипия	N1	n
автотранспорт	N1	n
автотрансформатор	N1	n
автотрофты	A4	adj
автотуризм	N1	n
автотіркеме	N1	n
автотіркес	N1	n
автотіркеуіш	N1	n
автотүсіргі	N1	n
автотұрақ	N1	n
автофургон	N1	n
автошабандоз	N1	n
автошана	N1	n
автошеберхана	N1	n
автошығыр	N1	n
автоэкология	N1	n
автоқалам	N1	n
автоқұрылыс	N1	n
агат	N1	n
агглютинативті	A4	adj
агглютинация	N1	n
аггрегат	N1	n
агент	N1	n
агенттік	N1	n
агиографикалық	A4	adj
агиография	N1	n
агитацияла	V-TV	v-trans
агломерат	N1	n
агломерация	N1	n
агнозия	N1	n
агностик	N1	n
агностицизм	N1	n
агония	N1	n
агониялы	A1	adj
агора	N1	n
агорафобия	N1	n
аграрлы	A1	adj
аграрлық	A1	adj
агрегат	N1	n
агреман	N1	n
агрессивті	A1,ADV	adj+adv
агрессивтілік	N1	n
агрессия	N1	n
агрессиялық	A3	adj
агрессияшыл	A3	adj
агрессияшылдық	N1	n
агрессор	N1	n
агробақылау	N1	n
агробиология	N1	n
агроегіншілік	N1	n
агроереже	N1	n
агрокешен	N1	n
агроклиматтық	A4	adj
агрометеорология	N1	n
агроном	N1	n
агрономия	N1	n
агрооқыту	N1	n
агропункт	N1	n
агротехникалық	A4	adj
агротәсіл	N1	n
агрохимия	N1	n
агрошара	N1	n
агроэкология	N1	n
агроғылым	N1	n
агроөнеркәсіп	N1	n
агроөнеркәсіптік	A4	adj
ада	N1	n
адал	A3,ADV,N1	adj+adv+n
адалбақан	N1	n
адалда	V-TV	v-trans
адалдау	N1	n
адалдылық	N1	n
адалдық	N1	n
адалсын	V-IV	v-intrans
адам	N1	n
адам%	N-COMPOUND-PX	?
адамантты	A1	adj
адамгершілік	N1	n
адамгершіліксіз	A1	adj
адамгершіліксіздік	N1	n
адамгершілікті	ADV	adv
адамдық	N1	n
адамзат	N1	n
адамзаттық	A1,ADV	adj+adv
адами	A1	adj
адамсын	V-TV	v-trans
адамсүйгіштік	N1	n
адамтамыр	N1	n
адамша	ADV	adv
адамшылық	N1	n
адаптация	N1	n
адаптер	N1	n
адас	V-IV	v-intrans
адасушылық	N1	n
адасқандық	N1	n
адақ	ADV	adv
адақта	V-IV,V-TV	v-intrans+v-trans
адвербиалдану	N1	n
адвербиальді	A4	adj
адвокат	N1	n
адвокаттық	N1	n
аддендум	N1	n
адекваттық	A1,N1	adj+n
аденин	N1	n
аденозин	N1	n
аденома	N1	n
аденопатия	N1	n
адиабаталық	A4	adj
адипоцит	N1	n
администратор	N1	n
адмирал	N1	n
адреналин	N1	n
адрес	N1	n
адресат	N1	n
адрестелген	A4	adj
адрестік	A1	adj
адриатикалық	A1,A4	adj
адсорбент	N1	n
адсорбция	N1	n
адуынды	A1	adj
адуындық	N1	n
адъективті	A4	adj
адым	N1	n
адымда	V-IV	v-intrans
адымдаушы	A1	adj
адымдағыш	A1	adj
адымөлшер	N1	n
адыр	N1	n
адыр-бұдырлылық	N1	n
адыра%	A2,V-IV	adj+v-intrans
адырай	V-IV	v-intrans
адырайлық	N1	n
адыраспан	N1	n
адырақ	A1	adj
адыраңдық	N1	n
адырлы	A1	adj
адырна	N1	n
адьютант	N1	n
адюльтер	N1	n
ажал	N1	n
ажалды	A1	adj
ажалсыз	A1,N1	adj+n
ажалсыздық	N1	n
ажар	N1	n
ажарла	V-TV	v-trans
ажарлайтын	A1	adj
ажарлан	V-IV	v-intrans
ажарлаушы	N1	n
ажарлы	A1	adj
ажарлылық	N1	n
ажарсыздық	N1	n
аждаһа	N1	n
ажуа	N1	n
ажуа-мазақ	N1	n
ажуала	V-IV	v-intrans
ажуашыл	A1	adj
ажыра	V-IV,V-TV	v-intrans+v-trans
ажырайтындық	N1	n
ажырас	V-TV	v-trans
ажырастыру	N1	n
ажырат	V-TV	v-trans
ажырату	N1	n
ажыратушы	N1	n
ажыратыл	V-IV	v-intrans
ажыратылған	A4	adj
ажыратқы	N1	n
ажыратқыш	N1	n
ажырағысыз	A1	adj
ажырым	N1	n
ажырғы	N1	n
аз	A1,ADV,N1,V-IV	adj+adv+n+v-intrans
аз-аздан	ADV	adv
аз-кем	ADV	adv
азай	V-IV	v-intrans
азайт	V-TV	v-trans
азайту	N1	n
азайтылмайтын	A4	adj
азайтқыш	N1	n
азайғыш	N1	n
азала	V-IV	v-intrans
азалия	N1	n
азамат	N1	n
азаматтық	A1,A4,N1	adj+n
азаматша	N1	n
азаматшылық	N1	n
азан	N1	n
азан-қазан	N1	n
азанама	N1	n
азаншы	N1	n
азап	N1	n
азап%	V-IV	v-intrans
азапкер	N1	n
азапта	V-TV	v-trans
азаптан	V-IV	v-intrans
азаптау	N1	n
азаптаушы	N1	n
азапты	A1	adj
азаптық	N1	n
азарла	V-TV	v-trans
азарлау	N1	n
азарлы	A1	adj
азат	A1	adj
азат%	N1	n
азаткер	N1	n
азаттық	N1	n
азатшылық	N1	n
азаю	N1	n
азаюшылық	N1	n
азаңғы	A4	adj
азбан	A2,N1	adj+n
азбандық	N1	n
аздап	ADV	adv
аздап%	V-TV	v-trans
аздау	ADV	adv
аздаған	ADV	adv
аздыр	V-TV	v-trans
аздыратын	A1	adj
аздыру	N1	n
аздырушы	N1	n
аздырушылық	N1	n
азимут	N1	n
азимуталды	A4	adj
азиялық	A4,N1	adj+n
азот	N1	n
азотты	A1	adj
азошәует	N1	n
азсынушылық	N1	n
азсынған	A1	adj
азу	A1,N1	adj+n
азу%	A4	adj
азулы	A1	adj
азулы%	N1	n
азулылық	N1	n
азурит	N1	n
азусыздық	N1	n
азшылық	N1	n
азына	V-IV	v-intrans
азынақ	N1	n
азып-тоз	V-IV	v-intrans
азып-тозушылық	N1	n
азырақ	DET-QNT	det
азық	N1	n
азық-түлік	N1	n
азықбулауыш	N1	n
азықжуғыш	N1	n
азықтан	V-IV	v-intrans
азықтандыр	V-IV	v-intrans
азықтық	A1,A4	adj
азықхана	N1	n
азықцех	N1	n
азған	A4	adj
азғана	ADV	adv
азғантай	A1,ADV	adj+adv
азғын	N1	n
азғындан	V-IV	v-intrans
азғындау	N1	n
азғындаушылық	N1	n
азғындаған	A1	adj
азғындық	N1	n
азғыр	V-TV	v-trans
азғыру	N1	n
азғырушы	N1	n
азғырушы%	N1	n
азғырушылық	N1	n
азғырғыш	N1	n
ай	N1	n
ай%	ADV	adv
айбалта	N1	n
айбар	N1	n
айбарлы	ADV	adv
айбарлылық	N1	n
айбат	N1	n
айбаттық	N1	n
айбын	N1	n
айбындылық	N1	n
айбынсыздық	N1	n
айва	N1	n
айгөлек	N1	n
айда	V-TV	v-trans
айдала	N1	n
айдалған	A1	adj
айдам	N1	n
айдамала	V-IV	v-intrans
айдап%	V-IV,V-TV	v-intrans+v-trans
айдар	N1	n
айдарлы	A1	adj
айдарман	N1	n
айдарша	N1	n
айдаршық	N1	n
айдаршөп	N1	n
айдау	N1	n
айдаушы	N1	n
айдауыш	N1	n
айдағыш	N1	n
айдақ-жайдақ	A1	adj
айдақ-сайдақ	ADV	adv
айдаһар	N1	n
айдын	N1	n
айдынды	A1	adj
айкезбе	N1	n
айла	N1	n
айла-амал	N1	n
айла-шарғы	N1	n
айла-қулы	A1	adj
айла-қулық	N1	n
айла-әдіс	N1	n
айла-әрекет	N1	n
айлакер	A1,N1	adj+n
айлакерлік	N1	n
айлала	V-IV	v-intrans
айлалы	A1,N1	adj+n
айлалылық	N1	n
айлалық	N1	n
айламен	ADV	adv
айландыру	N1	n
айландыру%	N1	n
айланыс	N1	n
айлап	ADV	adv
айласыз	A4	adj
айласыздық	N1	n
айлақ	N1	n
айлақта	V-IV,V-TV	v-intrans+v-trans
айлақыл	V-IV	v-intrans
айлақылан	V-TV	v-trans
айлы	A4	adj
айлық	A4,N1	adj+n
аймала	V-TV	v-trans
аймалас	V-IV	v-intrans
аймақ	N1	n
аймақтау	N1	n
аймақты	ADV	adv
аймақтық	A3	adj
аймаққа%	V-TV	v-trans
айна	N1	n
айнал	V-IV,V-TV	v-intrans+v-trans
айнала	ADV,N1	adv+n
айнала%	V-TV	v-trans
айналайын	N1	n
айналаны%	V-TV	v-trans
айналдыр	V-TV	v-trans
айналдыра%	A1,V-TV	adj+v-trans
айналдыру	N1	n
айналма	N1	n
айналмалы	A3	adj
айналу	N1	n
айналшықта	V-TV	v-trans
айналы	A4	adj
айналым	N1	n
айналымды	A1	adj
айналымдылық	N1	n
айналымдық	A1	adj
айналып%	N1,V-TV	n+v-trans
айналыс	N1,V-IV	n+v-intrans
айнаша	N1	n
айны	V-IV	v-intrans
айнымалы	N1	n
айнымалылық	N1	n
айнымас	A1	adj
айныт	V-TV	v-trans
айнығыштық	N1	n
айпап-жайпа	V-TV	v-trans
айран	N1	n
айран-асыр	N1	n
айрыл	V-IV	v-intrans
айрылыс	V-TV	v-trans
айрықша	A1,ADV,N1	adj+adv+n
айрықшалық	N1	n
айсберг	N1	n
айсыз	A1	adj
айт	V-IV,V-TV	v-intrans+v-trans
айта%	V-TV	v-trans
айтарлықтай	A4	adj
айтақ	N1	n
айтақта	V-IV	v-intrans
айтақтат	V-IV	v-intrans
айтақшы	N1	n
айтпа	V-TV	v-trans
айтпас	A1	adj
айтпақшы	INTERJ	interj
айттыр	V-TV	v-trans
айту	N1,V-TV	n+v-trans
айтуларынша	CA	?
айтулы	A1	adj
айтушы	N1	n
айтуынша	CA	?
айтыл	V-IV,V-TV	v-intrans+v-trans
айтылған	A1	adj
айтып%	V-TV	v-trans
айтыс	N1,V-IV	n+v-intrans
айтқанды%	V-IV	v-intrans
айтқаны%	V-TV	v-trans
айтқанын%	V-TV	v-trans
айтқыз	V-TV	v-trans
айтқысыз	A1	adj
айуан	N1	n
айуанаттар%	N1	n
айуандарша	ADV	adv
айуандық	A4,N1	adj+n
айуанша	ADV	adv
айшанақ	N1	n
айшық	N1	n
айшықтама	N1	n
айшықты	A1	adj
айшықтылық	N1	n
айыл	N1	n
айылбас	N1	n
айылда	V-IV	v-intrans
айылым	N1	n
айып	N1	n
айып%	V-IV,V-TV	v-intrans+v-trans
айыпақы	N1	n
айыпкер	N1	n
айыпкерлік	N1	n
айыппұл	N1	n
айыппұл%	V-IV	v-intrans
айыпсыз	A1	adj
айыпта	V-TV	v-trans
айыптайтын	A4	adj
айыптал	V-IV	v-intrans
айыпталушы	A3	adj
айыптас	N1	n
айыптат	V-IV	v-intrans
айыптау	N1	n
айыптау%	N1	n
айыптаушы	N1	n
айыптаушылық	N1	n
айыпты	A2,N1	adj+n
айыптылық	N1	n
айыр	N1,V-TV	n+v-trans
айырбас	N1,V-TV	n+v-trans
айырбаста	V-TV	v-trans
айырбасталмайтын	A4	adj
айырбасталымды	A1	adj
айырбастау	N1	n
айырма	N1	n
айырмасыз	A3	adj
айырмашылық	N1	n
айырмүйіз	N1	n
айырмүіз	N1	n
айырсадақ	N1	n
айырт	V-IV	v-intrans
айыру	N1	n
айырушы	N1	n
айыршық	N1	n
айырыл	V-IV	v-intrans
айырылу	N1	n
айырылып%	V-IV	v-intrans
айырылыс	N1,V-IV,V-TV	n+v-intrans+v-trans
айырылысу	N1	n
айырым	N1	n
айырымдау	N1	n
айырымды	A1	adj
айырып-қосқыш	N1	n
айырыс	V-IV	v-intrans
айырық	N1	n
айырықсыз	A1	adj
айырғы	N1	n
айырғысыз	A1	adj
айырғыш	N1	n
айырқұйрық	N1	n
айық	A4,V-IV,V-TV	adj+v-intrans+v-trans
айықтыр	V-TV	v-trans
айықтырғыш	N1	n
айыққан	A1	adj
айғабақ	N1	n
айғай	N1	n
айғай-шу	N1	n
айғай-ұйғай	N1	n
айғайла	V-IV	v-intrans
айғайлап%	V-IV	v-intrans
айғайшы	N1	n
айғайшыл	A1	adj
айғақ	N1	n
айғақсыз	A1	adj
айғақсыздық	N1	n
айғақта	V-IV	v-intrans
айғыз	N1	n
айғызда	V-TV	v-trans
айғыр	N1	n
айқай	N1	n
айқай%	V-IV	v-intrans
айқай-сүрен	N1	n
айқай-шу	N1	n
айқайла	V-IV	v-intrans
айқайлап%	V-IV	v-intrans
айқайлы	A3	adj
айқайшылдық	N1	n
айқар	V-TV	v-trans
айқас	N1,V-IV	n+v-intrans
айқасатын	A4	adj
айқаспа	N1	n
айқастыр	V-TV	v-trans
айқасып%	V-IV	v-intrans
айқын	A1,ADV	adj+adv
айқын%	ADV	adv
айқында	V-TV	v-trans
айқындал	V-IV	v-intrans
айқындалатын	A4	adj
айқындама	N1	n
айқындан	V-TV-PASS	?
айқындат	V-TV	v-trans
айқындауыш	N1	n
айқындағыш	N1	n
айқындық	N1	n
айқыш	N1	n
айқыш-ұйқыш	N1	n
айқышта	V-TV	v-trans
акад.	ABBR	abbr
академизм	N1	n
академик	N1	n
академия	N1	n
академиялы	ADV	adv
академиялық	A1,A4,N1	adj+n
акант	N1	n
аканта	N1	n
аквабақ	N1	n
аквамәдениет	N1	n
акварель	N1	n
аквариум	N1	n
акватория	N1	n
акведук	N1	n
аквилон	N1	n
акклиматизация	N1	n
аккомпанемент	N1	n
аккомпонемент	N1	n
аккорд	N1	n
аккордеон	N1	n
аккордеоншы	N1	n
аккордтық	A3	adj
аккредитация	N1	n
аккредитив	N5	n
аккредитте	V-TV	v-trans
аккредиттеу	N1	n
аккреция	N1	n
аккультурация	N1	n
аккумулятор	A1,N1	adj+n
аконит	N1	n
акр	N1	n
акрил	N1	n
акробат	N1	n
акробаттық	A1	adj
акромегалия	N1	n
акроним	N1	n
акрополь	N1	n
акросомды	A4	adj
акселератор	N1	n
акселерометр	N1	n
аксельбант	N1	n
аксессуар	N1	n
аксиология	N1	n
аксиома	N1	n
аксиомалық	A3	adj
аксиоматикалық	A4	adj
аксонометрикалық	A4	adj
акт	N6	?
актер	N1	n
актерлік	A4	adj
актив	N5	n
активтендір	V-TV	v-trans
активтендіру	N1	n
активті	A1	adj
актинидия	N1	n
актриса	N1	n
актуальды	A1	adj
актуарлық	A4	adj
актілік	A1	adj
акула	N1	n
акустика	N1	n
акустикалық	A4	adj
акушер	N1	n
акушерка	N1	n
акушерлік	N1	n
акцент	N1	n
акцентология	N1	n
акцентте	V-IV	v-intrans
акценттеу	N1	n
акцентуация	N1	n
акцентуациялық	A3	adj
акцепт	N1	n
акцептор	N1	n
акциз	N1	n
акцион.	ABBR	abbr
акционер	N1	n
акционерлік	A4	adj
акционерлік%	N1	n
акция	N1	n
акысыз	A3	adj
ал	CC-PROTIV,CC-RAZDEL,V-TV,Vinfl-AUX	v-aux+v-trans
ала	A3	adj
алабажақ	A4,N1	adj+n
алабота	N1	n
алабүйі	N1	n
алабұрт	V-IV	v-intrans
алабұрту	N1	n
алабұта	N1	n
алабұға	N1	n
алабөтендік	N1	n
алайда	ADV,CA	adv
алакөлеңке	N1	n
алала	V-TV	v-trans
алалан	V-IV	v-intrans
алалық	N1	n
алалықсыз	N1	n
аламан	N1	n
аламандық	N1	n
алан	N1	n
аландық	A1	adj
алап	N1	n
алапа	N1	n
алапат	A1,N1	adj+n
алапес	N1	n
алар	V-IV	v-intrans
аларман	N1	n
аласа	A1	adj
аласалық	N1	n
аласапыран	N1	n
аласар	V-IV	v-intrans
аласату	N1	n
аласпан	N1	n
аласта	V-TV	v-trans
аластат	V-IV	v-intrans
аласұр	V-IV	v-intrans
аласұрт	V-TV	v-trans
аласұру	N1	n
аласұрған	A3	adj
алатышқан	N1	n
алатікен	N1	n
алатұяқ	N1	n
алау	N1	n
алаула	V-IV	v-intrans
алаулат	V-TV	v-trans
алаулы	A1	adj
алауыз	N1	n
алауыздық	N1	n
алаша	N1	n
алашордашыл	N1	n
алаяқ	N1	n
алаяқтық	N1	n
алағаншықтан	V-IV	v-intrans
алағат	A1	adj
алақайла	V-IV	v-intrans
алақан	N1	n
алақан%	N1	n
алақандық	A4	adj
алақол	A1	adj
алақоржын	N1	n
алақта	V-IV	v-intrans
алақұмай	N1	n
алақұрт	N1	n
алаң	N1	n
алаңда	V-IV	v-intrans
алаңдай	ADV	adv
алаңдайтын	A1	adj
алаңдат	V-TV	v-trans
алаңдатқан	A1	adj
алаңдаулы	A4	adj
алаңдаушылық	N1	n
алаңсыздық	N1	n
алаңша	N1	n
алаңғасар	A3	adj
алаңғасарлан	V-IV	v-intrans
алаңғасарланып	ADV	adv
алаңғасарлық	N1	n
алаңқай	N1	n
алаңқы	A3	adj
алаөкпе	N1	n
алба-жұлба	N1	n
албан	A3	adj
албаниялық	A4	adj
албанша	ADV-LANG	adv
албасты	N1	n
албау	N1	n
албыр-жалбыр	A3	adj
албыра	V-IV	v-intrans
албырт	A1,V-TV	adj+v-trans
албырттық	N1	n
алгебра	N1	n
алгебралық	A4	adj
алгоритм	N1	n
алгоритмдік	A4	adj
алд	N-INFL-NKI	?
алда	ADV,V-TV	adv+v-trans
алдампаздық	N1	n
алдамшы	A1,ADV,N1	adj+adv+n
алдан	V-IV,V-TV	v-intrans+v-trans
алдандыр	V-TV	v-trans
алданып%	V-IV	v-intrans
алданыс	N1	n
алданыш	N1	n
алданышты	A4	adj
алданғыш	A1	adj
алдап%	V-TV	v-trans
алдарқат	V-TV	v-trans
алдас	V-IV	v-intrans
алдау	N1	n
алдаушы	N1	n
алдаушылық	N1	n
алдауыш	A1	adj
алдағы	A1	adj
алдағыш	N1	n
алдияр	A2,N1	adj+n
алдиярла	V-IV	v-intrans
алды	N1	n
алдымен	ADV	adv
алдын	ADV	adv
алдын%	A1,ADV,N1,V-IV	adj+adv+n+v-intrans
алдын-ала%	N1	n
алдынан	ADV	adv
алдында	ADV	adv
алдында%	A4	adj
алдынғы	ADV	adv
алдыр	V-TV	v-trans
алдыңдағы	A4	adj
алдыңкүні	ADV	adv
алдыңғы	A3	adj
алдыңғы%	N1	n
алебастр	N1	n
александрит	N1	n
алжапқыш	N1	n
алжас	V-IV	v-intrans
алжасқан	A1	adj
алжирлік	A4	adj
алжу	N1	n
алжы	V-IV	v-intrans
алжұмыр	N1	n
ализарин	N1	n
алимент	N1	n
алиментарлы	A4	adj
алкалоид	N1	n
алкоголизм	N1	n
алкоголь	N1	n
алкогольдендіру	N1	n
алкогольді	A1	adj
аллегория	N1	n
аллель	N1	n
аллергия	N1	n
аллергиялық	A4	adj
аллерголог	N1	n
аллея	N1	n
аллигатор	N1	n
аллилуйя	N1	n
аллитерация	N1	n
алломорфты	A4	adj
аллопатия	N1	n
аллопатрикалық	A4	adj
аллотропия	N1	n
аллофон	N1	n
аллювиальді	A1	adj
аллювий	N1	n
аллювийлі	A1	adj
алма	N1	n
алма%	N1	n
алма-кезек	ADV	adv
алмаз	N1	n
алмалы	A1	adj
алмас	N1,V-IV,V-TV	n+v-intrans+v-trans
алмас%	A3	adj
алмастыр	V-TV	v-trans
алмастыру	N1	n
алмастырушы	N1	n
алмастырылатын	A4	adj
алмастырып%	N1	n
алмастырғыш	N1	n
алмасу	N1	n
алмасушылық	N1	n
алмасқан	A4	adj
алмұрт	N1	n
алмұрт%	A4	adj
алогизм	N1	n
аломорфты	A4	adj
алопеция	N1	n
алпамсадай	A1	adj
алпарыс	V-IV	v-intrans
алпауыт	N1	n
алпыс	NUM	num
алтайлық	A4	adj
алтарь	N1	n
алтау	NUM-COLL	?
алтаумыз	ADV	adv
алты	NUM	num
алты%	NUM	num
алтыатар	N1	n
алтыбағаналық	A4	adj
алтыбақан	N1	n
алтыбұрыш	N1	n
алтыжақты	A1	adj
алтылық	N1	n
алтын	A1,N1	adj+n
алтын%	N1,V-TV	n+v-trans
алтында	V-TV	v-trans
алтындай	ADV	adv
алтындат	V-TV	v-trans
алу	N1	n
алуа	N1	n
алуа-шекер	A1	adj
алуан	A1	adj
алуан-алуан	A1	adj
алуандық	N1	n
алуантүрлілік	N1	n
алушы	N1	n
алфавит	N1	n
алфавитті	A1	adj
алфавиттік	A3	adj
алхимик	N1	n
алхимия	N1	n
алхоры	N1	n
алша	N1	n
алшайт	V-TV	v-trans
алшақта	V-IV	v-intrans
алшақтат	V-TV	v-trans
алшақтық	N1	n
алшаң	A1	adj
алшаөрік	N1	n
алшы	N1	n
алшын	N1	n
алым	N1	n
алым-салық	N1	n
алым-салық%	N1	n
алымда	V-TV	v-trans
алымдылық	N1	n
алымсыз	A1	adj
алымы	N1	n
алымқор	N1	n
алымқорлық	N1	n
алын	V-IV,V-TV	v-intrans+v-trans
алына%	V-TV	v-trans
алып	A1,A4,N1	adj+n
алып%	V-IV,V-TV	v-intrans+v-trans
алып-сату	N1	n
алып-сатумен%	V-TV	v-trans
алыпсатар	N1	n
алыптық	N1	n
алыпқашты	N1	n
алыс	A1,ADV,N1,V-IV	adj+adv+n+v-intrans
алыс-беріс	N1	n
алыспақ	N1	n
алыста	ADV,V-IV	adv+v-intrans
алыстан	ADV	adv
алыстан%	N1	n
алыстат	V-TV	v-trans
алыстатыл	V-IV	v-intrans
алыстыр	V-TV	v-trans
алыстық	N1	n
алысу	N1	n
алысқа	ADV	adv
алық-салық	N1	n
альбатрос	N1	n
альбедо	N1	n
альбинос	N1	n
альбитом	N1	n
альбом	N1	n
альбумин	N1	n
альвеолярлы	A4	adj
альдегид	N1	n
альков	N1	n
альманах	N1	n
альмандин	N1	n
альпинизм	N1	n
альпинист	N1	n
альпілік	A1,A4	adj
альт	N1	n
альтерация	N1	n
альтернативті	ADV	adv
альтернатор	N1	n
альтернация	N1	n
альтиметр	N1	n
альтиметрия	N1	n
альтруизм	N1	n
альтруист	N1	n
альтруистік	A1	adj
альфа	N1	n
альфа-сәуле	N1	n
альцгеймер	N1	n
альянс	N1	n
алюминий	N1	n
алюминотермикалық	A4	adj
алюминотермия	N1	n
алюмосиликатты%	N1	n
алға	ADV	adv
алғаш	ADV-WITH-KI	adv
алғаш%	ADV,N1	adv+n
алғашында	ADV	adv
алғашқы	A3,ADV,N1	adj+adv+n
алғашқыда	ADV	adv
алғы	A1,N1	adj+n
алғыз	V-TV	v-trans
алғыр	A1	adj
алғырлық	N1	n
алғыс	A1,N1	adj+n
алғыс%	V-TV	v-trans
алғысты	ADV	adv
алғысөз	N1	n
алғышарт	N1	n
алқа	N1	n
алқа-салқа	A1	adj
алқалы%	N1	n
алқам-салқам	A1	adj
алқап	N1	n
алқоры	N1	n
алқызыл	A2	adj
алқызылдан	V-IV	v-intrans
алқылда	V-IV	v-intrans
алқым	N1	n
алқымда	V-TV	v-trans
алқын	V-IV	v-intrans
алқынды%	N1	n
алқындыр	V-TV	v-trans
алқыну	N1	n
алқынған	A4	adj
амазонит	N1	n
амазонка	N1	n
амал	N1	n
амал-айла	N1	n
амалда	V-IV,V-TV	v-intrans+v-trans
амалсыз	ADV	adv
амалсыздан	ADV	adv
амалсыздық	N1	n
амалшы	N1	n
амалшыл	A1	adj
амалшылық	N1	n
амальгама	N1	n
аман	A1	adj
аман%	V-IV	v-intrans
аманат	N1	n
амандас	V-IV	v-intrans
амандық	N1	n
амандық-саулық	N1	n
амбар	N1	n
амбилинеалды	A4	adj
амбиция	N1	n
амблиопия	N1	n
амбразура	N1	n
амброзия	N1	n
амбулатория	N1	n
аменорея	N1	n
америкалық	A4,N1	adj+n
американдық	A4,N1-NAT	adj+n
американизм	N1	n
американша	ADV-LANG	adv
америций	N1	n
аметист	N1	n
аметропия	N1	n
амиант	N1	n
амилаза	N1	n
амилоид	N1	n
амин	INTERJ,N1	interj+n
аминдік	A4	adj
аминқышқыл	N1	n
амитотикалық	A4	adj
аммиак	N1	n
аммоний	N1	n
амнезия	N1	n
амортизатор	N1	n
амортизация	N1	n
амортизацияланатын	A4	adj
аморфтық	N1	n
ампелография	N1	n
ампер	N1	n
амперметр	N1	n
амперометрия	N1	n
ампир	N1	n
ампициллин	N1	n
амплитуда	N1	n
ампула	N1	n
ампутация	N1	n
амулет	N1	n
амфетамин	N1	n
амфибия	N1	n
амфитеатр	N1	n
амфора	N1	n
ана	DET-DEM,N1	n
ана%	ADV,N1	adv+n
анабиоз	N1	n
анада	ADV	adv
анайлы-кавак	A1	adj
анайы	A1,ADV,N1	adj+adv+n
анайылық	N1	n
анаклитикалық	A4	adj
аналдық	A4	adj
анализ	N1	n
анализатор	N1	n
анализде	V-TV	v-trans
анализдік	A3	adj
аналитикалы	ADV	adv
аналитикалық	A4	adj
аналог	N1	n
аналогия	N1	n
аналогиялық	A1	adj
аналой	N1	n
аналық	A1,N1	adj+n
аналық%	A4,N1	adj+n
анальгезия	N1	n
анальгетик	N1	n
анаморфоз	N1	n
ананас	N1	n
анапест	N1	n
анар	A1,N1	adj+n
анархизм	N1	n
анархист	N1	n
анархия	N1	n
анархиялық	A4	adj
анархо-синдикализм	N1	n
анастомоз	N1	n
анатоксин	N1	n
анатомда	V-TV	v-trans
анатомия	N1	n
анатомиялық	A4	adj
анау	DET-DEM	?
анафориялық	A4	adj
анахронизм	N1	n
анаэроб	N1	n
анаэробты	A4	adj
анағұрлым	A1,ADV	adj+adv
ангажемент	N1	n
ангар	N1	n
ангидрид	N1	n
ангиома	N1	n
англ	ABBR	abbr
англикандық	A1	adj
англицизм	N1	n
ангольді	A1	adj
ангора	N1	n
ангстрмн	N1	n
анда	ADV,V-IV	adv+v-intrans
анда-мұнда	ADV	adv
анда-санда	ADV	adv
андат	V-TV	v-trans
андезин	N1	n
андезит	N1	n
андроид	N1	n
андрология	N1	n
андронов	A1	adj
андыз	N1	n
аневризм	N1	n
анекдот	N1	n
анемограф	N1	n
анемометр	N1	n
анемон	N1	n
анемофильді	A4	adj
анероид	N1	n
анестезиолог	N1	n
анестезия	N1	n
анизотропия	N1	n
анизотропты	A4	adj
анилин	N1	n
анимализм	N1	n
анимация	N1	n
аниме	N1	n
анимизм	N1	n
анион	N1	n
анис	N1	n
анис%	N-COMPOUND-PX	?
анкер	N1	n
анклав	N1	n
аннексия	N1	n
аннексияла	V-TV	v-trans
аннексияшы	N1	n
аннигиляция	N1	n
аннотация	N1	n
аннуляция	N1	n
анод	N1	n
аномалды	A1	adj
аномалия	N1	n
аномальді	ADV	adv
аноним	A1,N1	adj+n
анонимді	ADV	adv
анонс	N1	n
анорексия	N1	n
анохроникалық	A1	adj
ансамбль	N1	n
ансамбльдік	A3	adj
ант	N1	n
ант%	V-TV	v-trans
антагонизм	N1	n
антагонист	N1	n
антагонистік	A1	adj
антала	V-TV	v-trans
антарктикалық	A1	adj
антбұзар	N1	n
антенна	N1	n
антецедент	N1	n
антибиотик	N1	n
антибиотикті	A4	adj
антибұқарашыл	A1	adj
антибөлшек	N1	n
антивирустік	A4	adj
антидемократизм	N1	n
антидене	N1	n
антидепрессантты	A4	adj
антидот	N1	n
антизат	N1	n
антиинтеллектуализм	N1	n
антикварлы	A1	adj
антикеңесші	N1	n
антиклерикалдық	A4	adj
антиклерикалық	A4	adj
антикоагулянт	N1	n
антикоммунизм	N1	n
антимилитаризм	N1	n
антинорманн	A1	adj
антинәсілшіл	A1	adj
антиоксидант	N1	n
антипараллельді	A4	adj
антипартиялық	A3	adj
антирациализм	N1	n
антирефлексивті	A4	adj
антисанитарлық	A3	adj
антисемитизм	N1	n
антисимметриялы	A4	adj
антистатикалы	A1	adj
антитеза	N1	n
антитезис	N1	n
антитоксин	N1	n
антиутопия	N1	n
антиферромагнитті	A4	adj
антифон	N1	n
антифриз	N1	n
антициклон	N1	n
антициклондық	A4	adj
антиядролық	A4	adj
антология	N1	n
антологиялық	A4	adj
антоним	N1	n
антономазия	N1	n
антракт	N1	n
антрацит	N1	n
антрекот	N1	n
антропогендік	A4	adj
антропогенез	N1	n
антропоидты	A4	adj
антрополог	N1	n
антропология	N1	n
антропологиялық	A4	adj
антропометр	N1	n
антропометрия	N1	n
антропоморфизм	N1	n
антропоним	N1	n
антропоцентризм	N1	n
анттас	V-IV	v-intrans
антқорлық	N1	n
антұрған	A1	adj
анхар	N1	n
анчар	N1	n
анчоус	N1	n
анық	A1,ADV	adj+adv
анық%	A1	adj
анықсыз	A4,ADV	adj+adv
анықта	V-TV	v-trans
анықтал	V-TV	v-trans
анықталатын	A1	adj
анықталмаған	A1	adj
анықталған	A1	adj
анықтама	N1	n
анықтамалық	A1,N1	adj+n
анықтап%	V-TV	v-trans
анықтат	V-TV	v-trans
анықтау	N1	n
анықтауыш	N1	n
анықтаған	A1	adj
анықтағыш	N1	n
анықтық	N1	n
аорист	N1	n
апа	N1	n
апай	N1	n
апайтөс	A1	adj
апалақ-сапалақ	A1	adj
апалақта	V-IV	v-intrans
апалақтас	V-IV	v-intrans
апалы-сіңілілік	N1	n
апан	N1	n
апар	V-TV	v-trans
апартеид	N1	n
апарып%	V-TV	v-trans
апат	N1	n
апатай	N1	n
апатит	N1	n
апатиялық	A1	adj
апатты	A1	adj
апаттылық	N1	n
апелляция	N1	n
апелляциялық	A4	adj
апельсин	N1	n
аперитив	N1	n
апитерапия	N1	n
апиын	N1	n
аплазия	N1	n
апо%	N1	n
апокалипсис	N1	n
апокалипстік	A1	adj
апокалиптикалық	A4	adj
апокопа	N1	n
апокриф	N1	n
аполитизм	N1	n
апология	N1	n
апологиялық	A1	adj
апоплексия	N1	n
апостол	N1	n
апостолдық	N1	n
апостроф	N1	n
апофеоз	N1	n
апофония	N1	n
аппарат	N1	n
аппаратура	N1	n
аппаратшы	N1	n
аппақ	A3	adj
аппендикс	N1	n
аппендицит	N1	n
аппликация	N1	n
аппозиция	N1	n
аппроксимация	N1	n
апр	ABBR	abbr
апр.	ABBR	abbr
апраксия	N1	n
априорлылық	N1	n
апробация	N1	n
апсида	N1	n
апта	N1	n
апта%	ADV	adv
апталап	ADV	adv
апталық	A1,N1	adj+n
аптап	N1	n
аптапты	A1	adj
аптека	N1	n
аптық	V-TV	v-trans
апшы	V-IV	v-intrans
апыл-ғұпыл	ADV	adv
апыр-жапыр	N1	n
ар	N1	n
ар-иман	N1	n
ар-ождан	N1	n
ара	A1,N1	adj+n
ара%	N1,V-IV	n+v-intrans
араб	A2,N1	adj+n
арабизм	N1	n
арабтану	N1	n
арабша	ADV-LANG	adv
арагоненизм	N1	n
арагонит	N1	n
арада	ADV	adv
араз	A4	adj
араздас	V-IV	v-intrans
араздастыр	V-TV	v-trans
араздық	N1	n
арай	N1	n
арайландыр	V-IV	v-intrans
арайлы	A1	adj
арал	N1	n
арала	V-TV	v-trans
аралап%	V-IV,V-TV	v-intrans+v-trans
аралас	A1,A4,N1,V-IV	adj+n+v-intrans
аралас-құралас	N1	n
араласа	ADV	adv
араласпаушылық	N1	n
аралассыз	A1	adj
араластыр	V-IV	v-intrans
араластырғыш	N1	n
араласушы	A4	adj
араласқан	A4	adj
аралаушы	N1	n
аралдық	A4	adj
аралық	A4,N1	adj+n
аралық%	N1	n
арам	A1,N1	adj+n
арам%	V-IV	v-intrans
арамда	V-TV	v-trans
арамдық	N1	n
арамейша	ADV-LANG	adv
арамен%	V-IV,V-TV	v-intrans+v-trans
арамза	A1,N1	adj+n
арамсояу	N1	n
арамтамақ	N1	n
арамтамақтық	N1	n
арамтұмсық	N1	n
арамшағыр	N1	n
арамшытыр	N1	n
арамшөп	N1	n
арамшөптілік	N1	n
аран	N1	n
арандат	V-IV	v-intrans
арандату	N1	n
арандатушы	N1	n
арандатушылық	N1	n
аранжирлеуші	N1	n
аранжировка	N1	n
арасан	N1	n
арасында	ADV	adv
араукария	N1	n
араша	N1	n
арашала	V-IV	v-intrans
арашалық	N1	n
арашашы	N1	n
арашы	N1	n
арақ	N1	n
арақатынас	N1	n
арақашықтық	N1	n
араққұмар	N1	n
арба	N1,V-IV	n+v-intrans
арбакеш	N1	n
арбалет	N1	n
арбалық	A1	adj
арбау	N1	n
арбаушы	N1	n
арбаушылық	N1	n
арбауыш	N1	n
арбаша	N1	n
арбашы	N1	n
арбаң-тарбаң	A1	adj
арбитраж	N1	n
аргентиналық	A4	adj
аргинин	N1	n
аргон	N1	n
арготизм	N1	n
ардагер	N1	n
ардақ	A1,N1	adj+n
ардақта	V-TV	v-trans
ардақтау	N1	n
ардақты	A2	adj
ардометр	N1	n
ареал	N1	n
арена	N1	n
арендалық	A3	adj
ареометр	N1	n
арефлексия	N1	n
арзан	A1,ADV	adj+adv
арзандату	N1	n
арзандық	N1	n
арзанқол	N1	n
аридтік	A1	adj
ариетта	N1	n
арий	N1	n
аристократия	N1	n
аристократтық	A1,N1	adj+n
аристотельдік	A4	adj
аритмия	N1	n
арифметика	N1	n
арифметикалық	A4	adj
арифмограф	N1	n
арифмометр	N1	n
ария	N1	n
арка	N1	n
аркада	N1	n
арктикалық	A4	adj
арла	V-TV	v-trans
арлан	V-IV	v-intrans
арлы	A1	adj
арлылық	N1	n
арман	N1	n
арманда	V-IV	v-intrans
армандас	N1	n
армандық	A4	adj
арманшыл	A1	adj
арманшылдық	N1	n
арматура	N1	n
арматурашы	N1	n
армия	N1	n
армян	N1	n
армянша	ADV-LANG	adv
арна	N1,V-TV	n+v-trans
арнайы	A1	adj
арнайыландыру	N1	n
арналы	A1	adj
арналған	POST-DAT	post
арнау	N1	n
арнаулы	A3	adj
аромат	N1	n
ароматтық	A1	adj
арпа	N1	n
арпалыс	N1,V-IV	n+v-intrans
арпыл-тарпыл	A1	adj
арс	IDEO,N1	interj+n
арс%	V-IV	v-intrans
арсалақта	V-IV	v-intrans
арсалаңда	V-IV	v-intrans
арсенал	N1	n
арсенат	N1	n
арсыз	A1,N1	adj+n
арсыздан	V-IV	v-intrans
арсыздық	A1,N1	adj+n
арсылда	V-IV	v-intrans
арт	N-INFL-NKI,V-IV	v-intrans
арт%	ADV	adv
арт-дизайн	N6	?
артельші	N1	n
артериосклероз	N1	n
артерия	N1	n
артериялық	A4	adj
артефакт	N6	?
артикль	N1	n
артикул	N1	n
артикуляция	N1	n
артикуляциялық	A4	adj
артиллерия	N1	n
артиллериялық	A4	adj
артиллерияшы	N1	n
артист	N5	n
артралгия	N1	n
артральгия	N1	n
артрология	N1	n
артроскопия	N1	n
артта	ADV	adv
арттан	ADV	adv
арттыр	V-TV	v-trans
арттырыл	V-IV	v-intrans
артыл	V-IV	v-intrans
артын	V-TV	v-trans
артынан	ADV	adv
артында	ADV	adv
артынша	ADV	adv
артып%	V-IV	v-intrans
артығым	N1	n
артығырақ%	V-IV	v-intrans
артық	A1,ADV,POST-ABL	adj+adv
артық%	N1,V-IV,V-TV	n+v-intrans+v-trans
артықтау	A1	adj
артықтылық	N1	n
артықтық	N1	n
артықшылық	N1	n
артқа	ADV	adv
артқы	A3	adj
артқы%	N1	n
артқыз	V-TV	v-trans
ару	A3,N1	adj+n
аруақ	N1	n
аруақты	A1	adj
арулық	N1	n
арфа	N1	n
архаизм	N1	n
архаика	A1	adj
архантроп	N1	n
археография	N1	n
археолог	N1	n
археология	N1	n
археологиялық	A4	adj
архетип	N1	n
архив	N1	n
архиватор	N1	n
архивольт	N1	n
архивтік	A1	adj
архившы	N1	n
архиепископ	N1	n
архимандрит	N1	n
архимедті	A4	adj
архипелаг	N1	n
архитектор	N1	n
архитектура	N1	n
архитектуралық	A4	adj
архитрав	N1	n
архифонема	N1	n
архонт	N1	n
арш	V-TV	v-trans
арша	N1	n
аршагүл	N1	n
аршу	N1	n
аршушы	N1	n
аршы	V-TV	v-trans
аршылған	A1,A4	adj
аршын	N1	n
аршында	V-TV	v-trans
аршынды	A3	adj
аршыт	V-IV	v-intrans
ары	V-IV	v-intrans
арыз	N1	n
арыз%	N1	n
арыздас	V-IV	v-intrans
арызқой	N1	n
арыл	V-IV	v-intrans
арылт	V-TV	v-trans
арылту	N1	n
арын	N1	n
арындауық	N1	n
арынды	A3	adj
арыншыл	A3	adj
арыс	N1	n
арыстан	A1,N1	adj+n
арыт	V-TV	v-trans
арыш	N1	n
арыған	A4	adj
арық	A2,N1	adj+n
арық-тұрық	A1	adj
арықсын	V-TV	v-trans
арықта	V-IV	v-intrans
арықтат	V-TV	v-trans
арықтық	N1	n
арьергард	N1	n
арғы	A2	adj
арғы%	ADV,N1	adv+n
арғымақ	A1,N1	adj+n
арғын	N1	n
арқа	N1	n
арқа%	N1	n
арқалайтын	A1	adj
арқалан	V-IV	v-intrans
арқалат	V-TV	v-trans
арқалық	A1,N1	adj+n
арқан	N1	n
арқанда	V-TV	v-trans
арқандал	V-TV	v-trans
арқанды%	N1	n
арқар	N1	n
арқасыз	A1	adj
арқасыздық	N1	n
арқау%	V-TV	v-trans
арқылы	ADV,CC-SOYED,POST-NOM	adv+conj+post
арқыра	V-IV	v-intrans
ас	N1,V-IV,V-TV	n+v-intrans+v-trans
ас%	A4,N1,V-IV,V-TV	adj+n+v-intrans+v-trans
ас-су	N1	n
аса	A1,ADV	adj+adv
аса%	N1,V-IV,V-TV	n+v-intrans+v-trans
аса-таяқ	N1	n
асаба	N1	n
асар	N1	n
асатаяқ	N1	n
асатын	A1	adj
асау	A2,N1	adj+n
асаулық	N1	n
асауыш	N1	n
асбест	N1	n
асболит	N1	n
асептикалық	A4	adj
асимметрия	N1	n
асимметриялық	A1	adj
асимптота	N1	n
асимптотикалық	A4	adj
асинергия	N1	n
асинхронды	A4	adj
аскетизм	N1	n
аскорбинка	N1	n
аскөк	N1	n
аспа	N1	n
аспа-жалап	A1,N1	adj+n
аспаз	N1	n
аспаздық	A1,N1	adj+n
аспазшы	N1	n
аспалы%	N1	n
аспан	N1	n
аспан%	N1	n
аспанда	V-IV	v-intrans
аспандық	A1	adj
аспап	N1	n
аспаптан	V-IV	v-intrans
аспапты	A1	adj
аспаптық	A1,N1	adj+n
аспапшы	N1	n
аспарагус	N1	n
аспашам	N1	n
аспект	N6	?
аспирант	N1	n
аспирантура	N1	n
аспиратор	N1	n
аспирация	N1	n
аспирин	N1	n
ассамблея	N5	n
ассемблер	N1	n
ассерторикалық	A4	adj
ассигнациялан	V-IV	v-intrans
ассимиляция	N1	n
ассимиляцияла	V-TV	v-trans
ассимиляциялық	A4	adj
ассистент	N1	n
ассонанс	N1	n
ассортимент	N1	n
ассоциативтік	A1	adj
ассоциация	N1,N5	n
аст	N-INFL-NKI	?
астазия	N1	n
астам	A1,ADV	adj+adv
астан-кестен	N1	n
астан-кестен%	A1,N1	adj+n
астан-кестең	ADV	adv
астана	N1	n
астаналық	A1	adj
астар	N1	n
астарла	V-IV,V-TV	v-intrans+v-trans
астарлап	ADV	adv
астарлы	A4	adj
астас	N1	n
астасу	N1	n
астатикалық	A4	adj
астау	N1	n
астауша	N1	n
астения	N1	n
астеносфера	N1	n
астероид	N1	n
астигматизм	N1	n
астробиология	N1	n
астрогеография	N1	n
астрогеология	N1	n
астрограф	N1	n
астролог	N1	n
астрология	N1	n
астролябия	N1	n
астроном	N1	n
астрономия	N1	n
астрономиялық	A4	adj
астрофизик	N1	n
астрофотография	N1	n
астрофотометр	N1	n
астрохимия	N1	n
астроцит	N1	n
асты	N1	n
астын%	V-TV	v-trans
астын-үстін	ADV	adv
астынан	ADV	adv
астында	ADV	adv
астыртын	A1,ADV	adj+adv
астық	A1,N1	adj+n
астық%	N1,V-TV	n+v-trans
астықкептіргіш	N1	n
астықсыз	A1	adj
астықтасығыш	N1	n
астықтиеуіш	N1	n
астықты	A1	adj
астыңғы	A3	adj
асу	N1	n
асфальт	N1	n
асфальтпен%	V-TV	v-trans
асфальттік	A4	adj
асфиксия	N1	n
асхана	N1	n
асханашы	N1	n
асшаян	N1	n
асыл	A3,V-IV	adj+v-intrans
асыл%	N1	n
асылатын	N1	n
асылдан	V-IV	v-intrans
асылдық	N1	n
асылзада	N1	n
асылық	N1	n
асылған	A1	adj
асым	N1	n
асып%	V-IV	v-intrans
асып-тас	V-IV	v-intrans
асып-тасушылық	N1	n
асыр	V-TV	v-trans
асыра	V-TV	v-trans
асыра%	N1,V-IV,V-TV	n+v-intrans+v-trans
асырадоза	N1	n
асыранды	A3,N1	adj+n
асыраушы	N1	n
асырмалық	N1	n
асырушылық	N1	n
асырып%	V-TV	v-trans
асырғандық	N1	n
асығатын	A1	adj
асығыс	A1,ADV,N1	adj+adv+n
асығыста	ADV	adv
асығыстық	N1	n
асық	N1,V-IV,V-TV	n+v-intrans+v-trans
асық%	N1	n
асықпа	V-IV	v-intrans
асықпай	ADV	adv
асықпаушылық	N1	n
асықты%	A4	adj
асықтыр	V-TV	v-trans
асыққыш	A1	adj
асқабақ	A1,N1	adj+n
асқазан	N1	n
асқазандық	A4	adj
асқан	A1	adj
асқар	A1	adj
асқатық	N1	n
асқақ	A1,ADV	adj+adv
асқақта	V-IV	v-intrans
асқақтап	ADV	adv
асқақтаушылық	N1	n
асқақтық	N1	n
асқорыту	N1	n
асқын	V-IV	v-intrans
асқындат	V-IV	v-intrans
асқындыр	V-TV	v-trans
асқындырылған	A1	adj
асқыну	N1	n
асқынып%	V-IV	v-intrans
асқыш	N1	n
асүй	N1	n
ат	N1,V-TV	n+v-trans
ат%	V-TV	v-trans
ат-жарақ	N1	n
ат-көлік	N1	n
ата	N1,V-TV	n+v-trans
ата-ана	N1	n
ата-аналық	A1	adj
ата-баба	N1	n
ата-бабалық	A1	adj
ата-мекен	N1	n
ата-тек	N1	n
атавизм	N1	n
атажұрт	N1	n
атайы	A1	adj
атака	N1	n
атаксия	N1	n
атал	V-IV	v-intrans
аталас	N1	n
аталмыш	A4	adj
аталым	N1	n
аталын	V-IV	v-intrans
аталық	A1,N1	adj+n
атамекен	N1	n
атамзаманғы	A1	adj
атан	N1,V-IV	n+v-intrans
атап	N1	n
атап%	N1,V-TV	n+v-trans
атарман-шабарман	N1	n
атастыр	V-TV	v-trans
атастыру	N1	n
атасы	N-COMPOUND-PX	?
ататегі	N1	n
ататіл	N1	n
атау	N1	n
атаулы	A2,A4	adj
атаусыз	A1	adj
атауыз	N1	n
атағын%	N1	n
атақ	N1	n
атақ%	N1	n
атақ-даңқ	N1	n
атақоныс	N1	n
атақсыз	A1	adj
атақсыздық	N1	n
атақтан	V-IV	v-intrans
атақты	A3	adj
атақтылық	N1	n
атаққұмар	A1,N1	adj+n
атаққұмарлық	N1	n
атбайлар	N1	n
атбағар	N1	n
атдорба	N1	n
атеизм	N1	n
атеист	N1	n
атеистік	A4	adj
атерома	N1	n
атеросклероз	N1	n
атжал	N1	n
атжалман	N1	n
атком	N1	n
атлас	N1	n
атлет	N1	n
атлетизм	N1	n
атлетика	N1	n
атлетикалы	A1	adj
атмометр	N1	n
атмосфера	N1	n
атмосфералық	A4	adj
атолл	N1	n
атом	N1	n
атомды	A1	adj
атомдық	A4	adj
атомизатор	N1	n
атомизм	N1	n
атомистикалық	A4	adj
атомшы	N1	n
атония	N1	n
атониялық	A4	adj
атрибут	N1	n
атрибуция	N1	n
атриум	N1	n
атропин	N1	n
атрофия	N1	n
атсыз	A4	adj
атта	V-TV	v-trans
аттамалы	A1,ADV	adj+adv
аттан	N1,V-IV	n+v-intrans
аттандыр	V-TV	v-trans
аттаныс	V-TV	v-trans
аттап%	V-IV	v-intrans
аттас	N1	n
аттат	V-IV	v-intrans
аттестат	N1	n
аттестаттау	N1	n
аттракцион	N1	n
атты	A4,N1	adj+n
аттылы	A1	adj
ату	N1	n
атшабар	N1	n
атшы	N1	n
аты	N1	n
атыз	N1	n
атыл	V-IV	v-intrans
атылыс	N1	n
атымен	ADV	adv
атын%	V-TV	v-trans
атына%	N1	n
атынан	ADV	adv
атып%	V-TV	v-trans
атырап	N1	n
атырау	N1	n
атыс	N1	n
атыс%	N1	n
атыспақ	N1	n
атыстыр	V-TV	v-trans
атыстыру	N1	n
атқазық	N1	n
атқамінер	N1	n
атқамінерлік	N1	n
атқар	V-TV	v-trans
атқарарлық	A1	adj
атқарушы	N1	n
атқарушылық	A4	adj
атқонақ	N1	n
атқора	N1	n
атқосшы	N1	n
атқосшылық	N1	n
атқыла	V-IV,V-TV	v-intrans+v-trans
атқылау	N1	n
атқыш	N1	n
атқұмар	N1	n
ау	INTERJ,N1,V-IV	interj+n+v-intrans
ауа	N1	n
ауа%	A4,N-COMPOUND-PX,N1	adj+n
ауалық	A4	adj
ауамдық	A1,N1	adj+n
ауан	N1	n
ауатамыр	N1	n
аудан	N1	n
ауданаралық	A4	adj
аудандастыру	N1	n
аудандық	A3	adj
аудар	V-TV	v-trans
аударма	N1	n
аудармашы	N1	n
аударушы	N1	n
аударыл	V-IV	v-intrans
аударым	N1	n
аударып%	N1	n
аударыс	N1	n
аударғыш	N1	n
аудиенция	N1	n
аудио	N1	n
аудиовизуальдық	A1	adj
аудиометр	N1	n
аудит	N1	n
аудитор	N1	n
аудитория	N1	n
аудырыл	V-TV	v-trans
аузы	N1	n
аузы%	N1	n
аузын%	V-IV	v-intrans
аукцион	N1	n
аукционда%	V-TV	v-trans
аукционер	N1	n
аула	N1,V-TV	n+v-trans
аулап%	V-TV	v-trans
аулау	N1	n
аулағыш	N1	n
аулақ	A1,ADV	adj+adv
аулақта	V-IV,V-TV	v-intrans+v-trans
аулақтан	V-IV	v-intrans
аулақтану	N1	n
аулақтанған	A1	adj
аулақтат	V-TV	v-trans
аулақтау	N1	n
аум.	ABBR	abbr
аумалы	A1	adj
аумалылық	N1	n
аумақ	N1	n
аумақтау	N1	n
аумақты	A1	adj
аумақтық	A4,ADV,N1	adj+adv+n
аумин	N1	n
ауна	V-IV	v-intrans
аунап-құна	V-IV	v-intrans
аунат	V-TV	v-trans
аунатылатын	A1	adj
аунақш	V-IV	v-intrans
аунақшып	ADV	adv
аура	N1	n
аурикулярлық	A4	adj
ауру	A1,N1	adj+n
аурусыз	A1	adj
аурусыздық	N1	n
аурухана	N1	n
аурушаң	A1	adj
аурушаңдық	N1	n
ауруға%	A1	adj
аускультация	N1	n
аустенит	N1	n
аустралиялық	A4	adj
аустриялық	A4	adj
аут	N1	n
аутизм	N1	n
аутист	N1	n
аутосома	N1	n
аутофагия	N1	n
аутсорсинг	N1	n
аушы	N1	n
ауыз	N1	n
ауыз%	N1	n
ауыз-үй	N1	n
ауызаяқтылар	N1	n
ауыздан	N1	n
ауыздық	N1	n
ауыздықта	V-TV	v-trans
ауыздықтау	N1	n
ауызекі	A1,ADV	adj+adv
ауызомыртқа	N1	n
ауызша	A4,ADV	adj+adv
ауызғы%	N1	n
ауыл	N1	n
ауыл%	N1	n
ауылдас	N1	n
ауылдастық	N1	n
ауылды	A1	adj
ауылдық	A1,A4,N1	adj+n
ауылдық%	N1	n
ауылшаруашылық	A4,N1	adj+n
ауып	N1	n
ауып%	N1,V-IV	n+v-intrans
ауыр	A4,ADV,N1,V-IV	adj+adv+n+v-intrans
ауыр%	N1	n
ауырла	V-IV	v-intrans
ауырлан	V-IV	v-intrans
ауырлық	N1	n
ауырмалдық	N1	n
ауырсын	V-IV	v-intrans
ауырсындырма	V-IV	v-intrans
ауырт	V-TV	v-trans
ауыртатын	A3	adj
ауыртпа	V-IV	v-intrans
ауыртпай	ADV	adv
ауыртпалы	A4	adj
ауыртпалық	N1	n
ауыртпалық%	V-IV	v-intrans
ауыртпалықсыз	A1	adj
ауыртып	ADV	adv
ауыруды%	N1	n
ауыс	V-IV	v-intrans
ауыс-түйіс	N1	n
ауыспалы	A1	adj
ауыспалылық	N1	n
ауыспас	A1	adj
ауыстыр	V-TV	v-trans
ауыстыру	N1	n
ауыстырушы	N1	n
ауыстырушылық	N1	n
ауыстырылу	N1	n
ауыстырылған	A1	adj
ауыстырым	N1	n
ауыстырып%	N1,V-IV,V-TV	n+v-intrans+v-trans
ауыстырғыш	N1	n
ауысу	N1	n
ауысым	N1	n
ауысымды	A4	adj
ауытқ	V-IV	v-intrans
ауытқитын	A1	adj
ауытқу	N1	n
ауытқушылық	N1	n
ауытқы	V-IV	v-intrans
ауытқымалы	A3,N1	adj+n
ауық-ауық	ADV	adv
ауған	N1	n
ауғандық	A4	adj
ауғын	N1	n
ауғыш	A1	adj
ауқат	N1	n
ауқатты	A1	adj
ауқаттылық	N1	n
ауқым	N1	n
ауқымдан	V-IV	v-intrans
ауқымдау	N1	n
ауқымды	A2	adj
афазия	N1	n
афиналық	A1	adj
афиша	N1	n
афония	N1	n
афоризм	N1	n
африкаанс	ADV-LANG	adv
африкандылық	N1	n
африкандық	A1	adj
афронт	N1	n
аффект	N1	n
аффектация	N1	n
аффективті	A4	adj
аффикс	N1	n
аффиксация	N1	n
аффинді	A4	adj
ахроматикалық	A4	adj
ахроматопсия	N1	n
ахуал	N1	n
ахун	N1	n
ацетат	N1	n
ацетилен	N1	n
ацетилхолин	N1	n
ацетон	N1	n
ацетофенон	N1	n
ацидоз	N1	n
ациклдық	A4	adj
аш	A1,N1,V-TV	adj+n+v-trans
аш%	N1	n
аша	N1	n
ашалық	N1	n
ашамай	N1	n
ашаршылық	N1	n
ашбүйір	N1	n
ашкөз	N1	n
ашкөзден	V-IV	v-intrans
ашкөздік	N1	n
аштық	N1	n
ашу	N1	n
ашу%	V-IV	v-intrans
ашудас	N1	n
ашулан	V-IV	v-intrans
ашуландыр	V-TV	v-trans
ашуланшақ	A1	adj
ашуланшақтық	N1	n
ашуланып%	V-IV	v-intrans
ашуланған	A1	adj
ашулы	A3	adj
ашумен	ADV	adv
ашушаң	A4	adj
ашушаңдық	N1	n
ашуын%	V-IV	v-intrans
ашуқор	A1,N1	adj+n
ашыл	V-IV,V-TV	v-intrans+v-trans
ашылу	N1	n
ашылым	N1	n
ашылып%	V-IV	v-intrans
ашылған	A4	adj
ашыма	N1	n
ашымақ	N1	n
ашын	V-IV	v-intrans
ашына	N1	n
ашыналық	N1	n
ашындыратын	A1	adj
ашыну	N1	n
ашынған	A4	adj
ашып%	V-TV	v-trans
ашып-жарып	ADV	adv
ашырқаған	A1	adj
ашыт	V-TV	v-trans
ашытатын	A1	adj
ашытқы	N1	n
ашытқылық	N1	n
ашытқыш	N1	n
ашығу	N1	n
ашық	A1,ADV,N1,V-IV	adj+adv+n+v-intrans
ашық%	ADV,N1	adv+n
ашық-жарқын	A1	adj
ашықауыз	N1	n
ашықауыздық	N1	n
ашықтық	N1	n
ашыққан	N1	n
ашқарақ	A1,N1	adj+n
ашқыш	N1	n
ащы	A2,ADV	adj+adv
ащы%	N1	n
ащылау	A1	adj
ащылық	N1	n
аэроб	N1	n
аэробика	N1	n
аэробты	A4	adj
аэробус	N1	n
аэрограф	N1	n
аэрография	N1	n
аэродинамикалық	A4	adj
аэродром	N1	n
аэрозоль	N1	n
аэроклуб	N1	n
аэролит	N1	n
аэролифт	N1	n
аэролог	N1	n
аэрология	N1	n
аэромектеп	N1	n
аэрометр	N1	n
аэрометрия	N1	n
аэромобиль	N1	n
аэрон	N1	n
аэронавигация	N1	n
аэронавигациялық	A4	adj
аэроплан	N1	n
аэросебу	N1	n
аэростат	N1	n
аэросурет	N1	n
аэросүзгі	N1	n
аэротермометр	N1	n
аэротозаңдандырғыш	N1	n
аэрофагия	N1	n
аэрофлот	N1	n
аэрофон	N1	n
аэрофототүсіру	N1	n
аэрошамшырақ	N1	n
аэрошана	N1	n
аэроғарыштық	A4	adj
аэроқұрылыс	N1	n
аю	N1	n
аю%	N1	n
аюбадам	N1	n
аютабан	N1	n
аюқұлақ	N1	n
ая	N1,V-TV	n+v-trans
аяз	N1	n
аяла	V-TV	v-trans
аялда	V-IV	v-intrans
аялдама	N1	n
аялдау	N1	n
аялы	A1	adj
аямпаз	A1	adj
аян	A4,N1	adj+n
аяншақ	A1	adj
аяныш	N1	n
аянышты	A1	adj
аяр	A1	adj
аят	N1	n
аят-хадис	N1	n
аятолла	N1	n
аяу	N1	n
аяулы	A1,ADV	adj+adv
аяусыздық	N1	n
аяушылық	N1	n
аяқ	N1	n
аяқ%	ADV,N1,V-IV	adv+n+v-intrans
аяқ-басы	N-COMPOUND-PX	?
аяқ-киім	N1	n
аяқ-киім%	N-COMPOUND-PX	?
аяқасты	ADV	adv
аяқжол	N1	n
аяқта	V-TV	v-trans
аяқтал	V-IV	v-intrans
аяқталмайтын	A1	adj
аяқталу	N1	n
аяқталған	A1	adj
аяқтама	N1,V-TV	n+v-trans
аяқтат	V-TV	v-trans
аяқтаушы	N1	n
аяқты	A4	adj
аяқты%	N1,V-IV	n+v-intrans
аяңда	V-IV	v-intrans
аға	N1	n
ағажан	N1	n
ағай	N1	n
ағайын	N1	n
ағайын-жұрт	N1	n
ағайын-туған	N1	n
ағайындас	A3	adj
ағайынды	N1	n
ағайындық	N1	n
ағайыншыл	A1	adj
ағайыншылдық	N1	n
ағайыншылық	N1	n
ағар	V-IV	v-intrans
ағарт	V-IV	v-intrans
ағарту	N1	n
ағартушы	A1,N1	adj+n
ағартушылық	N1	n
ағартқы	N1	n
ағартқыш	N1	n
ағару	N1	n
ағат	A1	adj
ағатай	N1	n
ағаттық	N1	n
ағаттық%	V-IV	v-intrans
ағатын	A1	adj
ағаш	A4,N1	adj+n
ағаш%	A1,N-COMPOUND-PX,N1	adj+n
ағаштағы%	N1	n
ағашты	A1	adj
ағза	N1	n
ағу	N1	n
ағыз	V-TV	v-trans
ағыздыр	V-TV	v-trans
ағызу	N1	n
ағыл	V-IV	v-intrans
ағылу	N1	n
ағылшын	A1,N1	adj+n
ағылшынша	ADV-LANG	adv
ағылшыншылдық	N1	n
ағым	N1	n
ағымда	ADV	adv
ағымдағы	A1	adj
ағымды	A1	adj
ағымдық	A1,N1	adj+n
ағымсыз	A1	adj
ағын	N1	n
ағын%	N1	n
ағынды	A1	adj
ағып%	V-TV	v-trans
ағыс	N1	n
ағыспен%	ADV	adv
ағысты	A1	adj
ағыт	V-TV	v-trans
ағыту	N1	n
ағытыл	V-IV,V-TV	v-intrans+v-trans
ағытылған	A4	adj
ағытқыз	V-TV	v-trans
ақ	A2,V-IV	adj+v-intrans
ақ%	A4,N1	adj+n
ақаба	N1	n
ақар-шақар	A1	adj
ақау	N1	n
ақаулан	V-IV	v-intrans
ақаулық	N1	n
ақбалық	N1	n
ақбас	N1	n
ақбақай	N1	n
ақбикеш	N1	n
ақбөкен	N1	n
ақгвардияшыл	N1	n
ақгүл	N1	n
ақжайма	N1	n
ақжал	A1	adj
ақжапырақ	N1	n
ақжарқын	N1	n
ақжелек	N1	n
ақжелкен	N1	n
ақиреттік	A1	adj
ақиық	N1	n
ақиқат	N1	n
ақиқатты	A1,ADV	adj+adv
ақиқаттық	A1,N1	adj+n
ақиқатшыл	A1	adj
ақкекіре	N1	n
ақкіс	N1	n
ақкөңіл	A1,ADV,N1	adj+adv+n
ақкөңілдік	N1	n
ақкөңілділік	N1	n
ақмамық	N1	n
ақмарқа	N1	n
ақмасақтық	N1	n
ақмыя	N1	n
ақпан	N1	n
ақпар-кітапша	N1	n
ақпарат	N1	n
ақпарат%	N-COMPOUND-PX	?
ақпараттандыр	V-TV	v-trans
ақпараттандыру	N1	n
ақпараттану	N1	n
ақпараттық	A4	adj
ақпаршы	N1	n
ақпейіл	A1	adj
ақса	V-IV	v-intrans
ақсай%	V-IV	v-intrans
ақсап%	V-IV	v-intrans
ақсаусақ	N1	n
ақсақ	A1	adj
ақсақ-тоқсақ	N1	n
ақсақал	N1	n
ақсақалды	A1	adj
ақсақтық	N1	n
ақсаңда	V-IV	v-intrans
ақселеу	N1	n
ақсерке	N1	n
ақсит	V-IV	v-intrans
ақсора	N1	n
ақсүйек	A3,N1	adj+n
ақсүйектік	A4,N1	adj+n
ақсұңқар	N1	n
ақсөл	N1	n
ақта	V-TV	v-trans
ақтабан	N1	n
ақтайтын	A4	adj
ақтал	N1,V-IV,V-TV	n+v-intrans+v-trans
ақталған	A4	adj
ақтар	V-TV	v-trans
ақтарт	V-TV	v-trans
ақтарыл	V-IV	v-intrans
ақтарып-төңкер	V-TV	v-trans
ақтас	N1	n
ақтаспа	N1	n
ақтау	N1	n
ақтаушы	N1	n
ақтерек	N1	n
ақторғай	N1	n
ақтырна	N1	n
ақтық	A1,N1	adj+n
ақтүйнек	N1	n
ақтәнді	A1	adj
ақтөбелік	A4	adj
ақуыз	N1	n
ақуызды	A4	adj
ақуыздық	A1	adj
ақша	N1	n
ақша%	N1,V-TV	n+v-trans
ақшабақ	N1	n
ақшайыр	N1	n
ақшалай	A1,ADV	adj+adv
ақшалы	A1	adj
ақшалы%	N1	n
ақшалық	A1	adj
ақшасыз	A1	adj
ақшасыздық	N1	n
ақшатыр	N1	n
ақшаға%	N1	n
ақшаған	N1	n
ақшақар	N1	n
ақшақұмар	N1	n
ақшешек	N1	n
ақшешекше	N1	n
ақшыл	A2	adj
ақшыл%	A2	adj
ақшылдау	A1	adj
ақшытыр	N1	n
ақы	N1	n
ақыл	N1	n
ақыл%	A1,V-IV,V-TV	adj+v-intrans+v-trans
ақыл-айла	N1	n
ақыл-ес	N1	n
ақыл-естілік	N1	n
ақыл-ой	N1	n
ақылгөй	A1,N1	adj+n
ақылгөйс	V-TV	v-trans
ақылдан%	V-IV,V-TV	v-intrans+v-trans
ақылдас	N1,V-IV	n+v-intrans
ақылды	A1,ADV,N1	adj+adv+n
ақылдылық	N1	n
ақылдылықпен	A1	adj
ақылдысымақ	N1	n
ақылман	A1	adj
ақылмандық	N1	n
ақылмен	ADV	adv
ақылсыз	A1	adj
ақылсыздан	V-IV	v-intrans
ақылсыздық	N1	n
ақылшы	N1	n
ақылы	A1,ADV	adj+adv
ақылы%	V-IV	v-intrans
ақылға%	V-TV	v-trans
ақымақ	N1	n
ақымақ%	V-TV	v-trans
ақымақтан	V-IV	v-intrans
ақымақтандыр	V-TV	v-trans
ақымақтау	A1	adj
ақымақтық	N1	n
ақымақтықпен	ADV	adv
ақын	N1	n
ақындық	A1,N1	adj+n
ақынжандылық	N1	n
ақынсымақ	N1	n
ақыр	N1,V-IV	n+v-intrans
ақыр%	ADV	adv
ақырап	N1	n
ақырет	N1	n
ақыреттік	A1	adj
ақырзаман	N1	n
ақырлы	A4	adj
ақыры	ADV-WITH-KI-I	?
ақырын	A1,ADV	adj+adv
ақырын%	V-TV	v-trans
ақырында	ADV,V-TV	adv+v-trans
ақырындай%	V-IV	v-intrans
ақырындап	ADV	adv
ақырындат	V-TV	v-trans
ақырындық	N1	n
ақырғы	A4,ADV	adj+adv
ақысыз	A1,ADV	adj+adv
ақық	N1	n
аққайнар	N1	n
аққайың	N1	n
аққала	N1	n
аққалақ	N1	n
аққанат	N1	n
аққандылық	N1	n
аққоңырбас	N1	n
аққу	A1,N1	adj+n
аққурай	N1	n
аққылтан	N1	n
аққыштық	N1	n
аққұба	A1,ADV	adj+adv
аққұлақ	N1	n
аққұман	N1	n
ақүрпек	N1	n
аң	N1	n
аң%	N1,V-TV	n+v-trans
аң-таң	A2	adj
аңда	V-TV	v-trans
аңдатпа	N1	n
аңдаусыз	A4,ADV	adj+adv
аңдаусызда	ADV	adv
аңдаусыздық	A1	adj
аңдаушылық	N1	n
аңдағыштық	N1	n
аңдушы	N1	n
аңды	V-TV	v-trans
аңса	V-IV,V-TV	v-intrans+v-trans
аңсар	N1	n
аңсаулы	A1	adj
аңсаушылық	N1	n
аңтарыл	V-IV	v-intrans
аңшы	N1	n
аңшылық	N1	n
аңыз	N1	n
аңыз%	N1	n
аңыз-әңгіме	N1	n
аңыз-әңгімеші	N1	n
аңызаяқ	N1	n
аңыздаушы	N1	n
аңызды	A1	adj
аңыздық	N1	n
аңыр	V-IV	v-intrans
аңыра	V-IV	v-intrans
аңырау	N1	n
аңғал	A1	adj
аңғалақ	A2,N1	adj+n
аңғалсоқ	A1	adj
аңғар	N1,V-TV	n+v-trans
аңғарлы	A1	adj
аңғарсыз	A1	adj
аңғартпа	N1	n
аңғарусыз	A1	adj
аңғарым	N1	n
аңғарымпаздық	N1	n
аңғарыс	V-IV,V-TV	v-intrans+v-trans
аңғарғыштық	N1	n
аңғырт	A1	adj
аңғырттан	V-TV	v-trans
аңғырттық	N1	n
аңқ	V-IV,V-TV	v-intrans+v-trans
аңқайт	V-TV	v-trans
аңқау	A1,N1	adj+n
аңқау%	N1	n
аңқаулық	N1	n
аңқаусы	V-IV	v-intrans
аңқы	V-TV	v-trans
аңқылда	V-TV	v-trans
аңқылдақ	A1	adj
аңқылдақтық	N1	n
аңқыт	V-TV	v-trans
аңқұмар	N1	n
аһ	INTERJ	interj
аһла	V-IV	v-intrans
б.%	ABBR	abbr
б.з.б.	ABBR	abbr
б.з.д.	ABBR	abbr
б.т.	ABBR	abbr
б.э.д.	ABBR	abbr
бiл	V-TV	v-trans
бiр	A1	adj
бiрi	PRON-IND	?
бiрауыздан	ADV	adv
баба	N1	n
бабаның%	N-COMPOUND-PX	?
баббит	N1	n
бабуин	N1	n
бабыр	N1	n
багаж	N1	n
багер	N1	n
багет	N1	n
бадам	N1	n
бадан	N1	n
бадана	N1	n
бадминтон	N1	n
бадья	N1	n
баж	A1,N1	adj+n
бажа	N1	n
бажсыз	A1	adj
бажшы	N1	n
бажыл	N1	n
бажылда	V-TV	v-trans
бажылдақ	N1	n
база	N1	n
базалық	A4	adj
базальды	A4	adj
базальт	N1	n
базар	N1	n
базарлы	A3	adj
базарлық	N1	n
баздану	N1	n
базигер	N1	n
базилик	N1	n
базис	N1	n
базофилия	N1	n
базофильді	A4	adj
бай	A1,ADV,N1	adj+adv+n
бай%	N1	n
бай-мырза	N1	n
байбайшыл	A1	adj
байбалам	N1	n
байбаламшы	A3,N1	adj+n
байбаламшыл	N1	n
байбаламшылық	N1	n
байбатша	N1	n
байбатшалық	N1	n
байка	N1	n
байла	V-TV	v-trans
байлам	N1	n
байлан	V-IV	v-intrans
байланыс	N1,V-IV	n+v-intrans
байланыс%	N1	n
байланыссыз	A1,ADV	adj+adv
байланыссыздық	N1	n
байланысты	A3,POST-DAT	adj+post
байланыстылық	N1	n
байланыстыр	V-TV	v-trans
байланыстыру	N1	n
байланыстырылған	A1	adj
байланысушылық	N1	n
байланысшы	A1,N1	adj+n
байланысқан	A3	adj
байланған	A4	adj
байланған%	A4	adj
байлап%	V-TV	v-trans
байлас	V-TV	v-trans
байлаттыр	V-TV	v-trans
байлау	N1	n
байлаусыз	A1	adj
байлағыш	N1	n
байлық	N1	n
баймана	N1	n
байпақ	N1	n
байрақ	N1	n
байсалдан	V-IV	v-intrans
байсалды	A1	adj
байсалдылан	V-IV	v-intrans
байсалдылық	N1	n
байсымақ	N1	n
байт	N1	n
байтал	N1	n
байтақ	A2	adj
байы	V-IV	v-intrans
байым	N1	n
байымда	V-IV	v-intrans
байымдама	N1	n
байымдылық	N1	n
байып	N1	n
байыпсыз	A1	adj
байыпсыздық	N1	n
байыптап	ADV	adv
байыпты	A2,ADV	adj+adv
байыптылық	N1	n
байырғы%	N1	n
байыт	V-TV	v-trans
байыту	N1	n
байытқыш	N1	n
байғыз	N1	n
байғұс	A1,N1	adj+n
байқа	V-TV	v-trans
байқал	V-IV	v-intrans
байқалмайтын	A1	adj
байқамай	ADV	adv
байқамай%	V-IV,V-TV	v-intrans+v-trans
байқап	ADV	adv
байқап%	V-TV	v-trans
байқарлық	ADV	adv
байқат	V-TV	v-trans
байқау	N1	n
байқаусыз	A4	adj
байқаусызда	ADV	adv
байқаусыздық	N1	n
байқаушы	N1	n
байқаушылық	N1	n
байқағыш	A1	adj
байқағыштық	N1	n
бакалавр	N1	n
бакелит	N1	n
бакенші	N1	n
бактериолог	N1	n
бактериология	N1	n
бактериологиялық	A1	adj
бактерицид	N1	n
бактерия	N1	n
бактериялық	A1	adj
бактериясыздандыру	N1	n
бакштейн	N1	n
бал	N1	n
бал%	N1	n
бала	N1,V-IV	n+v-intrans
бала%	N1,V-TV	n+v-trans
бала-шағалы	A1	adj
балабан	N1	n
балабақша	N1	n
балайна	N1	n
балалайка	N1	n
балалайкашы	N1	n
балалар	N1	n
балалы	A4	adj
балалық	N1	n
балама	A1,N1	adj+n
баламасыз	A1	adj
балапан	A3,N1	adj+n
балапан%	V-IV	v-intrans
балапандар	N1	n
балара	N1	n
баласағұн	N1	n
баласыз	A1	adj
баласыздық	N1	n
балауса	N1	n
балауса%	N1	n
балауыз	A1,N1	adj+n
балауызды	A1	adj
балауызшөп	N1	n
балаған	N1	n
балағат	N1	n
балағатта	V-TV	v-trans
балағаттас	V-IV	v-intrans
балағаттаушылық	N1	n
балағатшыл	A1	adj
балақ	N1	n
балақай	N1	n
балаңқұрт	N1	n
балгер	N1	n
балгерлік	N1	n
балдахин	N1	n
балдақ	N1	n
балды	A1	adj
балдыз	N1	n
балдыр	N1	n
балдыркөк	N1	n
балдырлы	A1	adj
балдыршөп	N1	n
балдырған	N1	n
балет	N1	n
балжапырақ	N1	n
балийлік	A1	adj
балканизация	N1	n
балкон	N1	n
балл	N1	n
баллада	N1	n
балласт	N1	n
баллистикалық	A1	adj
баллон	N1	n
балмұздақ	N1	n
балпанбалық	N1	n
балпақ	N1	n
балпылда	V-IV	v-intrans
балсірі	N1	n
балта	N1	n
балтала	V-TV	v-trans
балтанайза	N1	n
балташы	N1	n
балташылық	N1	n
балташылық%	V-IV	v-intrans
балтық	A4	adj
балуан	N1	n
балшайқауыш	N1	n
балшылда	V-TV	v-trans
балшырын	N1	n
балшытыр	N1	n
балшық	N1	n
балшықта	V-TV	v-trans
балшықты	A1	adj
балшықшы	N1	n
балық	N1	n
балық%	N-COMPOUND-PX,N1	n
балықкөз	N1	n
балықты	A1	adj
балықты%	V-TV	v-trans
балықшы	N1	n
балықшылық	N1	n
балықшөп	N1	n
бальзам	N1	n
бальзамда	V-TV	v-trans
бальзамдаушы	N1	n
бальнеолог	N1	n
бальнеология	N1	n
бальнеотерапия	N1	n
балясина	N1	n
балясник	N1	n
балға	N1	n
балғашы	N1	n
балғындат	V-IV	v-intrans
балғындық	N1	n
балқ	V-IV	v-intrans
балқаймақ	N1	n
балқайнатпа	N1	n
балқандық	A1	adj
балқар	N1	n
балқарағай	N1	n
балқитын	A4	adj
балқу	N1	n
балқурай	N1	n
балқы	V-IV	v-intrans
балқыт	V-TV	v-trans
балқыту	N1	n
балқытушы	N1	n
балқытыл	V-IV	v-intrans
балқытқыш	A4	adj
бамбара	N1	n
бамбук	N1	n
бампер	N1	n
банан	N1-NAT	n
бандейра	N1	n
бандит	N1	n
бандиттік	N1	n
банды	N1	n
банк	N5	n
банка	N1	n
банкаралық	A4	adj
банкинг	N5	n
банкир	N1	n
банкнот	N5	n
банкомат	N1	n
банкрот	A1,N1	adj+n
банкроттылық	N1	n
банкроттық	N1	n
банктік	A4	adj
бант	N1	n
баобаб	N1	n
бап	N1	n
бапкер	N1	n
бапсыз	A1	adj
бапта	V-TV	v-trans
бапталым	N1	n
баптан	V-IV	v-intrans
баптау	N1	n
баптизм	N1	n
баптистерийлік	N1	n
баптистік	N1	n
бапты	A1	adj
бар	A3,DET-QNT,N1,V-IV	adj+det+n+v-intrans
бар%	V-TV	v-trans
бара-бара	ADV	adv
барабан	N1	n
барабаншы	N1	n
барабарлық	N1	n
барак	N1	n
барақ	A1,N1	adj+n
барбекью	N1	n
барбекю	N1	n
барельеф	N1	n
бареттер	N1	n
баржа	N1	n
баржи	V-IV	v-intrans
баржық	A1	adj
барий%	N1	n
барион	N1	n
бариорталық	N1	n
бариоцентрлік	A4	adj
барит	N1	n
баритон	N1	n
баркарола	N1	n
баркашы	N1	n
барла	V-TV	v-trans
барлама	N1	n
барланған	A1	adj
барлау	A1,N1	adj+n
барлаушы	N1	n
барлық	A1,ADV,DET-QNT,PRON-QNT,V-IV	adj+adv+det+v-intrans
барлық%	ADV	adv
бармақ	N1	n
бармақтай	A3	adj
барограф	N1	n
барокко	N1	n
барометр	N1	n
барометрлік	A4	adj
барон	N1	n
бароскоп	N1	n
баррель	N5	n
баррикада	N1	n
баррикадала	V-TV	v-trans
бартылда	V-TV	v-trans
бару	N1	n
бархан	N1	n
барша	A3	adj
баршылық	N1	n
бары	N1	n
барылда	V-IV	v-intrans
барылдақ%	N1	n
барымта	N1	n
барымтала	V-TV	v-trans
барынша	ADV	adv
барып%	V-IV,V-TV	v-intrans+v-trans
барыс	N1	n
барысында	ADV	adv
барьер	N1	n
барқылдақ	N1	n
барқын	N1	n
барқырауық	A3	adj
барқыт	N1	n
бас	A3,N1,V-IV,V-TV	adj+n+v-intrans+v-trans
бас%	A4,N-COMPOUND-PX,N1,V-IV,V-TV	adj+n+v-intrans+v-trans
бас-аяқсыз	A1	adj
басаламан	N1	n
басаяқты	N1	n
басжіп	N1	n
басист	N1	n
баскесер	N1	n
баскетбол	N1	n
баскетболшы	N1	n
баскше	ADV-LANG	adv
басмақала	N1	n
басон	N1	n
баспа	N1	n
баспабас	N1	n
баспагер	N1	n
баспалдақ	N1	n
баспана	N1	n
баспанасыз	A1	adj
баспанасыздық	N1	n
баспасөз	N1	n
баспахана	N1	n
баспаханашы	N1	n
баспашы	N1	n
баспаға%	V-TV	v-trans
баспақ	N1	n
бассейн	N5	n
бассыз	A4	adj
бассыздық	N1	n
бассыздық%	V-IV	v-intrans
бассүйек	N1	n
баста	V-TV,Vinfl-AUX	v-aux+v-trans
бастал	V-IV,V-TV	v-intrans+v-trans
бастама	N1	n
бастамалау	N1	n
бастамашы	N1	n
бастамашылық%	V-TV	v-trans
бастапқы	A3	adj
бастапқы%	ADV	adv
бастапқылық	N1	n
бастау	N1	n
бастаушы	N1	n
бастауыш	A4,N1	adj+n
бастион	N1	n
бастр	N1	n
басты	A2	adj
басты%	ADV,N1	adv+n
басты-басты	A1	adj
бастыр	V-IV	v-intrans
бастырма	N1	n
бастыру	N1	n
бастырып%	V-TV	v-trans
бастығырыл	V-IV	v-intrans
бастық	N1	n
бастықтыр	V-IV	v-intrans
басу	N1	n
басушы	N1	n
басшы	N1	n
басшылық	N1	n
басыл	V-IV	v-intrans
басылатын	A4	adj
басылым	N1	n
басылған	A4	adj
басым	A4	adj
басымды	A1	adj
басымдылық	N1	n
басымдық	N1	n
басын	N1,V-TV	n+v-trans
басын%	V-TV	v-trans
басында	ADV	adv
басып%	N1,V-IV,V-TV	n+v-intrans+v-trans
басыр	N1	n
басыңқы	A4	adj
басқа	A1,ADV,DET-IND,POST-ABL,PRON-IND	adj+adv
басқа%	ADV	adv
басқалар	PRON-IND-PL	?
басқар	V-TV	v-trans
басқаратын	A1	adj
басқарма	N1	n
басқару	N1	n
басқарушы	A1,N1	adj+n
басқарушылық	A1,N1	adj+n
басқарылатын	A4	adj
басқарылмалы	A1	adj
басқарып%	V-TV	v-trans
басқасын	V-IV	v-intrans
басқаша	A1,ADV	adj+adv
басқаша%	CA	?
басқақ	N1	n
басқосу	N1	n
басқы	N1	n
басқыншы	N1	n
басқыншылық	N1	n
басқыш	N1	n
басқұр	N1	n
бат	N1,V-IV	n+v-intrans
бата	N1	n
бата%	V-TV	v-trans
батальон	N1	n
батарея	N1	n
батат	N1	n
батиальды	A4	adj
батискаф	N1	n
батист	N1	n
батометр	N1	n
батон	N1	n
батпақ	N1	n
батпақгүл	N1	n
батпақта	V-TV	v-trans
батпақтау	N1	n
батпақты	A2	adj
батпақшөп	N1	n
батпаққанат	N1	n
баттауық	N1	n
батти	V-IV	v-intrans
баттит	V-TV	v-trans
бату	N1	n
батут	N1	n
батыл	A1,ADV,N1	adj+adv+n
батыл%	V-IV,V-TV	v-intrans+v-trans
батылдан	V-IV	v-intrans
батылдана	ADV	adv
батылдылық	N1	n
батылдық	N1	n
батылсыздық	N1	n
батыр	A1,N1,V-TV	adj+n+v-trans
батырақ	N1	n
батырақтық	N1	n
батырлан	V-TV	v-trans
батырлар%	N-COMPOUND-PX	?
батырлық	A1,N1	adj+n
батырма	N1	n
батыс	A2,N1	adj+n
батыс%	ADV-LANG	adv
батыстандыру	N1	n
батысшыл	A1	adj
батысқа	ADV	adv
батысқа%	ADV	adv
батыңқы	A3,N1	adj+n
батыңқылық	N1	n
бау	N1	n
бау-бақша	N1	n
баукеспе	N1	n
баукеспелік	N1	n
баул	V-TV	v-trans
баула	V-IV	v-intrans
баулықта	V-IV	v-intrans
баура	V-TV	v-trans
баурай	N1	n
баушы	N1	n
баушылық	N1	n
бауызда	V-TV	v-trans
бауыр	N1	n
бауырлас	N1	n
бауырластық	N1	n
бауырлық	A1	adj
бауырмалдық	A4	adj
бауырмүк	N1	n
бауырсақ	N1	n
бауырша	N1	n
бауырқұрт	N1	n
бах	INTERJ	interj
бацилла	N1	n
бацитрацин	N1	n
башлық	N1	n
башқортша	ADV-LANG	adv
башқұрт	N1-NAT	n
башқұртша	ADV-LANG	adv
баюшылық	N1	n
баялды	N1	n
баян	N1	n
баян%	V-TV	v-trans
баянат	N1	n
баянда	V-IV,V-TV	v-intrans+v-trans
баяндама	N1	n
баяндамашы	A1,N1	adj+n
баяндаушы	N1	n
баяндауыш	N1	n
баяндауыштық	N1	n
баянды	A1	adj
баянсыздық	N1	n
баяншы	N1	n
баяу	A3,ADV	adj+adv
баяула	V-IV	v-intrans
баяуламалы	A1	adj
баяулат	V-TV	v-trans
баяулатқыш	N1	n
баяусы	V-IV	v-intrans
баяғы	A4	adj
баяғыда	ADV	adv
баяғыдай	ADV	adv
баға	N1	n
баға%	V-IV	v-intrans
бағала	V-TV	v-trans
бағалайтын	A1	adj
бағалама	N1,V-IV	n+v-intrans
бағаламалаушылық	N1	n
бағаламаушылық	N1	n
бағалан	V-IV	v-intrans
бағаланбайтын	A4	adj
бағалас	A1	adj
бағалау	N1	n
бағалаушы	N1	n
бағалағыш	N1	n
бағалы	A2	adj
бағалық	N1	n
бағам	N1	n
бағамда	V-TV	v-trans
баған	N1	n
бағана	ADV-WITH-KI,N1	adv+n
бағаналы	A4	adj
бағанағы	A3	adj
бағаны%	N1	n
бағасыз	A1	adj
бағасыздану	N1	n
бағасыздық	N1	n
бағатізбе	N1	n
бағбан	N1	n
бағбандық	A3,N1	adj+n
бағбаншылық	N1	n
бағдар	N1	n
бағдаржол	N1	n
бағдарла	V-TV	v-trans
бағдарлама	N1	n
бағдарламаланатын	A4	adj
бағдарламалау	N1	n
бағдарламалық	A1	adj
бағдарламалық%	N1	n
бағдарламашы	N1	n
бағдарлау	N1	n
бағдарлаушы	A1,N1	adj+n
бағдарлық	A4	adj
бағусыздық	N1	n
бағушы	N1	n
бағын	V-IV	v-intrans
бағынба	V-IV,V-TV	v-intrans+v-trans
бағынбай%	V-IV	v-intrans
бағынбайтын	A1	adj
бағынбастық	N1	n
бағынбаушылық	N1	n
бағындыр	V-TV	v-trans
бағындырып%	V-IV	v-intrans
бағыну	N1	n
бағынушы	A1	adj
бағынушылық	N1	n
бағыныс	N1	n
бағыныш	N1	n
бағынышты	A4	adj
бағыныңқы	A1	adj
бағып%	V-IV	v-intrans
бағып-қақ	V-IV,V-TV	v-intrans+v-trans
бағыс	V-TV-NOPASS	?
бағыт	N1	n
бағыт%	V-TV	v-trans
бағытсыздану	N1	n
бағытсыздық	N1	n
бағытта	V-TV	v-trans
бағыттал	V-IV	v-intrans
бағытталатын	A4	adj
бағытталған	A1	adj
бағыттама	N1	n
бағыттаушы	N1	n
бағыттауыш	N1	n
бағыттық	A4	adj
бағышта	V-TV	v-trans
бақ	N1,V-TV	n+v-trans
бақ-дәулет	N1	n
бақ-шақ	N1	n
бақа	N1	n
бақажапырақ	N1	n
бақай	N1	n
бақалшақ	N1	n
бақалшы	N1	n
бақалшық	N1	n
бақан	N1	n
бақанша	A3	adj
бақаоты	N1	n
бақастық	N1	n
бақбақ	N1	n
бақкүндес	N1	n
бақсы	N1	n
бақсы-балгерлік	N1	n
бақсылық	N1	n
бақталас	N1,V-TV	n+v-trans
бақталастыр	V-IV	v-intrans
бақталастық	N1	n
бақташы	N1	n
бақташы%	N1	n
бақташылық	N1	n
бақтақ	N1	n
бақша	N1	n
бақшалық	A4	adj
бақшашы	N1	n
бақшашылық	N1	n
бақшы	N1	n
бақыла	V-TV	v-trans
бақылайтын	A1	adj
бақыланатын	A1	adj
бақылау	A4,N1	adj+n
бақылау%	N-COMPOUND-PX	?
бақылау-өткізу%	N-COMPOUND-PX	?
бақылаусыздық	N1	n
бақылаушы	N1	n
бақылаушылық	A4	adj
бақылағыштық	N1	n
бақылда	V-IV	v-intrans
бақылдас	V-IV	v-intrans
бақыр	N1,V-IV	n+v-intrans
бақырай	V-IV	v-intrans
бақырауық	A1,N1	adj+n
бақыраш	N1	n
бақырша	N1	n
бақыршы	N1	n
бақыт	N1	n
бақытсыз	A1	adj
бақытсыздық	N1	n
бақытты	A1,N1	adj+n
бақыттылық	N1	n
бақытын%	V-TV	v-trans
бақытқа%	ADV,V-TV	adv+v-trans
баққұмар	N1	n
бақұл	N1	n
бегония	N1	n
беде	N1	n
бедекер	N1	n
бедел	N1	n
беделді	A1,ADV	adj+adv
беделін%	V-IV	v-intrans
бедер	N1	n
бедерлеме	N1	n
бедерлеу	N1	n
бедерлілік	N1	n
бедерсіз	A1	adj
бедерші	N1	n
бедеу	A2	adj
бедеулік	N1	n
без	N1,V-IV	n+v-intrans
безбен	N1	n
безбүйрек	A1	adj
безгек	A1,N1	adj+n
безе	V-TV	v-trans
безек	N1	n
безекте	V-IV	v-intrans
беземе	N1	n
безен	V-TV	v-trans
безендір	V-IV	v-intrans
безендіру	N1	n
безендіруші	N1	n
безендірілген	A4	adj
безеу	N1	n
безеулен	V-IV	v-intrans
безеулілік	N1	n
безеуші	N1	n
безушілік	N1	n
безілде	V-IV	v-intrans
безінген	N1	n
бейбастық	N1	n
бейбастықтық	N1	n
бейбақ	A1,N1	adj+n
бейберекет	A1	adj
бейбіт	A1	adj
бейбітшіл	A1	adj
бейбітшілік	N1	n
бейдауа	N1	n
бейжай	A1	adj
бейжайлық	N1	n
бейжеңсікқұмар	A4	adj
бейкүнә	A1	adj
беймаза	A1	adj
беймазалық	N1	n
бейморальді	ADV	adv
беймәлім	A4	adj
бейне	N1	n
бейнебір	N1	n
бейнежазба	N1	n
бейнеле	V-TV	v-trans
бейнелеме	N1	n
бейнеленген	A4	adj
бейнелеуші	A1	adj
бейнелеуіш	N1	n
бейнелі	A1	adj
бейнелік	N1	n
бейнелілік	N1	n
бейнесалон	N1	n
бейнесурет	N1	n
бейнет	N1	n
бейнетаспа	N1	n
бейнеткеш	N1	n
бейнетті	A3	adj
бейнетқор	A1,N1	adj+n
бейнетүсірілім	N1	n
бейнефильм	N1	n
бейнешілік	N1	n
бейнеөнім	N1	n
бейорганикалық	A4	adj
бейпіл	A3	adj
бейресми	A4	adj
бейсауат	A1	adj
бейсаясат	A3	adj
бейсбол	N1	n
бейсболка	N1	n
бейсенбі	N1	n
бейтаныс	A4,N1	adj+n
бейтарап	A1,N1	adj+n
бейтараптандыру	N1	n
бейтараптандырғыш	N1	n
бейтараптылық	N1	n
бейтараптық	N1	n
бейхабар	A1	adj
бейшара	A1,N1	adj+n
бейшаралан	V-IV	v-intrans
бейшаралық	N1	n
бейілді	A1	adj
бейім	A1,N1	adj+n
бейімде	V-TV	v-trans
бейімдел	V-IV	v-intrans
бейімделгіштік	N1	n
бейімделу	N1	n
бейімдеу	N1	n
бейімді	A1	adj
бейімділік	N1	n
бейін	N1	n
бейіт	N1	n
бейіш	N1	n
бейғамдық	N1	n
бейқам	A4	adj
бейқамдық	N1	n
бейәлеуметтік	A4	adj
бек	N1,V-IV	n+v-intrans
бекар	N1	n
бекем	A1	adj
бекемде	V-TV	v-trans
бекемдік	N1	n
бекер	A6,ADV	adv
бекерлік	N1	n
бекет	N1	n
бекетші	N1	n
бекзада	N1	n
бекзат	N1	n
беккерель	N1	n
бекон	N1	n
бектік	N1	n
бекі	V-IV	v-intrans
бекіліп%	V-IV	v-intrans
бекімдік	N1	n
бекін	V-IV	v-intrans
бекініс	N1	n
бекіре	N1	n
бекіт	V-TV	v-trans
бекітетін	A1	adj
бекіткіш	N1	n
бекітпе	N1	n
бекіттіру	N1	n
бекіту	N1	n
бекітулі	A1	adj
бекітіл	V-IV	v-intrans
бекітілген	A4	adj
бекітілетін	A4	adj
бекітіліп%	V-IV	v-intrans
бекітім	N1	n
бекітіп%	V-TV	v-trans
бел	A4,N1	adj+n
бел%	V-IV	v-intrans
беларусша	ADV-LANG	adv
белағаш	N1	n
белбеу	N1	n
белбеу%	V-TV	v-trans
белбеуле	V-TV	v-trans
белгі	N1	n
белгі%	N1,V-IV,V-TV	n+v-intrans+v-trans
белгіле	V-TV	v-trans
белгілен	V-IV	v-intrans
белгіленген	A1	adj
белгілеу	N1	n
белгілі	A2,ADV,N1	adj+adv+n
белгілі%	V-IV,V-TV	v-intrans+v-trans
белгілілік	N1	n
белгісіз	A3	adj
белгісіздік	N1	n
белде	V-IV	v-intrans
белдеме	N1	n
белдемше	N1	n
белдес	V-IV	v-intrans
белдеу	N1	n
белдеуле	V-TV	v-trans
белдеуше	N1	n
белді	A1	adj
белдік	N1	n
белдікше	N1	n
белес	N1	n
белең	N1	n
белорус	N1-NAT	n
белорусша	ADV-LANG	adv
белсен	V-IV	v-intrans
белсенді	A1,ADV	adj+adv
белсенді%	N1	n
белсенділік	N1	n
белсендіру	N1	n
белсене	ADV	adv
белсіздік	N1	n
белтемір	N1	n
белуджи	N1	n
белшең	N1	n
бельведер	N1	n
бельгиялық	A1	adj
бенгалша	ADV-LANG	adv
бенедиктин	N1	n
бенефис	N1	n
бензин	N1	n
бензин%	N-COMPOUND-PX,N1	n
бензол	N1	n
бентонит	N1	n
бенуар	N1	n
бер	V-IV,V-TV,Vinfl-AUX	v-aux+v-intrans+v-trans
бергамот	N1	n
бергіш	N1	n
береке	N1	n
берекелі	A1	adj
берекелік	N1	n
берекесіз	A1	adj
берекесіздік	N1	n
берекетті	A1	adj
берен	N1	n
берермен	N1	n
берет	N1	n
берилл	N1	n
бериллий	N1	n
беркелий	N1	n
берлин	N1	n
бертінді	A1	adj
беруші	N1	n
бері	ADV,ADV-WITH-KI-I,N1,POST-ABL	adv+n
берік	A2,N1	adj+n
беріктен	V-IV	v-intrans
беріктік	N1	n
беріктілік	N1	n
беріл	V-IV,V-TV	v-intrans+v-trans
берілген	A4	adj
берілгендік	N1	n
берілетін	A1	adj
берілме	V-IV	v-intrans
берілу	N1	n
берілушілік	N1	n
беріліс	N1	n
беріс	N1	n
беріш	N1	n
беріштендір	V-TV	v-trans
беріштенушілік	N1	n
берішті	A1	adj
бес	NUM	num
бес%	A1,NUM	adj+num
бесаспап	A1	adj
бесбұрыш	N1	n
бесбұрышты	A4	adj
бесеу	NUM-COLL	?
бесеуле	V-TV	v-trans
бессайыс	N1	n
бессайысшы	N1	n
бестселлер	N1	n
бестік	N1	n
бесік	N1	n
бет	N1,V-IV	n+v-intrans
бет%	V-IV	v-intrans
беталыс	N1	n
бетбелгі	N1	n
бетбұрыс	N1	n
бетеге	N1	n
бетегебоз	N1	n
бетегелі	A1	adj
бетер	POST	post
беткей	N1	n
бетон	N1	n
бетон%	N1	n
бетонды	A1	adj
бетоншы	N1	n
бетпақ	A1	adj
бетпақтық	N1	n
бетпе-бет	ADV	adv
бетперде	N1	n
бетсіз	A1	adj
бетте	V-IV	v-intrans
беттеу	N1	n
беттеуші	N1	n
беттік	A1,N1	adj+n
бетін%	V-TV	v-trans
бетінше	ADV	adv
бефстроган	N1	n
бешпет	N1	n
би	N1	n
би%	N-COMPOUND-PX	?
биатлон	N1	n
библиография	N1	n
библиографиялық	A4	adj
библиомания	N1	n
библия	N1	n
бибі	N1	n
бивуак	N1	n
бидай	N1	n
бидайық	N1	n
бидон	N1	n
бие	N1	n
бижеңсіктік	N1	n
бижутерия	N1	n
бизнес	N1	n
бизнесмен	N5	n
бизон	N1	n
бикарбонат	N1	n
биквадрат	N1	n
биквадратты	A4	adj
бикеш	N1	n
бикини	N1	n
билабиальді	A4	adj
биле	V-IV,V-TV	v-intrans+v-trans
билеп-төсте	V-IV	v-intrans
билет	A1,N1	adj+n
билетсіз	N1	n
билетсіз%	N1	n
билеуші	N1	n
билирубин	N1	n
биллион	N1	n
билль	N1	n
бильдаппарат	N1	n
бильярд	N1	n
билік	N1	n
биметаллизм	N1	n
бинарлық	A1	adj
бинауралды	A4	adj
бином	N1	n
бинт	N1	n
биоаймақ	N1	n
биоаккумуляция	N1	n
биогеография	N1	n
биогеохимиялық	A4	adj
биография	N1	n
биодеградация	N1	n
биодәрігерлік	N1	n
биожиынтық	N1	n
биоинженерия	N1	n
биоклиматикалық	A4	adj
биол.	ABBR	abbr
биолог	N1	n
биология	N1	n
биологиялы	ADV	adv
биологиялық	A4	adj
биологиялық%	N1	n
биолюминесценция	N1	n
биома	N1	n
биомагнификация	N1	n
биометрия	N1	n
биомолекулярлық	A4	adj
биоморфология	NP-TOP	np
биополимер	N1	n
биопсия	N1	n
биосинтез	N1	n
биостанция	N1	n
биосфера	N1	n
биотехнология	N1	n
биотит	N1	n
биотиялық	A1	adj
биотоп	N1	n
биотүр	N1	n
биофизик	N1	n
биофизикалық	A4	adj
биохимик	N1	n
биохимия	N1	n
биохимиялық	A4	adj
биоырғақтылық	N1	n
биоэлектромагнетизм	N1	n
биоэнергия	N1	n
биоөріс	N1	n
бипаз	N1	n
бипаздық	N1	n
биполярлы	A1	adj
биржа	N1	n
биржа%	N1	n
биржалық	A3	adj
биржашы	N1	n
бирка	N1	n
бирюза	N1	n
бисквит	N1	n
бистури	N1	n
бит	N1	n
битте	V-TV	v-trans
битумды	A1	adj
бифуркация	N1	n
бифштекс	N1	n
бицепс	N1	n
биші	N1	n
биыл	ADV-WITH-KI,N1	adv+n
биязы	A1	adj
биялай	N1	n
биялайшы	N1	n
биік	A1	adj
биікт.	ABBR	abbr
биікте	V-IV	v-intrans
биіктет	V-TV	v-trans
биіктік	N1	n
биікөлшер	N1	n
бланк	N1	n
бластема	N1	n
бластодерма	N1	n
бластомер	N1	n
бластоцель	N1	n
бластула	N1	n
блейзер	N1	n
блендер	N1	n
блефарит	N1	n
блефуску	N1	n
блиндаж	N1	n
блиц	N1	n
блог	N1	n
блоггер	N1	n
блогосфера	N1	n
блок	N1	n
блокбастер	N1	n
блокиратор	N1	n
блокнот	N1	n
блокта	V-TV	v-trans
блоктау	N1	n
блюз	N1	n
блюмс	N1	n
бобслей	N1	n
бод	N1	n
бодхисаттва	N1	n
боз	A1	adj
боза	N1	n
бозабай	N1	n
бозар	V-IV	v-intrans
бозарт	V-TV	v-trans
бозару	N1	n
бозарушылық	N1	n
бозауыз	N1	n
бозбала	N1	n
бозкілем	N1	n
бозот	N1	n
бозторғай	N1	n
бозтікен	N1	n
бозша	A1	adj
бозшағыл	N1	n
бозғылт	A1	adj
бозқараған	N1	n
бой	N1	n
бой%	V-IV,V-TV	v-intrans+v-trans
бойда	POST	post
бойдана	N1	n
бойдақ	N1	n
бойды%	V-TV	v-trans
бойжет	V-IV	v-intrans
бойжеткен	N1	n
бойкот	N1	n
бойкотта	V-TV	v-trans
бойкүйездік	N1	n
бойла	V-TV	v-trans
бойлап	ADV	adv
бойлат	V-TV	v-trans
бойлауық	A1	adj
бойлер	N1	n
бойлы	A4	adj
бойлық	A1	adj
бойра	N1	n
бойсұн	V-IV	v-intrans
бойсұнушылық	N1	n
бойтұмар	N1	n
бойы	N1,POST-NOM	n+post
бойымен	POST	post
бойында	POST-NOM	post
бойынша	POST-NOM	post
бокал	N1	n
бокс	N1	n
боксит	N1	n
боксшы	N1	n
боксёр	N5	n
бол	V-IV,Vinfl-AUX	v-aux+v-intrans
болат	N1	n
болашақ	N1	n
болбыр	A3	adj
болбыра	V-IV	v-intrans
болбырлық	N1	n
болванка	N1	n
болгариялық	A4	adj
болгарша	ADV-LANG	adv
болдыр	V-IV,V-TV	v-intrans+v-trans
болдырма	V-TV	v-trans
болдырмау	N1	n
болдырт	V-TV	v-trans
болжа	V-TV	v-trans
болжал	N1	n
болжалда	V-TV	v-trans
болжалды	A1	adj
болжалдық	A4	adj
болжам	N1	n
болжам%	V-IV	v-intrans
болжамды	A4,ADV	adj+adv
болжанатын	A1	adj
болжанбайтын	A1	adj
болжанбаған	A1	adj
болжаным	N1	n
болжау	N1	n
болжаушылық	N1	n
болжағыштық	N1	n
боливар	N1	n
боливариандық	A4	adj
болма	V-IV	v-intrans
болмаса	CC	?
болмашы	A3,N1	adj+n
болмаған	A1	adj
болмағандық	N1	n
болмыс	N1	n
болпылдақ	A1	adj
болт	N1	n
болымды	A1	adj
болымсыз	A2	adj
болымсыздық	N1	n
болып%	V-IV,V-TV	v-intrans+v-trans
болыпты	INTERJ	interj
болыс	N1,V-IV	n+v-intrans
большевизм	N1	n
большевиктендіру	N1	n
большевистік	A4	adj
болюс	N1	n
болғандықтан	ADV	adv
болғызбау	N1	n
бомба	N1	n
бомбала	V-TV	v-trans
бомбалаушы	N1	n
бомбапана	N1	n
бомбардировка	N1	n
бомбашы	N1	n
бомбер	N1	n
бомонд	N1	n
бонапартизм	N1	n
бондарлық	N1	n
бонитет	N1	n
бонтон	N1	n
бонус	N1	n
бопса	N1	n
бопсала	V-IV	v-intrans
бор	N1	n
борай%	N1	n
боран	N1	n
боранды	A1	adj
борасын	N1	n
борат	N1,V-TV	n+v-trans
борацит	N1	n
бордақыла	V-TV	v-trans
бордақыланған	A1	adj
борельдік	A4	adj
борла	V-TV	v-trans
борнит	N1	n
борпаң	A1	adj
борпылдат	V-TV	v-trans
борсақ	N1	n
борсаңда	V-IV	v-intrans
борсы	V-IV	v-intrans
борсық	N1	n
борсықтың%	N-COMPOUND-PX-PL	?
борт	N1	n
бортсерік	N1	n
бортта	ADV	adv
борттық	A1	adj
боршатышқан	N1	n
борыш	N1	n
борыштан	V-IV	v-intrans
борышты	N1	n
борыштық	A4	adj
борышқор	N1	n
борышқорлық	N1	n
бос	A1,N1,V-IV	adj+n+v-intrans
бос%	A1,N1,V-IV	adj+n+v-intrans
боса	V-IV	v-intrans
босан	V-IV	v-intrans
босану	N1	n
босанып%	V-TV	v-trans
босап%	V-IV	v-intrans
босат	V-TV	v-trans
босату	N1	n
босатыл	V-TV	v-trans
босатылған	A4	adj
босатқыш	N1	n
босаға	N1	n
босаң	A1	adj
босаңдат	V-TV	v-trans
босаңдық	N1	n
босаңс	V-TV	v-trans
босаңсу	N1	n
босаңсыту	N1	n
боскет	N1	n
бостандық	N1	n
бостон	N1	n
бостық	N1	n
босқа	ADV	adv
босқын	N1	n
босқындық	N1	n
бота	N1	n
боталау	N1	n
ботаник	N1	n
ботаника	N1	n
ботаникалық	A1	adj
ботулизм	N1	n
ботфорт	N1	n
ботқа	N1	n
боцман	N1	n
боя	V-TV	v-trans
боял	V-TV	v-trans
бояма	N1	n
боямала	V-TV	v-trans
боямалық	N1	n
боян	V-IV	v-intrans
бояр	N1	n
боят	V-TV	v-trans
бояу	N1	n
бояулағыш	N1	n
бояушы	N1	n
бояғыш	N1	n
боғмала	N1	n
боқ	N1	n
боқмұрын	N1	n
боқта	V-IV	v-intrans
брадикардия	N1	n
бразилиялық	A4	adj
браманизм	N1	n
брасс	N1	n
браузер	N1	n
брахистохрон	N1	n
брахманизм	N1	n
брезент	N1	n
бренд	N1	n
бригада	N1	n
бригадалық	A1	adj
бригадир	N1	n
бридж	N1	n
бриз	N1	n
брикет	N1	n
британдық	A1	adj
брифинг	N5	n
бройлер	N1	n
брокат	N1	n
брокколи	N1	n
бром	N1	n
бромид	N1	n
брондалған	A1	adj
бронды	A1	adj
бронепоезд	N1	n
бронетехника	N1	n
бронх-өкпелік	A4	adj
бронхиальді	A4	adj
бронхиола	N1	n
бронхоаденит	N1	n
бронхы	N1	n
бронь	N5	n
брудершафт	N1	n
брусит	N1	n
бруствер	N1	n
брэкет	N1	n
бу	N1,V-TV	n+v-trans
бу%	N1	n
буаздық	N1	n
буат	N1	n
бубон	N1	n
бубөлгіш	N1	n
бугаку	N1	n
буда	N1	n
будан	N1	n
будандастыр	V-IV	v-intrans
будандастыру	N1	n
будақ	N1	n
буддалық	A4	adj
буддашы	N1	n
буддизм	N1	n
буддисттік	A1	adj
будуар	N1	n
будыр	V-TV	v-trans
буер	N1	n
буквализм	N1	n
буклет	N1	n
буксир	N1	n
була	V-TV	v-trans
булан	V-IV	v-intrans
буландыр	V-TV	v-trans
буландырғыш	N1	n
булану	N1	n
булаушы	N1	n
булағыш	N1	n
булы	A1	adj
булық	V-IV	v-intrans
бульвар	N1	n
бульдозер	N1	n
бум	N1	n
бума	N1	n
бумалық	N1	n
бумен%	N1	n
бумеранг	N1	n
буна	N1	n
бунақ	N1	n
бунақдене	N1	n
бунақсыз	A1	adj
бунгало	N1	n
бундесвер	N1	n
бункер	N1	n
бура	N1	n
буржуа	N1	n
буржуазия	N1	n
буржуазиялық	A4	adj
бурнус	N1	n
бурун	N1	n
бурхан	N1	n
бурят	N1-NAT	n
бурятша	ADV-LANG	adv
буси	N1	n
бут	N1	n
бутафория	N1	n
бутерброд	N1	n
бутил	N1	n
бутирометр	N1	n
буфер	N1	n
буферлі	A1	adj
буфет	N1	n
бухгалтер	N1	n
бухгалтерия	N1	n
бухгалтерлік	A4,N1	adj+n
бухгалтерлік%	N1	n
бушлат	N1	n
бушприт	N1	n
буылтық	IDEO	interj
буын	N1	n
буынаяқты	N1	n
буынды	A1	adj
буындыр	V-IV	v-intrans
буындық	A4	adj
буыну	N1	n
буыны%	N1	n
буып-түй	V-TV	v-trans
буырқан	V-IV	v-intrans
буға%	N1	n
быжыл	N1	n
быжылда	V-IV	v-intrans
быламық	N1	n
былапыт	N1	n
былау	N1	n
былдырла	V-TV	v-trans
былдырлат	V-TV	v-trans
былжыр	A1,N1	adj+n
былтыр	ADV-WITH-KI	adv
былтырғы	A1	adj
былш%	V-TV	v-trans
былшыл	N1	n
былшылда	V-IV	v-intrans
былшырақ	N1	n
былық	N1	n
былықпай	N1	n
былыққан	A1	adj
былға	V-TV	v-trans
былғала	V-IV	v-intrans
былғаныш	A3	adj
былғары	N1	n
былқылда	V-IV	v-intrans
бырси	V-IV	v-intrans
быртық	A1	adj
быршы	V-IV	v-intrans
бырқылда	V-IV	v-intrans
бытыра	V-IV	v-intrans
бытырау	N1	n
бытыраңқы	A1	adj
бытыраңқылық	N1	n
бытырла	V-IV	v-intrans
бытыс	V-IV	v-intrans
бытыстыр	V-TV	v-trans
бытқыл	N1	n
бықпырт	N1	n
бықсы	V-IV	v-intrans
бықсыт	V-IV	v-intrans
бықырла	V-IV	v-intrans
бьеф	N1	n
бэнк	NP-TOP	np
бэта	N1	n
бювар	N1	n
бювет	N1	n
бюджет	N1	n
бюджеттік	A4	adj
бюллетень	N1	n
бюрет	N1	n
бюро	N1	n
бюрократ	N1	n
бюрократизм	N1	n
бюрократия	N1	n
бюрократиялық	N1	n
бюрократтану	N1	n
бюрократтық	A1	adj
бізгек	N1	n
бізтұмсық	N1	n
біл	V-TV	v-trans
білгір	A1,N1	adj+n
білгіш	N1	n
білдек	N1	n
білдір	V-TV	v-trans
білдірме	V-TV	v-trans
білезік	N1	n
білек	N1	n
білектік	A4	adj
білеулен	V-IV	v-intrans
білмегендік	N1	n
білмейтін	A1	adj
білместік	N1	n
білік	N1	n
біліксіз	A4	adj
біліксіздік	N1	n
білікті	A4	adj
біліктілік	N1	n
білікше	N1	n
білім	A1,N1	adj+n
білімдар	A1,N1	adj+n
білімді	A1	adj
білімділік	N1	n
білімпаз	N1	n
білімпаздық	N1	n
білімсіз	A1,N1	adj+n
білімсіздік	N1	n
білін	V-IV	v-intrans
білінбейтін	A4	adj
біліс	V-IV,V-TV	v-intrans+v-trans
білістік	N1	n
бір	DET-IND,NUM	num
бір%	A1,A4,ADV,DET-QNT,N1,PRON-IND	adj+adv+det+n
бір-бірі	PRON-RECIP	?
біраз	ADV,N1	adv+n
бірауыздан	ADV	adv
бірауызды	A1	adj
бірақ	CC-PROTIV,CC-RAZDEL	?
бірақта	ADV	adv
бірбеткей	A1	adj
бірбуынды	A4	adj
бірвалентті	A4	adj
бірге	ADV	adv
бірге%	N1,V-IV,V-TV	n+v-intrans+v-trans
бірде	ADV	adv
бірдей	A1,ADV	adj+adv
бірдей%	A4	adj
бірдейлік	N1	n
бірдейлілік	N1	n
бірдеме	PRON-IND	?
бірден	ADV	adv
бірден-бір	A3	adj
бірдеңе	PRON-IND	?
бірегей	A1,A4,ADV	adj+adv
бірегейлік	N1	n
бірен-саран	ADV	adv
бірер	DET-IND	?
біреу	NUM-COLL,PRON-IND,PRON-QNT	?
біржақта	ADV	adv
біржақты	A6,ADV	adv
біржақтылық	N1	n
біржерде	ADV	adv
біржола	ADV	adv
біржолата	ADV	adv
біржолғы	A1	adj
біржылдық	A4	adj
біркелкі	A1,ADV	adj+adv
біркелкілік	N1	n
бірлес	V-IV	v-intrans
бірлесе	ADV	adv
бірлескен	A1,ADV	adj+adv
бірлескен%	N1	n
бірлестік	N1	n
бірлестір	V-TV	v-trans
бірлесу	N1	n
бірлік	N1	n
бірмағыналы	A4	adj
бірмезгілдік	A1	adj
бірмүшелік	N1	n
бірмәнді	A1,ADV	adj+adv
бірнеше	DET-QNT	det
бірнешеуі	N1	n
бірсарынды	A4	adj
бірсыпыра	DET-QNT	det
бірталай	ADV	adv
бірте-бірте	ADV	adv
біртектес	A1	adj
біртектілік	N1	n
біртума	A1	adj
біртілді	A4	adj
біртілділік	N1	n
біртіндеп	ADV	adv
біртүрлі	A6,ADV	adv
біртұтас	A4	adj
біртұқымды%	N1	n
біруақытта	ADV	adv
біршама	ADV	adv
бірыңғай	A1,ADV	adj+adv
бірыңғайла	V-TV	v-trans
бірыңғайлау	N1	n
бірыңғайлық	N1	n
біріге	ADV	adv
бірігу	N1	n
бірізді	A3	adj
бірізділік	N1	n
бірік	A3,V-IV	adj+v-intrans
біріккен	A4	adj
бірікпеген	A3	adj
біріктір	V-TV	v-trans
біріктіру	N1	n
біріктіріл	V-TV	v-trans
біріктіріп%	V-TV	v-trans
бірінші	A1	adj
біріншіден	ADV	adv
біріншілік	N1	n
бірқазан	N1	n
бірқалыпты	A1,ADV	adj+adv
бірқалыптылық	N1	n
бірқатар	DET-QNT,PRON-QNT	det
бірқилы	A1	adj
біт	V-IV,Vinfl-AUX	v-aux+v-intrans
біте	V-TV	v-trans
бітелу	N1	n
бітеме	N1	n
бітеп%	V-TV	v-trans
бітеугүл	N1	n
бітеулік	N1	n
бітеуіш	N1	n
біткен	N1	n
біту	N1	n
бітік	N1	n
бітім	N1	n
бітімгершілік	N1	n
бітімші	N1	n
бітімшілік	N1	n
бітір	V-TV,Vinfl-AUX	v-aux+v-trans
бітірме	V-TV	v-trans
бітіруші	N1	n
бітіріс	V-IV	v-intrans
бітіс	V-IV	v-intrans
бітіспестік	A3	adj
бітістіруші	N1	n
бүгелекте	V-IV	v-intrans
бүгулі	A3	adj
бүгіл	V-TV	v-trans
бүгіліс	N1	n
бүгін	ADV,ADV-WITH-KI,N1	adv+n
бүгінге	ADV	adv
бүгінгі	A1	adj
бүгінде	ADV	adv
бүйе	N1	n
бүйрек	N1	n
бүйректік	A1	adj
бүйт	V-IV,V-TV	v-intrans+v-trans
бүйір	A1,N1	adj+n
бүйір%	N1	n
бүйірле	V-TV	v-trans
бүйірлі	A3	adj
бүйірқалта	N1	n
бүк	V-IV,V-TV	v-intrans+v-trans
бүкпе	N1	n
бүкпеле	V-IV,V-TV	v-intrans+v-trans
бүкпесіз	ADV	adv
бүкте	V-TV	v-trans
бүктел	V-IV,V-TV	v-intrans+v-trans
бүктелген	A4	adj
бүктеме	A1,N1	adj+n
бүктемеле	V-IV	v-intrans
бүктеулі	A1	adj
бүкіл	DET-QNT	det
бүкілресейлік	A4	adj
бүкілхалықтық	A1	adj
бүкілқытайлық	A4	adj
бүкіләлемдік	A4	adj
бүкір	A1,N1	adj+n
бүкіре	V-TV	v-trans
бүкірей	V-IV,V-TV	v-intrans+v-trans
бүкірсымақ	A1	adj
бүкіш	A1	adj
бүлдiрушілік	N1	n
бүлдір	V-TV	v-trans
бүлдірген	N1	n
бүлдіруші	N1	n
бүлдіршін	N1	n
бүлдіріп%	V-TV	v-trans
бүлкек	N1	n
бүлкілде	V-IV	v-intrans
бүлкілдеп	ADV	adv
бүлкілдеу	N1	n
бүлік	N1	n
бүлік%	A1	adj
бүлікші	N1	n
бүлін	V-IV	v-intrans
бүлінбе	V-IV	v-intrans
бүлінбеген	A4	adj
бүлінген	A3	adj
бүлінетін	A1	adj
бүлінші	A1	adj
бүр	V-TV	v-trans
бүрге	N1	n
бүрк	V-TV	v-trans
бүрке	V-TV	v-trans
бүркел	V-IV	v-intrans
бүркеме	N1	n
бүркемеле	V-TV	v-trans
бүркемелі	A4	adj
бүркен	V-TV	v-trans
бүркеніш	N1	n
бүркеу	N1	n
бүрку	N1	n
бүркі	V-TV	v-trans
бүркіт	N1	n
бүрле	V-IV	v-intrans
бүрме	N1	n
бүрмеле	V-TV	v-trans
бүрсеңде	V-IV	v-intrans
бүрсігүн	N1	n
бүрсігүні	ADV-WITH-KI	adv
бүртік	N1	n
бүршік	N1	n
бүршіктену	N1	n
бүріккіш	N1	n
бүрікпе	N1	n
бүріс	V-IV	v-intrans
бүтін	A1	adj
бүтін%	N1,V-IV	n+v-intrans
бүтінде	V-TV	v-trans
бүтіндей	ADV	adv
бүтіндік	N1	n
бұдан%	ADV	adv
бұдыр	A1,N1	adj+n
бұдырла	V-TV	v-trans
бұдырмақ	N1	n
бұжырла	V-TV	v-trans
бұз	V-TV	v-trans
бұзау	N1	n
бұзаубалық	N1	n
бұзаубас	N1	n
бұзаула	V-IV,V-TV	v-intrans+v-trans
бұзаушы	N1	n
бұзақы	N1	n
бұзақылан	V-IV	v-intrans
бұзақылық	N1	n
бұзақылық%	V-TV	v-trans
бұзба	V-IV	v-intrans
бұздыр	V-TV	v-trans
бұзу	N1	n
бұзушы	N1	n
бұзушылық	N1	n
бұзыл	V-IV,V-TV	v-intrans+v-trans
бұзылатын	A1	adj
бұзылма	V-IV	v-intrans
бұзылмай%	V-IV	v-intrans
бұзылмаған	A1	adj
бұзылу	N1	n
бұзылыс	N1	n
бұзылған	A4	adj
бұзым	N1	n
бұзып%	V-TV	v-trans
бұзық	A3,N1	adj+n
бұзықтық	N1	n
бұйдала	V-TV	v-trans
бұйра	A2,N1	adj+n
бұйрала	V-TV	v-trans
бұйраланған%	N1	n
бұйрық	N1	n
бұйрық%	V-TV	v-trans
бұйым	N1	n
бұйымтай	N1	n
бұйыр	V-TV	v-trans
бұйық	A1,V-IV	adj+v-intrans
бұл	DET-DEM	?
бұл%	ADV	adv
бұлай	ADV	adv
бұлайша	ADV	adv
бұлан	N1	n
бұлау	N1	n
бұлақ	N1	n
бұлаңда	V-IV	v-intrans
бұлбұл	N1	n
бұлдыр	A4	adj
бұлдырлану	N1	n
бұлжы	V-IV	v-intrans
бұлжымас	A4	adj
бұлт	N1	n
бұлталақ	N1	n
бұлталақта	V-IV	v-intrans
бұлтартпастық	N1	n
бұлтарыс	N1	n
бұлтақ	N1	n
бұлтақта	V-IV	v-intrans
бұлтсыз	A4	adj
бұлтты	A1	adj
бұлттылық	N1	n
бұлтыңдат	V-TV	v-trans
бұлшық	N1	n
бұлшықет	N1	n
бұлшықетті	A1	adj
бұлшықты	A1	adj
бұлықта	V-IV	v-intrans
бұлыңғыр	A4,N1	adj+n
бұлға	V-IV	v-intrans
бұлғар	N1	n
бұлғақ	N1	n
бұлғақтат	V-IV	v-intrans
бұлғаңдат	V-TV	v-trans
бұр	V-TV	v-trans
бұра	V-TV	v-trans
бұрал	V-IV	v-intrans
бұралаң	N1	n
бұралаңда	V-IV	v-intrans
бұранда	N1	n
бұрандама	N1	n
бұрап%	V-TV	v-trans
бұрауыш	N1	n
бұраң	A3	adj
бұраңдат	V-TV	v-trans
бұрма	N1	n
бұрмала	V-TV	v-trans
бұрмаланағн	A1	adj
бұрмаланған	A1,A4	adj
бұрмалау	N1	n
бұрмалаушы	N1	n
бұрмалаушылық	N1	n
бұрти	V-IV	v-intrans
бұртит	V-IV	v-intrans
бұру	N1	n
бұршақ	N1	n
бұршаққын	N1	n
бұрыл	V-IV	v-intrans
бұрылыс	N1	n
бұрылыс%	N1	n
бұрым	N1	n
бұрымша	N1	n
бұрын	ADV-WITH-KI,POST-ABL,POST-NOM	adv+post
бұрын-соңды	ADV	adv
бұрында	ADV	adv
бұрындары	ADV	adv
бұрыннан	ADV	adv
бұрынғы	A1	adj
бұрынғыдай	ADV	adv
бұрынғыша	ADV	adv
бұрыс	N1	n
бұрыстық	N1	n
бұрыш	N1	n
бұрыш%	N1	n
бұрышта	V-TV	v-trans
бұрыштама	N1	n
бұрыштық	A4	adj
бұрғы	N1	n
бұрғыла	V-TV	v-trans
бұрғыланғыштық	N1	n
бұрғылаушы	N1	n
бұрғышы	N1	n
бұрқан	V-IV	v-intrans
бұрқан-талқан	ADV	adv
бұрқасын	N1	n
бұрқылда	V-IV	v-intrans
бұрқыра	V-IV	v-intrans
бұрқырат	V-TV	v-trans
бұт	N1	n
бұта	N1,V-TV	n+v-trans
бұтанақты	A1	adj
бұтақ	N1	n
бұтақтан	V-IV	v-intrans
бұтақты	A1	adj
бұттық	A4	adj
бұғаз	N1	n
бұғана	N1	n
бұғат	N1	n
бұғаттау	N1	n
бұғау	N1	n
бұғау%	V-IV	v-intrans
бұғы	N1	n
бұғы%	N1	n
бұғы-өгіз	N1	n
бұқ	V-IV,V-TV	v-intrans+v-trans
бұқа	N1	n
бұқара	N1	n
бұқаралық	A4	adj
бұқаралық%	N1	n
бұқарашыл	A1,ADV,N1	adj+adv+n
бұқарашылдандыру	N1	n
бұқарашылдық	N1	n
бұқпантайшы	N1	n
бұқтыр	V-IV	v-intrans
бұқтырма	N1	n
бұқтырылған%	N1	n
бәбісек	N1	n
бәддұға	N1	n
бәден	N1	n
бәдірен	N1	n
бәйбіше	N1	n
бәйгелі	A1	adj
бәйек	ADV	adv
бәйкі	N1	n
бәйтерек	N1	n
бәйшешек	N1	n
бәйіт	N1	n
бәкене	A3	adj
бәкі	N1	n
бәле	N1	n
бәле-жала	N1	n
бәлекет	A2	adj
бәлелі	A1	adj
бәлендей	A1	adj
бәлкім	ADV,INTERJ	adv+interj
бәлсіну	N1	n
бәліш	N1	n
бәрекелді	INTERJ	interj
бәрі	PRON-QNT-POSS	?
бәрібір	ADV	adv
бәс%	V-IV	v-intrans
бәсе	INTERJ	interj
бәсеке	N1	n
бәсекеге%	N1	n
бәсекелес	N1	n
бәсекелестік	N1	n
бәсекелі	A1	adj
бәсеңде	V-TV	v-trans
бәсеңдейтін	A4	adj
бәсеңден	V-IV	v-intrans
бәсеңдет	V-TV	v-trans
бәсеңдеткіш	N1	n
бәсеңдік	N1	n
бәске%	V-IV	v-intrans
бәстес	V-IV	v-intrans
бәтеңке	N1	n
бөбек	N1	n
бөгде	N1	n
бөге	V-TV	v-trans
бөгейтін	A1	adj
бөгел	V-TV	v-trans
бөгелт	V-IV	v-intrans
бөгелу	N1	n
бөгеліс	N1	n
бөген	N1	n
бөгеп%	V-TV	v-trans
бөгет	N1	n
бөгет%	V-IV	v-intrans
бөгеу	N1	n
бөгеусіз	A1	adj
бөгеуші	N1	n
бөдене	N1	n
бөденешөп	N1	n
бөзден	A1	adj
бөк	V-TV	v-trans
бөкебай	N1	n
бөкен	N1	n
бөксе	N1	n
бөктер	N1	n
бөктергі	N1	n
бөктеріншек	N1	n
бөл	V-TV	v-trans
бөлiк	N1	n
бөлгіш	N1	n
бөле	N1,V-TV	n+v-trans
бөлек	A1,N1	adj+n
бөлекте	V-IV	v-intrans
бөлектеу	N1	n
бөлектік	N1	n
бөлекше	A1	adj
бөлендір	V-TV	v-trans
бөлке	N1	n
бөлме	N1	n
бөлмелес	N1	n
бөлмелі	A1	adj
бөлтірік	N1	n
бөлу	N1	n
бөлшек	N1	n
бөлшекте	V-TV	v-trans
бөлшектен	V-IV	v-intrans
бөлшектеп	N1	n
бөлшектеп%	V-TV	v-trans
бөлшекті%	A1	adj
бөлшектік	A4	adj
бөлік	N1	n
бөлікте	V-TV	v-trans
бөліктеме	N1	n
бөліктеусіз	ADV	adv
бөлікті	A1	adj
бөліктік	N1	n
бөлім	N1	n
бөлімше	N1	n
бөлімшелі	A4	adj
бөлін	V-TV	v-trans
бөлінбейтіндік	N1	n
бөлінген	A1	adj
бөлінгіштік	N1	n
бөліну	N1	n
бөлінушілік	N1	n
бөлініс	N1	n
бөліп%	V-TV	v-trans
бөліс	N1,V-IV,V-TV	n+v-intrans+v-trans
бөпе	N1	n
бөрене	N1	n
бөртін	V-TV	v-trans
бөрі	N1	n
бөрібасар	N1	n
бөрік	N1	n
бөрікгүл	N1	n
бөріктік	A1	adj
бөрікші	N1	n
бөрітарақ	N1	n
бөріқарақат	N1	n
бөспе	N1	n
бөстекі	A1	adj
бөтелке	N1	n
бөтелкелес	N1	n
бөтен	A3,N1	adj+n
бөтендік	N1	n
бөтенс	V-TV	v-trans
бөшке	N1	n
бөшкеші	N1	n
вагон	N1	n
вагоншы	N1	n
ваграншы	N1	n
важраяна	N1	n
ваза	N1	n
вазодилатация	N1	n
вакансия	N1	n
вакантты	A1	adj
вакуоль	N1	n
вакуум	N1	n
вакцина	N1	n
вакциналау	N1	n
валансьен	N1	n
валентті	A1	adj
валенттік	N1	n
валенттілік	N1	n
валерьянка	N1	n
валлийлік	A1	adj
валокордин	N1	n
валоризация	N1	n
вальс	N1	n
валюта	N1	n
валюталық	A1	adj
валюташы	N1	n
валюттендіру	N1	n
вампир	N1	n
ван%	NP-COG-MF	np
ванадий	N1	n
вандал	N1	n
вандализм	N1	n
ваниль	N1	n
ванна	N1	n
варактор	N1	n
варваризм	N1	n
варварлық	A1,N1	adj+n
вариант	N1	n
вариатор	N1	n
вариация	N1	n
варисцит	N1	n
варияциялық	A1	adj
вассал	N1	n
вассалдық	A1	adj
вассалитет	N1	n
ватер	N1	n
ватерпас	N1	n
ватерсызық	N1	n
ватин	N1	n
ватман	N1	n
ватрушка	N1	n
ватт	N1	n
ватт-сағат	N1	n
ваттметр	N1	n
ваучер	N1	n
вафельші	N1	n
вафля	N1	n
веб	N1	n
веб%	N1	n
веб-сайт	N1	n
веб-шолғыш	N1	n
вебкамера	N1	n
вебпарақ	N1	n
вебсайт	N1	n
вегетариан	N1	n
вегетариандық	N1	n
вегетативтік	A4	adj
вегетация	N1	n
вегетациялық	A4	adj
ведомство	N1	n
ведомствоаралық	A1	adj
ведомстволық	A4	adj
везикул	N1	n
вексель	N5	n
вектор	N1	n
векторлық	A1	adj
велодром	N1	n
веложарыс	N1	n
велокросс	N1	n
велосиметр	N1	n
велосипед	N1	n
велосипедте%	N1	n
велосипедші	N1	n
велоспорт	N1	n
велошабандоз	N1	n
вельбот	N1	n
вельвет	N1	n
велюр	N1	n
веляризация	N1	n
вена	N1	n
венаішілік	A1	adj
венгерше	ADV-LANG	adv
венгр	A4,N1-NAT	adj+n
венгриялық	A4	adj
венгрлік	A4	adj
венгрше	ADV-LANG	adv
венеролог	N1	n
венерология	N1	n
венесекция	N1	n
вентерьші	N1	n
вентиляция	N1	n
веранда	N1	n
вербалдану	N1	n
вербализм	N1	n
верификация	N1	n
вермахт	N1	n
веронал	N1	n
верп	N1	n
версификация	N1	n
верфь	N1	n
вестибюль	N1	n
ветеринарлық	A1	adj
ветчина	N1	n
вече	N1	n
взвод	N1	n
виадук	N1	n
вибратор	N1	n
вивисекция	N1	n
видео	N1	n
видеография	N1	n
видеокассет	N1	n
видеоклуб	N1	n
видеоконференция	N1	n
виза	N1	n
византиялық	A4	adj
визитация	N1	n
визуалді	A1	adj
визуализация	N1	n
вика	N1	n
викарий	N1	n
виксен	N1	n
викториандық	A4	adj
вилла	N1	n
виллансико	N1	n
вингер	N1	n
виндсерфер	N1	n
виндсерфинг	N1	n
виндсэрфер	N1	n
винегрет	N1	n
винил	N1	n
винкамин	N1	n
винтаждылық	N1	n
винтовка	N1	n
винтте	V-TV	v-trans
вироид	N1	n
виртуалды	A1	adj
виртуалді	ADV	adv
виртуоздылық	N1	n
виртуоздық	A1	adj
вируленттілік	N1	n
вирус	N1	n
вирусология	N1	n
виски	N1	n
висмут	N1	n
витамин	N1	n
витрификация	N1	n
витрэктомия	N1	n
вице-король	N1	n
вице-министр	N1	n
вице-президент	N1	n
вице-премьер	N1	n
вице-секретарь	N1	n
владимиро-суздальск	A1	adj
военкомат	N1	n
вокал	N1	n
вокалдандыру	N1	n
вокалды	A1	adj
вокализ	N1	n
вокализм	N1	n
вокалист	N1	n
вокатив	N1	n
вокзал	N1	n
волейбол	N1	n
волейболшы	N1	n
волеми	N1	n
волонтерлік	N1	n
волосов	A1	adj
волынка	N1	n
волынкашы	N1	n
вольт	N1	n
вольтаж	N1	n
вольтаметр	N1	n
вольтамметрия	N1	n
вольтметр	N1	n
вольфрам	N1	n
волюметрия	N1	n
волюнтаризм	N1	n
вотум	N1	n
вотчина	N1	n
вуайеризм	N1	n
вувузела	N1	n
вулкандық	A1	adj
вулканизм	N1	n
вулканология	N1	n
вульгаризм	N1	n
вульфенит	N1	n
вьетнамша	ADV-LANG	adv
г	ABBR	abbr
габарит	N1	n
габитус	N1	n
гавань	N1	n
гавот	N1	n
гагат	N1	n
газ	A1,N1	adj+n
газ%	A4,N1	adj+n
газгольдер	N1	n
газдабыл	N1	n
газдалған	A3	adj
газдалған%	N1	n
газдандыру	N1	n
газдау	N1	n
газды	A1	adj
газет	N1	n
газета	N1	n
газеттік	A1	adj
газетші	N1	n
газификация	N1	n
газолин	N1	n
газометрия	N1	n
газотрон	N1	n
газсыздандыру	N1	n
газсыздандырғыш	N1	n
газшы	N1	n
газөлшеуіш	N1	n
гайандық	A4	adj
гайморит	N1	n
гайтан	N1	n
гала-концерт	N1	n
галактика	N5	n
галактикааралық	A4	adj
галактикалық	A1	adj
галактометр	N1	n
галантерея	N1	n
галерея	N1	n
галиот	N1	n
галит	N1	n
галл	N1	n
галлий	N1	n
галлицизм	N1	n
галломандық	N1	n
галлон	N1	n
галлюцинация	N1	n
галлюциноген	N1	n
галоген	N1	n
галогенид	N1	n
галс	N1	n
галстук	N1	n
гальвандау	N1	n
гальваникалық	A4	adj
гальваникалық%	N1	n
гальванометр	N1	n
гальюн	N1	n
гальярд	N1	n
гамбит	N1	n
гамбургер	N1	n
гамет	N1	n
гамета	N1	n
гаметофита	N1	n
гаметоцит	N1	n
гамма	N1	n
гамма-сәуле	N1	n
гаммаглобулин	N1	n
гаммаграфия	N1	n
гамопеталустық	A4	adj
ганглий	N1	n
гангрена	N1	n
гандбол	N1	n
гаплоидты	A4	adj
гараж	N1	n
гардероб	N1	n
гардеробшы	N1	n
гарем	N1	n
гармонизация	N1	n
гармоникалық	A4	adj
гармония	N1	n
гармонияны%	A4	adj
гарнизон	N1	n
гарнир	N1	n
гарнитур	N1	n
гарпун	N1	n
гарпуншы	N1	n
гарт	N1	n
гастралгия	N1	n
гастрит	N1	n
гастроль	N1	n
гастроном	N1	n
гастрономдық	A1	adj
гастрономия	N1	n
гастроскопия	N1	n
гаструла	N1	n
гаструляция	N1	n
гаусстық	A4	adj
гаустория	N1	n
гауһар	A1,N1	adj+n
гафний	N1	n
гаэлдық	A1	adj
гвардия	N1	n
гвинеялік	A4	adj
гегемонизм	N1	n
гегемония	N1	n
гедонистік	A4	adj
гей	N1	n
гейзер	N1	n
гейм	N1	n
гекзаметр	N1	n
гексагональді	A4	adj
гексакозиогексеконтагексафобия	N1	n
гексаметр	N1	n
гексоз	N1	n
гектар	N1	n
гектоватт-сағат	N1	n
гектограмм	N1	n
гектограф	N1	n
гектография	N1	n
гектолитр	N1	n
гектометр	N1	n
гелий	N1	n
геликоид	A4	adj
геликоидалды	A4	adj
геликоптер	N1	n
гелиобиология	N1	n
гелиограф	N1	n
гелиометр	N1	n
гелиоорталықты	A4	adj
гелиоскоп	N1	n
гелиотерапия	N1	n
гелиотермия	N1	n
гелиотроп	N1	n
гелиотропизм	N1	n
гелиофиликті	A4	adj
гелиоцентризм	N1	n
гель	N1	n
гель%	N1	n
гельминтоз	N1	n
гемангиома	N1	n
гематоген	N1	n
гематология	N1	n
гематологиялық	A4	adj
гематома	N1	n
гематурия	N1	n
гемидемисемиквайер	N1	n
гемикриптофит	N1	n
гемимембрана	N1	n
гемиплегия	N1	n
гемма	N1	n
геммология	N1	n
гемоглобин	N1	n
гемограмма	N1	n
гемолимф	N1	n
геморрой	N1	n
гемотерапия	N1	n
гемофилия	N1	n
ген	N1	n
гендік	A1	adj
генеалогия	N1	n
генеалогиялық	A1	adj
генезис	N1	n
генерал	N1	n
генералитет	N1	n
генератор	N1	n
генетик	A4,N1	adj+n
генетика	N1	n
генетикалы	ADV	adv
генетикалық	A4	adj
геном	N1	n
генотип	N1	n
генофонд	N1	n
геноцид	N5	n
геоботаника	N1	n
геогр.	ABBR	abbr
географ	N1	n
география	N1	n
географиялық	A4,ADV	adj+adv
геодезист	N1	n
геодезия	N1	n
геодезиялық	A4	adj
геодезияшы	N1	n
геодинамика	N1	n
геоид	N1	n
геол.	ABBR	abbr
геолог	N1	n
геология	N1	n
геологиялық	A4	adj
геолокация	N1	n
геомагнетизм	N1	n
геомагнитті	A1	adj
геометрия	N1	n
геометриялық	A4	adj
геоморфология	N1	n
геоморфологиялық	A4	adj
геосаясат	N1	n
геосаясаттық	A1	adj
геосинклиналды	A1	adj
геосиноним	N1	n
геострофикалық	A4	adj
геотермалді	A1	adj
геотермия	N1	n
геотехникалық	A4	adj
геофизик	A4	adj
геофизика	N1	n
геофизикалық	A4	adj
геофит	N1	n
геохимия	N1	n
геохимиялық	A4	adj
геохронология	N1	n
геоцентризм	N1	n
геоэкология	N1	n
гепарин	N1	n
гепатит	N1	n
гепатогастрикалық	A4	adj
гепатомегалия	N1	n
гепатоцит	N1	n
гептагон	N1	n
герань	N1	n
герб	N1	n
гербицид	N1	n
геркулес	N1	n
германизм	N1	n
германий	N1	n
герметизация	N1	n
герметизацияла	V-IV	v-intrans
герметикала	V-IV	v-intrans
герметикалық	A4,ADV	adj+adv
героев	NP-COG-OB	np
героин	N1	n
геронтолог	N1	n
геронтология	N1	n
герпетология	N1	n
герундий	N1	n
герцин	A1	adj
герцог	N1	n
гетеробуынды	A4	adj
гетерогамия	N1	n
гетерозигот	N1	n
гетерометрлік	A4	adj
гетероним	N1	n
гетерополярлы	A4	adj
гетеросексуалды	A1	adj
гетероциклді	A4	adj
гетр	N1	n
гешефт	N1	n
гештальтпсихология	N1	n
гиалит	N1	n
гиалоплазма	N1	n
гиацинт	N1	n
гибрид	N1	n
гибридизация	N1	n
гибридом	N1	n
гигаку	N1	n
гигант	N1	n
гигантизм	N1	n
гигиена	N1	n
гигиеналық	A4	adj
гигрометр	N1	n
гигроскоп	N1	n
гигроскопиялық	A4	adj
гидра	N1	n
гидравликалық	A1	adj
гидразин	N1	n
гидрант	N1	n
гидрат	N1	n
гидратация	N1	n
гидрид	N1	n
гидрирование	N1	n
гидроавиация	N1	n
гидробекет	N1	n
гидроберіліс	N1	n
гидробиология	N1	n
гидрогенератор	N1	n
гидрогеология	N1	n
гидрография	N1	n
гидрографиялық	A4	adj
гидродинамикалық	A4	adj
гидрокостюм	N1	n
гидроксид	N1	n
гидролиз	N1	n
гидролиттік	A4	adj
гидрология	A4,N1	adj+n
гидрологиялық	A4	adj
гидролокатор	N1	n
гидролокация	N1	n
гидромелиорация	N1	n
гидрометаллургия	N1	n
гидрометеорология	N1	n
гидрометр	N1	n
гидрометрия	N1	n
гидроминералды	A1	adj
гидроморфты	A4	adj
гидроплан	N1	n
гидропневматикалық	A4	adj
гидропульт	N1	n
гидросорғы	N1	n
гидростанция	N1	n
гидростат	N1	n
гидростатикалық	A4	adj
гидросульфит	N1	n
гидротежеу	N1	n
гидротерапия	N1	n
гидротехникалық	A4	adj
гидрофильді	A4	adj
гидрофобия	N1	n
гидрофобты	A4	adj
гидрофугты	A4	adj
гидрохимия	N1	n
гидроцефалия	N1	n
гидроэлектриялық	A1	adj
гиена	N1	n
гильдия	N1	n
гильотина	N1	n
гимн	N1	n
гимназия	N1	n
гимнастерка	N1	n
гимнастикалық	A1	adj
гинеколог	N1	n
гинекология	N1	n
гипербайланыс	N1	n
гипербола	N1	n
гиперболалық	A4	adj
гиперболоид	N1	n
гипердауысты	A4	adj
гиперемия	N1	n
гипержұқа	A4	adj
гипермаркет	N1	n
гипероним	N1	n
гиперпирексия	N1	n
гиперплазия	N1	n
гиперсілтеме	N1	n
гипертермия	N1	n
гипертония	N1	n
гипертрофия	N1	n
гипноз	N1	n
гипнозда	V-IV	v-intrans
гипнозды	A1	adj
гипнозшы	N1	n
гипнотерапия	N1	n
гипнотизер	N1	n
гипнотизм	N1	n
гиповолемия	N1	n
гипогей	N1	n
гипографты	A4	adj
гипоксия	N1	n
гипоним	N1	n
гипоплазия	N1	n
гипостильді	A4	adj
гипосульфит	N1	n
гипотактикалық	A4	adj
гипоталамус	N1	n
гипотеза	ADV,N1	adv+n
гипотезалы	A1	adj
гипотензия	N1	n
гипотенуза	N1	n
гипотермия	N1	n
гипотиреоз	N1	n
гипотония	N1	n
гипофиз	N1	n
гипоцентр	N1	n
гиппокамп	N1	n
гиппология	N1	n
гиппопотам	N1	n
гипс	N1	n
гипсометр	N1	n
гипсометрия	N1	n
гипсте	V-IV	v-intrans
гипюр	N1	n
гироскоп	N1	n
гироскопиялық	A4	adj
гистамин	N1	n
гистограмма	N1	n
гистолог	N1	n
гистология	N1	n
гистон	N1	n
гит	N1	n
гитара	N1	n
гитарашы	N1	n
гитарист	N1	n
гитлеризм	N1	n
гиф	N1	n
гичка	N1	n
глазок	N1	n
глаукома	N1	n
глетчер	N1	n
гликемиялық	A4	adj
гликоген	N1	n
гликолипид	N1	n
гликоль	N1	n
гликопротеин	N1	n
глинозем	N1	n
глиссер	N1	n
глицерин	N1	n
глицин	N1	n
глия	N1	n
глобалді	ADV	adv
глобин	N1	n
глобулин	N1	n
глобус	N1	n
глобустық	A4	adj
глоссарий	N1	n
глоттогония	N1	n
глоттохронология	N1	n
глюкоза	N1	n
глюкозида	N1	n
глюкокортикоид	N1	n
глюмдальклич	N1	n
глюонной	N1	n
глютамин	N1	n
глютен	N1	n
глюцид	N1	n
гляциология	N1	n
гнейс	N1	n
гном	N1	n
гномон	N1	n
гносеология	N1	n
гносеологиялық	A4	adj
гобелен	N1	n
гоблин	N1	n
гобой	N1	n
гол	N1	n
голландиялық	A4	adj
голландша	ADV-LANG	adv
голландық	N1	n
голограмма	N1	n
голография	N1	n
голотип	N1	n
гольмий	N1	n
гольф	N1	n
гомеоморфизм	N1	n
гомеопатия	N1	n
гомеостаз	N1	n
гомеостат	N1	n
гомерикалық	A4	adj
гоминид	N1	n
гоминьдан	N1	n
гомогендеу	N1	n
гомогенизация	N1	n
гомография	N1	n
гомозигот	N1	n
гомологация	N1	n
гомология	N1	n
гомологты	A4	adj
гомоморфизм	N1	n
гомополимер	N1	n
гомосексуалдық	N1	n
гомосексуализм	N1	n
гомотетикалық	A4	adj
гомотопия	N1	n
гомотопты	A4	adj
гомофония	N1	n
гонада	N1	n
гонг	N1	n
гондола	N1	n
гонион	N1	n
гонт	N1	n
горгулья	N1	n
гордийлік	A4	adj
горельеф	N1	n
горизонталь	A4	adj
горилла	N1	n
гормон	N1	n
горрота	N1	n
горшок	N1	n
госпитализация	N1	n
госпиталь	N1	n
госпитальдық	A1	adj
готикалық	A1	adj
гравиметрия	N1	n
гравитация	N1	n
гравитациялық	A4	adj
градация	N1	n
градиент	N1	n
градирня	N1	n
градус	N1	n
грамм	N1	n
граммаж	N1	n
грамматик	N1	n
грамматика	N1	n
грамматикалану	N1	n
грамматикалық	A4	adj
граммофон	N1	n
гранадандық	A4	adj
гранат	N1	n
гранж	N1	n
гранит	N1	n
грант	N1	n
гранула	N1	n
гранулема	N1	n
гранулометрия	N1	n
гранулоцит	N1	n
граф	N1	n
график	N1	n
графика	N1	n
графикалық	A4	adj
графин	N1	n
графит	N1	n
графолог	N1	n
графологист	N1	n
графология	N1	n
графомология	N1	n
графтық	N1	n
граффити	N1	n
грегал	N1	n
грейпфрут	N1	n
грейфер	N1	n
грек	N1-NAT	n
гректік	A1	adj
грекше	ADV-LANG	adv
гренадер	N1	n
гренадтық	A4	adj
гризайль	N1	n
гриль	N1	n
грильді	A4	adj
гримаса	N1	n
гримде	V-IV	v-intrans
гримдеу	N1	n
гриф	N1	n
грифель	N1	n
гросс	N1	n
гроссмейстер	N1	n
груббер	N1	n
грузин	N1-NAT	n
грузинша	ADV-LANG	adv
группа	N1	n
гуайява	N1	n
гуарани	N1-NAT	n
гуараниша	ADV-LANG	adv
губернатор	N1	n
губерния	N1	n
губерниялық	A4	adj
губка	N1	n
гудрон	N1	n
гудронатор	N1	n
гуигнгнм	N1-NAT	n
гульден	N1	n
гуляш	N1	n
гуманизм	N1	n
гуманист	N1	n
гуманистік	A1,A4	adj
гуманитарлы	A1	adj
гуманитарлық	A4	adj
гумификация	N1	n
гуммоз	N1	n
гуморальдық	A4	adj
гумусты	A4	adj
гурд	N1	n
гусар	N1	n
гуіл	N1	n
гуілде	V-IV	v-intrans
гірші	N1	n
гүл	N1	n
гүл%	N1	n
гүлбақша	N1	n
гүлде	V-IV	v-intrans
гүлден	V-IV	v-intrans
гүлденген	A4	adj
гүлденгіш	A1	adj
гүлдеу	N1	n
гүлді	A1,A4	adj
гүлжазира	A3	adj
гүлзар	N1	n
гүлзардақ	N1	n
гүлсабақ	N1	n
гүлсауыт	N1	n
гүлсіз	A1	adj
гүлтозаң	N1	n
гүлтәж	N1	n
гүлтәжі	N1	n
гүлшоғыр	N1	n
гүлшоқ	N1	n
гүмпілде	V-IV,V-TV	v-intrans+v-trans
гүрсіл	N1	n
гүрсілдеу	N1	n
гүріл	N1	n
гөр	MOD-ASS	?
гөрі	POST-ABL	?
да	CC-SOYED,POSTADV	conj
да%	NP-COG-MF	np
дабдыра	V-IV	v-intrans
дабыл	N1	n
дабыл%	N1,V-IV	n+v-intrans
дабылпаз	N1	n
дабылсыз	A1	adj
дабылхат	N1	n
дабылшы	N1	n
дабыра	N1	n
дабырайт	V-IV	v-intrans
дабырашыл	A3	adj
дабырсыз	A1	adj
дагеротип	N1	n
дагеротипия	N1	n
дадаизм	N1	n
дайджест	N1	n
дайме	N1	n
дайым	A1	adj
дайын	A3	adj
дайында	V-TV	v-trans
дайындайтын	A1	adj
дайындал	V-IV	v-intrans
дайындамаы	N1	n
дайындау	N1	n
дайындаушы	N1	n
дайындық	N1	n
дактилология	N1	n
дактилоскопия	N1	n
дактиль	N1	n
дала	N1	n
далалы	A1	adj
далалық	A1	adj
далалық%	N1	n
далап	N1	n
далапта	V-TV	v-trans
далақтай	A1	adj
далба-дұлба	A1	adj
далбаса	N1	n
далдандыр	V-TV	v-trans
дальтонизм	N1	n
дам	V-IV	v-intrans
даму	N1	n
даму%	N1	n
дамушылық	N1	n
дамы	V-IV	v-intrans
дамыл	N1	n
дамыл%	V-TV	v-trans
дамылда	V-TV	v-trans
дамылдан	V-IV	v-intrans
дамыт	V-TV	v-trans
дамытудағы	A1	adj
дамыған	A1	adj
дан	N1	n
дана	A1,N1	adj+n
данагөй	A3	adj
данагөйлік	N1	n
даналап	N1	n
даналы	ADV	adv
даналық	N1	n
даниялық	A4,N1	adj+n
дантист	N1	n
данышпан	N1	n
данышпандық	N1	n
данышпанс	V-TV	v-trans
данышпансыған	A1	adj
даосизм	N1	n
дар	N1	n
дара	A3	adj
дара%	A4	adj
дара-дара	A1	adj
дарала	V-TV	v-trans
даралан	V-TV	v-trans
дараландыру	N1	n
даралат	V-IV	v-intrans
даралық	N1	n
дарашыл	N1	n
дарашылдық	N1	n
дарвинизм	N1	n
дардай	A1	adj
дариға	INTERJ	interj
даршын	N1	n
дары	V-IV	v-intrans
дарылда	V-TV	v-trans
дарымау	N1	n
дарын	N1	n
дарынды	A1	adj
дарындылық	N1	n
дарынсыз	A3	adj
дарынсыздық	N1	n
дарқан	A1	adj
дарқандық	N1	n
дастан	N1	n
дастархан	N1	n
дастархан%	V-TV	v-trans
дастарқан	N1	n
дата	N1	n
даталау	N1	n
датта	V-TV	v-trans
датша	ADV-LANG	adv
дау	N1	n
дау-дамай	N1	n
дау-жанжал	N1	n
дауа	N1	n
дауал	N1	n
дауала	V-IV	v-intrans
дауалы	A1	adj
дауасыз	A1	adj
даугер	N1	n
даукес	N1	n
даулас	V-IV	v-intrans
дауласпаған	A1,A4	adj
дауласу	N1	n
даулы	A4,ADV	adj+adv
даулылық	N1	n
даурық	V-IV	v-intrans
даурықпа	A1,N1	adj+n
даурықтыр	V-TV	v-trans
даурықшыл	N1	n
даурықшылдық	N1	n
даусыз	ADV	adv
даусыздық	N1	n
дауыл	A1,N1	adj+n
дауылда	V-TV	v-trans
дауылды	A1	adj
дауылпаз	N1	n
дауыс	N1	n
дауыс%	N1,V-TV	n+v-trans
дауыссыз	A1,N1	adj+n
дауыссыз%	N1	n
дауыссыздық	N1	n
дауыста	V-IV	v-intrans
дауыстап	ADV	adv
дауысты	A1,N1	adj+n
дауысты%	N1	n
дауқұмар	N1	n
дауқұмарлық	N1	n
дацан	N1	n
дацит	N1	n
дашнак	N1	n
даяр	A3	adj
даярла	V-TV	v-trans
даярлан	V-IV	v-intrans
даярлап%	V-TV	v-trans
даярлау	N1	n
даярлық	N1	n
даярлықпен	ADV	adv
даяшы	N1	n
дағбырт	N1	n
дағдар	V-IV	v-intrans
дағдарыс	N1	n
дағдарысты	A3	adj
дағдарысқа%	A1	adj
дағды	N1	n
дағды%	V-IV	v-intrans
дағдылан	V-IV,V-TV	v-intrans+v-trans
дағдылану	N1	n
дағдыланғандық	N1	n
дағдылы	A4	adj
дағдылық	N1	n
дағуа	N1	n
дағыра	N1	n
дағырашы	N1	n
дақ	N1	n
дақ%	N1	n
дақтан	V-TV	v-trans
дақтау	N1	n
даңғаза	N1	n
даңғой	A1	adj
даңғойлық	N1	n
даңғыл	N1	n
даңғылдан	V-IV	v-intrans
даңғыр	N1	n
даңғырла	V-IV	v-intrans
даңғырлат	V-TV	v-trans
даңқ	N1	n
даңқсыздық	N1	n
даңқта	V-TV	v-trans
даңққұмар	A1	adj
даңққұмарлық	N1	n
дворян	N1	n
дворяндық	A1	adj
двуличность	N1	n
де	V-TV-NOPASS,V-TV-PASS	?
дебаркадер	N1	n
дебет	N1	n
дебит	N1	n
дебиторлық	A4	adj
дебют	N1	n
дебютант	A1	adj
дебютте	V-IV	v-intrans
девальвация	N1	n
девиатонизм	N1	n
девиация	N1	n
девон	N1	n
дегбір	N1	n
дегбірсіз	A3	adj
дегдіту	N1	n
дегелек	N1	n
деген	POST-DAT	post
дегендей	INTERJ	interj
дегенерация	N1	n
дегенмен	ADV,CA	adv
деградация	N1	n
дегрессия	N1	n
дегустация	N1	n
дедекте	V-IV	v-intrans
дедуктивтік	A4	adj
дедукция	N1	n
дезактивация	N1	n
дезертирлік	N1	n
дезинсекция	N1	n
дезинтеграция	N1	n
дезинфекция	N1	n
дезодорант	N1	n
дезодоратор	N1	n
деизм	N1	n
деиндустриализация	N1	n
дейтерий	N1	n
дейін	ADV,POST-DAT	adv+post
дейінгі	A4,ADV	adj+adv
дек.	ABBR	abbr
декабрь	N1	n
декаграмм	N1	n
декаданс	N1	n
декаденттік	A4	adj
декалитр	N1	n
декалькомания	N1	n
декальцинация	N1	n
декан	N1	n
декан%	N1	n
деканат	N1	n
декантация	N1	n
декаэдр	N1	n
декларант	N1	n
декларация	N5	n
декодер	N1	n
декокт	N1	n
деколонизация	N1	n
декомпозиция	N1	n
декомпрессия	N1	n
деконструкторшы	N1	n
деконцентрация	N1	n
декоративті	A1	adj
декоративтік	A1	adj
декорация	N1	n
декорациялық	A1	adj
декорум	N1	n
декрет	N1	n
декстрин	N1	n
декстроза	N1	n
декьюри	N1	n
делбе	N1	n
делдал	N1	n
делдалда	V-IV	v-intrans
делдалдық	N1	n
делегат	N1	n
делегация	N1	n
деликт	N1	n
дельта	N1	n
дельтаплан	N1	n
дельтапланеризм	N1	n
дельфин	N1	n
делқұлы	N1	n
дем	N1	n
дем%	N1,V-IV,V-TV	n+v-intrans+v-trans
демагогия	N1	n
демагогиялық	A4	adj
демал	V-IV	v-intrans
демалушы	N1	n
демалыс	A1,N1	adj+n
демалыс%	N1	n
демалысты%	V-IV	v-intrans
демаркация	N1	n
дембелше	A1	adj
демде	V-TV	v-trans
деме	V-TV	v-trans
демек	CA,INTERJ	interj
деменция	N1	n
демеу	A1,N1	adj+n
демеулік	N1	n
демеуші	N1	n
демобилизация	N1	n
демограф	N1	n
демография	N1	n
демографиялы	ADV	adv
демографиялық	A4	adj
демодулятор	N1	n
демодуляция	N1	n
демократ	N1	n
демократизация	N1	n
демократизм	N1	n
демократикалық	A1	adj
демократия	N1	n
демократияландыр	V-TV	v-trans
демократиялану	N1	n
демократиялық	A3	adj
демократияшылдық	N1	n
демократтан	V-IV	v-intrans
демонстрация	N1	n
деморализация	N1	n
демос	N1	n
демтесік	N1	n
демі%	V-IV	v-intrans
демігу	N1	n
демікпе	N1	n
денатурат	N1	n
денде	V-TV	v-trans
денди	N1	n
дендрология	N1	n
дендрохронология	N1	n
дене	N1	n
денелі	A1,A4	adj
денелік	A1	adj
денесіз	A1	adj
денеушілік	N1	n
денитрификация	N1	n
денсаулық	N1	n
денсаулық%	N1	n
дентин	N1	n
денудация	N1	n
дені%	A2	adj
деонтологиялық	A1	adj
деп%	V-TV	v-trans
департамент	N1	n
депиляция	N1	n
депозит	N5	n
деполонизация	N1	n
депорт	N1	n
депортация	N1	n
депортацияланған	A4	adj
депрессант	N1	n
депрессия	N1	n
депутат	N1	n
депутаттық	N1	n
депутация	N1	n
дер	ADV	adv
дератизация	N1	n
дербес	A2	adj
дербестеу	N1	n
дербестік	N1	n
дербестілік	N1	n
деревня	N1	n
дерек	N1	n
дерекнама	N1	n
дерексіздік	N1	n
деректеметану	N1	n
деректі	A1,N1	adj+n
дерекқор	N1	n
дереу	ADV	adv
дереусіздік	N1	n
держава	N1	n
деривация	N1	n
дерлік	ADV	adv
дерматин	N1	n
дерматит	N1	n
дерматология	N1	n
дерт	N1	n
дерттілік	N1	n
десант	N1	n
десантшы	N1	n
десерт	N1	n
десквамация	N1	n
дескриптор	N1	n
десорбция	N1	n
деспотизм	N1	n
деспотия	N1	n
десте	N1	n
дестеле	V-TV	v-trans
детектив	N1	n
детектор	N1	n
детерминант	N1	n
детерминделген	A4	adj
детерминизм	N1	n
детерминші	N1	n
детоксикация	N1	n
детонатор	N1	n
детонация	N1	n
детонометр	N1	n
детрит	N1	n
детритофаг	N1	n
детриттік	A4	adj
дефекация	N1	n
дефект	N1	n
дефективті	A1	adj
дефектология	N1	n
дефектоскоп	N1	n
дефиниция	N1	n
дефис	N1	n
дефицит	N1	n
дефлектор	N1	n
дефляция	N1	n
дефолиант	N1	n
деформация	N1	n
деформацияла	V-TV	v-trans
децентрализация	N1	n
децентрализацияла	V-TV	v-trans
децибел	N1	n
дециграмм	N1	n
децилитр	N1	n
дециметр	N1	n
деңгей	N1	n
деңгейле	V-TV	v-trans
деңгейлес	V-TV	v-trans
джаз	N1	n
джайнизм	N1	n
джем	N1	n
джентльмен	N1	n
джерси	N1	n
джип	N1	n
джоуль	N1	n
джунгли	N1	n
дзот	N1	n
дзюдо	N1	n
диабаз	N1	n
диабет	N1	n
диагноз	N1	n
диагноздық	A4	adj
диагностика	N1	n
диагностикала	V-TV	v-trans
диагностикалық	A4	adj
диаграмма	N1	n
диадема	N1	n
диадикалық	A4	adj
диакритикалық	A4	adj
диалект	N1	n
диалектизм	N1	n
диалектик	A4	adj
диалектикалық	A1	adj
диалектология	N1	n
диалектілік	A1	adj
диалог	N1	n
диалогті	A1	adj
диамагнетизм	N1	n
диамант	N1	n
диамат	N1	n
диаметр	N1	n
диаметралді	ADV	adv
диапазон	N1	n
диапозитив	N1	n
диарея	N1	n
диаспора	N1	n
диастола	N1	n
диатез	N1	n
диатермия	N1	n
диатоникалық	A4	adj
диафан	N1	n
диафильм	N1	n
диафрагмалық	A4	adj
диахрония	N1	n
диахрониялық	A4	adj
дибромэтан	N1	n
диван	N1	n
дивергент	N1	n
дивергенция	N1	n
диверсификация	N1	n
диверсификацияла	V-TV	v-trans
диверсия	N1	n
диверсиялық	A4	adj
диверсиялық%	N1	n
дивертисмент	N1	n
дивиденд	N1	n
дивидент	N1	n
дивизион	N1	n
дивизиондық	A4	adj
дивизия	N1	n
диграф	N1	n
дидактикалық	A4	adj
дидар	N1	n
диез	N1	n
дизайн	N1	n
дизайнерлік	A4	adj
дизель	N1	n
дизентерия	N1	n
дизурия	N1	n
дизъюнкция	N1	n
дикотиледон	N1	n
диктант	N1	n
диктатор	N1	n
диктаторлық	A1	adj
диктатура	N1	n
диктор	N1	n
диктофон	N1	n
дикция	N1	n
дилаторды	A4	adj
дилемма	N1	n
дилер	N1	n
дилетантизм	N1	n
дилижанс	N1	n
дилогия	N1	n
димер	N1	n
диметилформамид	N1	n
диморфизм	N1	n
динамизм	N1	n
динамик	N1	n
динамика	N1	n
динамикалық	A4	adj
динамометр	N1	n
динар	N1	n
динас	N1	n
динозавр	N1	n
диод	N1	n
диоксид	N1	n
диоксин	N1	n
диоптр	N1	n
диоптрия	N1	n
диорама	N1	n
диорит	N1	n
диплоидті	A4	adj
диплоикалық	A4	adj
диплококк	N1	n
диплом	N1	n
дипломат	N1	n
дипломатия	N1	n
дипломатиялық	A4	adj
дипломатиялық%	N1	n
дипломшы	N1	n
диполь	N1	n
диптерон	N1	n
диптих	N1	n
директива	N1	n
директор	N1	n
директорат	N1	n
директорлық	A1	adj
дирекция	N1	n
дирижер	N1	n
дирхем	N1	n
дисахарид	N1	n
дисгармония	N1	n
диск	N5	n
дискант	N1	n
дисквалификация	N1	n
дисквалификацияла	V-TV	v-trans
дискета	N1	n
дискомфорт	N1	n
дисконт	N5	n
дискотека	N1	n
дискретті	A4	adj
дискреттік	A1	adj
дискрециялық	A1	adj
дискриминациялық	A1	adj
дискурс	N1	n
дислексия	N1	n
дислокация	N1	n
дисменорея	N1	n
диспансер	N1	n
диспепсия	N1	n
дисперсия	N1	n
диспетчер	N1	n
диспетчерлендіру	N1	n
дисплазиясы	N-COMPOUND-PX	?
дисплей	N1	n
диспозиция	N1	n
диспропорция	N1	n
диспропорциялық	A1,ADV	adj+adv
диспут	N1	n
диссертация	N1	n
диссидент	N5	n
диссимиляция	N1	n
диссонанс	N1	n
диссоциация	N1	n
диссоциациялану	N1	n
дистанция	N1	n
дистилляция	N1	n
дистрофия	N1	n
дистрофиялық	A4	adj
дисфункция	N1	n
диуана	A1,N1	adj+n
диурез	N1	n
дифирамб	N1	n
дифосген	N1	n
дифосфат	N1	n
дифракция	N1	n
дифтерит	N1	n
дифтерия	N1	n
дифтонгоид	N1	n
диффамация	N1	n
дифференциал	N1	n
дифференциация	N1	n
диффузионизм	N1	n
диффузия	N1	n
диффузиялық	A4	adj
диффузор	N1	n
дихотомия	N1	n
дихотомиялық	A4	adj
дихромат	N1	n
диэлектр	N1	n
диэлектрик	A4	adj
диірмен	N1	n
диірменші	N1	n
диқан	N1	n
диқаншылық	N1	n
добал	A1	adj
догма	N1	n
догмат	N1	n
догматизм	N1	n
догматикалық	A1	adj
дода	N1	n
додала	V-TV	v-trans
дож	N1	n
доза	N1	n
дозиметр	N1	n
дозиметрикалық	A4	adj
дозиметрия	N1	n
дозиметрлік	A4	adj
дозировка	N1	n
дозоршы	A1	adj
дойбышы	N1	n
доктор	N1	n
докторантура	N1	n
докторат	N1	n
докторлық	A4	adj
доктрина	N1	n
документальді%	N1	n
долана	N1	n
долбарлы	ADV	adv
долдан	V-IV	v-intrans
долдандыр	V-TV	v-trans
долданған	A1	adj
долина	N1	n
долл	N1	n
доллар	N1	n
долларландыру	N1	n
долларлық	A4	adj
доломит	N1	n
долы	A3	adj
долылық	N1	n
дольмен	N1	n
домала	V-IV	v-intrans
домалан	V-TV	v-trans
домалат	V-TV	v-trans
домалақ	A1	adj
домалақ%	N1	n
домалақта	V-IV	v-intrans
домбай	N1	n
домбыра	N1	n
домбырашы	N1	n
домбығу	N1	n
домбықта	V-IV	v-intrans
домбықтырып%	V-TV	v-trans
домен	N1	n
доминантты	A4	adj
доминикандық	A1	adj
доминион	N1	n
доминошы	N1	n
домицилийлеу	N1	n
домкрат	N1	n
домнашы	N1	n
домофон	N1	n
донкихоттылық	N1	n
донор	N1	n
донорлық	A4	adj
доп	N1	n
допамин	N1	n
допинг-бақылау	N1	n
доптаяқ	N1	n
дорба	N1	n
дорбалы	A4	adj
дорбаша	N1	n
дорбашық	N1	n
дорикалық	A1	adj
дорифейлік	A1	adj
дортуар	N1	n
дос	N1	n
дос%	N1,V-TV	n+v-trans
достарша	ADV	adv
достас	A1,V-TV	adj+v-trans
достастық	N1	n
достым	N1	n
достық	N1	n
дот	N1	n
дотация	N1	n
доцент	N1	n
доға	N1	n
доғал	A1	adj
доғар	V-TV	v-trans
доғару	N1	n
доғарыл	V-IV	v-intrans
доқ	N1	n
доқаба	A1	adj
доңыз	N1	n
доңғал	N1	n
доңғалақ	N1	n
доңғалақшы	N1	n
драйв	N1	n
драйвер	N1	n
драм	N1	n
драма	N1	n
драмалы	A1	adj
драмалық	A4	adj
драматизм	N1	n
драматикалы	ADV	adv
драматург	N1	n
драматургия	N1	n
драхма	N1	n
дредноут	N1	n
дрейф	N1	n
дрейфте	V-IV	v-intrans
дриблинг	N1	n
дромедар	N1	n
дуа	N1	n
дуагер	N1	n
дуадақ	N1	n
дуал	N1	n
дуала	V-TV	v-trans
дуаланған	A3	adj
дуализм	N1	n
дуан	N1	n
дуана	N1	n
дублет	N1	n
дубликат	N1	n
дубляж	N1	n
дубляждалған	A1	adj
дудар	A1	adj
дударла	V-TV	v-trans
дукат	N1	n
дулыға	N1	n
дума	N1	n
думан	N1	n
думан-той	N1	n
думанды	A1	adj
дуоденалды	A4	adj
дуплет	N1	n
дутар	N1	n
духан	N1	n
духовка	N1	n
душ	N1	n
душар%	V-IV,V-TV	v-intrans+v-trans
дуэт	N1	n
дыбыс	N1	n
дыбыс%	N1,V-IV	n+v-intrans
дыбыссыз	A1	adj
дыбыссыздық	N1	n
дыбыста	V-TV	v-trans
дыбысталу	N1	n
дыбыстандыру	N1	n
дыбысты	A1	adj
дыбыстық%	A4	adj
дызылда	V-IV	v-intrans
дым	N1	n
дым%	V-IV	v-intrans
дымдалған	A1	adj
дымдан	V-TV	v-trans
дымдаушы	N1	n
дымық	V-IV	v-intrans
дымқыл	A4	adj
дымқылда	V-TV	v-trans
дымқылдаушы	N1	n
дымқылдық	N1	n
дырду	N1	n
дырылда	V-IV	v-intrans
дыңыл	N1	n
дыңылда	V-IV	v-intrans
дыңылдат	V-TV	v-trans
дыңғыра	V-IV	v-intrans
дыңғырлат	V-IV,V-TV	v-intrans+v-trans
дюйм	N1	n
дюрометр	N1	n
дюшес	N1	n
дік	IDEO	interj
діл	N1	n
ділгер	N1	n
ділда	N1	n
ділмар	A1	adj
ділмарлық	N1	n
дімкәс	A1	adj
дін	N1	n
дін%	N-COMPOUND-PX,N1	n
дінбасы	N-COMPOUND-PX	?
дінбасылары	N1	n
дінбұзар	N1	n
діндар	A1,N1	adj+n
діндарлық	N1	n
діндес	N1	n
дінділік	N1	n
діни	A3	adj
дінишілік	N1	n
дінсіз	N1	n
дінсіздік	N1	n
діншіл	A1,N1	adj+n
діншілдік	N1	n
дірежелен	V-TV	v-trans
діріл	N1	n
дірілде	V-IV	v-intrans
дірілдек	N1	n
дірілдет	V-TV	v-trans
дірілдеткіш	N1	n
дің	N1	n
діңгек	N1	n
діңке	N1	n
діңкеле	V-TV	v-trans
дүбара	N1	n
дүбір	N1	n
дүбірле	V-TV	v-trans
дүйсенбі	N1	n
дүкен	N1	n
дүкенше	N1	n
дүкенші	N1	n
дүкілде	V-IV	v-intrans
дүкілдет	V-TV	v-trans
дүлдүл	N1	n
дүлей	A1	adj
дүмбі	N1	n
дүмбілез	A1	adj
дүмбілезден	V-TV	v-trans
дүмше	N1	n
дүмшелік	N1	n
дүнген	N1	n
дүние	N1	n
дүние%	N-COMPOUND-PX,V-IV	v-intrans
дүние-мүлік	N1	n
дүниеге%	V-IV	v-intrans
дүниежүз	N-COMPOUND-PX	?
дүниежүзілік	A4	adj
дүниелік	A1	adj
дүниетану	N1	n
дүниетаным	N1	n
дүниеқор	N1	n
дүниеқорлық	N1	n
дүниеқоңыз	N1	n
дүниеқоңыздық	N1	n
дүниеқұмар	A1	adj
дүнияуи	A1,N1	adj+n
дүрбелең	N1	n
дүрбі	N1	n
дүрбілер	N1	n
дүрдит	V-TV	v-trans
дүркін	A1,N1	adj+n
дүрлігу	N1	n
дүрлікпешілік	N1	n
дүрліктір	V-TV	v-trans
дүрліктіргіш	N1	n
дүрмек	N1	n
дүрсіл	N1	n
дүрсілде	V-IV	v-intrans
дүрсілдет	V-TV	v-trans
дүріл	N1	n
дүрілде	V-TV	v-trans
дүрілдет	V-TV	v-trans
дүңгіршек	N1	n
дүңки	V-IV	v-intrans
дүңкіл	N1	n
дұзақ	N1	n
дұрыс	A1,ADV,INTERJ,N1	adj+adv+interj+n
дұрыста	V-TV	v-trans
дұрыстал	V-IV	v-intrans
дұрыстап	ADV	adv
дұрыстап%	V-TV	v-trans
дұрыстау	A1,N1	adj+n
дұрыстылық	N1	n
дұрыстық	N1	n
дұшпан	A1,N1	adj+n
дұшпандық	N1	n
дұға	N1	n
дәйек	N1	n
дәйек%	V-IV	v-intrans
дәйексіздік	N1	n
дәйексөз	N1	n
дәйекте	V-TV	v-trans
дәйектеме	N1	n
дәйекті	A1	adj
дәйекті%	ADV	adv
дәйектілік	N1	n
дәйекше	N1	n
дәке	N1	n
дәл	ADV	adv
дәл%	A4,V-IV	adj+v-intrans
дәлде	V-TV	v-trans
дәлдеу	N1	n
дәлдік	N1	n
дәлділік	N1	n
дәлдүріш	N1	n
дәлел	N1	n
дәлелде	V-TV	v-trans
дәлелдейтін	A4	adj
дәлелдеме	N1	n
дәлелдес	V-TV	v-trans
дәлелді	A1	adj
дәлелдік	A1	adj
дәлелсіз	A4	adj
дәлелсіздік	N1	n
дәлме-дәл	ADV	adv
дәлме-дәлділік	N1	n
дәлсіздік	N1	n
дәліз	N1	n
дәм	N1	n
дәмде	V-IV,V-TV	v-intrans+v-trans
дәмдел	V-IV	v-intrans
дәмден	V-IV	v-intrans
дәмдеуіш	N1	n
дәмді	A1,ADV	adj+adv
дәмділік	N1	n
дәме	N1	n
дәмегөй	N1	n
дәмелен	V-IV	v-intrans
дәмелендір	V-IV	v-intrans
дәмелі	A2	adj
дәмсіз	A4	adj
дәмхана	N1	n
дәмі%	V-IV	v-intrans
дән	N1	n
дәнде	V-IV	v-intrans
дәнден	V-IV	v-intrans
дәнді	A1	adj
дәнек	N1	n
дәнекер	N1	n
дәнекерле	V-TV	v-trans
дәнекерлеу	N1	n
дәнекерлеуші	N1	n
дәнекерлі	A1	adj
дәнекерлік	N1	n
дәнекерші	N1	n
дәнкептіргіш	N1	n
дәнсіз	A1	adj
дәнік	V-IV	v-intrans
дәніктір	V-IV,V-TV	v-intrans+v-trans
дәптер	N1	n
дәптерлік	A1	adj
дәргей	N1	n
дәреже	N1	n
дәреже%	V-IV	v-intrans
дәрежеге%	V-IV	v-intrans
дәрежелi	A1	adj
дәрежелі	A3	adj
дәрет	N1	n
дәретхана	N1	n
дәрмен	N1	n
дәрменсіз	A1	adj
дәрменсіздік	N1	n
дәрттендір	V-TV	v-trans
дәрумен	N1	n
дәрумендеу	N1	n
дәруменсіздік	N1	n
дәруіш	N1	n
дәрі	N1	n
дәрі-дәрмек	N1	n
дәрігер	N1	n
дәрігерлік	A4	adj
дәріле	V-TV	v-trans
дәрілеуші	N1	n
дәрілеуіш	N1	n
дәрілік	A1,N1	adj+n
дәріпте	V-TV	v-trans
дәріптеу	N1	n
дәріптеушілік	N1	n
дәріс	N1	n
дәріскер	N1	n
дәрістік	A1	adj
дәрісхана	N1	n
дәрісханалық	A4	adj
дәрісші	N1	n
дәріхана	N1	n
дәріханашы	N1	n
дәріқұты	N1	n
дәстүр	N1	n
дәстүргүл	N1	n
дәстүрлі	A3,ADV	adj+adv
дәстүрлік	A1	adj
дәстүрлілік	N1	n
дәт	N1	n
дәу	A1	adj
дәуаяқ	N1	n
дәулет	N1	n
дәулеттен	V-TV	v-trans
дәулетті	A3	adj
дәурен	N1	n
дәуір	N1	n
дәуірле	V-IV	v-intrans
дәуірлеу	N1	n
дәуірнама	N1	n
дәуіт	N1	n
дөкір	A4	adj
дөнежін	A4	adj
дөнен	A4	adj
дөрекі	A1,ADV,N1	adj+adv+n
дөрекі%	N1,V-TV	n+v-trans
дөрекілен	V-TV	v-trans
дөрекіленген	A1	adj
дөрекілеу	A1	adj
дөрекілік	N1	n
дөң	N1	n
дөңбекш	V-IV	v-intrans
дөңгеле	V-IV,V-TV	v-intrans+v-trans
дөңгелек	A2,N1	adj+n
дөңгелекте	V-TV	v-trans
дөңгелектен	V-IV,V-TV	v-intrans+v-trans
дөңгелектік	N1	n
дөңгелен	V-IV	v-intrans
дөңгелет	V-TV	v-trans
дөңес	A4,N1	adj+n
дөңес%	N1	n
дөңесті	A1	adj
дөңестік	N1	n
дөңестілік	N1	n
дөңки	V-TV	v-trans
дөңмаңдай	N1	n
е	INTERJ	interj
ебдей	N1	n
ебдейсіз	A1	adj
ебедейсіз	A4	adj
ебедейсіздік	N1	n
ебелек	N1	n
евангельдік	A4	adj
еврей	A1,N1-NAT	adj+n
евро	N1	n
евроаймақ	N1	n
еврозона	N1	n
европалас	V-IV	v-intrans
европий	N1	n
егде	A1	adj
еге	V-TV	v-trans
егемен	A1	adj
егемендендіру	N1	n
егеменді	A3	adj
егемендік	N1	n
егер	CS	?
егерде	CS	?
егерле	V-IV	v-intrans
егес	N1,V-IV	n+v-intrans
егеу	N1	n
егеуле	V-TV	v-trans
егеуіш	N1	n
егеуқұйрық	N1	n
егжей	ADV	adv
егжей-тегжейлі	A4	adj
егу	N1	n
егіз	N1	n
егіл	V-TV	v-trans
егіл-тегіл	ADV	adv
егілетін	A4	adj
егін	N1	n
егін%	N-COMPOUND-PX	?
егіндік	N1	n
егінжай	N1	n
егінші	N1	n
егіншілік	N1	n
егіс	N1	n
егістік	A4,N1	adj+n
еден	N1	n
еденді	A1	adj
еділдік	N1	n
едәуір	A1,ADV,N1	adj+adv+n
еже	N1	n
ежел	ADV-WITH-KI	adv
ежелгі	A2	adj
ежелгі%	A1	adj
ежелде	ADV	adv
ежеле	V-TV	v-trans
ежелен	V-IV,V-TV	v-intrans+v-trans
ежікте	V-TV	v-trans
ежіктеп	ADV	adv
ежірей	V-IV	v-intrans
ез	V-TV	v-trans
езбе	A1,N1	adj+n
езбеле	V-IV	v-intrans
езбелік	N1	n
езгі	N1	n
езгіле	V-TV	v-trans
езгіш	N1	n
езу%	V-TV	v-trans
езуші	N1	n
езіл	V-TV	v-trans
езілгендік	N1	n
езіп-жаншы	V-TV	v-trans
ей	INTERJ	interj
ек	V-TV	v-trans
екекеу	N1	n
екеу	NUM-COLL,PRON-QNT-POSS	?
екеулеп	ADV	adv
екеуі	CC-SOYED	conj
екпе	N1	n
екпін	N1	n
екпінде	V-IV	v-intrans
екпіндеп	ADV	adv
екпіндет	V-TV	v-trans
екпінді	A1	adj
екпінділік	N1	n
екпінсіз	A1	adj
екпінсіздік	N1	n
екпіңді	A1	adj
ексім	ADV	adv
екше	V-TV	v-trans
екшеле	V-IV	v-intrans
екі	NUM	num
екі%	A1,A4,ADV,N1,NUM	adj+adv+n+num
екіатомдық	A4	adj
екіаяқты	A4	adj
екіге%	N1	n
екіжақты	A1,A4	adj
екіжылдық	A1	adj
екіжүзді	A1	adj
екіжүзділік	N1	n
екілен	V-TV	v-trans
екілік	A4,N1	adj+n
екімағыналылық	N1	n
екімағыналық	N1	n
екімүше	N1	n
екімүшелік	A1	adj
екінекелі	A4	adj
екінші	A1	adj
екінші%	N1	n
екіншіден	ADV	adv
екіншілік	N1	n
екістильді	A4	adj
екісызықты	A4	adj
екісәулесынулық	A4	adj
екіталай	A4,ADV	adj+adv
екітілді	A1	adj
екіқабат	A1	adj
екіқанатты	A4	adj
екіқарынды	A4	adj
екіқиын	A4	adj
ел	N1	n
ел-жұрт	N1	n
еларалық	A4,N1	adj+n
елбас	N1	n
елбеле	V-IV	v-intrans
елбелек	A1	adj
елгезек	A4	adj
елгезектене	ADV	adv
елдес	N1	n
елді	A1	adj
елді%	N1	n
елдік	A1	adj
еле	V-IV,V-TV	v-intrans+v-trans
елеген	N1	n
елегіз	V-IV	v-intrans
елегізуші	A1	adj
елегіш	N1	n
елек	N1	n
елеме	V-TV	v-trans
елемеген	A1	adj
елемеушілік	N1	n
елес	N1	n
елесте	V-IV	v-intrans
елестет	V-TV	v-trans
елестеушілік	N1	n
елеулі	A2,ADV	adj+adv
елеуреген	A1	adj
елеуіш	N1	n
елеңде	V-IV	v-intrans
елжіре	V-TV	v-trans
елжірет	V-TV	v-trans
елкезбе	N1	n
елорда	N1	n
елп	IDEO	interj
елпілде	V-IV	v-intrans
елпілдеп	ADV	adv
елсіз	A1	adj
елсіздік	N1	n
елтану	N1	n
елтаңба	N1	n
елтаңбалық	A4	adj
елтірі	N1	n
елу	N1,NUM	n+num
елулік	N1	n
елші	N1	n
елшілік	N1	n
елігушілік	N1	n
еліккіш	A1	adj
елікте	V-TV	v-trans
еліктегендік	N1	n
еліктеткіш	A1	adj
еліктеуші	N1	n
еліктеушілік	N1	n
еліктеуіш	A1	adj
еліктір	V-TV	v-trans
еліктіргіш	A1	adj
еліктіретін	A4	adj
елір	V-IV	v-intrans
еліргендік	N1	n
елірме	A1	adj
еліт	V-TV	v-trans
елұран	N1	n
ем	N1,V-IV	n+v-intrans
емде	V-TV	v-trans
емдел	V-TV	v-trans
емделуші	N1	n
емдеп%	V-IV	v-intrans
емдеуші	N1	n
емдік	A1,N1	adj+n
емдәм	N1	n
емдәмлі	A1	adj
емен	N1	n
еменді	A1	adj
еменжаңғақ	N1	n
еменшөп	N1	n
емесбейілді	A1	adj
емесразы	A1	adj
еместі	A3	adj
еместік	N1	n
емешек	N1	n
емле	N1	n
емлелік	A4	adj
емпеңде	V-IV	v-intrans
емтихан	N1	n
емтихан%	N1,V-IV	n+v-intrans
емхана	N1	n
емшек%	A4	adj
емші	N1	n
емшілік	N1	n
еміз	V-TV	v-trans
емізулі	A1	adj
емізік	N1	n
емін-еркін	A1	adj
емін-еркіндік	N1	n
ен	N1,V-IV	n+v-intrans
енгіз	V-TV	v-trans
енгізіл	V-IV	v-intrans
енгізілген	A1	adj
енгізілетін	A1	adj
ендеше	ADV	adv
енді	ADV-WITH-KI	adv
ендігі	A1	adj
ендігәрі	ADV	adv
ендік	A1,N1	adj+n
ендір	V-TV	v-trans
ене	N1	n
енеке	N1	n
енетін	A4	adj
енжар	A1,A2	adj
енжарлық	N1	n
енсіздік	N1	n
ентеле	V-IV	v-intrans
ентелес	V-IV	v-intrans
ентігу	N1	n
ентік	V-IV	v-intrans
ентікпе	N1	n
ену	N1	n
енуші	A1	adj
енші	N1	n
еншілес	N1	n
еншілес%	N1	n
ені	N1	n
еп	N1	n
епархия	N1	n
епископ	N1	n
епископтық	A4	adj
епсіз	A4	adj
епсіздік	N1	n
епте	V-TV	v-trans
ептеш	N1	n
епті	A1,ADV	adj+adv
ептілік	N1	n
епшілдік	N1	n
ер	A1,N1,V-IV	adj+n+v-intrans
ер%	N1,V-IV,V-TV	n+v-intrans+v-trans
ер-тоқым	N1	n
ер-тоқымын%	V-IV	v-intrans
ер-тұрман	N1	n
ергежейлі	A1,N1	adj+n
ергежейлік	N1	n
ере%	V-IV	v-intrans
ерегес	V-IV	v-intrans
ерегіс	N1,V-IV	n+v-intrans
ерегіспе	N1	n
ереже	N1	n
ерек	N1	n
ерекше	A1,ADV	adj+adv
ерекшеле	V-TV	v-trans
ерекшелен	V-IV	v-intrans
ерекшелік	N1	n
ересек	N1	n
ересек%	N1	n
ересектен	V-TV	v-trans
ересектенген	A1	adj
ереуіл	A1,N1	adj+n
ереуілде	V-IV	v-intrans
ереуілші	N1	n
ерең	N1	n
ержеткен	A4	adj
ержеткендік	N1	n
ержүрек	N1	n
еритін	A1	adj
ерке	A1,N1	adj+n
ерке-тотай	A2,N1	adj+n
ерке-шора	A2	adj
еркек	N1	n
еркекшора	N1	n
еркеле	V-IV	v-intrans
еркелейтін	A4	adj
еркелен	V-TV	v-trans
еркелет	V-TV	v-trans
еркелік	N1	n
еркесі	N-COMPOUND-PX	?
еркімен	A2	adj
еркін	A1,ADV	adj+adv
еркінде	V-IV	v-intrans
еркіндік	N1	n
еркіншілік	N1	n
ерле	V-IV,V-TV	v-intrans+v-trans
ерлі	A4	adj
ерлі-зайыпты	A4,N1	adj+n
ерлік	N1	n
ермек	N1	n
ернеу	N1	n
ернеуле	V-TV	v-trans
ерсі	A1	adj
ерсілік	N1	n
ерт	V-TV	v-trans
ерте	A1,ADV	adj+adv
ерте%	A4,N1	adj+n
ертегі	N1	n
ертегіші	N1	n
ертелік	A1	adj
ертен	ADV-WITH-KI	adv
ертең	ADV,N1	adv+n
ертеңгі	A1	adj
ертеңгілік	A4,N1	adj+n
ертте	V-TV	v-trans
ертіп%	V-TV	v-trans
ерші	N1	n
ері	V-IV	v-intrans
ерігу	N1	n
ерігіш	A1	adj
ерігіштік	N1	n
ерік	N1,V-IV	n+v-intrans
еріксіз	A1,ADV	adj+adv
еріксіздік	N1	n
ерікті	A1,ADV	adj+adv
еріктілік	N1	n
ерімейтін	A4	adj
ерін	N1,V-IV	n+v-intrans
ерін-тістік	A4	adj
еріндік	A4	adj
еріншек	A1,N1	adj+n
еріншектік	N1	n
еріт	V-TV	v-trans
еріткіш	A4,N1	adj+n
ерітпе	N1	n
ерітіл	V-IV	v-intrans
ерітінді	N1	n
ес	N1,V-IV,V-TV	n+v-intrans+v-trans
ес%	V-TV	v-trans
есаландыр	V-TV	v-trans
есалаң	A3,N1	adj+n
есалаңдан	V-IV	v-intrans
есалаңдық	N1	n
есе	N1	n
есе%	V-IV	v-intrans
есей	V-IV	v-intrans
есейген	A1	adj
есек	N1	n
есекжем	N1	n
есекқұрт	N1	n
еселе	V-TV	v-trans
еселенген	A1	adj
еселеп	ADV	adv
еселеу	N1	n
еселік	N1	n
есен	A1,A2	adj
есендес	V-IV	v-intrans
есендік	N1	n
есеп	A1,N1	adj+n
есеп-қисап	N1	n
есепсіздік	N1	n
есепте	V-TV	v-trans
есептел	V-IV	v-intrans
есептелген	A1	adj
есептелетін	A4	adj
есептелім	N1	n
есептен%	V-IV	v-intrans
есептеп%	V-TV	v-trans
есептес	V-IV	v-intrans
есептеспе	V-IV	v-intrans
есептет	V-TV	v-trans
есептеу	N1	n
есептеуші	A1,N1	adj+n
есептеушілік	N1	n
есептеуіш	A1,N1	adj+n
есептік	A4,N1	adj+n
есептілік	N1	n
есепшот	N1	n
есепші	N1	n
есепшілік	N1	n
есер	A1	adj
есерлен	V-IV	v-intrans
есерлік	N1	n
есерсоқтан	V-IV	v-intrans
есесіне	INTERJ	interj
есеңгіре	V-IV	v-intrans
есеңгірет	V-TV	v-trans
еске%	N1,V-TV	n+v-trans
ескек	N1	n
ескекші	N1	n
ескер	V-TV	v-trans
ескере%	V-TV	v-trans
ескерт	V-TV	v-trans
ескертетін	A4	adj
ескерткіш	N1	n
ескерткіш%	V-TV	v-trans
ескертпе	N1	n
ескертпелі	A1	adj
ескертпелік	A1	adj
ескерту	N1	n
ескерту%	V-TV	v-trans
ескертіп%	V-IV	v-intrans
ескерусіз	ADV	adv
ескерушілік	N1	n
ескеріл	V-IV	v-intrans
ескі	A1,N1	adj+n
ескі-құсқы	N1	n
ескілік	N1	n
ескір	V-IV	v-intrans
ескірген	A1	adj
ескіргендік	N1	n
ескіру	N1	n
ескішілдік	N1	n
ессіз	A1,ADV,N1	adj+adv+n
ессіздік	N1	n
ест	V-TV	v-trans
есте%	V-TV	v-trans
естейтін	A1	adj
естелік	N1	n
естен%	V-IV,V-TV	v-intrans+v-trans
есту	A1	adj
естуші	A4	adj
есті	A1,ADV,V-TV	adj+adv+v-trans
естіл	V-IV,V-TV	v-intrans+v-trans
естілмейтін	A4	adj
естілім	N1	n
естіліп%	V-IV,V-TV	v-intrans+v-trans
естіп%	V-TV	v-trans
естіп-біл	V-TV	v-trans
есуас	A1,N1	adj+n
есулі	A1	adj
есі%	V-TV	v-trans
есік	N1	n
есік%	N1	n
есікше	N1	n
есіл	A1	adj
есім	N1	n
есімді	A4	adj
есімдік	N1	n
есімнама	N1	n
есімше	N1	n
есіне	V-TV	v-trans
есінен%	V-TV	v-trans
есінеу	N1	n
есірке	V-TV	v-trans
есіркеуші	N1	n
есірткі	N1	n
есірткіш	N1	n
есірік	N1	n
есіріктік	N1	n
есіт	V-TV	v-trans
есітпеушілік	N1	n
есітіп%	V-TV	v-trans
ет	N1,V-TV,Vinfl-AUX	n+v-aux+v-trans
етек	N1	n
етеккір	N1	n
етене	ADV	adv
етенелік	N1	n
етжеңді	A2	adj
еткіз	V-TV	v-trans
етнігу	N1	n
еттартқыш	N1	n
етті	A4	adj
етші	N1	n
етік	N1	n
етікші	N1	n
етіл	V-IV	v-intrans
етіс	N1	n
етістік	N1	n
етістіксіз	A1	adj
етістіктелген	A4	adj
еуразиялық	A4,N1-NAT	adj+n
еуро	N1	n
еуропа	NP-TOP	np
еуропаландыру	N1	n
еуропалық	A4,N1	adj+n
ехидна	N1	n
еху	N1	n
еш	ADV,DET-NEG	adv
еш%	ADV	adv
ешбір	DET-NEG,PRNNEG	?
ешкі	N1	n
ешкім	PRNNEG	?
ешнәрсе	PRNNEG	?
ештеме	N1	n
ештеңе	PRNNEG	?
ешқайда	ADV	adv
ешқандай	DET-IND,DET-NEG	?
ешқашан	ADV	adv
ең	ADV	adv
ең%	A1,ADV	adj+adv
еңбегі%	A4	adj
еңбек	N1	n
еңбек%	ADV,V-IV,V-TV	adv+v-intrans+v-trans
еңбекақы	N1	n
еңбеккер	A1,N1	adj+n
еңбеккүн	N1	n
еңбекпен%	N1	n
еңбекте	V-IV	v-intrans
еңбектен	V-IV	v-intrans
еңбектестік	N1	n
еңбекші	A1,N1	adj+n
еңбекшіл	A1	adj
еңбекшілдік	N1	n
еңбекқор	A1,N1	adj+n
еңбекқорлық	N1	n
еңбекқұмар	A1	adj
еңкей	V-IV	v-intrans
еңкейген	A1	adj
еңкейт	V-IV	v-intrans
еңкілде	V-TV	v-trans
еңкіштік	N1	n
еңлік	N1	n
еңлікгүл	N1	n
еңсер	V-TV	v-trans
еңсерілмес	A1	adj
еңіре	V-IV	v-intrans
еңіс	N1	n
ж.	ABBR	abbr
жабайы	A2,ADV,N1	adj+adv+n
жабайы%	N1	n
жабайылық	N1	n
жабағы	N1	n
жабдық	N1	n
жабдықта	V-TV	v-trans
жабдықталым	N1	n
жабдықтама	N1	n
жабдықтан	V-IV	v-intrans
жабдықтандыр	V-IV	v-intrans
жабдықтау	N1	n
жабдықтаушы	N1	n
жабулы	A3	adj
жабыл	V-TV	v-trans
жабылмаған	A4	adj
жабылу	N1	n
жабын	N1	n
жабынды	A4,N1	adj+n
жабыраңқы	A1	adj
жабыраңқылық	N1	n
жабырқа	V-IV	v-intrans
жабырқай	ADV	adv
жабырқан	V-TV	v-trans
жабырқаулық	N1	n
жабыс	V-IV	v-intrans
жабыса%	V-IV	v-intrans
жабыстыр	V-TV	v-trans
жабыстырма	N1	n
жабыстырыл	V-IV	v-intrans
жабыстырғыш	N1	n
жабысу	N1	n
жабысыңқы	N1	n
жабысқақ	A1,N1	adj+n
жабысқақтық	N1	n
жабық	A1,V-IV	adj+v-intrans
жабықтұқым	N1	n
жабыққан	A1	adj
жабыңқы	A1	adj
жад	N1	n
жадағай	N1	n
жадеит	N1	n
жады	N1	n
жадыгөйлен	V-IV	v-intrans
жадынама	N1	n
жадыра	V-IV	v-intrans
жадырат	V-TV	v-trans
жаз	N1,V-TV	n+v-trans
жаза	N1	n
жаза%	V-IV	v-intrans
жазала	V-TV	v-trans
жазалайтын	A1	adj
жазаланушылық	N1	n
жазалы	A1	adj
жазасыздық	N1	n
жазба	N1	n
жазбахат	N1	n
жазбаша	A3,ADV	adj+adv
жазда	Vinfl-AUX	v-aux
жаздыкүн	N1	n
жаздыр	V-TV	v-trans
жаздырт	V-IV	v-intrans
жазира	N1	n
жазу	N1	n
жазушы	N1	n
жазуынша	CA	?
жазыл	V-IV	v-intrans
жазылатын	A4	adj
жазылушы	N1	n
жазым	N1	n
жазып%	V-TV	v-trans
жазық	A4,N1	adj+n
жазықсыз	A3	adj
жазықсыздық	N1	n
жазықты	A3	adj
жазықтық	N1	n
жазғы	A3	adj
жазғызып%	V-IV	v-intrans
жазғыр	V-TV	v-trans
жазғырылған	N1	n
жазғыш	N1	n
жай	A1,ADV,N1,V-TV	adj+adv+n+v-trans
жай%	ADV,N1	adv+n
жай-жапсар	N1	n
жайбарақат	A1	adj
жайбарақаттан	V-IV	v-intrans
жайбарақаттық	N1	n
жайбасар	N1	n
жайбасарлық	N1	n
жайдан-жай	ADV	adv
жайдарлы	ADV	adv
жайдарылық	N1	n
жайдақта	V-TV	v-trans
жайла	V-IV	v-intrans
жайландыр	V-TV	v-trans
жайлап	ADV	adv
жайлас	V-IV	v-intrans
жайластыр	V-TV	v-trans
жайлат	V-TV	v-trans
жайлау	N1	n
жайлы	A1,ADV,POST-NOM	adj+adv+post
жайлылық	N1	n
жайма	N1	n
жайма%	N1	n
жайма-шуақ	N1	n
жайна	V-IV	v-intrans
жайнат	V-TV	v-trans
жайнаған	A1	adj
жайнаңда	V-IV	v-intrans
жайпа	V-TV	v-trans
жайраңда	V-IV	v-intrans
жайсыз	A1	adj
жайсыздық	N1	n
жайт	N1	n
жайтартқыш	N1	n
жайшылық	N1	n
жайыл	V-IV	v-intrans
жайылатын	A1	adj
жайылма	N1	n
жайылым	N1	n
жайылымдық	A3	adj
жайын	N1	n
жайында	POST-NOM-GEN	?
жайға	V-TV	v-trans
жайғас	V-IV	v-intrans
жайғастыр	V-TV	v-trans
жайғасқан	A4	adj
жайқал	V-IV	v-intrans
жайқалған	A1	adj
жакет	N1	n
жакт	N1	n
жал	N1	n
жала	N1,V-TV	n+v-trans
жала%	N1,V-IV,V-TV	n+v-intrans+v-trans
жалап%	V-TV	v-trans
жалат	V-TV	v-trans
жалатылған%	N1	n
жалау	N1	n
жалауша	N1	n
жалақор	N1	n
жалақтат	V-TV	v-trans
жалақы	N1	n
жалақы%	N-COMPOUND-PX	?
жалаң%	ADV	adv
жалаңаш	A4	adj
жалаңашта	V-TV	v-trans
жалаңаштану	N1	n
жалаңаштау	N1	n
жалаңаштық	N1	n
жалаңаяқ	A4	adj
жалаңда	V-IV	v-intrans
жалба-жұлба	N1	n
жалбарын	V-IV	v-intrans
жалбарынушы	N1	n
жалбағай	N1	n
жалбыз	N1	n
жалбыр	N1	n
жалбырат	V-IV	v-intrans
жалгер	N1	n
жалгерлік	N1	n
жалда	V-TV	v-trans
жалдан	V-IV	v-intrans
жалданушылық	N1	n
жалдап	N1	n
жалдаушы	N1	n
жалма	V-TV	v-trans
жалмауыз	N1	n
жалмауыздық	N1	n
жалп	IDEO	interj
жалп%	V-IV	v-intrans
жалпайт	V-TV	v-trans
жалпақ	A1	adj
жалпақ%	A1,N1	adj+n
жалпақтық	N1	n
жалпы	A1,ADV,N1	adj+adv+n
жалпы%	A1,ADV,N1	adj+adv+n
жалпыла	V-TV	v-trans
жалпылау	N1	n
жалпылдаушылық	N1	n
жалпылық	N1	n
жалпыхалықтық	A4	adj
жалпыға%	A1	adj
жалпыұлттық	A4	adj
жалт	ADV,IDEO	adv+interj
жалтар	V-TV	v-trans
жалтару	N1	n
жалтарыс	N1	n
жалтарғыш	A1	adj
жалтарғыштық	N1	n
жалтақ	A1,N1	adj+n
жалтақта	V-IV	v-intrans
жалтақтаушылық	N1	n
жалтақтағыш	A1	adj
жалтақтық	N1	n
жалтылда	V-IV	v-intrans
жалтыр	A4,N1	adj+n
жалтыра	V-TV	v-trans
жалтырауық	A3	adj
жалтырақ	N1	n
жалшы	N1	n
жалшылық	N1	n
жалын	N1,V-IV	n+v-intrans
жалын%	N1	n
жалында	V-IV	v-intrans
жалынды	A1	adj
жалынушы	A1	adj
жалық	V-TV	v-trans
жалықтыр	V-TV	v-trans
жалықтыра	ADV	adv
жалықтырарлық	N1	n
жалықтыратын	A1	adj
жалықтырғыштық	N1	n
жалға	V-TV	v-trans
жалға%	N1,V-TV	n+v-trans
жалған	A1,ADV,N1,V-IV	adj+adv+n+v-intrans
жалған%	N1,V-TV	n+v-trans
жалғандылық	N1	n
жалғандық	N1	n
жалғас	N1,V-IV	n+v-intrans
жалғастыр	V-TV	v-trans
жалғастырушы	N1	n
жалғастырушылық	N1	n
жалғасу	N1	n
жалғасым	N1	n
жалғасымды	A1	adj
жалғаулық	N1	n
жалғаулықсыз	A4	adj
жалғыз	A1	adj
жалғыз%	N1	n
жалғыздық	N1	n
жалғызсыра	V-IV	v-intrans
жалғызсырап	ADV	adv
жалқау	N1	n
жалқаулан	V-IV	v-intrans
жалқаулы	ADV	adv
жалқаулық	N1	n
жалқы	A1	adj
жалқын	N1	n
жама	V-TV	v-trans
жаман	A1,ADV,N1	adj+adv+n
жаман%	N1	n
жаманда	V-TV	v-trans
жамандас	V-IV	v-intrans
жамандық	N1	n
жаманшылық	N1	n
жамағат	N1	n
жамбас	N1	n
жамбас%	N1	n
жамбасты	A4	adj
жампаңда	V-IV,V-TV	v-intrans+v-trans
жамшыла	V-TV	v-trans
жамыл	V-TV	v-trans
жамылғы	N1	n
жамыра	V-IV	v-intrans
жан	N1,V-IV	n+v-intrans
жан%	N-COMPOUND-PX,N1,V-IV,V-TV	n+v-intrans+v-trans
жан-жақ	N1	n
жан-жақтан	ADV	adv
жан-жақтылық	N1	n
жан-тәнімен	ADV	adv
жана	V-IV	v-intrans
жаназа	N1	n
жанама	A1,ADV,N1	adj+adv+n
жанамала	V-TV	v-trans
жанар	N1	n
жанаргүл	N1	n
жанарлан	V-IV	v-intrans
жанармай	N1	n
жанартау	N1	n
жанартаулық	A1	adj
жанартаутану	N1	n
жанартаутектік	A1	adj
жанартаутектік-шөгінді	A1	adj
жанарғы	N1	n
жанас	V-IV	v-intrans
жанастыр	V-TV	v-trans
жанасу	N1	n
жанасушылық	A1,N1	adj+n
жанасымды	A4	adj
жанасымдылық	N1	n
жанасқан	A1	adj
жанатын	A1	adj
жанашыр	A1,N1	adj+n
жанашырлық	N1	n
жанбайтын	A4	adj
жанбаста	V-IV	v-intrans
жандайшап	N1	n
жандан	V-IV	v-intrans
жандандыр	V-TV	v-trans
жандандыру	N1	n
жандандырылған	A4	adj
жанданған	A4	adj
жандармерия	N1	n
жанды	A1	adj
жанды%	N1	n
жандыр	V-TV	v-trans
жандырғы	N1	n
жанжал	N1	n
жанжалдас	V-IV	v-intrans
жанжалдасу	N1	n
жанжалды	A1	adj
жанкешті	N1	n
жанкештілік	N1	n
жанкүйер	N1	n
жанр	N1	n
жансыз	A1,N1	adj+n
жансыздандыр	V-TV	v-trans
жансыздану	N1	n
жансыздық	N1	n
жантай	V-IV	v-intrans
жантайт	V-TV	v-trans
жанталас	N1	n
жанталаса	A1,ADV	adj+adv
жантану	N1	n
жантапсыр	V-TV	v-trans
жану	N1	n
жануар	N1	n
жануартану	N1	n
жанш	V-TV	v-trans
жаншы	V-TV	v-trans
жаншып%	V-TV	v-trans
жаны%	V-IV	v-intrans
жанында	ADV	adv
жанып%	V-TV	v-trans
жанышта	V-TV	v-trans
жанығыш	N1	n
жаныңқыра	V-TV	v-trans
жанған	A1	adj
жанғыш	A4	adj
жанғыштылық	N1	n
жанқалта	N1	n
жанқиярлық	A1	adj
жанұя	N1	n
жап	V-TV	v-trans
жапа	N1	n
жапалақ	N1	n
жапан	A4,N1	adj+n
жапон	A1,N1	adj+n
жапондық	A4,N1	adj+n
жаппа	N1	n
жаппай	A1,A3,ADV	adj+adv
жаппай%	N1	n
жапсарлас	A4	adj
жапсарыл	V-IV	v-intrans
жапсыр	V-TV	v-trans
жапсырма	N1	n
жапсырмалы	A1	adj
жапсырт	V-TV	v-trans
жапсырушы	N1	n
жапсырыл	V-IV,V-TV	v-intrans+v-trans
жапыр	V-TV	v-trans
жапырақ	N1	n
жапырақ%	N-COMPOUND-PX	?
жапырақсыздану	N1	n
жапырақты	A1	adj
жапырақша	N1	n
жапырақшалы	A4	adj
жапқыш	N1	n
жар	N1,V-TV	n+v-trans
жара	N1,V-IV	n+v-intrans
жара%	V-IV	v-intrans
жарайды	INTERJ	interj
жарал	V-IV	v-intrans
жарала	V-TV	v-trans
жаралан	V-IV	v-intrans
жараландыр	V-TV	v-trans
жаралану	N1	n
жаралап%	V-TV	v-trans
жаралы	A2	adj
жаралған	N1	n
жарамайтын	A1	adj
жарамды	A4	adj
жарамдылық	N1	n
жарамдық	N1	n
жарамсақ	N1	n
жарамсақтанушылық	N1	n
жарамсыз	A1	adj
жарамсыз%	V-TV	v-trans
жарамсыздан	V-TV	v-trans
жарамсыздық	N1	n
жарас	V-IV	v-intrans
жарасатындай	A1	adj
жарастық	N1	n
жарасу	N1	n
жарасымды	A1	adj
жарасымсыз	A1	adj
жарат	V-TV	v-trans
жаратпа	V-TV	v-trans
жаратпаушылық	N1	n
жаратушы	N1	n
жаратыл	V-IV	v-intrans
жаратылыс	N1	n
жаратылыстану	N1	n
жаратылыстанушы	N1	n
жаратылыстық	N1	n
жаратын	A1	adj
жарақ	N1	n
жарақат	N1	n
жарақатта	V-TV	v-trans
жарақаттан	V-TV	v-trans
жарақаттану	N1	n
жарақтандыр	V-TV	v-trans
жарақты	A1	adj
жаргон	N1	n
жария	N1	n
жарияла	V-IV,V-TV	v-intrans+v-trans
жариялама	N1	n
жарияланбаған	A1	adj
жарияланым	N1	n
жариялау	N1	n
жариялылық	N1	n
жариялым	N1	n
жарлы	A1,N1	adj+n
жарлылық	N1	n
жарлық	N1	n
жарлықты	A1	adj
жарлықшыл	A1	adj
жарма	N1	n
жармалағыш	N1	n
жармас	V-IV	v-intrans
жармаса%	V-IV	v-intrans
жармасу	N1	n
жармасы	V-TV	v-trans
жарна	N1	n
жарнакіріс	N1	n
жарналық	N1	n
жарнама	N1	n
жарнама%	N1	n
жарнамала	V-TV	v-trans
жарнамалық	A1	adj
жартас	N1	n
жартасты	A1	adj
жартастылық	N1	n
жарты	A6,ADV,N1	adv+n
жарты%	N-COMPOUND-PX,N1	n
жартыжылдық	A1	adj
жартыкеш	A1	adj
жартылай	ADV	adv
жартылай%	N1	n
жартымсыз	A1	adj
жартысфералық	A4	adj
жартытон	N1	n
жару	N1	n
жарушы	N1	n
жаршы	N1	n
жарыл	V-IV	v-intrans
жарылу	N1	n
жарылып%	V-IV	v-intrans
жарылыс	N1	n
жарылғыш	A4	adj
жарылқа	V-TV	v-trans
жарылқайтын	A1	adj
жарылқаушы	N1	n
жарылқаушылық	N1	n
жарым	A3,N1	adj+n
жарым%	N1	n
жарым-жарты	ADV	adv
жарым-жарты%	A1	adj
жарым-жартылай	ADV	adv
жарымес	A1	adj
жарыместік	N1	n
жарымжан	N1	n
жарымжандандыр	V-TV	v-trans
жарымжандық	N1	n
жарып	ADV	adv
жарыс	N1,V-IV	n+v-intrans
жарыссөз	N1	n
жарысушы	N1	n
жарысқа%	N1	n
жарыт	V-TV	v-trans
жарытымды	A1,ADV	adj+adv
жарытымсыз	A1	adj
жарық	A1,N1	adj+n
жарық%	N1,V-IV,V-TV	n+v-intrans+v-trans
жарықгүл	N1	n
жарықтан	V-TV	v-trans
жарықтандыр	A1,V-TV	adj+v-trans
жарықтандыратын	A1	adj
жарықтылық	N1	n
жарықтық	N1	n
жарықшақ	N1	n
жарықшақтан	V-IV	v-intrans
жарыққа%	V-IV,V-TV	v-intrans+v-trans
жарғанат	N1	n
жарғақ	N1	n
жарғақша	N1	n
жарғы	N1	n
жарғылық	A4	adj
жарғыш	A4,N1	adj+n
жарқ	IDEO,N1	interj+n
жарқ%	V-IV	v-intrans
жарқыл	A1,N1,V-IV	adj+n+v-intrans
жарқылда	V-TV	v-trans
жарқылдақ	A1,N1	adj+n
жарқын	A1	adj
жарқыншақ	N1	n
жарқыра	V-IV	v-intrans
жарқырай	ADV	adv
жарқырау	N1	n
жас	A2,ADV,N1	adj+adv+n
жас%	N-COMPOUND-PX,N1	n
жаса	V-TV	v-trans
жасал	V-IV	v-intrans
жасалын	V-IV	v-intrans
жасалып%	V-IV	v-intrans
жасампаз	A1	adj
жасампаздық	N1	n
жасан	V-IV	v-intrans
жасанды	A1,A4,ADV,N1	adj+adv+n
жасандылық	N1	n
жасандыр	V-TV	v-trans
жасап%	V-TV	v-trans
жасар	A3,V-IV	adj+v-intrans
жасат	V-TV	v-trans
жасау	N1	n
жасаушы	A1,N1	adj+n
жасақ	N1	n
жасақта	V-TV	v-trans
жасақтаушы	N1	n
жасақшы	N1	n
жаста	V-TV	v-trans
жастайынан	ADV	adv
жастанған	A1	adj
жастар	A1	adj
жастас	N1	n
жастық	N1	n
жастық%	N1	n
жастықты%	N1	n
жасуша	N1	n
жасушалық	A1	adj
жасушаішілік	A4	adj
жасы	V-IV	v-intrans
жасыл	A2	adj
жасылдан	V-IV	v-intrans
жасылдандыру	N1	n
жасымық	N1	n
жасымықша	N1	n
жасыр	V-TV	v-trans
жасырма	V-TV	v-trans
жасырт	V-IV	v-intrans
жасырушылық	N1	n
жасырын	A1,ADV,N1,V-IV	adj+adv+n+v-intrans
жасырын%	N1	n
жасырындылық	N1	n
жасырындық	N1	n
жасырыну	N1	n
жасырынып%	V-IV	v-intrans
жасырып%	V-TV	v-trans
жасыған	A3	adj
жасық	A1	adj
жасықтық	N1	n
жасқан	V-IV	v-intrans
жасқандыр	V-IV	v-intrans
жасқаншақ	A1	adj
жасқаншақтық	N1	n
жасөспірім	A1,N1	adj+n
жат	A4,N1,V-IV,Vinfl-AUX,Vinfl-AUX-IMPF,Vinfl-AUX-IMPF-NEG	adj+n+v-aux+v-intrans
жат%	N1	n
жатақ	N1	n
жатақхана	N1	n
жатжерлік	A2	adj
жатжұрттық	N1	n
жатсын	V-IV	v-intrans
жатта	V-TV	v-trans
жаттанды	A1	adj
жаттығу	N1	n
жаттық	V-IV	v-intrans
жаттықтыр	V-TV	v-trans
жаттықтыратын	A1	adj
жаттықтырушы	N1	n
жатын	N1	n
жатыпішер	N1	n
жатыр	A1,Vinfl-AUX	adj+v-aux
жатырқа	V-TV	v-trans
жатырқамайтын	A1	adj
жатырқағыш	A1	adj
жатыс%	A4	adj
жатық	A1	adj
жатықтық	N1	n
жатқыз	V-IV	v-intrans
жатқызыл	V-IV	v-intrans
жау	N1,V-IV	n+v-intrans
жауап	A1,N1	adj+n
жауап%	V-IV,V-TV	v-intrans+v-trans
жауапкер	A1,N1	adj+n
жауапкерлікпен	ADV	adv
жауапкерсіз	A1	adj
жауапкерсіздік	N1	n
жауапкершілік	N1	n
жауапкершіліксіз	ADV	adv
жауапсыз	A1	adj
жауапсыздық	N1	n
жауапты	A1	adj
жаугер	ADV,N1	adv+n
жаугершілік	N1	n
жаудыр	V-TV	v-trans
жаужүрек	A1	adj
жаула	V-TV	v-trans
жаулап%	V-TV	v-trans
жаулас	V-TV	v-trans
жауластыр	V-TV	v-trans
жаулық	N1	n
жаура	V-TV	v-trans
жаурауық	N1	n
жаурын	N1	n
жаурынды	A3	adj
жауыз	A1,N1	adj+n
жауыздан	V-IV	v-intrans
жауыздық	N1	n
жауын	N1	n
жауын-шашын	N1	n
жауынгер	N1	n
жауынды	A1	adj
жауып%	V-TV	v-trans
жауырын	N1	n
жауырынды	A1	adj
жаюшы	N1	n
жаядай	A1,ADV	adj+adv
жаялық	N1	n
жаяу	A4,ADV,N1	adj+adv+n
жаяу%	N1,V-TV	n+v-trans
жаяула	V-IV	v-intrans
жаға	N1	n
жағадан	N1	n
жағажай	N1	n
жағажайлық	A1	adj
жағала	V-IV	v-intrans
жағалап	ADV	adv
жағалас	V-IV	v-intrans
жағалау	N1	n
жағалаулық	A4	adj
жағалтай	N1	n
жағалы	A1	adj
жағалық	A1	adj
жағармай	N1	n
жағдай	N1	n
жағдай%	V-IV	v-intrans
жағдайлы	A3	adj
жағдайлық	A1	adj
жағдайсыз	A1	adj
жағдайында	POST	post
жағдаят	N1	n
жағрафия	N1	n
жағрафиялық	A4	adj
жағушы	N1	n
жағыл	V-TV	v-trans
жағым	N1	n
жағымды	A4,ADV	adj+adv
жағымпаз	A1	adj
жағымпаздан	V-IV	v-intrans
жағымпаздық	N1	n
жағымсыз	A4	adj
жағымсыз%	A4	adj
жағын	V-IV,V-TV	v-intrans+v-trans
жағып%	V-IV	v-intrans
жақ	N1,V-IV,V-TV	n+v-intrans+v-trans
жақ%	N1	n
жақпар	N1	n
жақсар	V-IV	v-intrans
жақсарт	V-TV	v-trans
жақсарту	N1	n
жақсартыл	V-IV	v-intrans
жақсы	A1,ADV	adj+adv
жақсы%	V-TV	v-trans
жақсыз	A1	adj
жақсыла	V-TV	v-trans
жақсылан	V-IV	v-intrans
жақсыландыр	V-TV	v-trans
жақсылық	N1	n
жақта	V-TV	v-trans
жақтас	N1,V-TV	n+v-trans
жақтау	N1	n
жақтаушы	N1	n
жақтаушылық	N1	n
жақтағыш	N1	n
жақтыр	V-TV	v-trans
жақтырма	V-TV	v-trans
жақтырмаушылық	N1	n
жақтық	A4	adj
жақша	N1	n
жақын	A1,ADV,N1,POST-DAT	adj+adv+n+post
жақын%	N1,V-TV	n+v-trans
жақында	ADV,V-IV	adv+v-intrans
жақындап	ADV	adv
жақындас	V-IV	v-intrans
жақындастыр	V-IV	v-intrans
жақындат	V-TV	v-trans
жақындау	A1,ADV	adj+adv
жақындағы	A1	adj
жақындық	N1	n
жаққыш	N1	n
жаңа	A1,ADV-WITH-KI	adj+adv
жаңа%	A4,N1	adj+n
жаңадан	ADV	adv
жаңадан%	V-TV	v-trans
жаңала	V-TV	v-trans
жаңалан	V-TV	v-trans
жаңалау	N1	n
жаңалық	N1	n
жаңар	V-IV	v-intrans
жаңарт	V-TV	v-trans
жаңартпа	N1	n
жаңарту	N1	n
жаңартушы	N1	n
жаңартыл	V-TV	v-trans
жаңартылмалы	A1	adj
жаңаша	ADV,N1	adv+n
жаңашыл	A4	adj
жаңбыр	N1	n
жаңбырлы	A4	adj
жаңсақ	A1	adj
жаңсақтық	N1	n
жаңыл	V-IV	v-intrans
жаңылтпаш	N1	n
жаңылыс	A4,N1,V-IV,V-TV	adj+n+v-intrans+v-trans
жаңылыс%	V-TV	v-trans
жаңылыстырған	A4	adj
жаңғалақ	N1	n
жаңғалақтық	N1	n
жаңғақ	N1	n
жаңғақтар	N1	n
жаңғырла	V-IV	v-intrans
жаңғырт	V-TV	v-trans
жаңғыртушылық	N1	n
жаңғыртқыш	N1	n
жаңғырық	N1	n
жаңғырықсыз	A4	adj
жаңғырықтыру	N1	n
жаңқа	N1	n
жаһан	N1	n
жаһандану	N1	n
жаһандық	A4	adj
жаһанкез	N1	n
же	V-TV	v-trans
жебе	N1	n
жебеуші	N1	n
жебір	A1	adj
жебірейіл	N1	n
жегу	N1	n
жегі	N1	n
жегіз	V-TV	v-trans
жегіш	A1	adj
жедел	A2	adj
жеделден	V-TV	v-trans
жеделдет	V-IV	v-intrans
жеделдетілген	A4	adj
жеделдік	N1	n
жеделсаты	N1	n
жеделхат	N1	n
жез	N1	n
жезде	N1	n
жезде%	N1	n
жезді	A1	adj
жезл	N1	n
жезөкше	N1	n
жезөкшеле	V-TV	v-trans
жезөкшелер%	N-COMPOUND-PX	?
жезөкшелік	N1	n
жейде	N1	n
жейтін	A4	adj
жек	V-TV	v-trans
жек%	N1,V-TV	n+v-trans
жеке	A3,ADV,N1	adj+adv+n
жеке%	ADV,N1	adv+n
жеке-жеке	A1	adj
жекежай	N1	n
жекеле	V-TV	v-trans
жекелену	N1	n
жекелеп	N1	n
жекеменшік	N1	n
жекеше	A1	adj
жекеше%	N1	n
жекешелендір	V-TV	v-trans
жекешелендіру	N1	n
жекешілдік	N1	n
жекжат	N1	n
жексенбі	N1	n
жексұрын	A1,N1	adj+n
жексұрынды	ADV	adv
жектір	V-TV	v-trans
жекір	V-IV	v-intrans
жел	N1,V-TV	n+v-trans
жел%	N1	n
желайдар	N1	n
желатинді	A4	adj
желбағар	N1	n
желбезек	N1	n
желбіре	V-IV	v-intrans
желгіш	A1	adj
желденген%	N1	n
желдену	N1	n
желдет	V-TV	v-trans
желдеткіш	N1	n
желдету	N1	n
желді	A1,ADV	adj+adv
желдірт	V-TV	v-trans
желек	N1	n
желекжол	N1	n
желетка	N1	n
желетке	N1	n
желеу	N1	n
желке	N1	n
желкелік	A1	adj
желкен	N1	n
желкенді	A1	adj
желп	V-IV	v-intrans
желпеуіш	N1	n
желпуіш	N1	n
желпіл	N1	n
желпілде	V-IV	v-intrans
желпілдек	A1	adj
желпініс	N1	n
желсіз	A3	adj
желтоқсан	N1	n
желі	N1	n
желік	N1	n
желікпелік	N1	n
желіктір	V-TV	v-trans
желіктіруші	A1	adj
желілік	A1	adj
желім	N1	n
желімде	V-TV	v-trans
желімдел	V-IV	v-intrans
желімделген	A4	adj
желімделу	N1	n
желімдеп%	V-IV	v-intrans
желімді	A1	adj
желімдік	N1	n
желінбейтін	A4	adj
желінде	V-IV	v-intrans
желінсау	N1	n
желіс	N1,V-TV	n+v-trans
желқабаз	ADV	adv
желқума	N1	n
жем	N1	n
жемде	V-TV	v-trans
жемсау	N1	n
жемсаулы	A1	adj
жемтік	N1	n
жемшөп	N1	n
жеміс	N1	n
жеміс%	N1	n
жеміссабақ	N1	n
жеміссіз	ADV	adv
жеміссіздік	N1	n
жемісті	A1	adj
жемістілік	N1	n
жемқор	N1	n
жемқорлық	N1	n
жендет	N1	n
жентек	N1	n
жеп%	V-TV	v-trans
жер	N1,V-IV,V-TV	n+v-intrans+v-trans
жер%	A2,N-COMPOUND-PX,N1,V-TV	adj+n+v-trans
жер-жерде%	N1	n
жерасты	A1	adj
жерасты%	N1	n
жерастылық	A1	adj
жерге%	A4,N1	adj+n
жергілікті	A3,ADV,N1	adj+adv+n
жергілікті%	N1	n
жерден%	A4	adj
жерді%	V-TV	v-trans
жеребе	N1	n
жержаңғақ	N1	n
жеркен	V-IV	v-intrans
жеркеншек	A1	adj
жеркеншектік	N1	n
жеркеніш	N1	n
жеркенішті	A1,N1	adj+n
жеркепе	N1	n
жерле	V-TV	v-trans
жерлен	V-IV	v-intrans
жерлес	N1	n
жерлестік	N1	n
жерлеу	N1	n
жерлік	A1	adj
жерорталық	A1	adj
жерсіздік	N1	n
жерсін	V-IV	v-intrans
жерсіндіру	N1	n
жерсіну	N1	n
жертезек	N1	n
жершөп	N1	n
жерік	N1	n
жерқойма	N1	n
жесір	N1	n
жесір%	A4	adj
жесірлік	N1	n
жет	V-IV	v-intrans
жете%	V-IV	v-intrans
жетек	N1	n
жетекте	V-IV	v-intrans
жетектеген	A1	adj
жетекші	A2,N1	adj+n
жетекшілік	N1	n
жетеле	V-TV	v-trans
жетерлік	A1,DET-QNT	adj+det
жетесіз	A1	adj
жетеу	NUM-COLL	?
жеткіз	V-TV	v-trans
жеткізу	N1	n
жеткізу%	N1	n
жеткізуші	N1	n
жеткізілім	N1	n
жеткіліксіз	A1,ADV	adj+adv
жеткіліксіздік	N1	n
жеткілікті	A4,ADV	adj+adv
жеткіншек	N1	n
жетон	N1	n
жетпейтін	A1	adj
жетпіс	NUM	num
жетпістер	N1	n
жеті	NUM	num
жеті%	NUM	num
жетіген	N1	n
жетік	A1	adj
жетіл	V-IV	v-intrans
жетілген	A4	adj
жетілгендік	N1	n
жетілдір	V-TV	v-trans
жетілдіргіш	N1	n
жетілдіру	N1	n
жетілмеген	A4	adj
жетілмегендік	N1	n
жетілу	N1	n
жетілік	N1	n
жетіліп%	V-TV	v-trans
жетім	N1	n
жетімді	A1	adj
жетімдік	N1	n
жетімділік	N1	n
жетімсіз	A1,ADV	adj+adv
жетімсіре	V-IV	v-intrans
жетімхана	N1	n
жетіп%	V-TV	v-trans
жетіс	V-IV	v-intrans
жетіскендік	N1	n
жетіспеушілік	N1	n
жетістік	N1	n
жең	N1,V-TV	n+v-trans
жеңiс	N1	n
жеңгей	N1	n
жеңгетай	N1	n
жеңгетайлық	N1	n
жеңді	A4	adj
жеңдір	V-TV	v-trans
жеңеше	N1	n
жеңешетай	N1	n
жеңсіз%	N1	n
жеңсік	N1	n
жеңіл	A1,A2,ADV,V-IV	adj+adv+v-intrans
жеңіл%	A1,N1	adj+n
жеңіл-желпі	A1	adj
жеңілгедік	N1	n
жеңілген	A4	adj
жеңілгендік	N1	n
жеңілде	V-IV,V-TV	v-intrans+v-trans
жеңілдет	V-TV	v-trans
жеңілдететін	A4,N1	adj+n
жеңілдету	N1	n
жеңілдік	N1	n
жеңілдікті	A1	adj
жеңілмейтін	A1	adj
жеңілтек	A1,ADV	adj+adv
жеңілтектік	N1	n
жеңіліс	N1	n
жеңімпаз	A1,N1	adj+n
жеңімпаздық	A1	adj
жеңіп%	V-TV	v-trans
жеңіс	N1	n
жж.	ABBR	abbr
жи	V-TV	v-trans
жигули	N1	n
жиде	N1	n
жидек	N1	n
жидіт	V-IV	v-intrans
жидітілген	A4	adj
жиек	N1	n
жиекте	V-TV	v-trans
жиектеу	N1	n
жиекті	A1	adj
жиен	N1	n
жиеншар	N1	n
жилет	N1	n
жина	V-TV	v-trans
жинал	V-IV	v-intrans
жиналмалы	A4	adj
жиналу	N1	n
жиналым	N1	n
жиналыс	N1,V-IV	n+v-intrans
жинамалы	A4	adj
жинап%	V-TV	v-trans
жинастыр	V-TV	v-trans
жинау	N1	n
жинаушы	N1	n
жинақ	N1	n
жинақсыздық	N1	n
жинақта	V-TV	v-trans
жинақтал	V-TV	v-trans
жинақталым	N1	n
жинақтама	N1	n
жинақтау	N1	n
жинақтаушы	N1	n
жинақты	A3	adj
жинақтылық	N1	n
жинақтық	A1	adj
жинақы	A1,ADV	adj+adv
жинақылық	N1	n
жирен	A1,V-IV	adj+v-intrans
жиренішті	A4	adj
жиробанк	N5	n
жиыл	V-IV	v-intrans
жиылыс	N1	n
жиым	N1	n
жиын	N1	n
жиынтық	A1,N1	adj+n
жиынтықтау	N1	n
жиынтықты	A4	adj
жиынтықтылау	N1	n
жиырма	NUM,NUM-TWENTY	num
жиырылғыш	A2	adj
жиыстыр	V-TV	v-trans
жиыстырушы%	N1	n
жиюсыз	A1	adj
жиі	A1,ADV	adj+adv
жиілдет	V-IV	v-intrans
жиіле	V-IV	v-intrans
жиілен	V-IV	v-intrans
жиілет	V-TV	v-trans
жиілік	N1	n
жиілілік	N1	n
жиіркен	V-IV,V-TV	v-intrans+v-trans
жиіркендір	V-TV	v-trans
жиіркеніш	N1	n
жиіркенішті	A4,ADV	adj+adv
жиһад	N1	n
жиһаз	N1	n
жиһаз%	N1	n
жиһазшы	N1	n
жиһан	N1	n
жиһангер	N1	n
жо-жоқ	INTERJ	interj
жоба	N1	n
жобала	V-TV	v-trans
жобалан	V-IV	v-intrans
жобалау	N1	n
жобалаушы	N1	n
жобалы	A1	adj
жой	V-IV,V-TV	v-intrans+v-trans
жойдыр	V-IV	v-intrans
жойыл	V-IV	v-intrans
жойылмаушылық	N1	n
жойылу	N1	n
жойылып%	V-IV	v-intrans
жойылған	A1	adj
жойып%	V-IV	v-intrans
жойғыздыр	V-TV	v-trans
жойғыш	N1	n
жойқын	A1	adj
жол	A1,N1	adj+n
жол%	N1	n
жол-жөнекей	ADV	adv
жола	V-IV	v-intrans
жолама	V-IV	v-intrans
жолаушы	A1,N1	adj+n
жолаушыла	V-IV	v-intrans
жолаяқ	N1	n
жолақ	N1	n
жолақта	V-TV	v-trans
жолбарыс	N1	n
жолбасшы	N1	n
жолбасшылық	N1	n
жолда	ADV,V-TV	adv+v-trans
жолдама	A1,N1	adj+n
жолдас	A1,N1	adj+n
жолдау	N1	n
жолдаухат	N1	n
жолдорба	N1	n
жолжелкен	N1	n
жолнұсқа	N1	n
жолсерік	N1	n
жолсыз	A1	adj
жолсыздық	N1	n
жолсілтеме	N1	n
жолшы	N1	n
жолшыбай	ADV	adv
жолы%	V-IV	v-intrans
жолығыс	V-TV	v-trans
жолық	V-IV	v-intrans
жолүсті%	N1	n
жомарт	A1	adj
жомарттанып	ADV	adv
жомарттық	N1	n
жон	A1,N1,V-TV	adj+n+v-trans
жонглер	N1	n
жонушы	N1	n
жонылған	A1	adj
жонғыш	A1,N1	adj+n
жор	V-TV	v-trans
жорамал	N1	n
жорамалда	V-TV	v-trans
жортақта	V-IV	v-intrans
жорушы	N1	n
жоры	V-TV	v-trans
жорық	N1	n
жорға	N1	n
жорғала	V-TV	v-trans
жорғалап%	V-TV	v-trans
жорғалаушы	N1	n
жорғалық	N1	n
жорғаторғай	N1	n
жоса	N1	n
жоспар	N1	n
жоспарла	V-TV	v-trans
жоспарлама	N1	n
жоспарлан	V-IV	v-intrans
жоспарлау	N1	n
жоспарлаушы	N1	n
жоспарлы	A1	adj
жоспарлылық	N1	n
жоспарсыз	A1	adj
жоспарсыздық	N1	n
жоспаршы	N1	n
жосу	N1	n
жосын	N1	n
жосық	N1	n
жота	N1	n
жоталы	A1	adj
жою	N1	n
жоғал	V-IV	v-intrans
жоғалт	V-TV	v-trans
жоғалту	N1	n
жоғалып%	V-IV	v-intrans
жоғалған	A1	adj
жоғалған%	N1	n
жоғарлат	V-TV	v-trans
жоғары	A1,ADV,ADV-WITH-KI-I	adj+adv
жоғары%	ADV,N1	adv+n
жоғарыда%	A1,A4	adj
жоғарыдан	ADV	adv
жоғарыдан%	V-TV	v-trans
жоғарыла	V-IV	v-intrans
жоғарылат	V-TV	v-trans
жоғарылату	N1	n
жоғарылық	N1	n
жоғарғы	A3,N1	adj+n
жоғарғы%	N1	n
жоқ	A3,INTERJ	adj+interj
жоқ%	V-IV,V-TV	v-intrans+v-trans
жоқта	V-TV	v-trans
жоқталған	A4	adj
жоқтат	V-TV	v-trans
жоқтық	N1	n
жоқшылық	N1	n
жоққа%	A4	adj
жоңышқа	N1	n
жоңышқабас	N1	n
жоңғыш	A1	adj
жу	V-TV	v-trans
жуан	A1	adj
жуан%	N1	n
жуандық	N1	n
жуас	N1	n
жуассымақ	N1	n
жуастық	N1	n
жуасу	N1	n
жуашық	N1	n
журнал	N1	n
журналист	N5	n
журналистика	N1	n
журналисттік	A1	adj
жусан	N1	n
жусанды	A1	adj
жусат	V-TV	v-trans
жуу	N1	n
жуушы	N1	n
жуы	V-IV	v-intrans
жуын	V-IV	v-intrans
жуындыр	V-TV	v-trans
жуырда	ADV	adv
жуық	A1,POST-DAT	adj+post
жуықта	V-IV	v-intrans
жуықтау	N1	n
жуықтық	N1	n
жуғыз	V-IV	v-intrans
жуғыш	A1,N1	adj+n
жуғыш%	N1	n
жыбыр	N1	n
жыбырлат	V-IV	v-intrans
жыбырлатып%	V-IV	v-intrans
жый	V-TV	v-trans
жыл	N1	n
жыл%	A1,ADV	adj+adv
жыла	V-IV	v-intrans
жылан	N1	n
жыланқияқ	N1	n
жылауық	A1,N1	adj+n
жылбысқы	N1	n
жылбұрыш	N1	n
жылдам	A1,ADV	adj+adv
жылдамдату	N1	n
жылдамдық	N1	n
жылдық	A3,N1	adj+n
жылж	V-TV	v-trans
жылжу	N1	n
жылжы	V-IV	v-intrans
жылжыма	N1	n
жылжымайтын	A4	adj
жылжымалы	A1,N1	adj+n
жылжыт	V-TV	v-trans
жылжытқыш	N1	n
жылжыған	A4	adj
жылжығыштық	N1	n
жылмаң	A1	adj
жылмың%	V-IV	v-intrans
жылнама	N1	n
жылнамалық	N1	n
жылнамашы	N1	n
жылпос	N1	n
жылпостық	N1	n
жылт	IDEO	interj
жылт%	V-TV	v-trans
жылтыр	A1	adj
жылтыра	V-IV	v-intrans
жылтырат	V-TV	v-trans
жылтырауық	A1,N1	adj+n
жылтыраған	A1	adj
жылтырақ	A1	adj
жылтырақтап	ADV	adv
жылу	N1	n
жылу%	N1	n
жылумен%	N1	n
жылы	A1,ADV	adj+adv
жылыжай	N1	n
жылылық	N1	n
жылымық	N1	n
жылын	V-IV	v-intrans
жылынатын%	N1	n
жылыстату	N1	n
жылыстау	N1	n
жылыт	V-TV	v-trans
жылыту	N1	n
жылытқыш	N1	n
жылға	N1	n
жылғы	A3	adj
жылқы	N1	n
жылқышы	N1	n
жым	ADV,N1	adv+n
жым-жырт	A1	adj
жыми	V-IV	v-intrans
жымиып%	V-IV	v-intrans
жымиыс	V-IV	v-intrans
жымию	N1	n
жымыр	V-TV	v-trans
жымыңда	V-IV	v-intrans
жымқыр	V-TV	v-trans
жын	N1	n
жындандыр	V-TV	v-trans
жынданған	A1	adj
жындаған	A1	adj
жынды	A1	adj
жындылық	N1	n
жыныс	A1,N1	adj+n
жыныссыз	A4	adj
жыныссыздық	N1	n
жыныстық%	N1	n
жыпылықта	V-TV	v-trans
жыпылықтат	V-TV	v-trans
жыр	N1	n
жыра	N1	n
жырау	N1	n
жырла	V-TV	v-trans
жырт	V-TV	v-trans
жырту	N1	n
жыртыл	V-IV	v-intrans
жыртылатын	A4	adj
жыртық	A4,N1	adj+n
жыртқыш	A1,A4,N1	adj+n
жыртқыштық	N1	n
жыршы	N1	n
жырыл	V-IV	v-intrans
жырық	A2	adj
жығыл	V-IV	v-intrans
жық	V-TV	v-trans
жыңғыл	N1	n
жібек	A1,N1	adj+n
жібек%	N1	n
жібер	V-TV,Vinfl-AUX	v-aux+v-trans
жіберме	V-TV	v-trans
жіберу	N1	n
жіберуші	N1	n
жіберіл	V-TV	v-trans
жіберілген	A4	adj
жіберілмейтін	A4	adj
жіберіп%	V-TV	v-trans
жібі	V-IV	v-intrans
жібіт	V-TV	v-trans
жігер	N1	n
жігерлен	V-IV	v-intrans
жігерлендір	V-TV	v-trans
жігерлілік	N1	n
жігерсіз	A1,N1	adj+n
жігерсіздік	N1	n
жігіт	N1	n
жігіттік	N1	n
жік	N1	n
жікте	V-TV	v-trans
жіктел	V-TV	v-trans
жіктеуші	N1	n
жіктеуіш	N1	n
жікшілдік	N1	n
жілік	N1	n
жіліншік	N1	n
жінік	V-IV	v-intrans
жіп	N1,V-IV	n+v-intrans
жіпше	N1	n
жіті	A1,ADV	adj+adv
жіті%	V-IV	v-intrans
жітілік	N1	n
жіңішке	A1,ADV	adj+adv
жіңішке%	N1	n
жіңішкелік	N1	n
жіңішкер	V-IV	v-intrans
жіңішкерт	V-TV	v-trans
жіңішкеру	N1	n
жүген	N1	n
жүгенде	V-TV	v-trans
жүгенсіз	A1	adj
жүгенсізден	V-IV	v-intrans
жүгенсіздік	N1	n
жүгерлі	A1	adj
жүгері	N1	n
жүгері%	N1	n
жүгін	V-IV	v-intrans
жүгір	V-IV	v-intrans
жүгіргіш	N1	n
жүгіргіште	V-IV	v-intrans
жүгіре	ADV	adv
жүгірт	V-TV	v-trans
жүгірткі	N1	n
жүгіріп%	V-IV,V-TV	v-intrans+v-trans
жүгіріс	N1,V-IV	n+v-intrans
жүгірісіп%	V-TV	v-trans
жүде	V-IV	v-intrans
жүдететін	A1	adj
жүдеу	A1	adj
жүдеулік	N1	n
жүдеушілік	N1	n
жүдең%	V-IV	v-intrans
жүз	N1,NUM,V-IV	n+num+v-intrans
жүз%	N1	n
жүзбасы	N-COMPOUND-PX	?
жүзгіш	N1	n
жүздеген	DET-QNT	det
жүздік	N1	n
жүзе	N1	n
жүзеге%	N1,V-IV,V-TV	n+v-intrans+v-trans
жүзетін	A1	adj
жүзжылдық	A4	adj
жүзу	N1	n
жүзуші	N1	n
жүзік	N1	n
жүзік%	N1	n
жүзім	N1	n
жүзім%	N-COMPOUND-PX,N1	n
жүзімдік	N1	n
жүзімші	N1	n
жүзіп%	V-TV	v-trans
жүйе	N1	n
жүйеге%	V-TV	v-trans
жүйек	N1	n
жүйелеу	N1	n
жүйелі	A4,ADV	adj+adv
жүйелік	A1	adj
жүйелік%	N1	n
жүйелілік	N1	n
жүйесіз	A1	adj
жүйесіздік	N1	n
жүйке	N1	n
жүйкелену	N1	n
жүйкелі	A1,ADV	adj+adv
жүйкетамыр	N1	n
жүйрік	A4,N1	adj+n
жүйріктік	N1	n
жүк	A1,N1	adj+n
жүк%	N1,V-TV	n+v-trans
жүкарба	N1	n
жүксалғыш	N1	n
жүкте	V-TV	v-trans
жүктелген	A4	adj
жүктелетін	A1	adj
жүктелулі	A3	adj
жүктеме	N1	n
жүктеу	N1	n
жүктеушілік	N1	n
жүкті	N1	n
жүкті%	N1,V-IV	n+v-intrans
жүктілік	N1	n
жүктілікке%	A4	adj
жүктіліккке%	A4	adj
жүкші	N1	n
жүкшілік	N1	n
жүкқұжат	N1	n
жүлде	N1	n
жүлдегер	N1	n
жүлделі	A1	adj
жүн	N1	n
жүн%	N1	n
жүнде	V-TV	v-trans
жүнді	A4	adj
жүп	N1	n
жүр	V-IV,Vinfl-AUX,Vinfl-AUX-IMPF,Vinfl-AUX-IMPF-NEG	v-aux+v-intrans
жүргіз	V-TV	v-trans
жүргізгіш	N1	n
жүргізе%	V-TV	v-trans
жүргізуші	N1	n
жүргізіл	V-TV	v-trans
жүргінші	N1	n
жүргіншінің%	N-COMPOUND-PX,N1	n
жүргіш	N1	n
жүрдек	A1	adj
жүре-бара	ADV	adv
жүре-жүре	ADV	adv
жүре-келе	ADV	adv
жүрек	N1	n
жүрек%	A1,A4,V-TV	adj+v-trans
жүрексіз	A4	adj
жүрексіздік	N1	n
жүрексін	V-IV,V-TV	v-intrans+v-trans
жүректі	A1,N1	adj+n
жүректі-тамырлық	A1	adj
жүректік	A1	adj
жүректілік	N1	n
жүреле	V-IV	v-intrans
жүрерлік	N1	n
жүру	N1	n
жүру%	N-COMPOUND-PX	?
жүріп%	V-IV	v-intrans
жүріп-тұрушы	N1	n
жүріс	N1	n
жүріс-тұрыс	N1	n
жұбай	N1	n
жұбайлық	A4,N1	adj+n
жұбайы	N1	n
жұбан	V-IV	v-intrans
жұбандыр	V-TV	v-trans
жұбаныш	N1	n
жұбат	V-TV	v-trans
жұбатушы	N1	n
жұдырық	N1	n
жұдырықта	V-TV	v-trans
жұл	V-TV	v-trans
жұлдыз	N1	n
жұлдыз%	N1	n
жұлдызаралық	A4	adj
жұлдызды	A1	adj
жұлдызнама	N1	n
жұлдызша	N1	n
жұлдыр	V-TV	v-trans
жұлымыр	N1	n
жұлып%	V-IV	v-intrans
жұлыс	V-IV	v-intrans
жұлқ	V-IV	v-intrans
жұлқы	V-TV	v-trans
жұлқыла	V-IV	v-intrans
жұлқылан	V-TV	v-trans
жұлқылас	V-IV	v-intrans
жұлқын	V-IV	v-intrans
жұлқып%	V-TV	v-trans
жұм	V-TV	v-trans
жұма	N1	n
жұмалық	A1	adj
жұмарла	V-TV	v-trans
жұмақ	N1	n
жұмбақ	N1	n
жұмбақты	A4	adj
жұмбақшы	N1	n
жұмса	V-IV,V-TV	v-intrans+v-trans
жұмсалатын	A4	adj
жұмсалым	N1	n
жұмсап%	V-TV	v-trans
жұмсартатын	A1	adj
жұмсартқыш	N1	n
жұмсау	N1	n
жұмсақ	A1,ADV	adj+adv
жұмсақтық	N1	n
жұмыл	V-IV	v-intrans
жұмылдыр	V-TV	v-trans
жұмылдыру	N1	n
жұмыр	A1	adj
жұмыр%	N1	n
жұмырлан	V-IV	v-intrans
жұмыртқа	N1	n
жұмыртқа%	N-COMPOUND-PX	?
жұмыртқала	V-IV	v-intrans
жұмыртқалағыштық	N1	n
жұмыртқалы	A4	adj
жұмыртқаментірітуушы	A4	adj
жұмыртқатасушы	A4	adj
жұмыс	N1	n
жұмыс%	ADV,N1,V-IV,V-TV	adv+n+v-intrans+v-trans
жұмыс-күн	N1	n
жұмысбастылық	N1	n
жұмыскер	A1,N1	adj+n
жұмыспен%	N1	n
жұмыссыз	A1	adj
жұмыссыздық	N1	n
жұмыста	V-TV	v-trans
жұмыстан%	N1	n
жұмысшы	A1,N1	adj+n
жұмысшы%	N1	n
жұп	N1	n
жұпар	N1	n
жұпардай	A3	adj
жұпта	V-TV	v-trans
жұрағат	N1	n
жұрнақ	N1	n
жұрт	N1	n
жұрт%	ADV	adv
жұрттық	A4	adj
жұртшы	N1	n
жұртшылық	N1	n
жұрын	N1	n
жұрында	V-TV	v-trans
жұт	N1,V-TV	n+v-trans
жұта	V-IV	v-intrans
жұтатын	A1	adj
жұтаң	A1	adj
жұтаңдық	N1	n
жұту	N1	n
жұтылу	N1	n
жұтым	N1	n
жұтып%	V-TV	v-trans
жұтқыз	V-IV	v-intrans
жұтқыншақ	N1	n
жұтқыш	N1	n
жұғымды	A1	adj
жұғымдылық	N1	n
жұғын	N1	n
жұғыс	V-IV	v-intrans
жұқ	V-TV	v-trans
жұқа	A1	adj
жұқа%	N1	n
жұқалық	N1	n
жұқпалы	A1	adj
жұқтыр	V-TV	v-trans
жұқтырушы	N1	n
жұққыш	A1	adj
жұққыштық	N1	n
жә	INTERJ	interj
жәбір	N1	n
жәбірле	V-TV	v-trans
жәбірлен	V-IV	v-intrans
жәбірленуші	N1	n
жәбірлеу	N1	n
жәбірлеуші	N1	n
жәбірлік	N1	n
жәдігер	N1	n
жәдігөйлік	N1	n
жәй	ADV	adv
жәйт	N1	n
жәндік	N1	n
жәндіккоректі	A4	adj
жәндіккоректілер	N1	n
және	CC-SOYED	conj
жәннат	N1	n
жәрдем	N1	n
жәрдем%	V-TV	v-trans
жәрдемақы	N1	n
жәрдемдес	V-IV	v-intrans
жәрдемсіздік	N1	n
жәрдемші	A1,N1	adj+n
жәрмеңке	N1	n
жәукемде	V-TV	v-trans
жәшік	N1	n
жөке	N1	n
жөн	A1,N1	adj+n
жөн%	V-IV	v-intrans
жөн-жоба	N1	n
жөн-жосық	N1	n
жөнге%	V-TV	v-trans
жөнде	V-TV	v-trans
жөндейтін	A1	adj
жөндел	V-IV	v-intrans
жөндеу	N1	n
жөндеулі	A1	adj
жөндеуші	N1	n
жөнді	A1	adj
жөнділік	N1	n
жөнел	V-IV	v-intrans
жөнелт	V-TV	v-trans
жөнелту	N1	n
жөнелтуші	N1	n
жөнсіз	A1	adj
жөнсіздік	N1	n
жөнінде	POST-NOM	post
жөргек	N1	n
жөргекте	V-IV	v-intrans
жөтел	N1,V-IV	n+v-intrans
жөтеліс	N1	n
жөткер	V-IV	v-intrans
жөткерін	V-IV	v-intrans
завод	N5	n
зада	N1	n
займ	N1	n
зайып	N1	n
зайыпты	A4	adj
зайыптылық	N1	n
зайыр	A1	adj
зайырлы	A1	adj
заказ	N1	n
закон	N1	n
зал	N1	n
залал	N1	n
залалды	A1	adj
залалсыздандыр	V-TV	v-trans
залым	A1,N1	adj+n
залымдық	N1	n
заман	N1	n
замана	N1	n
заманауи	A4	adj
замандас	A1,N1	adj+n
заманғы	A4	adj
замат	N1	n
замға	V-IV	v-intrans
занавес	N1	n
занзабіл	N1	n
запас	N1	n
запастағы	A3	adj
зар	N1	n
зарар	N1	n
зарарлылық	N1	n
зарарсыз	A1	adj
зарарсыздандыру	N1	n
зарб	N1	n
зардап	N1	n
зардап%	N1	n
зарлан	V-IV	v-intrans
зарлы	A1	adj
зарлылық	N1	n
зарық	V-IV	v-intrans
заряд	N1	n
зарядта	V-TV	v-trans
застава	N5	n
зат	N1	n
зат%	N1	n
заттандыру	N1	n
заттану	N1	n
заттанған	A4	adj
заттаңба	N1	n
заттық	A1	adj
зауалсыздық	N1	n
заулат	V-TV	v-trans
зауыт	N1	n
зауық	N1	n
зауықсыз	ADV	adv
зауықтан	V-IV	v-intrans
зауықты	A4	adj
зағыптан	V-IV	v-intrans
зағыпыран	N1	n
зақым	N1	n
зақым%	V-TV	v-trans
зақымда	V-TV	v-trans
зақымдалу	N1	n
зақымдан	V-IV	v-intrans
зақымданған	N1	n
заң	N1	n
заң%	A1	adj
заңгер	N1	n
заңдастыру	N1	n
заңды	A4,ADV,N1	adj+adv+n
заңды%	N1	n
заңдылық	N1	n
заңдық	N1	n
заңнама	N1	n
заңнамалық	A4	adj
заңнамалық%	N-COMPOUND-PX	?
заңсыз	A6	?
заңсыздық	N1	n
заңтану	N1	n
заңтанулық	A4	adj
заңшы	N1	n
заңшылық	N1	n
заңшығарушы	A1	adj
заңқой	N1	n
звеношы	N1	n
звондаушы	N1	n
зебра	N1	n
зейнет	N1	n
зейнетақы	N1	n
зейнетақылық	A4	adj
зейнеткер	N1	n
зейнеткерлік	A4	adj
зейін	N1	n
зейінді	A1	adj
зейінділік	N1	n
зейінсіз	A1	adj
зейінсіздік	N1	n
зек	V-TV	v-trans
зекет	N1	n
зельц	N1	n
зембил	N1	n
зембіл	N1	n
земство	N1	n
зенитті	A1	adj
зениттік	A4	adj
зер	N1	n
зер%	ADV,V-IV	adv+v-intrans
зергер	N1	n
зергерлік	N1	n
зерде	N1	n
зерделе	V-TV	v-trans
зерделі	ADV	adv
зердесіздік	N1	n
зерек	A1,N1	adj+n
зеректік	N1	n
зертте	V-TV	v-trans
зерттелетін	A1	adj
зерттелмеген	A4	adj
зерттеме	N1	n
зерттеу	N1	n
зерттеулі	A1	adj
зерттеуші	N1	n
зертхана	N1	n
зертханалық	N1	n
зерігу	N1	n
зерік	V-IV	v-intrans
зең	N1	n
зеңбірек	N1	n
зеңбірекші	N1	n
зеңгір	A1	adj
зигота	N1	n
зинақорлық	N1	n
зират	N1	n
зире	N1	n
зиялы	A1	adj
зиялылар	N1	n
зиян	N1	n
зиян%	V-IV,V-TV	v-intrans+v-trans
зиянды	A1	adj
зияндылық	N1	n
зиянкес	N1	n
зиянкестік	N1	n
зиянсыз	A4	adj
зиянсыз%	V-TV	v-trans
зиянсыздандыр	V-TV	v-trans
зияпат	N1	n
зияткерлік	A1,N1	adj+n
значок	N1	n
зоб	N1	n
зобалаң	N1	n
зодиак	N1	n
зодиакальді-геоцентрикалық	A4	adj
зомби	N1	n
зомбылық	N1	n
зона	N1	n
зоналық	A4,N1	adj+n
зонд	N1	n
зоо	N1	n
зообақ	N1	n
зооветеринарлық	A4	adj
зоогеография	N1	n
зоогеографиялық	A4	adj
зоолог	N1	n
зоология	N1	n
зоологиялық	A4	adj
зооморфизм	N1	n
зоопалеонтология	N1	n
зоопатология	N1	n
зоопсихология	N1	n
зоотехник	N1	n
зоофилия	N1	n
зор	A2,N1	adj+n
зор%	N1	n
зорайтқыш	N1	n
зорла	V-TV	v-trans
зорлан	V-TV	v-trans
зорлау	N1	n
зорлаушы	N1	n
зорлық	N1	n
зорлық-зомбылық	N1	n
зорлықшыл	N1	n
зороастризм	N1	n
зороастрлық	A4	adj
зорға	ADV	adv
зорға%	V-IV	v-intrans
зула	V-IV	v-intrans
зулуша	ADV-LANG	adv
зум	N1	n
зуммер	N1	n
зумпф	N1	n
зурна	N1	n
зуыл	N1	n
зуылда	V-IV	v-intrans
зымиян	N1	n
зымыра	V-IV	v-intrans
зымыран	N1	n
зымыраншы	N1	n
зындан	N1	n
зырылда	V-IV	v-intrans
зырылдауық	N1	n
зырқылда	V-IV	v-intrans
зығыр	N1	n
зығырданы%	V-IV	v-intrans
зығыршылық	N1	n
зікір	N1	n
зіл	N1	n
зілзала	N1	n
зілсіз	A1	adj
зімбір	N1	n
зүбәржат	N1	n
зүмірет	N1	n
зұлмат	N1	n
зұлым	A1,N1	adj+n
зұлымдық	N1	n
зәбір	N1	n
зәбірле	V-TV	v-trans
зәйтүн	N1	n
зәр	N1	n
зәр%	N1	n
зәресі%	V-IV	v-intrans
зәресін%	V-IV	v-intrans
зәру	N1	n
зәрушілік	N1	n
зәузат	N1	n
зәулім	A1,ADV	adj+adv
и	V-TV	v-trans
иба	N1	n
ибалы	A3	adj
ибасыз	A1	adj
ибасыздық	N1	n
иберийлік	A4	adj
ибн	N1	n
ибупрофен	N1	n
иврит	N1	n
ивриттік	A4	adj
ивритше	ADV-LANG	adv
игер	V-TV	v-trans
игерушілік	N1	n
игеріл	V-TV	v-trans
игумения	N1	n
игі	A1,N1	adj+n
игілік	N1	n
игілікті	A1	adj
идеал	N1	n
идеалды	A4	adj
идеализация	N1	n
идеализм	N1	n
идеалист	N1	n
идеалистік	A1	adj
идемпотентті	A4	adj
идентификатор	N1	n
идентификация	N1	n
идентификацияла	V-TV	v-trans
идеография	N1	n
идеолог	N1	n
идеология	N1	n
идеологиялық	A4	adj
идеологиялық%	N1	n
идефикс	N1	n
идея	N1	n
идеялы	A1	adj
идеялылық	N1	n
идеялық	A4	adj
идеясыз	A1	adj
идиллия	N1	n
идиографикалық	A4	adj
идиолект	N1	n
идиома	N1	n
идиоматикалық	A4	adj
идиоморфты	A4	adj
идиосинкразикалық	A4	adj
идиосинкразия	N1	n
ие	N1	n
ие%	V-IV	v-intrans
иегер	N1	n
иезуитшілдік	N1	n
иек	N1	n
иекте	V-IV	v-intrans
иектік%	N1	n
иелен	V-TV	v-trans
иеленетін	A4	adj
иеленуші	N1	n
иеленушілік	N1	n
иелестік	N1	n
иелік	N1	n
иемден	V-TV	v-trans
иемдену	N1	n
иен	A2,N1	adj+n
иерархия	N1	n
иерархиялық	A1	adj
иероглиф	N1	n
иероглифті	A4	adj
иесымақ	N1	n
иесіздендір	V-TV	v-trans
иесіздік	N1	n
иеқұжат	N1	n
изафет	N1	n
изе	V-TV	v-trans
изен	N1	n
изобар	N1	n
изобаралық	A4	adj
изобатикалық	A4	adj
изогамия	N1	n
изогет	N1	n
изогиета	N1	n
изогипс	N1	n
изоглосс	N1	n
изогон	N1	n
изогоникалық	A4	adj
изоклинді	A4	adj
изоклиникалық	A4	adj
изолятор	N1	n
изоляциондық	A1	adj
изоляционизм	N1	n
изомер	N1	n
изомерия	N1	n
изометрия	N1	n
изометриялық	A4	adj
изоморфизм	N1	n
изоморфты	A4	adj
изоплет	N1	n
изосейсмикалық	A4	adj
изосиллабизм	N1	n
изостазия	N1	n
изосызық	N1	n
изотерма	N1	n
изотермиялық	A4	adj
изотоп	N1	n
изотоптық	A4	adj
изотроп	N1	n
изотропия	N1	n
изотропты	A4	adj
изохронды	A4	adj
изохроникалық	A4	adj
изоөлшеу	N1	n
израильдік	A4	adj
икем	N1	n
икемде	V-TV	v-trans
икемделу	N1	n
икемді	A1,ADV	adj+adv
икемділік	N1	n
икемсіз	A1	adj
икемсізденген	A1	adj
икемсіздік	A1,N1	adj+n
икона	N1	n
иконография	N1	n
икосаэдр	N1	n
илан	V-IV	v-intrans
иландыр	V-IV	v-intrans
иле	V-TV	v-trans
илеу	N1	n
илеуші	N1	n
иллювийлік	N1	n
иллюминатор	N1	n
иллюминация	N1	n
иллюстрация	N1	n
иллюстрацияла	V-TV	v-trans
имажинизм	N1	n
имам	N1	n
иман	N1	n
имандылық	N1	n
имек	A4	adj
имен	V-IV	v-intrans
именбеушілік	N1	n
именушілік	N1	n
именшек	A1	adj
именшекте	V-IV	v-intrans
именшектік	N1	n
имитация	N1	n
имманенттілік	N1	n
иммигрант	N1	n
иммиграция	N1	n
иммиграциялық	A4	adj
иммобилизация	N1	n
иммунизация	N1	n
иммунитет	N1	n
иммуноглобулин	N1	n
иммунодефицит	N1	n
иммунолог	N1	n
иммунология	N1	n
иммунологиялық	A1	adj
иммуносупрессия	N1	n
иммунотерапия	N1	n
импеданс	N1	n
императив	N1	n
императивтік	A4	adj
император	N1	n
императорлық	A4	adj
империализм	N1	n
империалист	A1,N5	adj+n
империя	N1	n
империялық	A1,A4	adj
имперфект	N1	n
импичмент	N1	n
имплантация	N1	n
импорт	N1	n
импортта	V-TV	v-trans
импорттаушы	N1	n
импорттық	A1	adj
импрессионизм	N1	n
импрессионизші	N1	n
импровизация	N1	n
импровизацияла	V-IV	v-intrans
импульс	N1	n
импульсивті	A4	adj
импульстік	A4	adj
инабатты	ADV	adv
инабаттылық	N1	n
инаугурация	N1	n
инвагинация	N1	n
инвазия	N1	n
инвалид	N1	n
инвариант	N1	n
инвентаризация	N1	n
инверсия	N1	n
инверсиялық	A1	adj
инвеститура	N1	n
инвестиция	N1	n
инвестиция%	N1	n
инвестицияла	V-TV	v-trans
инвестициялық	A4	adj
инвестор	N1	n
инволюция	N1	n
ингалятор	N1	n
ингаляция	N1	n
ингибиторлық	A4	adj
ингредиент	N1	n
индекс	N1	n
индексация	N1	n
индекстеу	N1	n
индекстік	A1	adj
индетерминизм	N1	n
инди	A1	adj
индивидуализация	N1	n
индивидуализм	N1	n
индикатив	N1	n
индикатор	N1	n
индикация	N1	n
индолог	N1	n
индонезиялық	A4	adj
индоссамент	N1	n
индоссант	N1	n
индуизм	N1	n
индуктивтілік	N1	n
индуктор	N1	n
индукция	N1	n
индукциялық	A4	adj
индульгенция	N1	n
индустриалды	A1	adj
индустриализм	N1	n
индустриалық	A1	adj
индустрия	N5	n
индустрияландыру	N1	n
индустриялау	N1	n
индустриялық	A1,A4	adj
индустриялық%	N1	n
ине	N1	n
инелік	N1	n
инемен%	N1	n
инерция	N1	n
инерциялық	A4	adj
инеқап	N1	n
инжектор	N1	n
инженер	N5	n
инженерлік	A4	adj
инкапсуляция	N1	n
инкассалау	N1	n
инкассация	N5	n
инкассацияла	V-TV	v-trans
инкассо	N5	n
инквизиция	N1	n
инкорпорация	N1	n
инкремент	N1	n
инкубатор	N1	n
инкубация	N1	n
инновация	N1	n
инновациялық	A4	adj
инокулят	N1	n
инсектицид	N1	n
инсинуация	N1	n
инспектор	N1	n
инспекция	N1	n
инспирация	N1	n
инстанция	N1	n
институт	N5	n
институционалды	A1	adj
институционалдық	A1	adj
институционализация	N1	n
инстиут	N1	n
инструктор	N1	n
инструменталист	N1	n
инсулин	N1	n
инсульт	N1	n
инсценировка	N1	n
интеграл	N1	n
интегратор	N1	n
интеграция	N1	n
интеграцияланатын	A4	adj
интеграциялық	A4	adj
интеллектуалды	A1,ADV	adj+adv
интеллектуалдық	A4	adj
интеллектуализм	N1	n
интеллигент	N1	n
интеллигенция	N5	n
интендант	N1	n
интенданттық	N1	n
интенсивті	A3	adj
интенционалдық	N1	n
интерактивсіздік	N1	n
интерактивті	A1	adj
интервал	N1	n
интервалды	A1	adj
интервенция	N1	n
интеркоммуникатор	N1	n
интерлюдия	N1	n
интермедия	N1	n
интерн	N1	n
интернат	N1	n
интернационал	N1	n
интернационализация	N1	n
интернационализм	N1	n
интернет	N5	n
интернет-кафе	N5	n
интернетті%	N1	n
интерпелляция	N1	n
интерполяция	N1	n
интерпретация	N1	n
интерфейс	N1	n
интерференция	N1	n
интерферометр	N1	n
интерьер	N1	n
интоксикация	N1	n
интонация	N1	n
интранет	N1	n
интроверсия	N1	n
интроспективті	A4	adj
интубация	N1	n
интуитивті	ADV	adv
интуиция	N1	n
инулин	N1	n
инфантерия	N1	n
инфантилизм	N1	n
инфаркт	N1	n
инфекция	N1	n
инфекциялы	A1	adj
инфибуляция	N1	n
инфильтрат	N1	n
инфильтратта	V-TV	v-trans
инфильтрация	N1	n
инфинитив	N1	n
инфляция	N1,N5	n
инфляциялық	A1	adj
инфобокс	N1	n
информатика	N1	n
информациялық	A1	adj
инфрадыбыс	N1	n
инфрасәуле	N1	n
инфрақызыл	A1	adj
инфрақұрылым	N1	n
инфузория	N1	n
инъекция	N1	n
инь	N1	n
ион	N1	n
ионда	V-TV	v-trans
иондану	N1	n
иондық	A4	adj
ионизатор	N1	n
ионосфера	N1	n
ионосфералық	A4	adj
иордандық	A4	adj
ипотека	N1	n
ипохондрия	N1	n
ипподром	N1	n
иприт	N1	n
ирак	N1	n
ирактық	A4	adj
иран	N1	n
иран%	A1	adj
ирандық	A4	adj
ирек	A4,N1	adj+n
иректі	A1	adj
ирелең	A1,N1	adj+n
ирелеңде	V-IV	v-intrans
иридий	N1	n
иридотомия	N1	n
ирландиялық	A4	adj
ирландша	ADV-LANG	adv
иррадиация	N1	n
иррационал	A1	adj
иррационалды	A4	adj
иррационалдылық	N1	n
иррационалдық	A1	adj
иррационализм	N1	n
ислам	N1	n
исламдық	A4	adj
исламшдық	A4	adj
исламшыл	A4	adj
исламшылдық	N1	n
исландша	ADV-LANG	adv
испан	A2,N1	adj+n
испандық	A4	adj
испанист	N1	n
испаниялық	A1	adj
испанша	ADV-LANG	adv
исраилдік	A4,N1-NAT	adj+n
истерия	N1	n
историзм	N1	n
исі	DET-QNT	det
ит	N1	n
ит%	N1	n
итальяндық	A1	adj
итальянша	ADV-LANG	adv
итаршы	N1	n
итбалық	N1	n
ителгі	N1	n
итер	V-TV	v-trans
итерациялық	A4	adj
итермеле	V-TV	v-trans
итермелейтін	A1	adj
итермеші	N1	n
итеруші	N1	n
итеріл	V-TV	v-trans
итмұрын	N1	n
иттрий	N1	n
иттікен	N1	n
итқызғалдақ	N1	n
итқұмар	N1	n
иудаизм	N1	n
иудейлік	A1	adj
ихтиол	N1	n
ихтиология	N1	n
ишан	N1	n
ишара	N1	n
ишарат	N1	n
ишемия	N1	n
ишиас	N1	n
иші	N1	n
иық	A1,N1	adj+n
иықағаш	N1	n
иігілік	N1	n
иіл	V-IV	v-intrans
иілгіш	A1,A4	adj
иілгіштік	N1	n
иілмелі	A1	adj
иілімді	A1	adj
иіліп%	V-TV	v-trans
иіліс	N1	n
иін	N1	n
иінағаш	N1	n
иінді%	N1	n
иір	V-TV	v-trans
иірт	V-TV	v-trans
иіріл	V-IV	v-intrans
иірім	N1	n
иірімжіп	N1	n
иіс	N1	n
иіс%	A4,V-TV	adj+v-trans
иіске	V-TV	v-trans
иіссу	N1	n
иіссіз	A4	adj
иістілік	N1	n
иә	INTERJ	interj
йога	N1	n
йогурт	N1	n
йод	N1	n
йодид	N1	n
йодоформ	N1	n
йодталған	A4	adj
кабель	N1	n
кабельші	N1	n
кабина	N1	n
кабинет	N5	n
кабриолет	N1	n
каватина	N1	n
каверналы	A1	adj
кагат	N1	n
кагура	N1	n
кадастр	N1	n
кадастрлық	A1	adj
каденция	N1	n
кадет	N1	n
кадми	N1	n
кадмий	N1	n
кадр	N1	n
казак	N1	n
казак%	N1	n
казеин	N1	n
каземат	N1	n
казинет	N1	n
казино	N1	n
казначейлік	N5	n
кайзер	N1	n
какао	N1	n
какофоникалық	A4	adj
какофония	N1	n
кактус	N1	n
каландр	N1	n
калейдоскоп	N1	n
календарлық	A1	adj
калетта	N1	n
калибр	N1	n
калий	N1	n
калифорний	N1	n
каллиграфия	N1	n
калмак	N1-NAT	n
калмакша	ADV-LANG	adv
калориметр	N1	n
калориметрия	N1	n
калорифер	N1	n
калория	N1	n
калориялы	A1	adj
калориялық	N1	n
калька	N1	n
калькулятор	N1	n
калькуляция	N1	n
кальций	N1	n
кальцийлі	A4	adj
кальцит	N1	n
камамбер	N1	n
камарилья	N1	n
камбала	N1	n
камбуз	N1	n
камера	N1	n
камералық	A1	adj
камераға%	N1	n
камертон	N1	n
камикадзе	N1	n
камин	N1	n
камлот	N1	n
каморка	N1	n
кампус	N1	n
камуфлет	N1	n
камфор	N1	n
камшат	N1	n
канадиан	N1	n
канадтық	A1	adj
канал	N1	n
канализация	N1	n
канализациялық	A1	adj
канарейка	N1	n
канаус	N1	n
кандела	N1	n
кандидат	N1	n
кандидаттық	A4	adj
кандидатура	N1	n
канистра	N1	n
канифоль	N1	n
каннибал	N1	n
каннибализм	N1	n
каноист	N1	n
канон	N1	n
канондық	A1	adj
канонер	N1	n
каноэмен%	N1	n
кантата	N1	n
кантон	N1	n
кантоналдық	A1	adj
канцелярлық	A4	adj
канцероген	N1	n
канцлер	N5	n
канцлерлік	N1	n
каньон	N1	n
каолин	N1	n
каолинит	N1	n
капелла	N1	n
капеллан	N1	n
капелька	N1	n
каперс	N1	n
капилляр	N1	n
капитал	N1	n
капиталдандыру	N1	n
капиталдық	A1	adj
капитализм	N5	n
капиталист	N1	n
капиталистік	A4	adj
капиталға%	N1	n
капитан	N1	n
капитан%	N1	n
капитулянт	N1	n
капитуляция	N1	n
капитуляцияла	V-TV	v-trans
капор	N1	n
капот	N1	n
капрон	N1	n
капсид	N1	n
капсида	N1	n
капсомер	N1	n
капсула	N1	n
каптерка	N1	n
капюшон	N1	n
карамельді	A4	adj
карантин	N1	n
карат	N1	n
каратэ	N1	n
карбид	N1	n
карбонат	N1	n
карбонатизация	N1	n
карбонды	A4	adj
карбонит	N1	n
карборунд	N1	n
карбункул	N1	n
карбюратор	N1	n
карбюрация	N1	n
кардан	N1	n
кардиган	N1	n
кардиналдық	N1	n
кардиограф	N1	n
кардиография	N1	n
кардиоид	N1	n
кардиолог	N1	n
кардиология	N1	n
кардиопатия	N1	n
кардиосклероз	N1	n
кардиохирург	N1	n
кардиохирургия	N1	n
кардиохирургиялық	A4	adj
кардит	N1	n
карел	N1-NAT	n
карелша	ADV-LANG	adv
каретник	N1	n
карикатура	N1	n
карикатурашы	N1	n
карикатурист	N1	n
кариотип	N1	n
каркас	N1	n
карлик	N1	n
кармин	N1	n
карнавал	N1	n
карналлит	N1	n
карниз	N1-NAT	n
каротин	N1	n
карри	N1	n
карсттық	A4	adj
карт	N1	n
карта	N1	n
карташы	N1	n
картақұмар	N1	n
картель	N1	n
картина	N1	n
картография	N1	n
картографиялық	A4	adj
картон	N1	n
картоп	N1	n
карточка	N5	n
картридж	N1	n
картуз	N1	n
карцер	N1	n
карцинома	N1	n
карьер	N1	n
каспийлік	A4	adj
касса	N1	n
кассалық	A4	adj
кассация	N1	n
кассир	N1	n
касситерит	N1	n
каста	N1	n
кастет	N1	n
кастинг	N1	n
кастор	N1	n
кастрация	N1	n
катабатикалық	A4	adj
катаболизм	N1	n
катаклизм	N1	n
катакомб	N1	n
каталаза	N1	n
каталанизм	N1	n
каталашка	N1	n
каталепсия	N1	n
катализ	N1	n
катализатор	N1	n
каталитикалық	A1	adj
каталог	N5	n
каталогта	V-TV	v-trans
каталогтау	N1	n
катара	N1	n
катаризм	N1	n
катарсис	N1	n
катастрофизм	N1	n
категориальді	A4	adj
категория	N1	n
катет	N1	n
катетер	N1	n
катетометр	N1	n
катехизис	N1	n
катехизм	N1	n
катион	N1	n
катод	N1	n
католик	A4,N1	adj+n
католицизм	N1	n
каторжанин	N1	n
катушка	N1	n
катюша	N1	n
каустикалық	A4	adj
кафе	N1	n
кафедра	N1	n
кафетерий	N1	n
кафкиандық	A1	adj
кахексия	N1	n
кацик	N1	n
кашемир	N1	n
каяк	N1	n
квадрант	N1	n
квадрат	N1	n
квадратура	N1	n
квадриллион	N1	n
квазар	N1	n
квалификацияла	V-TV	v-trans
квалификациялы	A1	adj
квалификациясыз	A1	adj
квант	N1	n
квантификация	N1	n
квантор	N1	n
кварк	N1	n
квартет	N1	n
квартира	N1	n
кварц	N1	n
кварцит	N1	n
кватернион	N1	n
квинтет	N1	n
квинтэссенция	N1	n
квитанция	N1	n
кворум	N1	n
квота	N1	n
кг	ABBR	abbr
кебеже	N1	n
кебек	N1	n
кеберсушілік	N1	n
кебу	N1	n
кебін	N1	n
кебіс	N1	n
кебісші	N1	n
кегель	N1	n
кегіл	N1	n
кедей	A2,N1	adj+n
кедейлен	V-IV	v-intrans
кедейлендір	V-TV	v-trans
кедейлік	N1	n
кедейлікте	ADV	adv
кедейшілік	N1	n
кеден	N1	n
кедендік	A4	adj
кеденші	N1	n
кедергі	N1	n
кедергі%	V-IV,V-TV	v-intrans+v-trans
кедергіден%	N1	n
кедергілі	A1	adj
кедір-бұдырлы	ADV	adv
кедір-бұдырлық	N1	n
кежеге	N1	n
кежір	A1	adj
кежірлік	N1	n
кез	N1,V-IV	n+v-intrans
кезбе	A1,A4,N1	adj+n
кезбелік	N1	n
кезгіш	A4	adj
кезде	ADV	adv
кездейсоқ	A1,ADV	adj+adv
кездейсоқтық	N1	n
кездеме	N1	n
кездес	V-IV	v-intrans
кездестір	V-TV	v-trans
кездестіру	N1	n
кездесу	N1	n
кезек	N1	n
кезекте%	V-TV	v-trans
кезектес	V-IV	v-intrans
кезектестіру	N1	n
кезекті	A1	adj
кезектілік	N1	n
кезекші	A1	adj
кезекшілік	N1	n
кезер	V-IV	v-intrans
кезерген	A1	adj
кезең	N1	n
кезеңді	A1	adj
кезеңділік	N1	n
кезік	V-IV	v-intrans
кезіп%	V-TV	v-trans
кей	DET-IND,PRON-IND,V-IV	v-intrans
кейбір	A1,ADV,DET-IND,PRON-IND	adj+adv
кейбіреу	PRON-QNT	?
кейде	ADV	adv
кейігіш	A1	adj
кейігіштік	N1	n
кейін	ADV,ADV-WITH-KI,N1,POST-ABL	adv+n
кейінге%	A4	adj
кейінгі	A3	adj
кейіннен	ADV	adv
кейінірек	ADV	adv
кейіп	N1	n
кейіпкер	N1	n
кейіпсіз	A1	adj
кейіпсіздендір	V-TV	v-trans
кейіпсіздік	N1	n
кейіпте	V-TV	v-trans
кейіптену	N1	n
кейіптеу	N1	n
кейіс	N1	n
кейіт	V-TV	v-trans
кек	N1	n
кек%	N1,V-TV	n+v-trans
кекеп%	V-IV	v-intrans
кекесін	N1	n
кекесіншілдік	N1	n
кекет	V-TV	v-trans
кекеткіш	A1	adj
кекетінді	A1,ADV	adj+adv
кекеш	N1	n
кекештен	V-IV	v-intrans
кекештену	N1	n
кекештік	N1	n
кекс	N1	n
кексіз	A1	adj
кектен	V-TV	v-trans
кектенгіш	A3	adj
кекті	A1	adj
кекшіл	A1	adj
кекшілдік	N1	n
кекіл	N1	n
кекілдірік	N1	n
кекілік	N1	n
кекір	V-IV	v-intrans
кекіре	N1	n
кекіреюшілік	N1	n
кекірік	N1	n
кел	V-IV,Vinfl-AUX	v-aux+v-intrans
келбет	N1	n
келбетсіз	A1	adj
келбетті	A1	adj
келбеттілік	N1	n
келген	N1	n
келе-келе	ADV	adv
келеке	N1	n
келекелеуші	N1	n
келекелі	ADV	adv
келемеж	N1	n
келемеж%	V-TV	v-trans
келемежде	V-IV	v-intrans
келесі	A3	adj
келешек	A3,N1	adj+n
келме	V-IV	v-intrans
келмеген	A1	adj
келмеу	N1	n
келсап	N1	n
келте	A1	adj
келтір	V-TV	v-trans
келтірушілік	N1	n
келтірілген	A1	adj
келу	N1	n
келуші	N1	n
кельвин	N1	n
кельттік	A1	adj
келі	N1	n
келін	N1	n
келіншек	N1	n
келіп%	V-IV	v-intrans
келіс	N1,V-IV	n+v-intrans
келіспе	V-IV	v-intrans
келіспейтін	A4	adj
келіспеушілік	N1	n
келіссіз	A1	adj
келіссөз	N1	n
келіссөздер	N1	n
келісті	A2	adj
келісу	N1	n
келісушілік	N1	n
келісілген	A1	adj
келісілмеген	A1	adj
келісілмегендік	N1	n
келісім	A1,N1	adj+n
келісімді	A1	adj
келісімдік	N1	n
келісімпаздық	N1	n
келісімшарт	N1	n
кем	A1	adj
кеманча	N1	n
кемдік	N1	n
кеме	N1	n
кеме%	A1,N-COMPOUND-PX,N1	adj+n
кемеге%	V-IV	v-intrans
кемежай	N1	n
кемел	N1	n
кемелденген	A1	adj
кемелділік	N1	n
кемелік	A1	adj
кемер	N1	n
кемеңгер	N1	n
кемеңгерлік	N1	n
кемзал	N1	n
кемпинг	N1	n
кемпір	N1	n
кемпірауыз	N1	n
кемпірқосақ	N1	n
кемсін	V-IV	v-intrans
кемсінген	A4	adj
кемсіт	V-IV	v-intrans
кемсітетін	A1	adj
кемсіту	N1	n
кемсітушілік	N1	n
кемтар	A1	adj
кемтарлық	N1	n
кемтік	N1	n
кему	N1	n
кемушілік	N1	n
кемшіл	N1	n
кемшілік	N1	n
кемшіліксіз	A3	adj
кемі	V-TV	v-trans
кемік	N1	n
кемір	V-IV	v-intrans
кеміргіш	N1	n
кемірек	ADV	adv
кеміріп%	V-IV	v-intrans
кеміс	N1	n
кемістік	N1	n
кеміт	V-TV	v-trans
кеміту	N1	n
кен	N1	n
кенгуру	N1	n
кендір	N1	n
кене	N1	n
кенел	V-IV	v-intrans
кенеп	N1	n
кенер	N1	n
кенет	ADV	adv
кенеттен	ADV	adv
кенеттік	N1	n
кенеулі	A1	adj
кенеулілік	N1	n
кенжар	N1	n
кенже	A3,N1	adj+n
кенжеле	V-IV	v-intrans
кент	N1	n
кенттену	N1	n
кенттік	A1	adj
кенші	N1	n
кеніш	N1	n
кенқұдық	N1	n
кеп	N1,V-IV	n+v-intrans
кепка	N1	n
кепкен	A1	adj
кепкен%	N1	n
кептеме	N1	n
кептер	N1	n
кептерхана	N1	n
кептерші	N1	n
кептір	V-TV	v-trans
кептірген	A1	adj
кептіргіш	N1	n
кептіретін	A1	adj
кептіру	N1	n
кепіл	N1	n
кепіл%	V-TV	v-trans
кепілде	V-TV	v-trans
кепілдеме	N1	n
кепілдемелік	A1	adj
кепілді	A1	adj
кепілдік	N1	n
кепілдік%	V-TV	v-trans
кер	A1,V-TV	adj+v-trans
керамика	N1	n
керамикалық	A1	adj
кератин	N1	n
кербез	A1,N1	adj+n
кербездік	N1	n
кербезсін	V-IV	v-intrans
кербұғы	N1	n
кергіш	N1	n
кереге	N1	n
керек	A2,N1	adj+n
керек%	V-TV	v-trans
керек-жарақ	N1	n
керексіз	A1	adj
керекті	A4	adj
керектік	N1	n
керемет	A1,ADV,N1	adj+adv+n
кереметтей	ADV	adv
керенаулық	N1	n
кереует	N1	n
кереғар	A4,N1	adj+n
керең	A3	adj
керең%	V-IV,V-TV	v-intrans+v-trans
кереңдік	N1	n
кермарал	N1	n
керне	V-IV	v-intrans
керней	N1	n
кернеу	N1	n
кернеуші	N1	n
керогаз	N1	n
керосин	N1	n
кертартпа	A1,N1	adj+n
кертартпалық	N1	n
кертпеш	N1	n
кертік	N1	n
керу	N1	n
керуен	N1	n
керуен%	N1	n
керуенші	N1	n
керулі	A1	adj
кері	A1,ADV	adj+adv
кері%	A1,N1,V-TV	adj+n+v-trans
керік	N1	n
керіл	V-IV	v-intrans
керілген	A3	adj
керілдесушілік	N1	n
керіп%	V-TV	v-trans
керіс	N1	n
керісінше	ADV	adv
кес	V-TV	v-trans
кесапат	N1	n
кесе	ADV,N1	adv+n
кесек	N1	n
кесел	N1	n
кесене	N1	n
кескіле	V-TV	v-trans
кескілес	V-IV	v-intrans
кескін	N1	n
кескіндеме	N1	n
кескінді	A1	adj
кескінсіз	A1	adj
кескінсіздік	N1	n
кескіш	A3,N1	adj+n
кеспе	N1	n
кеспе%	N1	n
кессон	N1	n
кесте	N1	n
кесте%	V-TV	v-trans
кестеленген	A1	adj
кестелеу	N1	n
кестелі	A1	adj
кестелік	A1	adj
кестеші	N1	n
кесуші	N1	n
кесік	N1	n
кесілген	A4	adj
кесілмеген	A4	adj
кесім	N1	n
кесімді	A1	adj
кесімділік	N1	n
кесінді	N1	n
кесіп%	N1,V-IV,V-TV	n+v-intrans+v-trans
кесір	N1	n
кесір%	V-IV	v-intrans
кесірлі	A1	adj
кесіртке	N1	n
кесірін%	V-IV	v-intrans
кет	V-IV,V-TV,Vinfl-AUX	v-aux+v-intrans+v-trans
кетгут	N1	n
кетон	N1	n
кетпен	N1	n
кетпенші	N1	n
кету	N1	n
кетуші	N1	n
кетік	A3	adj
кетік-кетік	N1	n
кетіп%	V-IV	v-intrans
кетір	V-TV	v-trans
кетіріл	V-IV	v-intrans
кетіс	N1	n
кеугім	N1	n
кеуде	N1	n
кеуде%	N1	n
кеуделі	A1	adj
кеуделік	A4	adj
кеудеше	N1	n
кеуек	N1	n
кеуектік	N1	n
кеуектілік	N1	n
кеуіп%	V-IV,V-TV	v-intrans+v-trans
кеш	A1,ADV-WITH-KI,N1,V-TV	adj+adv+n+v-trans
кеше	ADV-WITH-KI	adv
кешегі%	ADV-WITH-KI	adv
кешен	N1	n
кешенді	A1	adj
кешеуілдет	V-IV	v-intrans
кешке	ADV	adv
кешкі%	N1,V-TV	n+v-trans
кешкілік	N1	n
кешкісін	ADV	adv
кешік	V-IV	v-intrans
кешіккен	A1	adj
кешіккендік	N1	n
кешіктір	V-TV	v-trans
кешіктіру	N1	n
кешір	V-TV	v-trans
кешіру	N1	n
кешірілмейтін	A1	adj
кешірім	N1	n
кешірім%	V-IV	v-intrans
кешірімді	A1	adj
кешқұрым	ADV	adv
кещелік	N1	n
кең	A1,ADV	adj+adv
кең%	ADV,V-IV	adv+v-intrans
кеңдік	N1	n
кеңділік	N1	n
кеңей	V-IV	v-intrans
кеңейгіштік	N1	n
кеңейт	V-TV	v-trans
кеңейткіш	N1	n
кеңейту	N1	n
кеңейтіл	V-IV	v-intrans
кеңейтілетін	A4	adj
кеңес	N1,V-IV	n+v-intrans
кеңес%	V-IV	v-intrans
кеңестендіру	N1	n
кеңесті	A1	adj
кеңестік	A1	adj
кеңесші	A1,N1	adj+n
кеңесші%	N1	n
кеңесшілік	A4	adj
кеңжолақты	A4	adj
кеңпейілділік	N1	n
кеңсе	A1,N1	adj+n
кеңсешіл	N1	n
кеңсешілдік	N1	n
кеңсірік	N1	n
кеңшар	N1	n
кеңшілік	N1	n
кеңінен	ADV	adv
кеңірдек	N1	n
кеңістік	N1	n
кеңіткіш	N1	n
ки	V-TV	v-trans
киберкеңестік	N1	n
кибернетика	N1	n
киви	N1	n
киви%	N1	n
кигіз	V-TV	v-trans
кигізуші	N1	n
киелі	A1,N1	adj+n
кикілжің	N1	n
кило	N1	n
килобайт	N1	n
киловатт	N1	n
килограмм	N1	n
километр	N1	n
килопонд	N1	n
кильватер	N1	n
килік	V-TV	v-trans
кимберлит	N1	n
кимвалық	N1	n
кимеле	V-TV	v-trans
кимограф	N1	n
кимографтық	A4	adj
кингстон	N1	n
кинематикалық	A4	adj
кинематиялық	A1	adj
кинематограф	N1	n
кинематография	N1	n
кинематографиялық	A1	adj
кинескоп	N1	n
кинестезия	N1	n
кинетикалық	A4	adj
кино	N1	n
киноаппарат	N1	n
киноафиша	N5	n
кинобизнес	N1	n
киноварь	N1	n
киногер	N1	n
киножарнама	N1	n
киножурнал	N1	n
кинокадр	N1	n
кинокомедия	N1	n
кинокомпания	N1	n
кинокөрсеткіш	N1	n
киноландыру	N1	n
кинология	N1	n
киномеханик	N1	n
кинопрокат	N1	n
киносаяхат	N1	n
киносеанс	N1	n
киностудия	N1	n
киносуреттеме	N1	n
кинотаным	N1	n
кинотеатр	N1	n
кинофильм	N1	n
кинофильмдік%	N1	n
киношежіре	N1	n
киноэкран	N1	n
киноқондырғы	N1	n
киоск	N1	n
кипарис	N1	n
кипрлік	A4	adj
кипу	N1	n
кириллица	A1,N1	adj+n
кит	N1	n
кит%	N1	n
китель	N1	n
кифоз	N1	n
киіз	A1,N1	adj+n
киіз%	N1	n
киік	N1	n
киікоты	N1	n
киім	N1	n
киім%	N1	n
киім-кешек	N1	n
киімсалғыш	N1	n
киімшең	A1	adj
киін	V-IV	v-intrans
киінген	A1	adj
киіндір	V-TV	v-trans
киіп%	V-TV	v-trans
киіт	N1	n
клаве	N1	n
клавесин	N1	n
клавиатура	N1	n
клавикорда	N1	n
клавир	N1	n
кладизм	N1	n
кладистикалық	A4	adj
кладограмма	N1	n
клаксон	N1	n
клан	N1	n
клапан	N1	n
кларнет	N1	n
класс	N1	n
классик	A4,N1	adj+n
классика	N1	n
классикалық	A4	adj
классификация	N1	n
классификацияланған	A1	adj
классицизм	N5	n
классицист	N1	n
классыз	A1	adj
кластер	N1	n
клаустрофобия	N1	n
клейстер	N1	n
клерикализм	N1	n
клерк	N1	n
клетка	N1	n
кливер	N1	n
клиент	N1	n
клиентура	N1	n
климакс	N1	n
климат	N1	n
климатография	N1	n
климатология	N1	n
климатологиялық	A4	adj
климаттық	A4	adj
климограм	N1	n
клинакалық	A1	adj
клиника	N1	n
клиникалы	ADV	adv
клиникалық	A1	adj
клип	N1	n
клипер	N1	n
клиринг	N5	n
клирингтік	A4	adj
клирос	N1	n
клитородектомия	N1	n
клон	N1	n
клоун	N1	n
клуб	N5	n
клубтас	N1	n
км	ABBR,N1-ABBR,SQRD	abbr
км²	ABBR	abbr
км³	ABBR	abbr
княздық	N1	n
князь	N1	n
князьдық	N1	n
князьдік	N1	n
коагуляция	N1	n
коаксиалды	A4	adj
коала	N1	n
коалиция	N1	n
кобальт	N1	n
ковалентті	A1	adj
ковариантты	A1	adj
ковбой	N1	n
коврижка	N1	n
ковчег	N1	n
когенерация	N1	n
код	N5	n
кода	N1	n
кодек	N1	n
кодекс	N5	n
кодификация	N1	n
кодициль	N1	n
кодсыздауыш	N1	n
кодта	N1,V-IV	n+v-intrans
кодтау	N1	n
кодтаушы	N1	n
кожимит	N1	n
козлетон	N1	n
коитус	N1	n
койне	N1	n
койот	N1	n
кокаин	N1	n
кокос	N1	n
кокс	N1	n
коксте	V-TV	v-trans
кокстеу	N1	n
коктейль	N1	n
кола	N1	n
колбаса	N5	n
колеманит	N1	n
колика	N1	n
колит	N1	n
коллаборационизм	N1	n
коллаж	N1	n
коллапс	N1	n
коллегия	N1	n
колледж	N1	n
коллективтік	A1,N1	adj+n
коллектившілдік	N1	n
коллектор	N1	n
коллекционер	N1	n
коллекция	N1	n
колленхима	N1	n
коллизия	N1	n
коллоид	N1	n
коллоквиум	N1	n
коллювиальді	A4	adj
колон	N1	n
колониальді	A4	adj
колонист	N1	n
колония	N5	n
колонна	N1	n
колоннада	N1	n
колонтитул	N1	n
колоратуралық	A1	adj
колориметр	N1	n
колориметрикалық	A4	adj
колориметрия	N1	n
колосс	N1	n
колофон	N1	n
колхоз	N1	n
колхозаралық	A1	adj
колхозшы	N1	n
колчедан	N1	n
кома	N1	n
команда	N1	n
командалық	A1	adj
команданың%	N-COMPOUND-PX	?
командир	N5	n
команчи	N1	n
комбайн	N1	n
комбайншы	N1	n
комбинат	N1	n
комбинаторлық	A4,N1	adj+n
комбинацияланған	A1	adj
комбинезон	N1	n
комедия	N1	n
комета	N1	n
комизм	N1	n
комик	N1	n
коминтерн	N1	n
комиссар	N1	n
комиссариат	N1	n
комиссиариат	N1	n
комиссиондық	A1	adj
комиссионер	N1	n
комиссия	N1	n
комиссияла	V-TV	v-trans
комитет	N1	n
коммандиттік	A4	adj
комменсал	N1	n
коммент	N1	n
коммент%	V-TV	v-trans
комментарий	N1	n
комментатор	N1	n
коммерциализация	N1	n
коммерция	N1	n
коммерцияла	V-TV	v-trans
коммерциялық	A4,ADV	adj+adv
коммерциялық-несиелік	A4	adj
коммисиариат	N1,N5	n
коммуна	N5	n
коммуналдық	A4	adj
коммунизм	N1	n
коммуникабельділік	N1	n
коммуникативтік	A4,N1	adj+n
коммуникатор	N1	n
коммуникация	N1	n
коммунист	N1,N5	n
коммунистік	A4	adj
коммутативті	A1	adj
коммутатор	N1	n
коммутация	N1	n
коммюнике	N1	n
комод	N1	n
компания	N1	n
компаративизм	N1	n
компаратор	N1	n
компартия	N1	n
компас	N1	n
компенсатор	N1	n
компилятор	N1	n
компиляция	N1	n
компиляцияла	V-TV	v-trans
компланарлы	A2	adj
комплекс	N1	n
комплексті	A3	adj
комплект	N1	n
комплектация	N1	n
комплектеуші	N1	n
комплектілік	N1	n
комплемент	N1	n
композитор	N1	n
композиция	N1	n
композициялық	A4	adj
компонент	N1	n
компост	N1	n
компостер	N1	n
компот	N1	n
компресс	N1	n
компрессия	N1	n
компрессор	N1	n
компьютер	N1	n
компьютерде%	V-TV	v-trans
компьютеризация	N1	n
компьютерлендіру	N1	n
компьютерлік	A4	adj
компьютерші	N1	n
комсомол	N1	n
конвейер	N1	n
конвекция	N1	n
конвент	N1	n
конвенционализм	N1	n
конвенционалисттік	A4	adj
конвенция	N1	n
конвергенция	N1	n
конверсия	N1	n
конверт	N1	n
конвертация	N1	n
конвертер	N1	n
конвой	N1	n
конвульсивті	N1	n
конгломерат	N1	n
конгресс	N1,N5	n
конгрессмен	N1	n
конгруентсіздік	N1	n
конгруэнттілік	N1	n
конденсат	N1	n
конденсатор	N1	n
конденсация	N1	n
кондитер	N1	n
кондиционер	N1	n
кондор	N1	n
кондуит	N1	n
кондуктор	N1	n
конкатенация	N1	n
конклав	N1	n
конкур	N1	n
конкурс	N1	n
конкурстық	A4	adj
консерв	N1	n
консервант	N1	n
консерватизм	N1	n
консерватория	N1	n
консерваторлық	A1	adj
консервация	N1	n
консигнация	N1	n
консилиум	N1	n
консистенция	N1	n
консистория	N1	n
консонанс	N1	n
консонант	N1	n
консонантизм	N1	n
консорциум	N1	n
конспект	N1	n
конспирация	N1	n
констатация	N1	n
конституционализм	N1	n
конституция	N1	n
конституциялы	ADV	adv
конституциялық	A4,N1	adj+n
конструктивизм	N1	n
конструктивистикалық	A4	adj
конструктор	N1	n
конструкция	N1	n
консул	N1	n
консулдік	A1	adj
консультант	N1	n
консультация	N1	n
консультациялық	A1	adj
консьерж	N1	n
контакт	N1	n
контейнер	N1	n
контейнерлі	A1	adj
контекст	N1	n
контексті	A1	adj
контент	N1	n
контингент	N1	n
континент	N1	n
континенталды	A1	adj
континентаралық	A1	adj
континентті	A1	adj
континенттік	A4,N1	adj+n
континенттілік	N1	n
континуум	N1	n
контр-адмирал	N1	n
контрабанда	N1	n
контрабандашы	N1	n
контрабас	N1	n
контрадикция	N1	n
контракт	N6	?
контрактура	N1	n
контракция	N1	n
контральто	N1	n
контрапункт	N1	n
контраргумент	N1	n
контрацепция	N1	n
контрбарлаушы	N1	n
контрибуция	N1	n
контрмера	N1	n
контрмәдениет	N1	n
контроллер	N1	n
контрпрограммалау	N1	n
контрразведка	N1	n
контрреволюция	N1	n
контур	N1	n
контурлық	A4	adj
конус	N1	n
конустық	A4	adj
конфедеральді	A1	adj
конфедерация	N1	n
конфекцион	N1	n
конферанс	N1	n
конференц-зал	N1	n
конференция	N1	n
конфессия	N1	n
конфессияаралық	A4	adj
конфетти	N1	n
конфигуратор	N1	n
конфигурация	N1	n
конформды	A4	adj
конформдылық	N1	n
конформизм	N1	n
конфронтация	N1	n
конфуций	N1	n
конфуцийшілдік	N1	n
конхоида	N1	n
концентрат	N1	n
концентратор	N1	n
концентрация	N1	n
концентрлік	A4	adj
концептуалды	A1,ADV	adj+adv
концерн	N1	n
концерт	N1	n
концертмейстер	N1	n
концерттік	A4	adj
концессия	N1	n
конъюктивті	A2	adj
конъюнктивит	N1	n
конъюнктивті	A4	adj
конъюнкция	N1	n
коньки	N1	n
конькимен%	N1	n
конькиші	N1	n
коньяк	N1,N5	n
кооператив	N1	n
кооперативтік	N1	n
кооперация	N5	n
координата	N1	n
координата%	N1	n
координатор	N1	n
координация	N1	n
координациялау	N1	n
копал	N1	n
копирайт	N1	n
копрофагия	N1	n
корвет	N1	n
кордебалет	N1	n
кордегардия	N1	n
кордиамин	N1	n
кордон	N1	n
корей	N1	n
кореялық	A4	adj
кориандр	N1	n
корнер	N1	n
корнишон	N1	n
корнуолдық	A4	adj
король	N1	n
корольдік	N1	n
коронарлық	A1	adj
корпоративтік	A4	adj
корпоративтілік	N1	n
корпорация	N5	n
корпория	N1	n
корпус	N1	n
корпускул	N1	n
корпускулярлық	A4	adj
корректор	N1	n
коррелят	N1	n
корреляция	N1	n
корреляцияланған	A1	adj
корреляциялық	A4	adj
корреспондент	N1	n
корреспонденттік	A4	adj
корреспонденция	N1	n
коррозия	N1	n
коррупция	N1	n
коррупциялық	A4	adj
корсаж	N1	n
корсет	N1	n
корт	N1	n
кортизон	N1	n
корунд	N1	n
косарландыру	N1	n
косеканс	N1	n
косинус	N1	n
косметика	N1	n
косметолог	N1	n
косметология	N1	n
космогония	N1	n
космография	N1	n
космодром	N1	n
космолог	N1	n
космология	N1	n
космологиялық	A4	adj
космополитизм	N1	n
космос	N1	n
космостық	A1	adj
костюм	N1	n
котангенс	N1	n
котильон	N1	n
котировка	N1	n
кофе	N1	n
кофеин	N1	n
кофехана	N1	n
кофта	N1	n
кохлеарлық	A1	adj
коэффициент	N1	n
крамбол	N1	n
кран	N5	n
краниология	N1	n
краншы	N1	n
кратер	N1	n
крахмал	N1	n
креатив	N1	n
креативті	A4	adj
креатин	N1	n
кредит	N1	n
кредитте	V-TV	v-trans
кредиттік	A4	adj
кредитші	N1	n
крейсер	N1	n
крейцкопф	N1	n
крематорий	N1	n
кремация	N1	n
кремль	N1	n
кремнезем	N1	n
кремний	N1	n
креол	A1	adj
креолин	N1	n
креп	N1	n
кресло	N1	n
крест	N1	n
кресттік%	N1	n
крестші	N1	n
крестьян	N1	n
кретон	N1	n
криз	N1	n
кризис	N1	n
крикет	N1	n
криминалды	A1	adj
криминалдық	A1	adj
криминолог	N1	n
криминология	N1	n
криобиология	N1	n
криовулкандық	A4	adj
криогенді	A4	adj
криолит	N1	n
криология	N1	n
криотерапия	N1	n
криохирургия	N1	n
криптограмма	N1	n
криптография	N1	n
криптокристалдық	A4	adj
криптологиялық	A4	adj
криптон	N1	n
крипторхизм	N1	n
криптофит	N1	n
кристал	N1	n
кристалдан	V-IV	v-intrans
кристалдау	N1	n
кристалдық	A4	adj
кристалл	N1	n
кристаллография	N1	n
кристаллоид	N1	n
критерий	N1	n
критикалық	A1	adj
критицизм	N1	n
кроатиялық	A1	adj
крокет	N1	n
крона	N1	n
кронглас	N1	n
кронштейн	N1	n
кросс	N1	n
кроссворд	N1	n
круассан	N1	n
ксенобиология	N1	n
ксенон	N1	n
ксенофобия	N1	n
ксерография	N1	n
ксерокс	N1	n
ксерокөшірме	N1	n
ксерофит	N1	n
ксероформ	N1	n
ксилография	N1	n
ксилографиялық	A4	adj
ксилофон	N1	n
ксозаша	ADV-LANG	adv
куб	N1	n
кубалық	A4	adj
кубизм	N1	n
кубик	N1	n
кубисшы	N1	n
кубок	N1	n
кубтық	A1	adj
кувейттік	A4	adj
кулинария	N1	n
кулон	N1	n
кульман	N1	n
кульминация	N1	n
культура	N1	n
культуризм	N1	n
культурист	N1	n
кумулияр	N5	n
кумулятивті	A1	adj
купе	N1	n
купидон	N1	n
купон	N1	n
куприд	N1	n
курвиметр	N1	n
курия	N1	n
курорт	N1	n
курортология	N1	n
курорттық	A1	adj
курс	N1	n
курсант	N1	n
курсив	N1	n
курстас	N1	n
куртка	N1	n
курьер	N1	n
кутикула	N1	n
кушма	A3	adj
куә%	V-IV	v-intrans
куәгер	N1	n
куәландыр	V-TV	v-trans
куәландырушы	N1	n
куәлік	N1	n
куәлік%	V-IV,V-TV	v-intrans+v-trans
куәлікті	A4	adj
куәнің%	N-COMPOUND-PX	?
кызмет%	N1	n
кэш	N1	n
кэштау	N1	n
кювет	N1	n
кюрий	N1	n
кібіртікте	V-IV	v-intrans
кібісе	A3	adj
кідір	V-IV	v-intrans
кідірт	V-TV	v-trans
кідіртпеушілік	N1	n
кідіру	N1	n
кідіріс	N1	n
кідіріңкіре	V-IV	v-intrans
кіжірей	V-IV	v-intrans
кілегей	A1,N1	adj+n
кілем	N1	n
кілемше	N1	n
кілемші	N1	n
кілең	ADV	adv
кілт	N1	n
кілт%	N1	n
кілттік	A4	adj
кілтші	N1	n
кім	DET-ITG,PRON-ITG-INFL	?
кіндік	A1,N1	adj+n
кіндік%	N1	n
кінәла	V-TV	v-trans
кінәлі	A2,ADV,N1	adj+adv+n
кінәмшіл	A4	adj
кінәрат	N1	n
кінәсіз	ADV	adv
кінәсіздік	N1	n
кір	A1,N1,V-IV	adj+n+v-intrans
кір%	N1	n
кірбің	N1	n
кіргіз	V-IV,V-TV	v-intrans+v-trans
кіргізіл	V-TV	v-trans
кіре%	N1	n
кіреберіс	N1	n
кіреуке	N1	n
кіреші	N1	n
кіржіңде	V-IV	v-intrans
кіржіңдеу	N1	n
кірле	V-TV	v-trans
кірлет	V-TV	v-trans
кірпі	N1	n
кірпік	N1	n
кірпікше	N1	n
кірпікшелі	A4	adj
кірпіш	N1	n
кірсіз	A3	adj
кіру	N1	n
кіршік	ADV	adv
кіршіксіз	A1,ADV	adj+adv
кірігу	N1	n
кіріктірілген	A1	adj
кіріп%	V-TV	v-trans
кіріптар	A1	adj
кіріптарлық	N1	n
кіріс	A1,N1,V-IV	adj+n+v-intrans
кіріске%	V-TV	v-trans
кіріспе	N1	n
кіріспеушілік	N1	n
кірісте	V-TV	v-trans
кірістір	V-TV	v-trans
кіс	N1	n
кісен	N1	n
кісенде	V-TV	v-trans
кісі	N1	n
кісі%	N1	n
кісілік	N1	n
кісіне	V-IV	v-intrans
кітап	N1	n
кітап%	N-COMPOUND-PX,N1	n
кітапхана	N1	n
кітапханашы	N1	n
кітапша	N1	n
кітапшы	N1	n
кітапшыл	N1	n
кітірле	V-IV	v-intrans
кішкене	A1	adj
кішкене%	N1	n
кішкентай	A2	adj
кішкентай%	N1	n
кішкентайлық	N1	n
кіші	A2,ADV,N1	adj+adv+n
кішілік	N1	n
кішіпейіл	A1,N1	adj+n
кішіпейіл%	V-TV	v-trans
кішіпейілдік	N1	n
кішірей	V-TV	v-trans
кішірейт	V-TV	v-trans
күбі	N1	n
күбір	N1	n
күбірле	V-IV	v-intrans
күбіртке	N1	n
күбіше	N1	n
күбіші	N1	n
күде	N1	n
күдер	N1	n
күдері	N1	n
күдік	N1	n
күдіктен	V-IV	v-intrans
күдіктенушілік	N1	n
күдікті	A1	adj
күдікшілдік	N1	n
күз	N1	n
күзгі	A1	adj
күздік	A3	adj
күзе	V-TV	v-trans
күзелген	A1	adj
күзен	N1	n
күзет	N1,V-TV	n+v-trans
күзет%	N1	n
күзеттік	A1,N1	adj+n
күзеттік%	N1	n
күзетші	N1	n
күзеу	N1	n
күй	N1,V-IV	n+v-intrans
күй%	N1	n
күй-жай	N1	n
күйгелек	A1	adj
күйгелектік	N1	n
күйген	A1	adj
күйгіш	A1	adj
күйгіштік	N1	n
күйдір	V-TV	v-trans
күйдіргі	A1	adj
күйдіргіш	A1,N1	adj+n
күйдіргіштік	N1	n
күйдірт	V-IV	v-intrans
күйдіру	N1	n
күйдіріл	V-IV	v-intrans
күйе	N1	n
күйеле	V-IV	v-intrans
күйеу	N1	n
күйеу%	N1	n
күйзел	V-IV	v-intrans
күйзелт	V-TV	v-trans
күйзеліс	N1	n
күйкентай	N1	n
күйкі	A1	adj
күйкілік	N1	n
күйле	V-TV	v-trans
күйлеу	N1	n
күйлі	A1	adj
күйлілік	N1	n
күйме	N1	n
күйме-бесік	N1	n
күймейтін	A1	adj
күймеше	N1	n
күйре	V-IV	v-intrans
күйреген	N1	n
күйрегіштік	N1	n
күйректік	N1	n
күйрет	V-TV	v-trans
күйсандық	N1	n
күйсеу	N1	n
күйсіздік	N1	n
күйтабақ	N1	n
күйттеу	N1	n
күйтшілдік	N1	n
күйші	N1	n
күйік	N1	n
күйікшілік	N1	n
күйінген	A4	adj
күйіне%	V-TV	v-trans
күйінше	POST	post
күйініш	N1	n
күйінішті	A1	adj
күйіп%	N1,V-TV	n+v-trans
күйіп-піс	V-IV	v-intrans
күйіс	N1	n
күйіс%	N1	n
күкірт	N1	n
күкіртті%	N1	n
күл	N1,V-IV	n+v-intrans
күл-талқанын%	V-TV	v-trans
күлбике	N1	n
күлгін	A1	adj
күлгін%	A2	adj
күлдеуіш	N1	n
күлді	A1	adj
күлдір	V-TV	v-trans
күлдіргі	A1,N1	adj+n
күлдіргіш	N1	n
күлдіретін	A1	adj
күлдіреуіш	N1	n
күлкі	N1	n
күлкі%	V-IV	v-intrans
күлкі-мазақ	N1	n
күлкілі	A1	adj
күлкісін%	V-IV	v-intrans
күллі	DET-QNT	det
күлсалғыш	N1	n
күлсауыт	N1	n
күлтелен	V-IV	v-intrans
күлтелі	A3	adj
күлтілде	V-IV	v-intrans
күлтілдеу	N1	n
күлше	N1	n
күлімде	V-IV	v-intrans
күлімдес	V-IV	v-intrans
күлімсіре	V-IV	v-intrans
күлімсіреу	N1	n
күліс	V-IV	v-intrans
күләпара	N1	n
күмбез	N1	n
күмбезді	A4	adj
күмбірле	V-IV	v-intrans
күмпілде	V-IV	v-intrans
күмілжі	V-IV	v-intrans
күміс	N1	n
күміс%	N1	n
күмән	N1	n
күмәндан	V-IV	v-intrans
күмәнданғыштық	N1	n
күмәнді	A4	adj
күмәнсіз	A1	adj
күмәншіл	A1,N1	adj+n
күн	N1	n
күн%	ADV,N-COMPOUND-PX,N-COMPOUND-PX-COMMON,N1	adv+n
күнбатыс	N1	n
күнбағыс	N1	n
күнбе-күнгі	N1	n
күнге%	V-IV	v-intrans
күнгей	N1	n
күнгі	A4	adj
күнде	ADV,V-TV	adv+v-trans
күнделік	N1	n
күнделікті	A4,ADV	adj+adv
күндес	N1	n
күндеушілік	N1	n
күндіз	ADV-WITH-KI	adv
күндізгі	A1	adj
күндізгі%	N1	n
күндік	A4,N1	adj+n
күнелт	V-IV	v-intrans
күнжара	N1	n
күнжақты%	N1	n
күнжіт	N1	n
күнзе	N1	n
күнкөріс	N1	n
күнтізбе	N1	n
күншығыс	A1,N1	adj+n
күншығыс%	ADV	adv
күншіл	A1,N1	adj+n
күншілдік	N1	n
күні%	ADV	adv
күнқағар	N1	n
күнқақтылық	N1	n
күнәкар	N1	n
күнәлі	A4	adj
күнәлі%	V-IV	v-intrans
күнәсіз	A1	adj
күнәқар	A1	adj
күптен	V-IV	v-intrans
күпшек	N1	n
күпі	N1	n
күпілде	V-IV	v-intrans
күпір	N1	n
күпірлі	ADV	adv
күпірлік	N1	n
күпіршілік	A4	adj
күпәйке	N1	n
күрд	N1-NAT	n
күрделендір	V-TV	v-trans
күрделі	A2	adj
күрделі%	N1	n
күрделілен	V-IV	v-intrans
күрделілік	N1	n
күрдше	ADV-LANG	adv
күрек	N1	n
күректе	V-IV	v-intrans
күрекше	N1	n
күрес	N1,V-IV	n+v-intrans
күрескер	N1	n
күресу	N1	n
күресуші	N1	n
күретамыр	N1	n
күрең	A1,N1	adj+n
күрзіптеу	N1	n
күрке	N1	n
күркетауық	N1	n
күркілде	V-IV	v-intrans
күркіре	V-IV	v-intrans
күрме	V-TV	v-trans
күрмеу	N1	n
күрс	IDEO	interj
күрсілде	V-IV	v-intrans
күрсін	V-IV	v-intrans
күрт	ADV	adv
күрте	N1	n
күртеше	N1	n
күртік	N1	n
күріш	N1	n
күс	N1	n
күт	V-TV	v-trans
күтпеген	A1	adj
күту	N1	n
күтуші	N1	n
күтіл	V-IV	v-intrans
күтілетін	A1	adj
күтім	N1	n
күтімсіз	A1	adj
күтіп%	V-IV,V-TV	v-intrans+v-trans
күш	N1	n
күш%	N1,V-IV,V-TV	n+v-intrans+v-trans
күше	V-TV	v-trans
күшей	V-IV	v-intrans
күшейт	V-TV	v-trans
күшейткіш	N1	n
күшейту	N1	n
күшсіз	A3	adj
күште	V-TV	v-trans
күштеп%	N1	n
күшті	A1	adj
күшті%	N1	n
күштілік	N1	n
күшік	N1	n
күшімен%	V-IV	v-intrans
күшін%	A4	adj
күшіне%	N1	n
күң	N1	n
күңгірт	ADV	adv
күңгіртте	V-TV	v-trans
күңгірттік	N1	n
күңк%	V-IV	v-intrans
күңкіл	N1	n
күңкілде	V-TV	v-trans
күңшілдік	N1	n
күңірен	V-IV	v-intrans
кұр	V-IV	v-intrans
кәде	N1	n
кәдеге%	N1	n
кәдуілгі	A2	adj
кәді	N1	n
кәдімгі	A2	adj
кәдір	N1	n
кәзекей	N1	n
кәззап	N1	n
кәзір	ADV-WITH-KI	adv
кәкпір	N1	n
кәлима	N1	n
кәмелет	N1	n
кәмелеттік	A1,N1	adj+n
кәмпеске	N1	n
кәмпит	N1	n
кәмшат	N1	n
кәміл	ADV	adv
кәндік	N1	n
кәнеки	INTERJ	interj
кәнизак	N1	n
кәнігі	A2	adj
кәпір	N1	n
кәр	N1	n
кәрез	N1	n
кәрі	A2	adj
кәріз	N1	n
кәрілік	N1	n
кәріп	N1	n
кәріп-қасер	N1	n
кәріптас	N1	n
кәріптік	N1	n
кәрісше	ADV-LANG	adv
кәс	N1	n
кәсе	N1	n
кәсер	N1	n
кәсіби	A3,ADV	adj+adv
кәсібилік	N1	n
кәсіп	N1	n
кәсіп%	V-TV	v-trans
кәсіпкер	N1	n
кәсіпкерлік	A4,N1	adj+n
кәсіподақ	N1	n
кәсіподақ%	N1	n
кәсіподақтық	A1	adj
кәсіпорын	N1	n
кәсіптік	A1	adj
кәсіпші	N1	n
кәсіпшілік	N1	n
кәсіпқой	N1	n
кәсіпқор	N1	n
кәсіпқорлық	N1	n
кәуап	N1	n
кәуапшы	N1	n
кәусар	A3	adj
көбей	V-IV	v-intrans
көбейт	V-TV	v-trans
көбейткіш	N1	n
көбейту	N1	n
көбейтіл	V-IV	v-intrans
көбейіс	N1	n
көбелек	N1	n
көбі	PRON-QNT-POSS	?
көбік	N1	n
көбіктен	V-IV	v-intrans
көбіктендіргіш	N1	n
көбіктену	N1	n
көбікті	A4	adj
көбінесе	ADV	adv
көбірек	ADV,DET-QNT	adv+det
көбісі	N-COMPOUND-PX	?
көгал	N1	n
көген	N1	n
көгер	V-IV	v-intrans
көгерген	A1	adj
көгершін	N1	n
көгеріс	N1	n
көгорай	N1	n
көгілдір	A1	adj
көгілдір%	N1	n
көгілдірлен	V-IV	v-intrans
көде	N1	n
көдік	N1	n
көже	N1	n
көжек	N1	n
көз	N1	n
көз%	N1,V-IV,V-TV	n+v-intrans+v-trans
көзара	N1	n
көзасты	A4	adj
көзге%	A1	adj
көзде	V-TV	v-trans
көздегіштік	N1	n
көздел	V-IV	v-intrans
көзделетін	A1	adj
көзден%	V-IV	v-intrans
көздеуші	N1	n
көздеуіш	N1	n
көзді%	V-IV	v-intrans
көздік	A1,N1	adj+n
көзе	N1	n
көзеші	N1	n
көзешілік	N1	n
көзжастық	A4	adj
көзмөлшер	N1	n
көзсіз	A1	adj
көзтаныс	A1	adj
көзі%	V-IV	v-intrans
көзілдірікті	A1	adj
көзін%	V-IV	v-intrans
көзір	N1	n
көзішілік	A4	adj
көзқарас	N1	n
көзәйнек	N1	n
көйлек	N1	n
көйлек-көншек	N1	n
көйіт	V-IV	v-intrans
көк	A2,N1	adj+n
көк%	N1	n
көкбауыр	N1	n
көкбұталы%	N1	n
көке	N1	n
көкей	N1	n
көкейкесті	A1	adj
көкейкөз	N1	n
көкек	N1	n
көкекте	V-IV	v-intrans
көкетай	N1	n
көкжелке	N1	n
көкжиек	N1	n
көкжөтел	N1	n
көкмұз	N1	n
көкнәр	N1	n
көкпар	N1	n
көксерке	N1	n
көктайғақ	N1	n
көктамыр	N1	n
көкте	V-IV	v-intrans
көктелген	A4	adj
көктем	N1	n
көктемгі	A3	adj
көктемде	ADV	adv
көктене	N1	n
көктерек	N1	n
көктеу	N1	n
көкшандыр	N1	n
көкшегүл	N1	n
көкшіл	A4	adj
көкірек	N1	n
көкіректілік	N1	n
көкірекше	N1	n
көкқұтан	N1	n
көкөніс	N1	n
көкөнісші	N1	n
көл	N1	n
көлбақа	N1	n
көлбеу	A4	adj
көлбеуленген	A4	adj
көлгірлік	N1	n
көлденең	A1,ADV,N1	adj+adv+n
көлді	A2	adj
көлегейле	V-TV	v-trans
көлем	N1	n
көлемділік	N1	n
көлеңке	A1,N1	adj+n
көлеңкеле	V-TV	v-trans
көлеңкелі	A1	adj
көлеңкелік	N1	n
көлтабан	N1	n
көлтану	N1	n
көлтоған	N1	n
көлік	A1,N1	adj+n
көлік%	N1	n
көлікжай	N1	n
көм	V-TV	v-trans
көмбе	N1	n
көмдір	V-TV	v-trans
көмей	N1	n
көмейлік	A4,N1	adj+n
көмек	N1	n
көмек%	V-TV	v-trans
көмекей	N1	n
көмекей%	N1	n
көмектес	V-TV	v-trans
көмектесу	N1	n
көмекші	A1,N1	adj+n
көмекші%	N1	n
көмекшілік	N1	n
көмескі	A1,ADV	adj+adv
көмескі%	N1	n
көмескілік	N1	n
көмкер	V-TV	v-trans
көмкерме	N1	n
көмкірілген	A1	adj
көмір	N1	n
көмір%	N1	n
көмірлілік	N1	n
көмірсу	N1	n
көмірсутек	N1	n
көміртегі	N1	n
көміртек	N1	n
көміртекті	A4	adj
көн	N1,V-IV,V-TV	n+v-intrans+v-trans
көнбейтін	A1	adj
көнбіс	A1	adj
көнбістік	N1	n
көнгіш	A4	adj
көнгіштік	N1	n
көндігіп%	V-IV	v-intrans
көндік	V-IV	v-intrans
көндіктір	V-TV	v-trans
көндір	V-TV	v-trans
көндіре	ADV	adv
көне	A2	adj
көне%	A1	adj
көнеленген	A4	adj
көнелік	N1	n
көнер	V-IV	v-intrans
көнерген	A1	adj
көнергендік	N1	n
көнетоз	A1	adj
көнтерлі	A1	adj
көнік	V-IV	v-intrans
көп	A1,ADV,DET-QNT	adj+adv+det
көп%	A4,ADV,N1,V-IV	adj+adv+n+v-intrans
көпатомды	A4	adj
көпбеттік	A1	adj
көпбуынды	A4	adj
көпбұрыш	N1	n
көпес	N1	n
көпжасушалы	A4	adj
көпжақ	N1	n
көпжақты	A1	adj
көпжылдық%	N1	n
көпконфессия	N1	n
көпмағыналы	A1	adj
көпмағыналылық	N1	n
көпмағыналық	N1	n
көпмүше	N1	n
көпплоидты	A4	adj
көппрофильді	A3	adj
көппәндік	A1	adj
көпсайыс	N1	n
көпсекторлық	A4	adj
көпсітілген	A4	adj
көпсөзді	A4	adj
көпсөзділік	N1	n
көптарапты	A3	adj
көпте	V-TV	v-trans
көптеген	DET-QNT	det
көптеп	ADV	adv
көптеп-көлемдеп	ADV	adv
көптеу	ADV	adv
көптік	N1	n
көптілдік	A1,N1	adj+n
көптүрлік	N1	n
көпфазалық	A4	adj
көпше%	N1	n
көпшік	N1	n
көпшілік	N1	n
көпір	N1,V-IV	n+v-intrans
көпір%	N1	n
көпіргіш	N1	n
көпіргіштік	N1	n
көпірме	N1	n
көпіршік	N1	n
көпіршіктен	V-IV	v-intrans
көпіршіктену	N1	n
көпіршікті	A4	adj
көпқырлы	A4	adj
көпұлттық	N1	n
көпөлшемді	A1	adj
көр	A3,N1,V-TV,V-TV-NOPASS,V-TV-PASS,Vinfl-AUX	adj+n+v-aux+v-trans
көр-жер	N1	n
көрбақ	N1	n
көргенді	A3	adj
көргенділік	N1	n
көргенсіз	N1	n
көргенсіздік	N1	n
көргіш	A3	adj
көргіштік	N1	n
көреген	A1	adj
көрегендік	N1	n
көрермен	N1	n
көретін	A4	adj
көркей	V-IV	v-intrans
көркейетін	A1	adj
көркем	A1	adj
көркем%	N1	n
көркемде	V-TV	v-trans
көркемдей	ADV	adv
көркемдеу	N1	n
көркемдік	A1,N1	adj+n
көркемөнер	N1	n
көркею	N1	n
көрме	N1	n
көрмей%	V-TV	v-trans
көрмек	N1	n
көрмеушілік	N1	n
көрнекті	A3	adj
көрнекі	A4	adj
көрнекілік	N1	n
көрнеу	ADV	adv
көрпе	N1	n
көрсeткіш	N1	n
көрсет	V-TV	v-trans
көрсеткіш	N1	n
көрсетуші	N1	n
көрсетіл	V-IV	v-intrans
көрсетілген	A1	adj
көрсетілетін	A4	adj
көрсетілім	N1	n
көрсетімдік	A1	adj
көртышқан	N1	n
көру	N1	n
көруші	N1	n
көрші	N1	n
көршілес	A4,V-IV	adj+v-intrans
көршілестік	N1	n
көршілік	N1	n
көрік	N1	n
көріксіз	A1	adj
көріксіздік	N1	n
көрікті	A1	adj
көріктілік	N1	n
көрікші	N1	n
көрімдік	N1	n
көрімпаз	A1	adj
көрін	V-IV	v-intrans
көрінбе	V-IV	v-intrans
көрінбей%	V-IV	v-intrans
көрінген%	ADV	adv
көрінетін	A1	adj
көріну	N1	n
көрінім	N1	n
көрінімді	ADV	adv
көрініп%	V-IV	v-intrans
көрініс	N1	n
көріністі	A4,ADV	adj+adv
көріністік	A1	adj
көріп%	V-TV	v-trans
көріпкел	N1	n
көріпкелдік	N1	n
көріпкелдің	N1	n
көріс	V-IV	v-intrans
көс	V-TV	v-trans
көсем	N1	n
көсемше	N1	n
көсеу	N1	n
көсіл	V-IV	v-intrans
көт	N1	n
көтер	V-IV,V-TV	v-intrans+v-trans
көтергіш	N1	n
көтерме	N1	n
көтерме%	N1	n
көтермежол	N1	n
көтермеле	V-TV	v-trans
көтермелеу	N1	n
көтеру	N1	n
көтеріл	V-IV	v-intrans
көтерілген	A1	adj
көтерілім	N1	n
көтеріліп%	V-IV	v-intrans
көтеріліс	N1	n
көтерілісші	N1	n
көтеріп%	V-TV	v-trans
көтеріңкі	A4	adj
көтеріңкілік	N1	n
көтеріңкіре	V-TV	v-trans
көш	N1,V-IV	n+v-intrans
көшбасшы	N1	n
көшбасшылық	N1	n
көше	N1	n
көшет	N1	n
көшеттік	N1	n
көшетхана	N1	n
көшкін	N1	n
көшпелі	A3	adj
көшпелілік	N1	n
көшпенді	A1,N1	adj+n
көшу	N1	n
көші-қон	N1	n
көшіп%	V-TV	v-trans
көшір	N1,V-TV	n+v-trans
көшіргіш	N1	n
көшірме	N1	n
көшірмелеу	N1	n
көшірмеші	N1	n
көшіруші	N1	n
көшіріп%	V-TV	v-trans
көң	N1	n
көң-қоқыр	N1	n
көңіл	N1	n
көңіл%	N1,V-IV,V-TV	n+v-intrans+v-trans
көңілде%	V-IV	v-intrans
көңілдене	ADV	adv
көңілдес	N1	n
көңілді	A1	adj
көңілділік	N1	n
көңілсіз	A1,ADV	adj+adv
көңілсізден	V-TV	v-trans
көңілсіздік	N1	n
көңілшек	A1	adj
көңілшекті	A4	adj
көңілшектік	N1	n
көңілі%	V-IV	v-intrans
көңілін%	V-TV	v-trans
лабардан	N1	n
лабиалдану	N1	n
лабиринт	N1	n
лаборант	N1	n
лаборанттық	A4	adj
лаборатория	N1	n
лабораториялық	A1	adj
лабрадорит	N1	n
лаброцит	N1	n
лава	N1	n
лаванда	N1	n
лавр	N1	n
лавра	N1	n
лавсан	N1	n
лагерь	N1	n
лагерьге%	V-IV	v-intrans
лагуна	N1	n
ладья	N1	n
лаж	N1	n
лажсыз	A2	adj
лажым	N1	n
лазарет	N1	n
лазер	N1	n
лазерлік	A1	adj
лазурит	N1	n
лаицизм	N1	n
лай	A1	adj
лайлы	A3	adj
лайнер	N1	n
лайнсмен	N1	n
лайсаң	A1,N1	adj+n
лайық	A2	adj
лайықсыз	A1	adj
лайықта	V-TV	v-trans
лайықтал	V-IV	v-intrans
лайықтан	V-IV	v-intrans
лайықты	A2	adj
лак	N1	n
лакей	N1	n
лакмус	N1	n
лакта	V-TV	v-trans
лактаушы	N1	n
лактация	N1	n
лактоза	N1	n
лактометр	N1	n
лактоскоп	N1	n
лакты	A1	adj
лала	N1	n
лалагүл	N1	n
лама	N1	n
ламаизм	N1	n
ламаит	N5	n
ламаркизм	N1	n
лампа	N1	n
лампион	N1	n
лангет	N1	n
ландшафт	N1	n
ланолин	N1	n
лантан	N1	n
лантаноид	N1	n
ланцет	N1	n
ланч	N1	n
ланч%	N-COMPOUND-PX,N1	n
лаосша	ADV-LANG	adv
лапароскопия	N1	n
лапаротомия	N1	n
лапас	N1	n
лапласиандық	A4	adj
лапыл	N1	n
ларингит	N1	n
ларинголог	N1	n
ларингология	N1	n
ларингоскоп	N1	n
ларингофон	N1	n
лас	A1,N1	adj+n
ласта	V-TV	v-trans
ластану	N1	n
лат	N1	n
лат.	ABBR	abbr
латания	N1	n
латерал	N1	n
латерит	N1	n
латиндік	A1,N1	adj+n
латинизм	N1	n
латифундия	N1	n
латын	N1-NAT	n
латындандыру	N1	n
латынданған	A1	adj
латынша	ADV-LANG	adv
латышша	ADV-LANG	adv
лауазым	N1	n
лауазымданған	A1	adj
лауазымды	A3,A4,N1	adj+n
лауазымға%	N1	n
лаула	V-IV	v-intrans
лаулаған	A4	adj
лауреат	N1	n
лафет	N1	n
лашын	N1	n
лашық	N1	n
лағман	N1	n
лағыл	N1	n
лағылды	A1	adj
лағынет	N1	n
лақ	N1	n
лақап	N1	n
лақап%	N1	n
лақсу	N1	n
лақтыр	V-TV	v-trans
лақтырушы	N1	n
лақтырыл	V-TV	v-trans
лақтырылып%	V-TV	v-trans
лақтырылған	A1	adj
лақтырып%	V-TV	v-trans
лақтырыс	V-IV	v-intrans
лаң	N1	n
лаңкестік	N1	n
лебіз	N1	n
лебізді	A1	adj
левитация	N1	n
левкас	N1	n
леводопа	N1	n
легализация	N1	n
легализм	N1	n
легион	N1	n
легионер	N1	n
легитимация	N1	n
легитимизм	N1	n
ледерин	N1	n
леди	N1	n
лезвие	N1	n
лезде	ADV	adv
лездеме	N1	n
лездік	A1	adj
лейб-гвардия	N1	n
лейбл	N1	n
лейкемия	N1	n
лейкопения	N1	n
лейкопласт	N1	n
лейкоцит	N1	n
лейкоцитоз	N1	n
лейтенант	N1	n
лейтмотив	N1	n
лейцин	N1	n
лексема	N1	n
лексематикалық	A4	adj
лексика	N1	n
лексикалық	A1	adj
лексикография	N1	n
лексикографиялық	A4	adj
лексикология	N1	n
лексикологиялық	A4	adj
лексикон	N1	n
лексикон%	N1	n
лексиографиялық	A4	adj
лектин	N1	n
лектор	N1	n
лекция	N1	n
лекіте	ADV	adv
лемма	N1	n
лемур	N1	n
лениндік	A4	adj
ленинизм	N1	n
лента	N1	n
леониндік	A4	adj
лепидокрокит	N1	n
лепидолит	N1	n
лепидоптерон	N1	n
лепрозорий	N1	n
лептеу	N1	n
лепті	A1	adj
лепілде	V-IV	v-intrans
лепір	V-IV	v-intrans
лесбияндық	N1	n
лесбияндық%	N1	n
лесбиянка	N1	n
лесовоз	N1	n
летаргия	N1	n
леуі	N1-NAT	n
леуілік	A4,N1-NAT	adj+n
лиана	N1	n
либералдан	V-IV	v-intrans
либералды	A4	adj
либералдық	A4	adj
либерализм	N1	n
либериялық	A4	adj
либертарианды	A4	adj
либидо	N1	n
либидо%	N1	n
либретто	N1	n
лига	N1	n
лигнин	N1	n
лигнит	N1	n
лигроин	N1	n
лизингтік	A4	adj
лизис	N1	n
лизол	N1	n
лизосома	N1	n
лизосомалық	A4	adj
ликбез	N1	n
ликер	N1	n
ликин	A1	adj
лилипут	N1	n
лимб	N1	n
лимит	N1	n
лимитсіз	A3	adj
лимиттеу	N1	n
лимнология	N1	n
лимон	N1	n
лимонад	N1	n
лимонды	A4	adj
лимонит	N1	n
лимузин	N1	n
лимфа	N1	n
лимфаденит	N1	n
лимфалық	A4	adj
лимфома	N1	n
лимфоцит	N1	n
лингафон	N1	n
лингвист	N1	n
лингвистика	N1	n
лингвистикалы	ADV	adv
лингвистикалық	A4	adj
линия	N1	n
линиядағы%	N1	n
линкор	N1	n
линкруст	N1	n
линобатист	N1	n
линолеум	N1	n
линотип	N1	n
линукс	N1	n
липаза	N1	n
липид	N1	n
липограмма	N1	n
липома	N1	n
липопротеин	N1	n
липосома	N1	n
лиризм	N1	n
лирик	A4,N1	adj+n
лирика	N1	n
лирикалық	A4	adj
листинг	N1	n
лит	N1	n
литаврашы	N1	n
литания	N1	n
литва	A4	adj
литвалық	A4	adj
литваша	ADV-LANG	adv
литер	N1	n
литий	N1	n
литография	N1	n
литографиялық	A1,A4	adj
литология	N1	n
литологиялық	A4	adj
литосфера	N1	n
литр	N1	n
литургия	N1	n
литургиялық	A4	adj
лифт	N1	n
лихтер	N1	n
лицей	N1	n
лицензия	N1	n
лицензияла	V-TV	v-trans
лицензиялау	N1	n
лоббизм	N1	n
лобия	N1	n
логарифм	N1	n
логарифмдік	A4	adj
логика	N1	n
логикалы	ADV	adv
логикалық	A4	adj
логистика	N1	n
логистикалық	A1	adj
логопедия	N1	n
логос	N1	n
логотип	N1	n
лоджия	N1	n
локальды	A1	adj
локатор	N1	n
локаут	N1	n
локация	N1	n
локомотив	N1	n
локомоция	N1	n
локсодромия	N1	n
ломбард	N5	n
ломбардтық	A4	adj
ломбер	N1	n
лонгет	N1	n
лондондық	N1	n
лонжерон	N1	n
лорд	N1	n
лордтық%	N1	n
лорнет	N1	n
лотерея	N1	n
лотос	N1	n
лоция	N1	n
лояльді	A1	adj
лоқсытарлық	A4	adj
лугорез	N1	n
луидор	N1	n
лукума	N1	n
лып	IDEO	interj
лық%	V-IV	v-intrans
люизит	N1	n
люксембургше	ADV-LANG	adv
люминал	N1	n
люминесценттік	A1	adj
люминесценция	N1	n
люмпен-пролетариат	N1	n
люнет	N1	n
люпус	N1	n
люстрин	N1	n
лютеин	N1	n
лютенций	N1	n
лютеран	N1	n
лямбда	N1	n
ляпис	N1	n
лұғат	N1	n
ләззат	N1	n
ләззатты	A1	adj
ләкин	CC-SOYED	conj
м	ABBR,SQRD	abbr
м²	ABBR	abbr
м³	ABBR	abbr
ма	QST	?
ма%	QST	?
магента	N1	n
магистр	N1	n
магистраль	N1	n
магистральдық	A4	adj
магистральді	A1	adj
магистральдік	A1	adj
магистрат	N1	n
магистратура	N1	n
магма	N1	n
магнат	N1	n
магнезит	N1	n
магнезия	N1	n
магнетизм	N1	n
магнетит	N1	n
магнетиттік	A4	adj
магнетохимия	N1	n
магнетрон	N1	n
магний	N1	n
магнит	N1	n
магнитометр	N1	n
магнитосфера	N1	n
магнитофон	N1	n
магнитті	A1	adj
магнитті%	N1	n
магнолия	N1	n
мадам	N1	n
мадақ	N1	n
мадақ%	N1	n
мадақта	V-TV	v-trans
мадақтау	N1	n
мадригал	N1	n
мадурация	N1	n
мажор	N1	n
мажордом	N1	n
маза	N1	n
маза%	V-TV	v-trans
мазала	V-TV	v-trans
мазар	N1	n
мазасыз	A2	adj
мазасыздан	V-IV	v-intrans
мазақ	A1,N1	adj+n
мазақ%	V-IV,V-TV	v-intrans+v-trans
мазақта	V-TV	v-trans
мазақы	A1	adj
мазер	N1	n
мазмұн	N1	n
мазмұндама	N1	n
мазмұнды	A1	adj
мазмұнсыз	A1	adj
мазохизм	N1	n
мазохисттік	A4	adj
мазһаб	N1	n
маис	N1	n
май	N1	n
май%	N1	n
май.	ABBR	abbr
майда	A2	adj
майдалағыш	N1	n
майдан	N1	n
майдангер	N1	n
майдандас	N1	n
майдандасу	N1	n
майдашөп	N1	n
майжуаз	N1	n
майла	V-TV	v-trans
майлайтын	A1,A4	adj
майланатын	A1	adj
майланған	A1	adj
майлаушы	N1	n
майлағыш	N1	n
майлы	A4,ADV	adj+adv
майлылау	A1	adj
майлық	N1	n
маймақ	A1	adj
маймыл	N1	n
маймылдан	V-IV	v-intrans
майонез	N1	n
майоран	N1	n
майорат	N1	n
майсауыт	N1	n
майталман	A1	adj
майтамыр	N1	n
майшабақ	N1	n
майшам	N1	n
майып	A1	adj
майыр	N1,V-TV	n+v-trans
майыс	V-IV	v-intrans
майыстыр	V-TV	v-trans
майыстырылған	A1	adj
майысқан	A1	adj
майысқан%	N1	n
майысқақ	A1	adj
майысқақтық	N1	n
майқанда	V-TV	v-trans
макарон	N1	n
македонша	ADV-LANG	adv
макет	N5	n
макинтош	N5	n
маклер	N1	n
макрожанұя	N1	n
макроклимат	N1	n
макрокосм	N1	n
макромолекула	N1	n
макромолекулалы	A4	adj
макронуклеус	N1	n
макрорельеф	N1	n
макроскопиялық	A4	adj
макросоциология	N1	n
макросурет	N1	n
макроцефалия	N1	n
макроэкономикалық	A4	adj
максвелл	N1	n
максималды	A1	adj
максимализм	N1	n
максималист	N1	n
максимум	A1,N1	adj+n
мал	N1,V-TV	n+v-trans
мал%	N-COMPOUND-PX	?
малай	N1	n
малайзийлік	A4	adj
малайша	ADV-LANG	adv
малайяламша	ADV-LANG	adv
малакология	N1	n
малахит	N1	n
малахитты	A1	adj
малды	A1	adj
малт	V-IV	v-intrans
малта	N1	n
малти	V-IV	v-intrans
малту	N1	n
малшы	N1	n
малшы%	N1	n
малшылық	N1	n
мальташа	ADV-LANG	adv
мальтоза	N1	n
малғұн	A1	adj
мама	N1	n
маман	N1	n
мамандан	V-IV	v-intrans
мамандандыр	V-TV	v-trans
мамандандыру	N1	n
мамандандырыл	V-IV	v-intrans
мамандандырылған	A4	adj
мамандану	N1	n
маманданым	N1	n
мамандық	N1	n
маммография	N1	n
маммология	N1	n
мамонт	N1	n
мамыр	N1	n
мамыра	A1	adj
мамыргүл	N1	n
мамық	A1,N1	adj+n
мамықта	V-TV	v-trans
мамықты	A1	adj
мамықтық	N1	n
мана	ADV-WITH-KI	adv
манат	N1	n
манаура	V-IV	v-intrans
манағы	A3	adj
мангал	N1	n
манганин	N1	n
манганит	N1	n
манго	N1	n
мангра%	N1	n
мангралық	A4	adj
мандай	N1	n
мандат	N1	n
мандолина	N1	n
мандымдыз	A1	adj
маневр	N1	n
манеждік	A4	adj
манекен	N1	n
манекенші	N1	n
маникюр	N1	n
манифест	N1	n
манифестация	N1	n
манишка	N1	n
мания	N1	n
манометр	N1	n
мансап	N1	n
мансаптанған	A1	adj
мансапқор	A1,N1	adj+n
мансапқорлық	N1	n
мантисса	N1	n
мантия	N1	n
манускрипт	N1	n
мануфактура	N5	n
маньяк	N1	n
маонисттік	A4	adj
марал	N1	n
маралқурай	N1	n
марапат	N1	n
марапатта	V-TV	v-trans
маратхиша	ADV-LANG	adv
марафон	N1	n
марганец	N1	n
маргарин	N1	n
маргинализация	N1	n
мардымды	A3,ADV	adj+adv
мардымсыз	A1	adj
маржан	N1	n
маржанды	A1	adj
марзан	N1	n
мари	N1	n
маринадталған	A1	adj
марионетка	N1	n
марихуана	N1	n
марка	N1	n
марказит	N1	n
маркалаушы	N1	n
маркалы	A4	adj
маркетинг	N1	n
маркетингтік	A4	adj
маркетрия	N1	n
маркеттеу	N1	n
маркиз	N1	n
марксизм	N1	n
марокен	N1	n
марроколық	A4	adj
марстық	N1	n
мартен	N1	n
мартингал	N1	n
мархабатты	A1	adj
марципан	N1	n
марш	N1	n
маршал	N1	n
маршпен%	V-IV	v-intrans
маршрут	N1	n
маршрутка	N1	n
марғау	N1	n
марқабатты	A1	adj
марқұм	A1,N1	adj+n
мас	A2	adj
маса	N1	n
масай	V-TV	v-trans
масайрататын	A1	adj
масайрау	N1	n
масайраған	A1	adj
масала	V-IV	v-intrans
масаттан	V-IV	v-intrans
масаттану	N1	n
масаттанған	A1	adj
масаты	N1	n
масаққұрт	N1	n
маскарад	N1	n
маскүнем	A1,N1	adj+n
маскүнемдік	N1	n
масоншылдық	N1	n
масса	N1	n
массагет	N1	n
массаж	N1	n
массив	N1	n
мастан	V-IV	v-intrans
мастер	N1	n
мастодонт	N1	n
мастурбация	N1	n
мастық	N1	n
мастықпен	ADV	adv
мастэктомия	N1	n
масштаб	N1	n
масқара	A4,ADV,N1	adj+adv+n
масқарала	V-TV	v-trans
масқаралайтын	A1	adj
масқаралық	N1	n
масқарапаз	N1	n
мата	N1,V-TV	n+v-trans
маталық	A1	adj
матастыр	V-TV	v-trans
матаулы	A3	adj
математик	A4,N1	adj+n
математика	N1	n
математикалық	A1	adj
материал	N1	n
материалдық	A4,ADV	adj+adv
материалдық%	A4	adj
материализация	N1	n
материализм	N1	n
материалистік	A4	adj
материалсыздандыру	N1	n
материк	N1	n
материя	N1	n
материялылық	N1	n
матрас	N1	n
матрац	N1	n
матриархат	N1	n
матриархаттық	A4	adj
матрикс	N1	n
матрикул	N1	n
матрица	N1	n
матрос	N1	n
матч	N1	n
матч-турнир	N1	n
маубастан	V-IV	v-intrans
маужыра	V-TV	v-trans
маузер	N1	n
маусым	N1	n
маусымды	A1	adj
маусымдық	A1	adj
маусымшы	N1	n
мауыр	N1	n
мафия	N1	n
махаббат	N1	n
махалла	N1	n
махизм	N1	n
мачете	N1	n
машақат	N1	n
машақатсыз	A1	adj
машақаттан	V-IV	v-intrans
машина	N1	n
машиналандыр	V-TV	v-trans
машиналандыру	N1	n
машинист	N1	n
машықтан	V-IV	v-intrans
машықтандыратын	A1	adj
машықтану	N1	n
мая	N1	n
маяк	N1	n
маяла	V-TV	v-trans
маялаушы	N1	n
маялауыш	N1	n
маятник	N1	n
мағлұм	A1	adj
мағлұмат	N1	n
мағлұматсыз	A1	adj
мағлұматты	A1	adj
мағлұмдама	N1	n
мағына	N1	n
мағыналас	A1	adj
мағыналы	A3	adj
мағыналық	A4	adj
мағынасыз	A1,ADV	adj+adv
мағынасыздық	N1	n
мақал	N1	n
мақала	N1	n
мақам	N1	n
мақпал	N1	n
мақсат	N1	n
мақсат%	N1	n
мақсатсыз	A1,ADV	adj+adv
мақсаттағыдай	A1	adj
мақсатты	A1	adj
мақсатында	POST-NOM	post
мақсатқа%	V-IV	v-intrans
мақсым	N1	n
мақсұм	N1	n
мақта	N1,V-TV	n+v-trans
мақталы	A3	adj
мақталған	A1	adj
мақтан	V-IV	v-intrans
мақтаншақ	A1	adj
мақтаншақтық	N1	n
мақтаныш	N1	n
мақтанышпен	ADV	adv
мақтанған	A4	adj
мақтаулы	A3	adj
мақұл	INTERJ	interj
мақұлда	V-TV	v-trans
мақұлдама	V-TV	v-trans
мақұлдаған	A1	adj
мақұрым%	V-TV	v-trans
маң	N1	n
маңай	N1	n
маңайлас	V-IV	v-intrans
маңдай	A1,N1	adj+n
маңдайлық	A4	adj
маңдайша	N1	n
маңдайша%	N1	n
маңдағы	A3	adj
маңыз	N1	n
маңыздану	N1	n
маңызды	A2,ADV	adj+adv
маңыздылық	N1	n
маңыздысы	ADV	adv
маңызсыз	A1,ADV	adj+adv
маңызсыздылық	N1	n
маңында	ADV	adv
маңғаз	A1,N1	adj+n
маңғазданған	A1	adj
маһшар	N1	n
мебель	N5	n
мегабайт	N1	n
мегабит	N1	n
мегакариоцит	N1	n
мегалит	N1	n
мегалитикалық	A1	adj
мегаполис	N1	n
мегатонна	N1	n
мегафон	N1	n
мегежін	N1	n
мед	N1	n
медаль	N1	n
медальон	N1	n
меджлис	N1	n
медиана	N1	n
медиатор	N1	n
медикалық	A1	adj
медицина	N1	n
медициналық	A1,A4,ADV	adj+adv
медресе	N1	n
медуза	N1	n
медулярлы	A4	adj
межеле	V-TV	v-trans
межелеу	N1	n
межелі	A1	adj
мезгіл	N1	n
мезгілдес	ADV	adv
мезгілді	A1	adj
мезгілдік	A1	adj
мезгілсіз	A1	adj
мезенхималық	A4	adj
мезенхиман	N1	n
мезет	N1	n
мезодерма	N1	n
мезодермалық	A4	adj
мезозой	N1	n
мезокарпий	N1	n
мезокрасия	N1	n
мезолит	N1	n
мезонин	N1	n
мезосфера	N1	n
мезофильді	A4	adj
мезі	A2	adj
мезі%	V-IV	v-intrans
мейлі	INTERJ	interj
мейлінше%	A4	adj
мейман	N1	n
меймандос	A1	adj
мейманхана	N1	n
мейманшыл	A1	adj
мейотикалық	A4	adj
мейрам	A1,N1	adj+n
мейрамда	V-TV	v-trans
мейрамхана	N1	n
мейіз	N1	n
мейілінше%	A1	adj
мейір	N1	n
мейірбан	A1	adj
мейірбанды	A1	adj
мейірбандылық	N1	n
мейірлі	A1	adj
мейірім	N1	n
мейірімді	A1	adj
мейірімділік	N1	n
мейірімсіз	A1	adj
мейірімсіздік	N1	n
мекеме	N1	n
мекемелік	A4	adj
мекен	N1	n
мекен-жай	N1	n
мекенде	V-IV,V-TV	v-intrans+v-trans
мекендендір	V-TV	v-trans
мекендеуші	N1	n
мекенжай	N1	n
мекенжай-күнтізбе	N1	n
мекерлік	N1	n
мекония	N1	n
мексикалық	A1	adj
мектеп	N1	n
мектепалды	A1	adj
мектепке%	N1	n
мектептік	A4	adj
меламин	N1	n
меланж	N1	n
меланин	N1	n
меланома	N1	n
меланоцит	N1	n
меланхолиялық	A1	adj
мелинит	N1	n
мелодрама	N1	n
мелодрамалық	A4	adj
меломан	N1	n
меломания	N1	n
мелши	V-IV	v-intrans
мелшиген	A1	adj
мельхиор	N1	n
мембрана	N1	n
мембраналық	A4	adj
мемл	ABBR	abbr
мемлекет	N1	n
мемлекетаралық	A4	adj
мемлекеттiк	A4	adj
мемлекеттендіру	N1	n
мемлекеттік	A3,A6	adj
мемлекеттік%	N1	n
мемлекеттілік	N1	n
меморандум	N5	n
мемориал	N1	n
мемориалдық	A4	adj
меморизация	N1	n
мен	CC-SOYED,POST-NOM	conj+post
менгир	N1	n
менделевий	N1	n
менделизм	N1	n
менеджер	N5	n
менеджмент	N5	n
мензурка	N1	n
менингит	N1	n
менмен	A1	adj
менмендік	N1	n
менменсі	V-IV	v-intrans
менменсінген	A1	adj
менменшіл	A1	adj
менопауза	N1	n
меноррагия	N1	n
менсін	V-TV	v-trans
менсінбе	V-TV	v-trans
менсінбеген	A1	adj
менсінбеушілік	N1	n
ментальді	A1	adj
ментол	N1	n
менуэт	N1	n
меншігі%	V-IV	v-intrans
меншік	N1	n
меншік%	N-COMPOUND-PX	?
меншікте	V-TV	v-trans
меншіктен	V-TV	v-trans
меншіктенуші	N1	n
меншіктеу	N1	n
меншіктең	V-TV	v-trans
меншікті	A1	adj
меньшевизм	N1	n
мерген	A1,N1	adj+n
мердігер	N1	n
мердігерлік	A4	adj
мердігерші	N1	n
мерез	N1	n
мерей	N1	n
мерейтой	N1	n
мереке	N1	n
мерекеле	V-TV	v-trans
мерекеленген	A1	adj
мерекелі	ADV	adv
мерекелік	A4,N1	adj+n
меретой	N1	n
мерзім	N1	n
мерзімді	A1	adj
мерзімсіз	A3	adj
меридиан	N1	n
меридиандық	A4	adj
меридионалді	A1	adj
меринос	N1	n
мерисматикалық	A4	adj
меристем	N1	n
меркантилизм	N1	n
мерланг	N1	n
мероморфтық	A4	adj
мерсерлеу	N1	n
мерт	N1	n
мерәсім	N1	n
месел	N1	n
месел%	A4,V-IV	adj+v-intrans
мессианизм	N1	n
местком	N1	n
метаболизм	N5	n
метаболит	N1	n
метаболиялық	A1	adj
метабуддизм	N5	n
метал	N1	n
металдау	N1	n
металды	A1	adj
металдық	A4	adj
металингвистикалық	A4	adj
металл	N1	n
металл%	N1	n
металлоид	N1	n
металлохимия	N1	n
металлург	N1	n
металлургия	N1	n
металлургиялық	A4	adj
метаморфизм	N5	n
метаморфтық	A4	adj
метан	N1	n
метанол	N1	n
метаномикалық	A4	adj
метанысана	N1	n
метапакет	N1	n
метастаз	N1	n
метастазиc	N1	n
метатеория	N1	n
метатіл	N1	n
метатұрақты	A4	adj
метафизик	N1	n
метафизикалық	A4	adj
метафморф	N1	n
метафора	N1	n
метафоралық	A4	adj
метахроматикалық	A4	adj
метацентрлік	A4	adj
метеор	N1	n
метеоризм	N1	n
метеорит	N1	n
метеорлық	A1	adj
метеорограф	N1	n
метеоролог	N1	n
метеорология	N1	n
метеорологиялық	A1	adj
метил	N1	n
метионин	N1	n
методика	N1	n
методикалық	A4	adj
методолог	N1	n
методология	N1	n
метонимия	N1	n
метоп	N1	n
метопикалық	A4	adj
метр	N1	n
метрикалық	A1	adj
метрлік	A4	adj
метро	N1	n
метролог	N1	n
метрология	N1	n
метроном	N1	n
метрополис	N1	n
метрополитен	N1	n
метрополия	N1	n
метроррагия	N1	n
механизация	N1	n
механизм	N5	n
механик	A4,N1	adj+n
механика	N1	n
механикаландыру	N1	n
механикаландырылған	A1	adj
механикалық	A4	adj
механикалық%	N1	n
механицизм	N1	n
мехраб	N1	n
мешкей	N1	n
мешкейлік	N1	n
мешін	N1	n
мешіт	N1	n
мең	N1	n
меңгер	V-TV	v-trans
меңгеру	N1	n
меңгеруші	N1	n
меңді	A2	adj
меңзе	V-TV	v-trans
меңзер	N1	n
меңіреу	A1,N1	adj+n
меңіреулік	N1	n
ми	A4,N1	adj+n
миазм	N1	n
миалгия	N1	n
мигрант	N5	n
миграция	N1	n
миграциялық	A1	adj
мигрень	N1	n
мидай	A1	adj
мидия	N1	n
мидық	A1	adj
миелин	N1	n
миелома	N1	n
мизантропия	N1	n
миканит	N1	n
микология	N1	n
микроб	N1	n
микробиология	N1	n
микробиологиялық	A1	adj
микроблогер	N1	n
микробтық	A4	adj
микробөлшек	N1	n
микрожіпше	N1	n
микрозона	N1	n
микроинъекция	N1	n
микроклимат	N1	n
микрокомпьютер	N1	n
микроконтроллер	N1	n
микрокосм	N1	n
микрокосмос	N1	n
микрокристалдық	A4	adj
микрокүй	N1	n
микролиттік	A4	adj
микроманометр	N1	n
микрометр	N1	n
микрометрия	N1	n
микрон	N1	n
микронуклеус	N1	n
микроорганизм	N5	n
микропалеонтология	N1	n
микропроцессор	N1	n
микросекунд	N1	n
микроскоп	N1	n
микроскопия	N1	n
микроскопиялық	A1	adj
микросома	N1	n
микросоциология	N1	n
микроспория	N1	n
микротаразы	N1	n
микротелефон	N1	n
микротолқын	N1	n
микротүтікше	N1	n
микрофиламент	N1	n
микрофильм	N1	n
микрофон	N1	n
микрофотография	N1	n
микрохимия	N1	n
микрохирургия	N1	n
микроцефалия	N1	n
микроэкономикалық	A4	adj
микроэлемент	N1	n
микроқұрылым	N1	n
микроәлем	N1	n
микседема	N1	n
микстура	N1	n
милитаризация	N1	n
милитаризм	N1	n
милитаристтік	A4	adj
милитарландыру	N1	n
милиция	N1	n
милленаризм	N1	n
миллиард	N1,NUM	n+num
миллиардер	N5	n
миллиардтаған	DET-QNT	det
миллиграмм	N1	n
миллиметр	N1	n
миллион	N1,NUM	n+num
миллиондаған	DET-QNT	det
миллионер	N1	n
миллисекунд	N1	n
милы	A3	adj
миль	N1	n
миля	N1	n
мим	N1	n
мимоза	N1	n
мин	ABBR	abbr
мина	N1	n
мина%	N1	n
миналанған	A1	adj
миналы	A3	adj
миналық	A4	adj
минерал	N1	n
минералдау	N1	n
минералды	A4	adj
минералдық	A4	adj
минералдық%	N1	n
минералогия	N1	n
миниатюра	N1	n
миниатюралық	A4	adj
миниатюризация	N1	n
миникомпьютер	N1	n
минимизация	N1	n
минимум	A1,N1	adj+n
министр	N1	n
министрлік	A1,N1	adj+n
миниқор	N1	n
миномет	N1	n
минометші	N1	n
минор	N1	n
миноритарлы	A4	adj
минотавр	N1	n
минус	N1	n
минут	N5	n
минуттік	A4	adj
миоглобин	N1	n
миозин	N1	n
миокард	N1	n
миокардит	N1	n
миопатия	N1	n
миопия	N1	n
миофиламент	N1	n
мир	N1	n
мирабалит	N1	n
мирас	N1	n
мирассыз	A4	adj
мириад	N1	n
мирра	N1	n
мирт	N1	n
миссионер	N1	n
миссионерлік	A4	adj
миссия	N1	n
мистер	N1	n
мистерия	N1	n
мистикалық	A1	adj
мистификация	N1	n
мистицизм	N1	n
мистраль	N1	n
мисыз	A1	adj
мисыздық	N1	n
митинг	N5	n
митоздық	A4	adj
митохондрия	N1	n
митохондриялық	A4	adj
митра	N1	n
митрополия	N1	n
миуалы	N1	n
миф	N1	n
миф%	N1	n
мифология	N1	n
мифологиялық	A4	adj
мифтік	A4	adj
мицелла	N1	n
миық	N1	n
мия	N1	n
мкм	N1	n
млн	ABBR,N1-ABBR	abbr
млн.	N1-ABBR	?
млрд	ABBR,N1-ABBR	abbr
мм	ABBR,N1-ABBR,SQRD	abbr
мм.	ABBR	abbr
мнемоникалық	A4	adj
мобилизация	N1	n
мобильді	A1	adj
могикан	N1	n
модалділік	N1	n
модальды	A4	adj
моделизм	N1	n
модель	N1	n
модельде	V-TV	v-trans
модельдеу	N1	n
модем	N1	n
модерн	N1	n
модернизация	N1	n
модернизм	N1	n
модернист	A1	adj
модиолус	N1	n
модуль	N1	n
модульдік	A4	adj
модулятор	N1	n
модуляция	N1	n
модус	N1	n
мозабиктік	A4	adj
мозаика	N1	n
мозолин	N1	n
мойын	A1,N1	adj+n
мойын%	N1	n
мойында	V-TV	v-trans
мойындама	V-IV	v-intrans
мойындамау	N1	n
мойындау	N1	n
мойындаушы	A4	adj
мойындаған	A1	adj
мойындық	N1	n
мойынсұн	V-IV	v-intrans
мойынтақ	N1	n
мойынға%	V-TV	v-trans
мол	A6,ADV	adv
мола	N1	n
молай	V-IV	v-intrans
молайт	V-TV	v-trans
моласса	N1	n
молда	N1	n
молдаван	N1	n
молдық	N1	n
молекула	N1	n
молекулааралық	A4	adj
молекулалық	A4	adj
молибден	N1	n
молшылық	N1	n
мольберт	N1	n
моляльдылық	N1	n
молярлық	N1	n
момақан	A1,N1	adj+n
момент	N1	n
момын	A2,ADV,N1	adj+adv+n
момындық	N1	n
монаколық	A4	adj
монарх	N1	n
монархизм	N1	n
монархист	A1	adj
монархия	N1	n
монархиялық	A4	adj
монастырь	N1	n
монах	N1	n
монах%	N1	n
монахтық	A1	adj
монголоид	A4	adj
монема	N1	n
монета	N5	n
монетаризм	N1	n
монетаристтік	A4	adj
монизм	N1	n
монитор	N1	n
мониторинг	N1	n
моногамия	N1	n
монограмма	N1	n
монография	N1	n
монографиялық	A4	adj
монодия	N1	n
монодиялық	N1	n
моноклинальды	A4	adj
монокль	N1	n
моноксид	N1	n
монолит	N1	n
монолиттік	A1	adj
монолог	N1	n
мономания	N1	n
мономер	N1	n
монометаллизм	N1	n
мономәдениет	N1	n
мононуклеотид	N1	n
моноплан	N1	n
моноплойдты	A4	adj
монополизм	N1	n
монополия	N1	n
монополиялан	V-IV	v-intrans
монополиялау	N1	n
монополиялық	A1	adj
монополияға%	A1	adj
монорельс	N1	n
монорхидизм	N1	n
моносахарид	N1	n
моносиллабизм	N1	n
монотеизм	N1	n
монотеистік	A1	adj
монотип	N1	n
монотипия	N1	n
монотұрақты	A4	adj
моноуральдық	A4	adj
монохроматикалық	A4	adj
монохромды	A4	adj
моноцикл	N1	n
моноцит	N1	n
монтаждау	N1	n
монтаждаушы	N1	n
монтаныс	V-IV	v-intrans
монумент	N1	n
монументалды	A3	adj
монументалді	A1	adj
монументтік	A4	adj
монша	N1	n
моншашы	N1	n
моншақ	N1	n
мопед	N1	n
моралді	A1	adj
морализм	N1	n
мораль	N1	n
моральдық	A4	adj
моральсыздық	N1	n
мораторий	N1	n
морганатикалық	A4	adj
мордва	N1-NAT	n
мордваша	ADV-LANG	adv
морж	N1	n
морзе	N1	n
морт	IDEO	interj
морттық	N1	n
морфема	N1	n
морфематикалық	A4	adj
морфий	N1	n
морфин	N1	n
морфинг	N1	n
морфинизм	N1	n
морфогенетикалық	A4	adj
морфология	N1	n
морфологиялық	A4	adj
морфометриялық	A4	adj
морфонология	N1	n
морфосинтаксистік	A4	adj
морфофизиологикалық	A4	adj
морфоқұрылым	N1	n
мосы	N1	n
мосқал	A2	adj
мотель	N1	n
мотет	N1	n
мотив	N1	n
мотоатқыш	N1	n
мотобол	N1	n
мотовоз	N1	n
мотодром	N1	n
мотоклуб	N1	n
мотокросс	N1	n
мотоландырылған	A4	adj
мотор	N1	n
моторландыру	N1	n
моторлы	A3,A4	adj
мотороллер	N1	n
мотоспорт	N1	n
мотоцикл	N1	n
мотоциклет	N1	n
мохер	N1	n
моңғол	N1-NAT	n
моңғолша	ADV-LANG	adv
мрамор	N1	n
муар	N1	n
муза	N1	n
музей	N1	n
музейлік	A4	adj
музыка	N1	n
музыкалық	A4	adj
музыкант	N1	n
музыкатану	N1	n
муллит	N1	n
мульти	A1	adj
мультилингуализм	N1	n
мультимедиялы	A1	adj
мультиметр	N1	n
мультиплексор	N1	n
мультипликатор	N1	n
мультипликация	N1	n
мультипроцессор	N1	n
мультипісіргіш	N1	n
мультиәлем	N1	n
мультфильм	N1	n
мумификация	N1	n
мумия	N1	n
мундир	N1	n
муниципалды	A1	adj
муниципалдық	A4	adj
муниципалитет	N5	n
мускус	N1	n
мусс	N1	n
муссон	N1	n
мутант	N1	n
мутация	N1	n
мутреб	N1	n
мутуализм	N1	n
мутуалисттік	A4	adj
муцин	N1	n
мушкет	N1	n
мушмула	N1	n
мыж	V-IV	v-intrans
мыжың	A1	adj
мызғымас	A1	adj
мызғымастық	N1	n
мызғып%	V-IV	v-intrans
мылжала	V-TV	v-trans
мылжың	A1,N1	adj+n
мылжыңда	V-IV	v-intrans
мылтық	N1	n
мылтықтың%	N-COMPOUND-PX	?
мылқау	A3,N1	adj+n
мылқаулық	N1	n
мына	DET-DEM,INTERJ	interj
мынадай	A1,N1	adj+n
мынау	DET-DEM	?
мында	ADV	adv
мырза	N1	n
мырс%	V-IV	v-intrans
мырыш	N1	n
мырышта	V-TV	v-trans
мырышты	A1	adj
мыс	N1	n
мыс.	ABBR	abbr
мысал	N1	n
мысал%	V-TV	v-trans
мысалсыз	A1	adj
мысалы	INTERJ	interj
мыстан%	N1	n
мыстас	A2	adj
мысшы	N1	n
мысырлық	A1,N1	adj+n
мысыртану	N1	n
мысық	A1,N1	adj+n
мысқал	N1	n
мысқыл%	A1	adj
мышьяк	N1	n
мығым	A1	adj
мықта	V-TV	v-trans
мықтап%	V-TV	v-trans
мықты	A1,ADV	adj+adv
мықын	N1	n
мықын%	N1	n
мың	N1,NUM	n+num
мыңдаған	DET-QNT	det
мыңдық	A4	adj
мыңжылдык	N1	n
мыңжылдық	N1	n
мыңқылда	V-IV	v-intrans
мэр	N1	n
мюзикл	N1	n
мін	N1,V-IV	n+v-intrans
мін%	V-IV	v-intrans
мінажат	N1	n
мінбе	N1	n
мінгіз	V-TV	v-trans
міндет	N1	n
міндетте	V-TV	v-trans
міндеттеме	N1	n
міндеттен	V-IV	v-intrans
міндетті	A4	adj
міндетті%	ADV	adv
міндеттілер	N1	n
мінді	A1	adj
міне	ADV,INTERJ,V-TV	adv+interj+v-trans
мінез	N1	n
мінез-құлықты	A1	adj
мінезде	V-TV	v-trans
мінездеме	N1	n
мінездемелі	A1	adj
мінезді	A1	adj
мінездік	A4	adj
мінезсіз	A1	adj
мінезтану	N1	n
мінеки	ADV,INTERJ	adv+interj
мінсіз	A1,ADV	adj+adv
мінсіздік	N1	n
мінші	A1	adj
міншіл	A1	adj
місе%	V-IV	v-intrans
міңгірле	V-IV	v-intrans
мүбада	CS	?
мүгедек	A4,N1	adj+n
мүгедектен	V-IV	v-intrans
мүгедектік	N1	n
мүгжидек	N1	n
мүдде	N1	n
мүдделі	A4	adj
мүдделік	N1	n
мүдір	V-IV	v-intrans
мүдірмейтін	A1	adj
мүж	V-TV	v-trans
мүйіз	N1	n
мүйіз%	A4	adj
мүйізгектену	N1	n
мүйізде	V-TV	v-trans
мүйізді	A4	adj
мүйізкөк	N1	n
мүйізтұмсық	N1	n
мүйіс	N1	n
мүк	N1	n
мүк%	N1	n
мүкжидек	N1	n
мүкіс	N1	n
мүлге	V-IV	v-intrans
мүлгу	N1	n
мүлгі	V-IV	v-intrans
мүлде	ADV	adv
мүлдем	ADV	adv
мүлт%	V-IV,V-TV	v-intrans+v-trans
мүлік	A1,N1	adj+n
мүліктен	V-IV	v-intrans
мүліктік	A4	adj
мүмкін	A1,ADV	adj+adv
мүмкін%	A1,ADV	adj+adv
мүмкіндік	N1	n
мүмкіндік%	V-IV,V-TV	v-intrans+v-trans
мүмкіндіктерін%	V-TV	v-trans
мүмкіншілік	N1	n
мүмін	N1	n
мүрдем%	V-IV	v-intrans
мүрдеші	N1	n
мүриттік	N1	n
мүсін	N1	n
мүсінді	A1	adj
мүсіндік	A1	adj
мүсінше	N1	n
мүсінші	N1	n
мүсәпір	A1	adj
мүсәтір	N1	n
мүше	N1	n
мүшел	N1	n
мүшеле	V-TV	v-trans
мүшелтой	N1	n
мүшелік	N1	n
мүшкіл	A1	adj
мүңк	V-TV	v-trans
мұз	A1,N1	adj+n
мұз%	N1	n
мұзда	V-TV	v-trans
мұздай	A1	adj
мұздалған	A4	adj
мұздан	V-IV	v-intrans
мұздатушы	N1	n
мұздатылған	A1	adj
мұздатқыш	N1	n
мұздаған	A1	adj
мұзды	A1	adj
мұздық	A1,N1	adj+n
мұзжарғыш	N1	n
мұзойнақ	N1	n
мұзқатқақ	N1	n
мұзқатқы	N1	n
мұнай	N1	n
мұнай%	N1	n
мұнайберіліс	N1	n
мұнайлы	A3	adj
мұнайхимия	N1	n
мұнайхимиялық	N1	n
мұнайшы	N1	n
мұнар	N1	n
мұнара	N1	n
мұнарлы	A3	adj
мұнафық	N1	n
мұнда	ADV	adv
мұндай	ADV,DET-DEM	adv
мұнтаздай	A4	adj
мұнтаздық	A1	adj
мұншама	ADV	adv
мұра	N1	n
мұрагер	N1	n
мұрагерлік	A4,N1	adj+n
мұражай	N1	n
мұражайлық	A4	adj
мұралас	N1	n
мұралы	A3	adj
мұралық	A4	adj
мұрасыз%	N1	n
мұрат	N1	n
мұраға%	V-TV	v-trans
мұрағат	N1	n
мұржа	N1	n
мұрса	N1	n
мұрсат	N1	n
мұрт	N1	n
мұртсыз	A1	adj
мұртты	A1	adj
мұртша	N1	n
мұрша	N1	n
мұрын	N1	n
мұрын-су	N1	n
мұрынды	A1	adj
мұрындық	A4,N1	adj+n
мұсылман	N1	n
мұсылмандық	A1,N1	adj+n
мұсылманша	ADV	adv
мұхит	N1	n
мұхиттану	N1	n
мұхиттық	A4	adj
мұғалiм	N1	n
мұғалім	N1	n
мұғалім%	N1	n
мұғжиза	N1	n
мұқа	V-TV	v-trans
мұқаба	N1	n
мұқат	V-TV	v-trans
мұқатты	A1	adj
мұқият	A1,ADV	adj+adv
мұқтаж	N1	n
мұқтаж%	V-IV	v-intrans
мұқтаждық	N1	n
мұң	N1	n
мұңай	V-IV	v-intrans
мұңайыңқыра	V-IV	v-intrans
мұңайған	A1	adj
мұңдан	V-IV	v-intrans
мұңды	A1	adj
мұңды%	A1	adj
мұңсыз	A1	adj
мә	INTERJ	interj
мәдени	A4	adj
мәдениет	N1	n
мәдениетаралық	A1	adj
мәдениетсіз	A1	adj
мәдениеттану	N1	n
мәдениетті	A1,ADV	adj+adv
мәдениеттілік	N1	n
мәжбүр	A3,A4	adj
мәжбүр%	V-IV,V-TV	v-intrans+v-trans
мәжбүрле	V-IV	v-intrans
мәжбүрлік	N1	n
мәжнүн	A1	adj
мәжуси	A1	adj
мәжіліс	N1	n
мәз	A2	adj
мәз%	V-IV	v-intrans
мәз-мейрам	A1	adj
мәз-мәйрам	A1	adj
мәзір	N1	n
мәймөңкелен	V-IV	v-intrans
мәйіт	N1	n
мәйітхана	N1	n
мәлмитіп	ADV	adv
мәлім	A4	adj
мәлімде	V-TV	v-trans
мәлімдеме	N1	n
мәлімдеуші	N1	n
мәлімдеуінше	CA	?
мәлімділік	N1	n
мәлімет	N1	n
мәлімет%	V-IV,V-TV	v-intrans+v-trans
мәліметші	N1	n
мәліметінше	CA	?
мәлімсіз	A3	adj
мәмле	N1	n
мәміле	N1	n
мәмілегер	N1	n
мәмілегерлі	A1,ADV	adj+adv
мәмілешіл	A1	adj
мән	N1	n
мән-жай	N1	n
мәндес	A1	adj
мәнді	A1	adj
мәнер	N1	n
мәнерле	V-TV	v-trans
мәнерлеп%	V-TV	v-trans
мәнерлі	A1,ADV	adj+adv
мәнет	N1	n
мәнмәтін	N1	n
мәнсіз	A1	adj
мәпеле	V-TV	v-trans
мәпелі	A3	adj
мәрмәр	A4,N1	adj+n
мәрт	A2	adj
мәрте	N1	n
мәртебе	N1	n
мәртебелі	A1,N1	adj+n
мәртебелілік	N1	n
мәрхамет	N1	n
мәселе	N1	n
мәселелік	A1	adj
мәселен	ADV,INTERJ	adv+interj
мәселенама	N1	n
мәскеулік	A1,N1	adj+n
мәскеулік%	N1	n
мәслихат	N1	n
мәссаған	ADV	adv
мәстек	N1	n
мәтел	N1	n
мәтелдік	A4	adj
мәтін	N1	n
мәтіндік	A1	adj
мәтінші	N1	n
мәуелі	A3	adj
мәңгі	A6,ADV	adv
мәңгі%	A4,V-IV,V-TV	adj+v-intrans+v-trans
мәңгілік	A4,N1	adj+n
мәңгілік%	N1	n
мөлдір	A1,ADV	adj+adv
мөлдірлік	N1	n
мөлдірлілік	N1	n
мөлтілде	V-IV	v-intrans
мөлш	N1	n
мөлшер	N1	n
мөлшерленбеген	A1	adj
мөлшерлес	A4	adj
мөлшерлеуіш	N1	n
мөлшерлі	A1	adj
мөлшерсіз	A1,ADV	adj+adv
мөр	N1	n
мөртабан	N1	n
мөрқалып	N1	n
навигация	N1	n
навигациялық	A4	adj
надан	A1,N1	adj+n
надандық	N1	n
надир	N1	n
надұрыс	N1	n
назализация	N1	n
назар	N1	n
назар%	V-TV	v-trans
назарда%	V-TV	v-trans
наздан	V-IV,V-TV	v-intrans+v-trans
найза	N1	n
найзағай	N1	n
найман	N1	n
найсап	A1	adj
нала	N1	n
намаз	N1	n
наменгер	N1	n
намыс	N1	n
намыскер	A1	adj
намыссыз	A1	adj
намыстан	V-IV	v-intrans
намысты	A1	adj
нан	A1,N1,V-IV	adj+n+v-intrans
нанды	A1	adj
нандыр	V-IV	v-intrans
нанжидек	N1	n
наноматериал	N1	n
нанотехнология	N1	n
нанхана	N1	n
наншы	N1	n
наным	N1	n
нанымды	ADV	adv
нанымпаз	A1	adj
нанған	A1	adj
нанғысыз	A1,ADV,N1	adj+adv+n
нанғыш	A2	adj
напалм	N1	n
напьерлік	A4	adj
наразы	A4	adj
наразылық	N1	n
наразылық%	V-IV	v-intrans
нард	N1	n
наркодиспансер	N1	n
наркоз	N1	n
нарколепсия	N1	n
нарколог	N1	n
наркология	N1	n
наркотик	N1	n
нарцистік	A4	adj
нарық	N1	n
нарықтаушы	N1	n
нарықты	A1	adj
нарықтық	A4	adj
нарғызгүл	N1	n
нас	A1	adj
насара	N1	n
насихат	N1	n
насихатта	V-TV	v-trans
насихаттау	N1	n
насихатшы	N1	n
насос	N1	n
настурция	N1	n
нативизм	N1	n
натолық	A1	adj
натрий	N1	n
натуралды	A1	adj
натурализм	N1	n
натуралистік	A4	adj
натурашы	N1	n
натурфилософия	N1	n
натюрморт	N1	n
науалы	A4	adj
науат	N1	n
науаша	N1	n
наубай	N1	n
наубайхана	N1	n
наубайшы	N1	n
наурыз	N1	n
наурызнама	N1	n
науша	N1	n
науқан	N1	n
науқаншы	N1	n
науқас	N1	n
науқастан	V-IV	v-intrans
нацизм	N1	n
нашар	A1,N1	adj+n
нашарла	V-IV	v-intrans
нашарлан	V-IV	v-intrans
нашарлық	N1	n
нашақор	N1	n
нашақорлық	N1	n
нағашы	N1	n
нағыз	A1,N1	adj+n
нақ	A1,ADV	adj+adv
нақсүйер	A1	adj
нақты	A1	adj
нақтыла	V-TV	v-trans
нақтылан	V-IV	v-intrans
нақтылап%	V-TV	v-trans
нақтылау	N1	n
нақтылы	A4,ADV	adj+adv
нақыл	N1	n
нақыста	V-TV	v-trans
нақысшы	N1	n
нақыш%	V-IV	v-intrans
нақышта	V-TV	v-trans
нақұрыс	N1	n
нақұрыстан	V-IV	v-intrans
нақұрыстық	N1	n
не	CC-SOYED,PRON-ITG-INFL	conj
не%	A1	adj
небір	A4,N1	adj+n
небәрі	ADV	adv
невралгия	N1	n
неврастения	N1	n
невроз	N1	n
невролог	N1	n
неврология	N1	n
невропатолог	N1	n
невропатология	N1	n
негатив	N1	n
негативизм	N1	n
неге	ADV-ITG	?
негр	N1-NAT	n
негіз	N1	n
негізгі	A3,A4,ADV	adj+adv
негізгі%	N1	n
негізгінде	ADV	adv
негізде	V-TV	v-trans
негіздегі	A1	adj
негіздел	V-IV	v-intrans
негіздеме	N1	n
негіздеуші	N1	n
негізділік	N1	n
негізсіз	A3	adj
негізі	ADV	adv
негізін%	V-IV	v-intrans
негізінен	ADV	adv
нейлон	N1	n
нейробұлшықеттік	A4	adj
нейрокраниум	N1	n
нейромедиатор	N1	n
нейрон	N1	n
нейропсихология	N1	n
нейроптерон	N1	n
нейрофизикалық	A4	adj
нейрофиламент	N1	n
нейрохимия	N1	n
нейрохирург	N1	n
нейрохирургия	N1	n
нейрохирургиялық	A4	adj
нейтрализация	N1	n
нейтрино	N1	n
нейтрон	N1	n
нейтропения	N1	n
нейтрофилді	A4	adj
нейтрофильді	A4	adj
неке	N1	n
неке%	A4,V-TV	adj+v-trans
некелен	V-IV	v-intrans
некелес	V-IV	v-intrans
некелі	A3	adj
некелік	A1	adj
некес	A1	adj
некрофагты	A4	adj
неліктен	ADV	adv
нематод	N1	n
немене	ADV,PRON-ITG-INFL	adv
немере	N1	n
немере%	N1	n
немесе	CC	?
неміс	A1,N1-NAT	adj+n
немісше	ADV-LANG	adv
немқұрайлы	A4,ADV	adj+adv
немқұрайлылық	N1	n
нендей	ADV-ITG	?
неоантроп	N1	n
необуддизм	N1	n
неовитализм	N1	n
неодим	N1	n
неоклассицизм	N1	n
неоколониализм	N1	n
неолиберализм	N1	n
неолит	N1	n
неологизм	N1	n
неологистикалық	A4	adj
неон	N1	n
неонаталдық	A4	adj
неонацизм	N1	n
неонацистік	A4	adj
неоплазия	N1	n
неоплатонизм	N1	n
неореализм	N1	n
неофашизм	N1	n
неофашистік	A4	adj
непалша	ADV-LANG	adv
непотизм	N1	n
нептуний	N1	n
нерв	N1	n
несеп	N1	n
несие	A1,N1	adj+n
несиегер	N1	n
несиеле	V-TV	v-trans
несиелік	A4	adj
несібе	N1	n
неуклюжесть	N1	n
неф	N1	n
нефрит	N1	n
нефроз	N1	n
неше	NUM-ITG	?
нешінші	N1	n
неғайбыл	A1	adj
неғып	ADV-ITG	?
неғұрлым	ADV,ADV-ITG,N1	adv+n
нивелир	N1	n
нивелирлеуші	N1	n
нигилизм	N1	n
нигилистикалық	A4	adj
ниет	N1	n
ниеттен	V-IV	v-intrans
ниеттес	N1	n
ниеттестік	N1	n
ниеттесу	N1	n
ниеттілі	ADV	adv
никелин	N1	n
никель	N1	n
никельдеуші	N1	n
никотин	N1	n
нильпотентті	A4	adj
нимфа	N1	n
нимфоманктық	A4	adj
ниобий	N1	n
нитрат	N1	n
нитрид	N1	n
нитрил	N1	n
нитрит	N1	n
нитрификация	N1	n
нитробензол	N1	n
нитроглицерин	N1	n
нитроцеллюлоза	N1	n
нм	N1	n
нобай	N1	n
нобайлы	A3	adj
нобелий	N1	n
новгородтық	A3	adj
новелдік	A4	adj
новокаин	N1	n
нокаут	N1	n
нокдаун	N1	n
ноктюрн	N1	n
номадизм	N1	n
номиналды	A1	adj
номинализм	N1	n
номинальді	A1	adj
номинация	N1	n
номограмма	N1	n
нониус	N1	n
нонконформист	N1	n
нонтронит	N1	n
норвег	N1	n
норвегиялық	A4	adj
норвегиялық%	ADV-LANG,N1	adv+n
норвегше	ADV-LANG	adv
норвеж	A4	adj
норма	N1	n
норма%	N1	n
нормала	V-TV	v-trans
нормаланбаған	A1	adj
нормаландыру	N1	n
нормаланған	A1	adj
нормалау	N1	n
нормалаушы	N1	n
нормалы	A1	adj
норматив	N5	n
нормативті	A4	adj
нормативтік	A4	adj
ностальгия	N1	n
ностратикалық	A4	adj
нота	N1	n
нотариалды	A1	adj
нотариалдық	A4	adj
нотариат	N1	n
нотариус	N1	n
ноутбук	N1	n
нояб.	ABBR	abbr
ноян	N1	n
ноғай	N1	n
ноқта	N1	n
ну	A3,N1	adj+n
нудистік	A4	adj
нуклеаза	N1	n
нуклеарлық	A4	adj
нуклеин	N1	n
нуклеозид	N1	n
нуклеоплазма	N1	n
нуклеотид	N1	n
нулы	A4	adj
нумерология	N1	n
нумизматика	N1	n
нумизматшы	N1	n
нунциатура	N1	n
нысан	N1	n
нысан%	N1	n
нысана	N1	n
нысаналау	N1	n
нысаналы	A3	adj
нысанасыз	A1	adj
нысанаға%	V-TV	v-trans
нысандандырылған	A1	adj
нысапсыз	A1	adj
нысапты	A1	adj
нышан	N1	n
нығай	V-IV	v-intrans
нығайт	V-TV	v-trans
нығайту	N1	n
нығайтылған	A1	adj
нығайтқыш	N1	n
нығаю	N1	n
нығмет	N1	n
нығыз	ADV	adv
нығызда	V-TV	v-trans
нығыздалған	A1	adj
нығыздаушы	N1	n
нығыздық	N1	n
нық	A1	adj
нықта	V-TV	v-trans
нықтан	V-IV	v-intrans
ньютон	N1	n
нюанс	N1	n
ніл	N1	n
нүкте	N1	n
нүктелі	A3	adj
нүктелі%	N1	n
нұр	N1	n
нұр%	V-IV	v-intrans
нұрлан	V-TV	v-trans
нұрландыр	V-TV	v-trans
нұрлы	A2	adj
нұсқа	N1,V-TV	n+v-trans
нұсқау	N1	n
нұсқаулық	A1,N1	adj+n
нұсқаушы	N1	n
нұқ	V-IV	v-intrans
нұқсан	N1	n
нәжіспен%	A1	adj
нәжістер	N1	n
нәзік	A2,ADV,N1	adj+adv+n
нәзіктендіріп%	V-TV	v-trans
нәзіктенушілік	N1	n
нәзіктік	N1	n
нәмәрттық	N1	n
нәпсі	N1	n
нәпсіқор	A1,ADV	adj+adv
нәпсіқұмар	A1	adj
нәпіл	A1	adj
нәр	N1	n
нәресте	N1	n
нәрестелік	N1	n
нәрестехана	N1	n
нәркес	N1	n
нәрлі	A1,N1	adj+n
нәрсе	N1,PRON-ITG-INFL	n
нәрсу	N1	n
нәрсіз	A1	adj
нәруыз	N1	n
нәсіл	N1	n
нәсілдік	A1	adj
нәсілшіл	A1	adj
нәсілшілдік	N1	n
нәтиже	N1	n
нәтиже%	V-TV	v-trans
нәтижеле	V-TV	v-trans
нәтижелі	A1	adj
нәтижелік	A1	adj
нәтижесіз	A1,ADV	adj+adv
нөкер	N1	n
нөл	N1,NUM	n+num
нөмір	N1	n
нөмір%	N1	n
нөмірле	V-TV	v-trans
нөмірлеуіш	N1	n
нөмірлі	A3	adj
нөруыз	N1	n
нөсер	N1	n
нөсерлік	A4	adj
о	INTERJ	interj
оазис	N5	n
оба	N1	n
обелиск	N1	n
обертон	N1	n
обесцвеченные	A4	adj
обком	N1	n
обл.	ABBR	abbr
облигация	N5	n
облыс	N1	n
облысаралық	A4	adj
облыстық	A4	adj
образ	N1	n
образды	A1	adj
обсерватория	N1	n
обсидиан	N1	n
обструкция	N1	n
объект	N6	?
объектив	N1	n
объективация	N1	n
объективистші	N1	n
объективті	A4,ADV	adj+adv
объективтік	A4	adj
объектілік	A4	adj
обырлық	N1	n
обығу	N1	n
овация	N1	n
овоцит	N1	n
овуляция	N1	n
огр	N1	n
ода	N1	n
одан%	ADV,POST-ABL	adv
одағай	N1	n
одақ	N1	n
одақтас	N1	n
одақтастық	N1	n
одақтасу	N1	n
одақтық	A4	adj
одеон	N1	n
одонтолог	N1	n
одонтология	N1	n
оенология	N1	n
ожар	A1	adj
ожау	N1	n
оз	V-IV	v-intrans
оза%	V-TV	v-trans
озат	N1	n
озбырлық	N1	n
озбырлық%	V-TV	v-trans
озон	N1	n
озу	N1	n
озып%	V-TV	v-trans
озық	A1,ADV	adj+adv
озықтық	N1	n
озғын	N1	n
ой	INTERJ,N1,V-TV	interj+n+v-trans
ой%	V-IV	v-intrans
ой-өріс	N1	n
ойбай	INTERJ	interj
ойбайла	V-IV	v-intrans
ойда%	A4,V-IV	adj+v-intrans
ойда-жоқта	ADV	adv
ойдағыдай	A1,ADV	adj+adv
ойла	V-TV	v-trans
ойламай	ADV	adv
ойламайтын	A1	adj
ойлампаз	A1	adj
ойлан	V-IV	v-intrans
ойлана	ADV	adv
ойланбастан	ADV	adv
ойландыр	V-TV	v-trans
ойланылған	A1	adj
ойланып-толған	V-IV	v-intrans
ойланған	A1	adj
ойлап%	A1,N1,V-IV,V-TV	adj+n+v-intrans+v-trans
ойлас	V-IV	v-intrans
ойластыр	V-TV	v-trans
ойлау	N1	n
ойлаусыз	A1	adj
ойлы	A1	adj
ойлылық	N1	n
оймақ	N1	n
оймақгүл	N1	n
оймен	A1	adj
ойна	V-TV	v-trans
ойнап%	V-IV	v-intrans
ойнат	V-IV	v-intrans
ойнатушы	N1	n
ойнақшыт	V-IV	v-intrans
ойнақы	A2,ADV	adj+adv
ойпат	N1	n
ойран%	V-TV	v-trans
ойранды	A1	adj
ойраншөп	N1	n
ойраңда	V-IV	v-intrans
ойсыз	A1	adj
ойсыра	V-IV	v-intrans
ойша	ADV	adv
ойшаң	A1	adj
ойшыл	N1	n
ойыл	V-TV	v-trans
ойымша	ADV	adv
ойын	N1	n
ойын%	N-COMPOUND-PX	?
ойын-сауық	A1,N1	adj+n
ойындық	A1	adj
ойынхана	N1	n
ойынша	CA	?
ойыншы	N1	n
ойыншыл	A1	adj
ойыншық	N1	n
ойып%	V-TV	v-trans
ойыс	A1	adj
ойыстық	N1	n
ойық	N1	n
ойыңша	ADV	adv
ойға%	N1,V-IV,V-TV	n+v-intrans+v-trans
ойқаста	V-IV	v-intrans
окарина	N1	n
океанография	N1	n
океанографиялық	A1	adj
океанология	N1	n
окклюзия	N1	n
оккультизм	N1	n
окрошка	N1	n
округ	N1	n
округтік	A4	adj
оксидоредуктаза	N1	n
окситанша	ADV-LANG	adv
окситоникалық	A4	adj
окситоцин	N1	n
оксюморон	N1	n
окт.	ABBR	abbr
октава	N1	n
октавия	N1	n
октант	N1	n
октаэдр	N1	n
октет	N1	n
окуляр	N1	n
ол	DET-DEM	?
олай	ADV	adv
олай%	ADV	adv
олақ	A2	adj
олеография	N1	n
олефин	N1	n
олжа	N1	n
олжалы	A3	adj
олигархия	N1	n
олигархтық	A4	adj
олигополия	N1	n
олигосахарид	N1	n
олиготрофты	A4	adj
олигоцен	N1	n
олигурия	N1	n
олимпиада	N1	n
олимпиадалық	A1	adj
олқы	A1	adj
олқылық	N1	n
олқысын	V-IV	v-intrans
ом	N1	n
омандық	A4	adj
омарта	N1	n
омарташ	N1	n
омарташы	N1	n
омарташылық	N1	n
омега	N1	n
омикалық	A4	adj
омлет	N1	n
омоморфты	A4	adj
омонимия	N1	n
омофон	N1	n
омофония	N1	n
омыр	V-TV	v-trans
омыртқа	N1	n
омыртқалы%	N1	n
омыртқасыз	A1	adj
омыртқасыздар	N1	n
он	NUM	num
он%	A4,N1,NUM	adj+n+num
оналтылық	A4	adj
онбуын	N1	n
онда	ADV,CS	adv
ондай%	CS	?
ондатр	N1	n
ондаған	DET-QNT	det
ондық	N1	n
ондықтан	CA	?
онжылдық	N1	n
оникс	N1	n
онколог	N1	n
онкология	N1	n
онлайн	A1,N1	adj+n
ономасиологикалық	A4	adj
ономатология	N1	n
ономатопея	N1	n
онтогенез	N1	n
онтология	N1	n
онтологиялық	A4	adj
оншалық	ADV	adv
оогамия	N1	n
ооцит	N1	n
оп	N1	n
опа	N1	n
опала	V-TV	v-trans
опалесценция	N1	n
опасыз	A1,N1	adj+n
опасыздық	N1	n
опат	N1	n
опера	N1	n
опералық	A1	adj
операнд	N1	n
оперативті	A1	adj
оператор	N5	n
операция	N1	n
операция%	V-TV	v-trans
операциялық	A4	adj
оперетта	N1	n
оппозиция	N1	n
оппозициялық	A4	adj
оппонент	N1	n
оппортунизм	N1	n
оппортунистік	A4	adj
опричник	N1	n
оптация	N1	n
оптик	A4,N1	adj+n
оптика	N1	n
оптикалық	A4	adj
оптикші	N1	n
оптимальді	A1	adj
оптимизм	N5	n
оптимист	N1	n
оптимистік	A1	adj
оптимум	A1	adj
оптометрии	N1	n
оптоэлектронды	A4	adj
оптрон	N1	n
опция	N1	n
опын	V-IV	v-intrans
опыр	V-TV	v-trans
опырыл	V-IV	v-intrans
опық	N1	n
ор	V-TV	v-trans
ор%	N1	n
ора	V-TV	v-trans
ораза	N1	n
орай	N1,POST-DAT	n+post
орайлы	A3	adj
орал	N1,V-IV	n+v-intrans
орал-моңғолдық	A1	adj
оралдық	A1	adj
оралман	N1	n
оралу	N1	n
оралымды	A1	adj
оралған	A1	adj
оралғы	N1	n
орам	N1	n
орама	N1	n
орамал	N1	n
орамды	A1	adj
орамжапырақ	N1	n
оран	V-TV	v-trans
орангутанг	N1	n
оранжад	N1	n
орап%	V-TV	v-trans
орасан	ADV	adv
орат	V-TV	v-trans
оратория	N1	n
орау	N1	n
ораулы	A3	adj
ораушы	N1	n
орауыш	N1	n
орашолақ	A1	adj
орағыт	V-TV	v-trans
орақ	N1	n
орбита	N1	n
орбиталық	A4,N1	adj+n
оргазм	N1	n
оргазмдық	A4	adj
орган	N1	n
органелла	N1	n
организм	N5	n
организмдік	A4	adj
органик	A4	adj
органикалық	A4	adj
органист	N1	n
органицизм	N1	n
органография	N1	n
органоид	N1	n
органотерапия	N1	n
оргастикалық	A4	adj
оргия	N1	n
орда	N1	n
орден	N1	n
ордер	N1	n
ориентализм	N1	n
орк	N1	n
оркестр	N1	n
оркестрге%	N1	n
оркестрлік	A4	adj
орла	V-TV	v-trans
орле	N1	n
орман	N1	n
орман%	N-COMPOUND-PX,N1	n
орманды	A3	adj
орманды%	N1	n
ормансыз	A1	adj
орманшы	N1	n
орна	V-IV	v-intrans
орналас	V-IV	v-intrans
орналастыр	V-TV	v-trans
орналастыру	N1	n
орналастырушы	N1	n
орналастырыл	V-IV	v-intrans
орналастырылған	A1	adj
орналасу	N1	n
орналасып%	V-IV	v-intrans
орналасқан	A1	adj
орналасқан%	N1	n
орнат	V-TV	v-trans
орнату	N1	n
орнатыл	V-TV	v-trans
орнатылған	A1	adj
орнитология	N1	n
орны%	V-TV	v-trans
орнын%	V-TV	v-trans
орнына	POST	post
орнындағы	A3	adj
орнықты	A1	adj
орнықтыр	V-TV	v-trans
орогена	N1	n
орографикалық	A4	adj
орография	N1	n
орта	A1,ADV,N-INFL-NKI,N1	adj+adv+n
орта%	A1,N1	adj+n
ортадағы	A1	adj
орталық	A1,N1	adj+n
орталықтан	V-IV	v-intrans
орталықтандыр	V-TV	v-trans
орталықтандыру	N1	n
орталықтандырылған	A4	adj
ортасы	ADV,N-COMPOUND-PX	adv
ортасында	ADV	adv
орташа	A2,ADV,N1	adj+adv+n
орташа%	N1	n
ортақ	A2	adj
ортақ%	N1	n
ортақтас	N1,V-IV	n+v-intrans
ортаңғы	A1	adj
ортаңғылық	A4	adj
ортогнатикалық	A4	adj
ортогональды	A4	adj
ортодоксия	N1	n
ортодромия	N1	n
ортонормаланған	A4	adj
ортоорталық	N1	n
ортопед	N1	n
ортопедия	N1	n
ортоптерон	N1	n
ортохроматикалық	A4	adj
орттік	A4	adj
орушы	N1	n
орфография	N1	n
орфографиялық	A4	adj
орфоэпия	N1	n
орхидея	N1	n
орхиэктомия	N1	n
оршад	N1	n
орылған	A1	adj
орым	N1	n
орын	N1	n
орын%	N-COMPOUND-PX,N1	n
орынбасар	N1	n
орынбасушы	N1	n
орында	V-IV,V-TV	v-intrans+v-trans
орындал	V-IV	v-intrans
орындаларлық	A4	adj
орындалатын	A4	adj
орындалу	N1	n
орындалған	A1	adj
орындап%	V-TV	v-trans
орындатпау	N1	n
орындау	N1	n
орындаушы	N1	n
орынды	A1	adj
орындылық	N1	n
орындық	N1	n
орынсыз	ADV	adv
орынына	ADV	adv
орып%	V-TV	v-trans
орыс	N1-NAT	n
орыстандыру	N1	n
орысша	ADV-LANG	adv
осал	A1,A2	adj
осетинше	ADV-LANG	adv
осмий	N1	n
осоншама	ADV	adv
оспадарсыз	A4	adj
остеология	N1	n
остеосаркома	N1	n
остеоцит	N1	n
остиоль	N1	n
острацизм	N1	n
осциллограф	N1	n
осциллография	N1	n
осы	DET-DEM	?
осы%	A4,ADV,CA	adj+adv
осылай	ADV	adv
осылайша	ADV	adv
осынау	DET-DEM	?
осында	ADV	adv
осындай	DET-DEM,DET-IND	?
осыншама	ADV	adv
осып%	V-TV	v-trans
осьтік	A4	adj
осқыр	V-IV	v-intrans
от	N1	n
ота	N1,V-IV,V-TV	n+v-intrans+v-trans
отай	V-IV	v-intrans
отал	V-IV	v-intrans
оталгия	N1	n
оталдыр	V-TV	v-trans
оталдырғыш	N1	n
отан	A1,N1	adj+n
отандас	N1	n
отанды%	N1	n
отандық	A4	adj
отаншыл	N1	n
отаншылдық	A1,N1	adj+n
отанға%	V-IV	v-intrans
отар	N1	n
отарлау	N1	n
отарлық	A1,N1	adj+n
отаршылдық	N1	n
отаршылық	N1	n
отас	V-IV	v-intrans
отау	N1	n
отаға	N1	n
отбасы	N-COMPOUND-PX,N1	n
отбасылық	A4,N1	adj+n
отоларингология	N1	n
оториноларингология	N1	n
отряд	N1	n
отставка	N5	n
отставкаға%	V-IV	v-intrans
оттат	V-TV	v-trans
оттегі	N1	n
оттек	N1	n
отты	A1	adj
оттық	N1	n
отыз	NUM	num
отыз%	N1	n
отын	N1	n
отыншы	N1	n
отыр	V-IV,Vinfl-AUX,Vinfl-AUX-IMPF,Vinfl-AUX-IMPF-NEG	v-aux+v-intrans
отыра%	V-IV	v-intrans
отырыс	N1	n
отырықты%	N1	n
отырықшы	A4	adj
отырыңқыра	V-TV	v-trans
отырыңқырап	ADV	adv
отырғыз	V-IV,V-TV	v-intrans+v-trans
отырғызу	N1	n
отырғызыл	V-IV	v-intrans
отырғыш	N1	n
оу	INTERJ	interj
офицер	N1	n
официант	N1	n
офтальмия	N1	n
офтальмолог	N1	n
офтальмология	N1	n
офтальмологиялық	A4	adj
офтальмоскоп	N1	n
ох	INTERJ	interj
охлократия	N1	n
очерк	N1	n
ошаған	N1	n
ошақ	N1	n
ою	N1	n
ою-өрнек	N1	n
оюла	V-TV	v-trans
оюланған	A1	adj
оюлау	N1	n
оюлы	A3	adj
ояз	N1	n
оян	V-IV	v-intrans
оянусыз	A1	adj
оянған	A4	adj
оят	V-TV	v-trans
оятылған	A1	adj
ояу	A1	adj
оғаш	A1	adj
оғыз	N1	n
оқ	N1,V-TV	n+v-trans
оқ%	A1	adj
оқ-дәрілер	N1	n
оқа	N1	n
оқала	V-TV	v-trans
оқдәрі	N1	n
оқиға	N1	n
оқта	V-TV	v-trans
оқтай	A1	adj
оқталған	A1	adj
оқтау	N1	n
оқты	A1	adj
оқтұмсық	N1	n
оқу	A1,N1	adj+n
оқу%	N1,V-IV	n+v-intrans
оқуда	N1	n
оқулық	N1	n
оқушы	N1	n
оқушы%	N1	n
оқушылық	A4	adj
оқшау	A1,ADV,N1	adj+adv+n
оқы	V-IV,V-TV	v-intrans+v-trans
оқыл	V-IV	v-intrans
оқылмайтын	A4	adj
оқылым	N1	n
оқымаған	A1	adj
оқымысты	A1,N1	adj+n
оқып%	V-IV	v-intrans
оқып-тоқы	V-TV	v-trans
оқырман	N1	n
оқырман%	N-COMPOUND-PX,N1	n
оқыт	V-TV	v-trans
оқытушы	N1	n
оқытушылық	ADV,N1	adv+n
оқытыл	V-IV	v-intrans
оқытылатын	A4	adj
оқыған	A1	adj
оққағар	N1	n
оң	A1,V-IV	adj+v-intrans
оңай	A1	adj
оңайлан	V-IV	v-intrans
оңайлат	V-TV	v-trans
оңайлатылған	A1	adj
оңал	V-IV	v-intrans
оңалдыру	N1	n
оңалту	N1	n
оңаша	A1	adj
оңашалан	V-IV	v-intrans
оңашалану	N1	n
оңашалық	N1	n
оңбаған	A4,N1	adj+n
оңда	V-TV	v-trans
оңды	A1	adj
оңт.	ABBR	abbr
оңтайландыр	V-TV	v-trans
оңтайландыру	N1	n
оңтайлы	A3	adj
оңтайсыз	A1	adj
оңтүстік	A2,ADV,N1	adj+adv+n
оңтүстік%	A4	adj
оңтүстік-батыс	A2,ADV,N1	adj+adv+n
оңтүстік-шығыс	A2,N1	adj+n
оңтүстікке	ADV	adv
оңтүстіктік	N1	n
оңшыл	A4	adj
оңға	ADV	adv
оңған	A4	adj
оңқа	N1	n
оңқай	N1	n
пава	N1	n
павильон	N1	n
павлин	N1	n
пагинация	N1	n
пагода	N1	n
пайда	N1	n
пайда%	N1,V-IV	n+v-intrans
пайдакүнем	N1	n
пайдалан	V-TV	v-trans
пайдалана%	V-TV	v-trans
пайдалану	N1	n
пайдаланушы	N1	n
пайдаланылатын	A1	adj
пайдаланылмаған	A4	adj
пайдаланылу	A1	adj
пайдаланылған	A1	adj
пайдалы	A2,ADV	adj+adv
пайдалылық	N1	n
пайдасыз	A4,ADV	adj+adv
пайыз	N1	n
пайыздық	A4	adj
пайым	N1	n
пайымда	V-IV	v-intrans
пайымдауынша	CA	?
пайымды	A1	adj
пайғамбар	N1	n
пайғамбарлық	N1	n
пакет	N5	n
пакт	N1	n
паладин	N1	n
палаомагнетизм	N1	n
палата	N1	n
палатальды	A4	adj
палатинді	A4	adj
палатографикалық	A4	adj
палау	N1	n
палеоантроп	N1	n
палеогеография	N1	n
палеография	N1	n
палеографиялық	A4	adj
палеоклиматология	N1	n
палеолит	N1	n
палеолог	N1	n
палеонтолог	N1	n
палеонтология	N1	n
палеонтологиялық	A1	adj
палеотропикалық	A4	adj
палеоэкология	N1	n
палимпсест	N1	n
палиндром	N1	n
палинология	N1	n
палитра	N1	n
палладий	N1	n
паллиатив	A1	adj
паллий	N1	n
палуан	N1	n
палуба	N1	n
пальпация	N1	n
пампа	N1	n
памфлет	N1	n
пана	N1	n
панасыз	A1	adj
панацея	N1	n
панда	N5	n
пандемия	N1	n
панджабша	ADV-LANG	adv
панель	N1	n
паника	N1	n
панк	N5	n
панорамалық	A1	adj
пансион	N1	n
пантеизм	N1	n
пантера	N1	n
пантограф	N1	n
пантомима	N1	n
панхроматикалық	A4	adj
панчингбол	N1	n
папайя	N1	n
папалық	A1	adj
папарацци	N1	n
папиллома	N1	n
папирология	N1	n
папирус	N1	n
пар	N1	n
пара	N1	n
парабола	N1	n
параболалық	A4	adj
параболоид	N1	n
парагматикааралық	A4	adj
парадигма	N1	n
парадигмалық	A1	adj
парадокс	N1	n
парадоксты	A1,ADV	adj+adv
паразит	N1	n
паразитизм	N1	n
паразитология	N1	n
паразиттік	A4	adj
паралингвистикалық	A4	adj
паралич	N1	n
параллелепипед	N1	n
параллелизм	N1	n
параллелограмм	N1	n
параллель	N1	n
парамагнетизм	N1	n
параметр	N1	n
параметрлік	A4	adj
паранойя	N1	n
параномикалық	A4	adj
параномия	N1	n
парапет	N1	n
параплегия	N1	n
парапсихология	N1	n
парасат	N1	n
парасатты	A1	adj
парасаттылау	A1	adj
парасаттылық	N1	n
паратактикалық	A4	adj
параферналды	A4	adj
парафин	N1	n
парафинді	A4	adj
парафия	N1	n
парацетамол	N1	n
парашют	N1	n
парашютист	N1	n
парақ	N1	n
парақор	N1	n
парақта	V-IV	v-intrans
парақша	N1	n
паренхима	N1	n
паренхиматозды	A4	adj
парестезия	N1	n
парк	N1	n
паркет	N1	n
паркетші	N1	n
парламент	N1	n
парламентаризм	N1	n
парламенттік	A4	adj
паровоз	N1	n
пародия	N1	n
пароимология	N1	n
пароксизм	N1	n
парокситонды	A4	adj
паром	N1	n
паромшы	N1	n
пароним	N1	n
паронимия	N1	n
пароход	N1	n
парсек	N1	n
парсы	N1-NAT	n
парсылық	A4	adj
парсыша	ADV-LANG	adv
парта	N1	n
парталас	N1	n
партизан	N1	n
партизандық%	N1	n
партикуляризм	N1	n
партия	N1	n
партиялық	A4	adj
партконференция	N1	n
парус	N5	n
парфюмерия	N1	n
парыз	N1	n
парықсыз	A1	adj
паскаль	N1	n
паспорт	N1	n
паспортсыз	A1	adj
паспорттау	N1	n
пассивация	N1	n
пассивтеу	N1	n
пассивті	A4	adj
пастерлеу	N1	n
пасторалдік	A1	adj
пастырь	N1	n
пасық	A1	adj
паталогия	N1	n
патентте	V-TV	v-trans
патенттелген	A1	adj
патентті	A1	adj
патина	N1	n
патоген	N1	n
патогендік	A1	adj
патогенез	N1	n
патолог	N1	n
патология	N1	n
патологиялық	A4	adj
патофизиология	N1	n
патриарх	N1	n
патриархалдық	A4	adj
патриархат	N1	n
патриархтық	A4	adj
патриот	N1	n
патриотизм	N1	n
патриоттық	A4	adj
патритүзулік	A4	adj
патша	N1	n
патшайым	N1	n
патшалық	A1,N1	adj+n
патшалық%	N1,V-IV	n+v-intrans
патшаны%	N1	n
пацифизм	N1	n
пацифист	N1	n
паш%	V-TV	v-trans
паштет	N1	n
пақыр	A1	adj
пақырлық	N1	n
паң	A4	adj
пегматит	N1	n
пед.	ABBR	abbr
педагог	N1,N5	n
педагогика	N1	n
педагогикалық	A4	adj
педаль	N1	n
педантты	A4	adj
педераст	N1	n
педерастия	N1	n
педерасты	A4	adj
педиатрия	N1	n
педикюр	N1	n
пединститут	N1	n
педипальпус	N1	n
педогамия	N1	n
педология	N1	n
педофил	N1	n
пейзаж	N1	n
пейзаждық	A4	adj
пейіл	N1	n
пейілділік	N1	n
пейіш	N1	n
пектин	N1	n
пеллагра	N1	n
пенал	N1	n
пенде	N1	n
пенделік	A1	adj
пенициллин	N1	n
пенсия	N5	n
пентагое	N1	n
пентаметр	N1	n
пентоз	N1	n
пепсина	N1	n
пептид	N1	n
пергамент	N1	n
перде	N1	n
пердебет	N1	n
переклиналды	A4	adj
перзент	N1	n
перзентхана	N1	n
периант	N1	n
перигляциалды	A4	adj
перидотит	N1	n
перизат	N1	n
перикарда	N1	n
перикарпий	N1	n
перикраний	N1	n
перилимфа	N1	n
периметр	N1	n
периневрий	N1	n
период	N1	n
периодты	A4,ADV	adj+adv
периодтық	A4	adj
перископ	N1	n
перифериялық	N1	n
перкуссия	N1	n
перламутр	N1	n
перлюстрация	N1	n
перне	N1	n
пернетақта	N1	n
перпендикуляр	N1	n
персонал	N1	n
перспектива	N5	n
перспективалық	A4	adj
перспективасыз	A1	adj
перспективизм	N1	n
перфекционизмом	N1	n
перфекционист	N1	n
перфорация	N1	n
пері	N1	n
періште	N1	n
періштелі	A4	adj
песета	N1	n
пессимистикалық	A1	adj
пестик	N1	n
пестицид	N1	n
петалит	N1	n
петанг	N1	n
петит	N1	n
петиция	N1	n
петлица	N1	n
петрификация	N1	n
петроглиф	N1	n
петрография	N1	n
петрология	N1	n
петроферрикалық	A4	adj
печенье	N1	n
пеш	N1	n
пешка	N1	n
пешші	N1	n
пианино	N1	n
пианист	N1	n
пиаса	N1	n
пигмент	N1	n
пиджак	N1	n
пикет	N1	n
пикник	N1	n
пикофарада	N1	n
пиксель	N1	n
пиктограмма	N1	n
пиктография	N1	n
пиктографиялық	A4	adj
пилинг	N1	n
пилорус	N1	n
пилотаж	N1	n
пилотажды	A4	adj
пилюля	N1	n
пилястр	N1	n
пима	N1	n
пимиенто	N1	n
пингвин	N1	n
пионер	N1	n
пирамида	N1	n
пирамидалық	A1	adj
пирамидальды	A1	adj
пиранометр	N1	n
пират	N1	n
пиреноид	N1	n
пирит	N1	n
пирог	N1	n
пироманьяк	N1	n
пирометр	N1	n
пирометрия	N1	n
пиротехник	N1	n
пиротехника	N1	n
пирс	N1	n
пирсинг	N1	n
пируэт	N1	n
питон	N1	n
пифагор	N1	n
пицца	N1	n
пиццерия	N1	n
пияз	N1	n
пиғыл	N1	n
плагиат	N1	n
плазма	N1	n
плазмид	N1	n
плазмолемма	N1	n
плазмоцит	N1	n
планер	N1	n
планета	N1	n
планетааралық	A4	adj
планеталық	A4	adj
планетология	N1	n
планиметрия	N1	n
планисфера	N1	n
планктон	N1	n
плантация	N1	n
планшет	N1	n
пластид	N1	n
пластик	N1	n
пластика	N1	n
пластикалық	A4	adj
пластинка	N1	n
пластификация	N1	n
пластмасса	N1	n
платина	N1	n
платонды	A4	adj
платонизм	N1	n
платформа	N1	n
платформалық	A4	adj
плацебо	N1	n
плацкарт	N1	n
плебей	N1	n
плебисцит	N1	n
плебисцитті	A1	adj
плевралық	A4	adj
плеер	N1	n
плейбой	N1	n
пленарлық%	N1	n
плеоназм	N1	n
плинтикалық	A4	adj
плутократикалық	A4	adj
плутократия	N1	n
плутондық	A4	adj
плутоний	N1	n
плювиалді	A4	adj
плювиометрия	N1	n
плюрализм	N1	n
плюралист	N1	n
плюрилингвизм	N1	n
плюс	N5	n
пневматикалы	A3	adj
пневматикалық	A4	adj
пневмококк	N1	n
пневмония	N1	n
повес	N1	n
повест	N1	n
повесть	N1	n
подиум	N1	n
подкаст	N1	n
поднос	N1	n
подполковник	N1	n
поезд	N1	n
позитивизм	N1	n
позитивті	A1	adj
позиция	N1	n
позициялау	N1	n
позициялық	A4	adj
пойкилотермді	A4	adj
пойыз	N1,N5	n
покер	N1	n
полениферлі	A4	adj
полиамид	N1	n
полиандрия	N1	n
поливалентті	A4	adj
поливитаминді	A1	adj
полигамды	A4	adj
полигамия	N1	n
полигенді	A4	adj
полигенетикалық	A4	adj
полигидрон	N1	n
полигон	N1	n
полиграфия	N1	n
поликарбонат	N1	n
поликристалды	A4	adj
полимер	N1	n
полимераз	N1	n
полимерлік	A4	adj
полиметалл	N1	n
полиморфизм	N1	n
полиморфты	A4	adj
полип	N1	n
полипептид	N1	n
полисахарид	N1	n
полисемия	N1	n
полиспермия	N1	n
политеизм	N1	n
политеистиялық	A1	adj
политехникаландыру	N1	n
политехникалық	A4	adj
политизация	N1	n
политика	N1	n
политрук	N1	n
политэкономия	N1	n
полифония	N1	n
полифониялық	A1	adj
полицей	N5	n
полициклды	A4	adj
полицитемия	N1	n
полиция	N1	n
полицмейстер	N1	n
полиэстер	N1	n
полиөлшемді	A4	adj
полк	N1	n
полковник	N1,N5	n
полковниқ	N1	n
полктес	N1	n
полктық	A4	adj
поллуцит	N1	n
полоний	N1	n
полюс	N5	n
поляк	N1-NAT	n
полякша	ADV-LANG	adv
поляризация	N1	n
поляриметр	N1	n
полярлық	A1,N1	adj+n
полярография	N1	n
поляршы	N1	n
помология	N1	n
пони	N1	n
понтификат	N1	n
пончо	N1	n
поп	N1	n
популист	A1	adj
популярсыз	A1	adj
популяция	N1	n
популяциялық	A4	adj
пора	N1	n
порно	N1	n
порнография	N1	n
порт	N1	n
портал	N1	n
портик	N1	n
портрет	N1	n
портреттік	A1	adj
портты	A1	adj
португал	N1	n
португалша	ADV-LANG	adv
португальдік	A1	adj
портфель	N1	n
портшы	N1	n
портье	N1	n
поручик	N1	n
порфирия	N1	n
порция	N1	n
поссибилизм	N1	n
пост	N5	n
постбасылым	N1	n
посткеңестік	A4	adj
постмодерн	A1,N1	adj+n
постмодернизм	N1	n
постпродакшн	N1	n
постскриптум	N1	n
постсоветтік	A4	adj
постулат	N1	n
постық	A4	adj
потамология	N1	n
потенциал	N1	n
потенциалдылық	N1	n
потенциалдық	A4	adj
потенциометр	N1	n
потенциометрия	N1	n
почта	N1	n
почташы	N1	n
пошта	N1	n
пошталық	A1	adj
пошталық%	N1	n
пошташы	N1	n
поэзия	N1	n
поэзиялық	A4	adj
поэма	N1	n
поэтика	N1	n
поэтикалық	A4	adj
правитель	N1	n
православие	N1	n
православиелік	N1	n
прагматизм	N1	n
прагматик	N1	n
прагматикалы	ADV	adv
прагматикалық	A1	adj
празеодимий	N1	n
прайм-тайм	N1	n
практик	N1	n
практика	N1	n
практикалық	A4	adj
прапорщик	N1	n
преамбула	N5	n
предикация	N1	n
преднизон	N1	n
презентация	N1	n
презерватив	N1	n
президент	N1	n
президенттік	A4,N1	adj+n
президиум	N1	n
презумпция	N1	n
прелюдия	N1	n
премаксилла	N1	n
премия	N1	n
премоляр	N1	n
премьер	N1	n
премьер-министр	N5	n
премьера	N1	n
премьера%	V-TV	v-trans
препарат	N1	n
прерия	N1	n
претоникалық	A4	adj
преторий	N1	n
префектура	N1	n
префикс	N1	n
префиксация	N1	n
прецендент	N1	n
прецессия	N1	n
прибор	N1	n
призма	N1	n
призмалық	A4	adj
приказ	N1	n
примат	N1	n
примитивті	A1	adj
примус	N1	n
принтер	N1	n
принцип	N1,N5	n
принципті	A1	adj
прион	N1	n
приорат	N1	n
приоритет	N1	n
приставка	N1	n
проблема	N5	n
проблемалы	A3	adj
провансаль	N1	n
провинциалды	A1	adj
провинциализм	N1	n
провинция	N5	n
провославиелік	A1	adj
прогибиционистті	A4	adj
программа	N1	n
программала	V-TV	v-trans
программалау	N1	n
прогресс	N1	n
прогрессивтік	A4	adj
прогрессия	N1	n
прогресшіл	A1	adj
продюсер	N1	n
проект	N1	n
проектор	N1	n
прожектор	N1	n
проза	N1	n
прозалық	A4	adj
прозелитизм	N1	n
проконсульдік	N1	n
проксимальді	A4	adj
прокуратура	N1	n
прокурор	N1	n
пролапс	N1	n
пролетариат	N1	n
пролетарландыру	N1	n
пролог	N1	n
промоутер	N1	n
промышленность	N1	n
прономинация	N1	n
пропарокситон	A4	adj
пропеллер	N1	n
пропилеий	N1	n
пропилен	N1	n
пропозиционалды	A4	adj
пропорционал	A4	adj
пропорционалды	ADV	adv
пропорционалдық	A4	adj
пропорция	N1	n
пропорциялы	A3	adj
пропорциясыздық	N1	n
пропуск	N1	n
прорейт	N1	n
проректор	N1	n
просодикалық	A4	adj
просодия	N1	n
простагландин	N1	n
простата	N1	n
простатикалық	A4	adj
простильді	A4	adj
прострация	N1	n
просцениум	N1	n
протез	N1	n
протезді	A4	adj
протеин	N1	n
протеиназа	N1	n
протеинурия	N1	n
протекторат	N1	n
протекционистік	A1	adj
протестант	N1	n
протестанттық	A1	adj
протий	N1	n
протозун	N1	n
протон	N1	n
протоплазма	N1	n
протоплазмалық	A4	adj
прототип	N1	n
протофибрилла	N1	n
протромбин	N1	n
профессионал	N1	n
профессионализм	N1	n
профессор	N5	n
профилактикалық	A4	adj
профиль	N1	n
процедура	N1	n
процедуралық	A1	adj
процент	N5	n
процентсіз	A1	adj
процентті	A1	adj
процесс	N5	n
процессор	N1	n
прустит	N1	n
псалмдардың%	N-COMPOUND-PX	?
псалтерион	N1	n
псаммофильді	A4	adj
псевдожай	A4	adj
псевдоподия	N1	n
псевдоғылым	N1	n
псевдоғылыми	A4	adj
психастения	N1	n
психиатр	N1	n
психиатрия	N1	n
психиатриялық	A1	adj
психизм	N1	n
психикалық	A4	adj
психоактивті	A1	adj
психолог	N1	n
психология	N1	n
психологиялы	ADV	adv
психологиялық	A4	adj
психопат	N1	n
психопатология	N1	n
психосоматикалық	A1	adj
психосоциологиялық	A1	adj
психоталдаулық	A4	adj
психотерапия	N1	n
психотехникалық	A4	adj
психофармакологиялық	A4	adj
психофизиология	N1	n
психофизиологиялық	A4	adj
психрометр	N1	n
птиалин	N1	n
пуантилизм	N1	n
пуантилисті	A4	adj
публицист	N1	n
публицистика	N1	n
пудинг	N1	n
пулемет	N1	n
пулеметші	N1	n
пульмонология	N1	n
пульсар	N1	n
пульт	N1	n
пума	N1	n
пункт	N1	n
пунктирлік	A1	adj
пунктуация	N1	n
пуризм	N1	n
пурист	N1	n
пуритан	N1	n
пуританизм	N1	n
пурпура	N1	n
пустула	N1	n
пуф	N1	n
пуэрперий	N1	n
пырыл	N1	n
пыс	IDEO	interj
пыстыр	V-TV	v-trans
пысылда	V-TV	v-trans
пысына	V-IV	v-intrans
пысыт	V-TV	v-trans
пысық	A1,N1	adj+n
пысықта	V-TV	v-trans
пысықтауыш	N1	n
пысқыр	V-IV	v-intrans
пысқыру	N1	n
пышақ	N1	n
пышақшы	N1	n
пышылда	V-TV	v-trans
пьезоэлектрикалық	A4	adj
пьеса	N1	n
пікір	N1	n
пікір%	V-IV	v-intrans
пікірлес	N1,V-IV	n+v-intrans
пікірсайыс	N1	n
пікірталас	N1	n
пікірталастық	A1	adj
пікіртерім	N1	n
пікірінше	CA	?
піл	N1	n
піл%	N-COMPOUND-PX,N1	n
піллә	N1	n
пір	N1	n
пірәдар	A1,N1	adj+n
піс	V-TV	v-trans
пісек	N1	n
піскен	A1	adj
піспекші	N1	n
пісте	N1	n
пісіп%	V-IV	v-intrans
пісір	V-TV	v-trans
пісіру	N1	n
пісіруші	N1	n
пісірілген	A1	adj
піш	V-TV	v-trans
пішен	N1	n
пішен%	N1	n
піштіру	N1	n
піштірілген	A1	adj
пішілген	A1	adj
пішім	N1	n
пішін	N1	n
пішінді	A1	adj
пішінсіз	A1	adj
пішіп-кес	V-TV	v-trans
пұлсыз	A1	adj
пұрсатты	A1	adj
пұт	N1	n
пұтқа%	A4,N1	adj+n
пұшық	A1	adj
пәк	A4,ADV,N1	adj+adv+n
пәктік	N1	n
пәкістандық	A4	adj
пәлден	V-TV	v-trans
пәле	N1	n
пәлендей	A1	adj
пәленше	N1	n
пәлеқор	A1,N1	adj+n
пәлсапа	N1	n
пән	N1	n
пәнаралық	A1,N1	adj+n
пәндік	A1	adj
пәрменді	A1	adj
пәруайсыз	A1	adj
пәтер	N1	n
пәтерақы	N1	n
пәтерші	N1	n
пәтуәлі	A3	adj
радар	N1	n
радиан	N1	n
радиация	N1	n
радиациялық	A4	adj
радий	N1	n
радикал	N1	n
радикалдық	A4	adj
радикализм	N1	n
радикация	N1	n
радилогия	N1	n
радио	N1	n
радиоактивті	A4	adj
радиоактивтік	N1	n
радиоактивтілік	N1	n
радиоастрономия	N1	n
радиобайланыс	N1	n
радиография	N1	n
радиоизотоп	N1	n
радиокедергі	N1	n
радиоландыру	N1	n
радиология	N1	n
радиолокация	N1	n
радиолокациялық	A4	adj
радиолық	A1	adj
радиометр	N1	n
радиометрия	N1	n
радиомұнара	N1	n
радионавигация	N1	n
радионуклид	N1	n
радионүкте	N1	n
радиопеленгация	N1	n
радиоскопия	N1	n
радиостанция	N1	n
радиостудия	N1	n
радиотелеграфия	N1	n
радиотелефония	N1	n
радиотерапия	N1	n
радиотехникалық	A4	adj
радиоторап	N1	n
радиофония	N1	n
радиохабар	N1	n
радиоэлектрондық	A4	adj
радиоқабылдағыш	N1	n
радиус	N1	n
радон	N1	n
разряд	N1	n
разы	A3	adj
разылық	N1	n
рай	N1	n
райлан	V-IV	v-intrans
райлас	V-IV	v-intrans
район	N1	n
райхан	N1	n
ракель	N1	n
ракета	N1	n
ракеталық	A4	adj
ракетаға%	A1	adj
рама	N1	n
рамка	N1	n
рамкала	V-TV	v-trans
ранет	N1	n
ранетка	N1	n
ранчо	N1	n
ранчошы	N1	n
рапа	N1	n
рапс	N1	n
рапсодист	N1	n
рапсодия	N1	n
раритет	N1	n
рас	N1	n
расизм	N1	n
раста	V-TV	v-trans
растама	N1	n
растаттыру	N1	n
растау	N1	n
расытхана	N1	n
ратификация	N1	n
ратификацияла	V-TV	v-trans
ратицид	N1	n
рауаят	N1	n
раунд	N1	n
раушан	N1	n
рауғаш	N1	n
рафинация	N1	n
рафия	N1	n
рахметі%	A4	adj
рацион	N1	n
рационалды	A1	adj
рационализация	N1	n
рационализм	N1	n
рация	N1	n
рақат	N1	n
рақаттан	V-IV	v-intrans
рақаттандыр	V-TV	v-trans
рақаттанған	A1	adj
рақмет	INTERJ,N1	interj+n
рақым	N1	n
рақымды	A1	adj
рақымдылық	N1	n
рақымсыз	A1	adj
рақымшыл	A1	adj
рақымшылық	N1	n
реагент	N1	n
реактивті	A1	adj
реактивті%	N1	n
реактивтік	A4	adj
реактивтілік	N1	n
реактор	N1	n
реакция	N1	n
реакциялық	A4,N1	adj+n
реакцияшыл	A4	adj
реал	A1	adj
реалдық	N1	n
реализм	N1	n
реалистік	A4	adj
реалия	N1	n
реанимация	N1	n
реанимациялық	A4	adj
ревальвация	N1	n
ревизионизм	N1	n
ревизионист	A1	adj
ревизия	N1	n
ревматизм	N1	n
революционер	N1	n
революционерлік	N1	n
революция	N1	n
революциялық	A4	adj
революцияшыл	A1,A4	adj
революцияға%	A1	adj
регалия	N1	n
регби	N1	n
регенерация	N1	n
регенерациялық	A4	adj
регенттік	N1	n
регион	N1	n
регламенттеу	N1	n
регресс	N1	n
регрессивтік	A4	adj
регрессия	N1	n
регуляризация	N1	n
ред.	N1-ABBR	?
редактор	N1	n
редакция	N5	n
редакциялық	N1	n
редакциялық%	N1	n
редизайн	N1	n
редукционизм	N1	n
редукционист	N1	n
редукция	N1	n
редукцияланған	N1	n
редукцияланғанa	N1	n
редупликация	N1	n
реестр	N5	n
реж	N1	n
режим	N1	n
режиссер	N1	n
режиссерлік	A4	adj
режиссура	N1	n
резекция	N1	n
резерв	N1	n
резервация	N1	n
резервист	N1	n
резервте	V-TV	v-trans
резервтік	A4	adj
резервуар	N1	n
резеңке	N1	n
резиденция	N5	n
резистор	N1	n
резонанс	N1	n
резонатор	N1	n
реинвестиция	N1	n
реинкарнация	N1	n
реинтеграция	N1	n
рейд	N1	n
рейтинг	N1	n
рейтингілік	A4	adj
реквием	N1	n
реквизит	N1	n
реквизиция	N1	n
реккурентті	A1	adj
рекомбинация	N1	n
реконверсия	N1	n
реконструкция	N1	n
реконфигурация	N1	n
рекорд	N1	n
ректификация	N1	n
ректор	N1	n
ректор%	N-COMPOUND-PX	?
рекурсивті	A1	adj
рекурсия	N1	n
релаксация	N1	n
реле	N1	n
релевантты	A1	adj
рельеф	N1	n
рельс	N1	n
релятивизм	N1	n
релятивистік	A1	adj
реляциялық	A1	adj
ремиссия	N1	n
ренатурализация	N1	n
ренессанс	N1	n
ренж	V-IV	v-intrans
ренжулі	A2	adj
ренжі	V-IV	v-intrans
ренжіген	A1	adj
ренжімейтін	A1	adj
ренжіт	V-TV	v-trans
ренжітуші	N1	n
рений	N1	n
рентабельді	A1	adj
рентген	N1	n
рентгений	N1	n
рентгенография	N1	n
рентгенолог	N1	n
рентгенология	N1	n
рентгеноскопия	N1	n
рентгенотерапия	N1	n
реніш	N1	n
ренішті	A4	adj
реология	N1	n
репарация	N1	n
репатриация	N1	n
репертуар	N1	n
репетиция	N1	n
репортер	N1	n
репрессалия	N1	n
репрография	N1	n
репродукция	N1	n
рептилия	N1	n
ресейлік	N1-NAT	n
рескрипт	N1	n
ресми	A4,ADV,N1	adj+adv+n
ресми%	N1	n
ресмилік	N1	n
респонсорий	N1	n
республика	N1	n
республикалық	A4,N1	adj+n
республиканизм	N1	n
реставрация	N1	n
реставрациялық	A4	adj
реституция	N1	n
рестлинг	N1	n
ресурс	A1,N5	adj+n
рет	N1	n
рет-ретімен	ADV	adv
ретардация	N1	n
ретикулоцит	N1	n
ретинопатия	N1	n
ретке%	V-TV	v-trans
реторсия	N1	n
реторт	N1	n
ретрансляция	N1	n
ретроград	A1	adj
ретроцессия	N1	n
ретсіз	A1	adj
ретте	V-IV,V-TV	v-intrans+v-trans
реттел	V-IV	v-intrans
реттелген	A1	adj
реттелетін	A4	adj
реттелмеген	A4	adj
реттеп%	V-TV	v-trans
реттеу	N1	n
реттеуші	N1	n
реттеуіш	N1	n
реттік	A1	adj
реттік%	N1	n
ретушь	N1	n
ретінде	POST-NOM	post
референдум	N1	n
референт	N1	n
референция	N1	n
рефери	N1	n
рефлексия	N1	n
рефлексология	N1	n
рефлекторлық	A4	adj
рефляция	N1	n
реформа	N1	n
реформала	V-TV	v-trans
реформалаушы	N1	n
реформатор	N1	n
реформация	N1	n
реформашыл	A1	adj
реформашылық	N1	n
реформаға%	A1	adj
реформизм	N1	n
рефракция	N1	n
рецензия	N1	n
рецепт	N1	n
рецептор	N1	n
рецепция	N1	n
рецессивті	A4	adj
рециркуляция	N1	n
решка	N1	n
реэвакуация	N1	n
рең	N1	n
реңдену	N1	n
реңді	A1	adj
реңкті	A1	adj
риал	N1	n
рибонуклеин	N1	n
рибосома	N1	n
риза	A3	adj
ризала	V-TV	v-trans
ризалас	V-IV	v-intrans
ризалық	N1	n
ризалық%	V-TV	v-trans
ризашылық	N1	n
ризница	N1	n
ризық	N1	n
римдік	A1,A4,N1	adj+n
римдік%	N1	n
ринопластика	N1	n
ритм	N1	n
ритмика	N1	n
риторика	N1	n
риторикалық	A1	adj
риф	N1	n
риф%	V-TV	v-trans
рифейлік	A1	adj
рифма	N1	n
робот	N1	n
робототехника	N1	n
роботтық	A1	adj
рогоз	N1	n
род	N1	n
родео	N1	n
рождество	N1	n
розетка	N1	n
рок	N1	n
рок-ансамбль	N1	n
рокировка	N1	n
рококо	N1	n
рокфор	N1	n
роликті%	N1	n
роль	N1	n
рольдік	A4	adj
ром	N1	n
роман	N1	n
романдандыру	N1	n
романдық	A1	adj
романист	N1	n
романс	N1	n
романтизация	N1	n
романтизм	N5	n
романтик	A4	adj
романтика	N1	n
романтикалық	A4	adj
романшша	ADV-LANG	adv
ромб	N1	n
ромбоид	N1	n
рондо	N1	n
рота	N1	n
ротация	N1	n
ротацияла	V-TV	v-trans
ротациялық	A1	adj
ротор	N1	n
рояль	N1	n
ру	N1	n
руб	ABBR	abbr
рубай	N1	n
рубидий	N1	n
рубль	N1	n
руда	N1	n
рудиментарлық	A1	adj
рулас	N1	n
рулетка	N1	n
рулетка%	N1	n
рулық	A1	adj
руль	N5	n
румынша	ADV-LANG	adv
рундише	ADV-LANG	adv
рупий	N1	n
рупия	N1	n
рупор	N1	n
рутений	N1	n
рутил	N1	n
рух	N1	n
рух%	A4	adj
рухани	A3,ADV	adj+adv
руханиет	N1	n
рухтан	V-IV	v-intrans
рухтандыр	V-TV	v-trans
рухтандыратын	A1	adj
рухтандырушы	N1	n
ручка	N1	n
рынок	N1,N5	n
рыцарь	N1	n
рюкзак	N1	n
рюмка	N5	n
рүл	N1	n
рұқсат	N1	n
рұқсат%	A4,N1,V-IV,V-TV	adj+n+v-intrans+v-trans
рұқсатнама	N1	n
рұқсатты	A1	adj
рәміз	N1	n
рәсуала	V-TV	v-trans
рәсім	N1	n
рәсімдеу	N1	n
рәсімді	A1	adj
рәуіш	N1	n
рөл	N1	n
рөмке	N1	n
с.%	ABBR	abbr
саба	V-TV	v-trans
сабала	V-TV	v-trans
сабалан	V-IV	v-intrans
сабалақ	A1	adj
сабалақта	V-TV	v-trans
сабалған	A1	adj
сабан	N1	n
сабан%	N1	n
сабақ	N1	n
сабақта	V-TV	v-trans
сабақтан%	A1	adj
сабақтас	N1	n
сабақтастыр	V-TV	v-trans
сабақша	N1	n
саботаж	N1	n
саботажшы	N1	n
сабын	N1	n
сабын%	N1	n
сабында	V-TV	v-trans
сабынды	A1	adj
сабыр	A4,N1	adj+n
сабырландыр	V-TV	v-trans
сабырлы	A3,ADV	adj+adv
сабырлылық	N1	n
сабырлық	N1	n
сабырсыз	A1,ADV	adj+adv
сабырсыздан	V-IV	v-intrans
сабырсыздық	N1	n
саванна	N1	n
сага	N1	n
садақ	N1	n
садақа	N1	n
садақшы	N1	n
садизм	N1	n
садомазохизм	N1	n
саз	N1	n
сазгер	N1	n
саздан	V-IV	v-intrans
саздақшөп	N1	n
сазды	A1	adj
сазтас	N1	n
сазтопырақты	A4	adj
сай	A3,N1,V-TV	adj+n+v-trans
сай%	V-IV	v-intrans
сайла	V-TV	v-trans
сайламалы	A3	adj
сайлан	V-IV	v-intrans
сайланатындық	N1	n
сайланған	A1	adj
сайлат	V-TV	v-trans
сайлау	A1,N1	adj+n
сайлау%	N1	n
сайлаулы	A3	adj
сайлаушы	N1	n
сайлы	A3	adj
сайман	N1	n
сайманшы	N1	n
сайра	V-IV	v-intrans
сайрағыш	N1	n
сайсағыз	N1	n
сайт	N5	n
сайын	POST-NOM	post
сайыс	N1,V-IV	n+v-intrans
сайысушы	N1	n
сайқал	A2,N1	adj+n
сайқалдан	V-IV	v-intrans
сайқымазақ	N1	n
саксофон	N1	n
саксофонист	N1	n
сал	N1,V-TV,Vinfl-AUX	n+v-aux+v-trans
сал%	V-IV	v-intrans
сала	N1	n
салааралық	A4	adj
салаирлық	A1	adj
салалас	A1	adj
салалық	A4	adj
салат	N1	n
салауатты	A1	adj
салақ	A1	adj
салақта	V-IV	v-intrans
салаңда	V-IV	v-intrans
салбыра	V-IV,V-TV	v-intrans+v-trans
салбырат	V-TV	v-trans
салбыраған	A1	adj
салдар	N1	n
салдыра	V-IV	v-intrans
салдырла	V-IV	v-intrans
салжұқ	N1	n
салиқалы	A1	adj
салма	N1	n
салмақ	N1	n
салмақ%	N1	n
салмақты	A1,ADV	adj+adv
салмақтылан	V-IV	v-intrans
салмонелла	N1	n
салон	N1	n
салпақта	V-IV	v-intrans
салпит	V-TV	v-trans
салт	ADV,N1	adv+n
салт%	N1	n
салт-жора	N1	n
салтанат	N1	n
салтанатты	A2,ADV	adj+adv
салтанаттылық	N1	n
салтанаттық	A4	adj
салтақтану	N1	n
салттық	A4	adj
салушы	N1	n
салшы	N1	n
салым	N1,POST	n+post
салымсыз	A1	adj
салымшы	N1	n
салын	V-IV	v-intrans
салынған	A1	adj
салып%	V-TV	v-trans
салыстыр	V-TV	v-trans
салыстырма	A1	adj
салыстырмалы	A1,A4,ADV	adj+adv
салыстырмалы%	ADV,N1	adv+n
салыстырмалық	N1	n
салыстыру	N1	n
салыстырушы	N1	n
салыстырылым	N1	n
салыстырғанда	ADV	adv
салық	N1	n
салық%	A4,N1,V-TV	adj+n+v-trans
салықтық	A1	adj
сальто	N1	n
салют%	V-TV	v-trans
салями	N1	n
салғансы	V-IV	v-intrans
салқамдан	V-IV	v-intrans
салқын	A1,N1	adj+n
салқын%	V-IV	v-intrans
салқында	V-IV	v-intrans
салқындат	V-TV	v-trans
салқындатқыш	N1	n
салқындаған	A1	adj
салқындық	N1	n
самал	N1	n
самалда	V-IV	v-intrans
самалсыз	A1	adj
самарий	N1	n
самарқау	A1	adj
самарқаулан	V-IV	v-intrans
самбырла	V-IV	v-intrans
саммит	N5	n
самогон	N1	n
самогоншы	N1	n
самолет	N1	n
сампылда	V-IV	v-intrans
самса	N1	n
самурай	N1	n
самшит	N1	n
самырсын	N1	n
самұрық	N1	n
сан	N1	n
сан%	ADV	adv
сана	N1,V-TV	n+v-trans
саналатын	A4	adj
саналы	A3	adj
саналы%	ADV	adv
саналылық	N1	n
санамала	V-TV	v-trans
санап%	V-TV	v-trans
санас	V-IV	v-intrans
санаспа	V-IV	v-intrans
санасыз	A1	adj
санат	N1,V-IV	n+v-intrans
санау	N1	n
санау%	N1	n
санаулы	A3	adj
санаусыз	A1	adj
санауыш	N1	n
санация	N1	n
санақ	N1	n
санақшы	N1	n
сандал	V-IV	v-intrans
сандалбай	N1	n
сандуғаш	N1	n
сандырақ	N1	n
сандырақта	V-IV	v-intrans
сандырақтау	N1	n
сандық	A1,N1	adj+n
сандықша	N1	n
санитар	N1	n
санитария	N1	n
санитарлық	A1	adj
санкция	N5	n
санкцияла	V-TV	v-trans
санскритше	ADV-LANG	adv
сансыз	A1	adj
сантехник	N1	n
сантехника	N1	n
сантиметр	N1	n
сап	N1	n
сап%	N1,V-IV	n+v-intrans
сапа	N1	n
сапалы	A4	adj
сапар	N1	n
сапасыз	A2	adj
сапонит	N1	n
сапрофит	N1	n
сапталған	A4	adj
саптамалы	A3	adj
сапфир	N1	n
сапыр	V-IV	v-intrans
сапёр	N1	n
сарай	N1	n
сарала	V-TV	v-trans
саралайтын	A1	adj
саралан	V-IV	v-intrans
сараланатын	A4	adj
саралау	N1	n
сарап	N1	n
сараптама	N1	n
сарапшы	A1,N1	adj+n
сарапшылық	N1	n
сараң	A1,N1	adj+n
сарбаз	N1	n
сарбас	N1	n
сарбуын	N1	n
сардина	N1	n
сарказм	N1	n
саркомер	N1	n
саркопения	N1	n
саркоплазма	N1	n
саркофаг	N1	n
сарлық	N1	n
сарнаған	A4	adj
сарп%	V-TV	v-trans
сарсу	N1	n
сарсыту	N1	n
сарт	IDEO	interj
сарт%	V-IV	v-intrans
сартылда	V-IV	v-intrans
саругаку	N1	n
саршешек	N1	n
саршұнақ	N1	n
сары	A2,N1	adj+n
сары%	N1	n
сары-ақ%	N1	n
сарыауру	N1	n
сарыбауыр	N1	n
сарыгүл	N1	n
сарыжылан	N1	n
сарыкүзен	N1	n
сарымсақ	N1	n
сарын	N1	n
сарып	N1	n
сарысу	N1	n
сарысулы%	N1	n
сарғай	V-IV,V-TV	v-intrans+v-trans
сарғылттан	V-IV	v-intrans
сарғыш	A1	adj
сарғыштан	V-IV	v-intrans
сарқыл	V-IV	v-intrans
сарқылатын	A1	adj
сарқылда	V-IV	v-intrans
сарқылмалық	N1	n
сарқылмас	A1	adj
сарқылмаған	A1	adj
сарқын	N1	n
сарқыра	V-IV	v-intrans
сарқырама	N1	n
сарқыт	N1	n
сас	V-IV	v-intrans
састыр	V-TV	v-trans
сасы	V-IV	v-intrans
сасып%	V-IV	v-intrans
сасыған	A1	adj
сасық	A2	adj
сасық%	N1,V-IV	n+v-intrans
сасқалақта	V-IV	v-intrans
сат	V-TV	v-trans
сатин	N1	n
сатира	N1	n
сатиралық	A1	adj
сатирик	A4	adj
сатисфакция	N1	n
сатпақ	A1	adj
сатпақта	V-TV	v-trans
сатрап	N1	n
саттыр	V-TV	v-trans
сату	N1	n
сатурнизм	N1	n
сатушы	N1	n
саты	N1	n
сатыл	V-IV	v-intrans
сатылмайтындық	N1	n
сатылы	A3	adj
сатылым	N1	n
сатылық	A4	adj
сатылған	A1	adj
сатылғыш	A1	adj
сатын	V-IV	v-intrans
сатып%	N1,V-TV	n+v-trans
сатырла	V-IV	v-intrans
сатысыз	A1	adj
сатқын	N1	n
сатқындық	N1	n
сатқыншылық	N1	n
сау	A2,N1,V-TV	adj+n+v-trans
сауал	N1,V-IV	n+v-intrans
сауалнама	N1	n
сауатсыз	A1	adj
сауатсыз%	N1	n
сауатсыздық	N1	n
сауаттан	V-IV	v-intrans
сауатты	A1,ADV	adj+adv
сауаттылық	N1	n
сауда	A1,N1	adj+n
сауда%	N-COMPOUND-PX,N1,V-IV,V-TV	n+v-intrans+v-trans
сауда-саттық	N1	n
сауда-экономикалық	A4	adj
саудагер	N1	n
саудагерлер	N1	n
саудагерлік	A1,N1	adj+n
саудайы	A1	adj
саудала	V-TV	v-trans
саудалас	V-IV	v-intrans
саудалы	A1	adj
саудалық	A1	adj
саудалық%	N1	n
саудыра	V-IV	v-intrans
саула	V-IV	v-intrans
саулат	V-TV	v-trans
саумалдық	N1	n
сауна	N1	n
саусақ	N1	n
саусақяқтылар	N1	n
сауылатын	A1	adj
сауын	N1	n
сауысқан	N1	n
сауыт	N1	n
сауығу	N1	n
сауық	N1,V-IV	n+v-intrans
сауық%	N1	n
сауық-сайран	N1	n
сауықтыру	N1	n
сауықшы	N1	n
сауыққой	N1	n
саф	A1,N1	adj+n
сафари	N1	n
сафлор	N1	n
сахаралық	A2,N1	adj+n
сахарин	N1	n
сахароза	N1	n
сахна	N1	n
сахналаушы	N1	n
сахналық	A4	adj
сахнаға%	V-IV	v-intrans
сая	N1	n
саябан	N1	n
саябақ	N1	n
саябақшы	N1	n
саябырла	V-IV	v-intrans
саябырлан	V-IV	v-intrans
саябырлық	N1	n
саяжай	N1	n
саяжол	N1	n
саяз	A1	adj
саялы	A3	adj
саясат	N1	n
саясаткер	N1	n
саясаттану	N1	n
саясаттанушы	N1	n
саясатшы	N1	n
саяси	A4,ADV	adj+adv
саясиландыру	N1	n
саят	N1	n
саяхат	N1	n
саяхатта	V-IV	v-intrans
саяхатшы	N1	n
саға	N1	n
сағат	N1	n
сағат%	ADV,N1	adv+n
сағатта	ADV	adv
сағаттық	A4	adj
сағаттың%	N1	n
сағатшы	N1	n
сағақ	N1	n
сағыз	N1	n
сағым	N1	n
сағын	V-TV	v-trans
сағыныш	N1	n
сақ	A1,N1-NAT	adj+n
сақа	N1	n
сақал	N1	n
сақалды	A1	adj
сақалсыз	A1	adj
сақар	N1	n
сақаулан	V-TV	v-trans
сақаулық	N1	n
сақина	N1	n
сақиналы	A4	adj
сақиналы%	N1	n
сақпан	N1	n
сақта	V-TV	v-trans
сақтайтын	A1	adj
сақтал	V-IV	v-intrans
сақталу	N1	n
сақталушылық	N1	n
сақталған	A4	adj
сақтандыр	V-IV	v-intrans
сақтандыратын	A1	adj
сақтандыру	A1,N1	adj+n
сақтандырушы	N1	n
сақтандырғыш	N1	n
сақтанған	A1	adj
сақтау	N1	n
сақтаулы	A3	adj
сақтық	N1	n
сақшы	N1	n
саңлақ	A1	adj
саңылау	N1	n
саңылаусыздандыр	V-TV	v-trans
саңырау	A3	adj
саңырауқұлақ	N1	n
саңырауқұлақша	N1	n
саңғырлаған	A1	adj
свитер	N1	n
себебі	CA,CS	?
себеп	N1	n
себеп%	V-IV	v-intrans
себепкер	N1	n
себепсіз	A1	adj
себептес	A1,V-IV	adj+v-intrans
себепті	A1,ADV	adj+adv
себет	N1	n
себорея	N1	n
себу	N1	n
себуші	N1	n
себіл	V-IV	v-intrans
сегидилья	N1	n
сегменттеу	N1	n
сегрегационизм	N1	n
сегрегация	N1	n
сегун	N1	n
сегіз	NUM	num
сегіз%	A4,NUM	adj+num
сегізаяқ	N1	n
сегізбұрыш	N1	n
сегіздік	A4,N1	adj+n
сегіздікқұрылым	N1	n
сегізкөз	N1	n
седепті	A4	adj
седиментология	N1	n
сез	V-TV	v-trans
сезам	N1	n
сезгіш	A1	adj
сезгіштік	N1	n
сездір	V-TV	v-trans
сездірме	V-TV	v-trans
сезон	N1	n
сезу	N1	n
сезік	N1	n
сезіктен	V-IV	v-intrans
сезіктену	N1	n
сезікті	A1,ADV	adj+adv
сезіл	V-IV	v-intrans
сезім	N1	n
сезім%	A4	adj
сезімді	A1	adj
сезімсіз	A1	adj
сезімтал	A1	adj
сезімталдылық	N1	n
сезімталдық	N1	n
сезімшіл	A1	adj
сезін	V-IV	v-intrans
сезіндір	V-TV	v-trans
сезінетін	A1	adj
сезіну	N1	n
сезіп%	V-IV	v-intrans
сейм	N1	n
сейсенбі	N1	n
сейсмикалық	A1	adj
сейсмикалық%	N1	n
сейсмикалықтылық	N1	n
сейсмограмма	N1	n
сейсмограф	N1	n
сейсмография	N1	n
сейсмолог	N1	n
сейсмология	N1	n
сейсмологиялық	N1	n
сейф	N5	n
сейіл	V-IV	v-intrans
секвенсор	N1	n
секвойя	N1	n
секем	N1	n
секемден	V-IV	v-intrans
секемді	A1	adj
секемдік	N1	n
секемшіл	A1	adj
секемшілдік	N1	n
секпілді	A1	adj
секретарь	N1	n
секреция	N1	n
сексен	N1,NUM	n+num
сексеуіл	N1	n
сексология	N1	n
секстант	N1	n
секстет	N1	n
сексуалдылық	N1	n
секта	N1	n
сектандық	A1	adj
сектор	N1	n
секторлық	A1	adj
секуляризация	N1	n
секунд	N1	n
секунд%	ADV	adv
секция	N1	n
секіл	N1	n
секілді	ADV,POST-NOM	adv+post
секір	V-IV	v-intrans
секіргіш	N1	n
секірмелі	A3	adj
секіріп%	V-IV,V-TV	v-intrans+v-trans
сел	N1	n
селбес	N1	n
селбеу	N1	n
селдет	V-TV	v-trans
селдір	A1,N1	adj+n
селектор	N1	n
селекция	N1	n
селен	N1	n
селенит	N1	n
селеу	N1	n
селжұқ	N1	n
селитра	N1	n
селкілде	V-IV	v-intrans
селкілдеген	A1	adj
селкілдек	A1,N1	adj+n
селкілдет	V-TV	v-trans
село	N1	n
селолық	A4	adj
селсоқ	A1	adj
селсоқтық	N1	n
селт%	V-IV	v-intrans
селти	V-IV	v-intrans
селқос	A1	adj
селқостық	N1	n
семантикалық	A4	adj
семасиология	N1	n
семафор	N1	n
семенс	N1	n
семестр	N1	n
семинар	N1	n
семинарист	N1	n
семиолог	N1	n
семиология	N1	n
семитология	N1	n
семсер	N1	n
семсерші	N1	n
семьялы	A3	adj
семьясыз	A1	adj
семіз	A1,N1	adj+n
семір	V-IV	v-intrans
семірген	A1	adj
сен	V-IV	v-intrans
сенат	N1	n
сенатор	N1	n
сенбе	V-TV	v-trans
сенбеушілік	A1,N1	adj+n
сенбі	N1	n
сенбілік	N1	n
сенген	A1	adj
сенгісіз	A2	adj
сенгіш	A1	adj
сендел	V-IV	v-intrans
сенделу	N1	n
сендір	V-TV	v-trans
сендіре	ADV	adv
сенегалдық	A4	adj
сенешаль	N1	n
сенсациялық	A1	adj
сенсибилизация	N1	n
сенсор	N1	n
сенсорлық%	N1	n
сенсуализм	N1	n
сент.	ABBR	abbr
сентенция	N1	n
сентименталдық	A1	adj
сентиментализм	N1	n
сенім	N1	n
сенімгерлік	A1	adj
сенімді	A1,ADV,N1	adj+adv+n
сенімдік	N1	n
сенімділік	N1	n
сенімпаздық	N1	n
сенімсіз	A1,N1	adj+n
сенімсіздену	N1	n
сенімсіздік	N1	n
сенімхат	N1	n
сенімхат%	N1	n
сенімшіл	A1	adj
сеп	V-TV	v-trans
сепал	N1	n
сепаратизм	N1	n
сепаратистік	A4	adj
сепарация	N1	n
сепия	N1	n
сепкіл	N1	n
сепкіш	N1	n
септейлмейтін	A4	adj
септет	N1	n
септеу	N1	n
септицемия	N1	n
септік	A1,N1	adj+n
сераль	N1	n
сербиялық	A1	adj
сербхорватша	ADV-LANG	adv
сербше	ADV-LANG	adv
сервер	N1	n
сервожүйе	N1	n
сервомеханизм	N1	n
сергек	A1,N1	adj+n
сергектік	N1	n
сергі	V-IV	v-intrans
сергіген	A4	adj
сергіт	V-TV	v-trans
сергітетін	A1	adj
сергітуші	N1	n
серенада	N1	n
сержант	N1	n
сержанттық	A4	adj
сериал	N1	n
серия	N1	n
сериялы	A3	adj
сериялық	A4	adj
серк	V-IV	v-intrans
серкеш	N1	n
серология	N1	n
сероса	N1	n
серотерапия	N1	n
серотонин	N1	n
серп	V-IV,V-TV	v-intrans+v-trans
серпантин	N1	n
серпантиндік	A4	adj
серпілмелі	A3	adj
серпілт	V-TV	v-trans
серпіліс	N1	n
серпімділік	N1	n
серпін	N1	n
серпінді	A1	adj
серт	N1	n
сертификат	N1	n
сертификатта	V-TV	v-trans
сертификаттау	N1	n
серуен	N1	n
серуенде	V-IV	v-intrans
серфинг	N1	n
серфинг%	N-COMPOUND-PX	?
серфингист	N1	n
серфингпен%	V-IV	v-intrans
серік	N1	n
серіктес	A1,N1	adj+n
серіктестік	N1	n
серіктік	N1	n
серілік	N1	n
серіппе	N1	n
серіппелі	A3	adj
сес	N1	n
сес%	V-TV	v-trans
сескен	V-IV	v-intrans
сескенбе	V-IV	v-intrans
сескенгіш	A1	adj
сескендір	V-TV	v-trans
сессия	N1	n
сесті	A1	adj
сеттер	N1	n
сеулетші	N1	n
сең	V-IV	v-intrans
си	V-IV	v-intrans
сигара	N1	n
сигиллография	N1	n
сигналшы	N1	n
сидерит	N1	n
сидр	N1	n
сизаль	N1	n
сикхизм	N1	n
силикагель	N1	n
силикат	N1	n
силикон	N1	n
силлабикалық	A4	adj
силлогизм	N1	n
символ	N1	n
символдық	A4	adj
символика	N1	n
символикалы	ADV	adv
символикалық	A4	adj
символмен%	V-TV	v-trans
симметрия	N1	n
симметриялы	A3	adj
симметриялық	A1	adj
симония	N1	n
симпа	N1	n
симпозиум	N1	n
симптом	N1	n
симптоматика	N1	n
симфония	N1	n
симфониялық	A1	adj
синагога	N1	n
сингаку	N1	n
сингалша	ADV-LANG	adv
сингэки	N1	n
синдик	N1	n
синдикалисші	N1	n
синдром	N1	n
синергетикалық	A1	adj
синергия	N1	n
синкокучэки	N1	n
синкретизм	N1	n
синкретикалық	A4	adj
синод	N1	n
синология	N1	n
синоним	N1	n
синонимдік	A1	adj
синонимділік	N1	n
синонимия	N1	n
синтагма	N1	n
синтаксис	N1	n
синтаксистік	A4	adj
синташта	A1	adj
синтез	N1	n
синтез%	V-TV	v-trans
синтезатор	N1	n
синтезде	V-TV	v-trans
синтезделген	A1	adj
синтезделе	V-IV	v-intrans
синтездік	A4	adj
синтетикалық	A4	adj
синто	N1	n
синус	N1	n
синусоида	N1	n
синхрондау	N1	n
синхронды	A1	adj
синхрондық	A4,N1	adj+n
синхронизатор	N1	n
синхронизация	N1	n
синхронизм	N1	n
синхрония	N1	n
сипа	V-TV	v-trans
сипала	V-TV	v-trans
сипап%	V-TV	v-trans
сипат	N1	n
сипатта	V-TV	v-trans
сипатталатын	A4	adj
сипатталған	A1	adj
сипаттама	N1	n
сипаттаушы	A4	adj
сипаттауыш	A1	adj
сипатты	A1	adj
сирақ%	N1	n
сирақты	A1	adj
сиреген	A1	adj
сирегірек	A1	adj
сирек	A1,ADV	adj+adv
сиректендір	V-TV	v-trans
сироп	N1	n
система	N1	n
систематика	N1	n
систола	N1	n
сифилидология	N1	n
сиын	V-IV	v-intrans
сиыр	N1	n
сиыр%	N1	n
сиыржоңышқа	N1	n
сиыршы	N1	n
сиыспайтын	A1	adj
сиық	N1	n
сия	N1	n
сиясауыт	N1	n
сияқ	N1	n
сияқтан	V-IV	v-intrans
сияқты	A1,ADV,POST-NOM	adj+adv+post
сиқыр	N1	n
сиқырла	V-TV	v-trans
сиқырлаған	A1	adj
сиқырлы	A1	adj
сиқырлық	N1	n
сиқыршы	N1	n
скаляр	N1	n
скандий	N1	n
сканер	N1	n
сканерлеу	N1	n
скарификация	N1	n
скарификациялау	N1	n
скейтер	N1	n
склеренхима	N1	n
склероз	N1	n
скраб	N1	n
скрепка	N1	n
скрипка	N1	n
скрипкашы	N1	n
скульптуралық	A4	adj
скумбрия	N1	n
скутер	N1	n
славян	N1-NAT	n
славяндық	A4	adj
слайдкөрсетілім	N1	n
слалом	N1	n
слесарлық	A4	adj
словак%	N1	n
словакиялық	A4	adj
словакше	ADV-LANG	adv
словенше	ADV-LANG	adv
см	ABBR,SQRD	abbr
смартфон	N1	n
смена	N5	n
смокинг	N1	n
смолала	V-TV	v-trans
сноб	N1	n
собалақ	N1	n
собалақта	V-TV	v-trans
собық	N1	n
совет	N1	n
советтендір	V-TV	v-trans
советтендіру	N1	n
советтік	A1,A4	adj
совхоз	N1	n
сода	N1	n
содан	ADV	adv
содан%	POST-ABL	?
содыр	N1	n
содырлан	V-IV	v-intrans
содырлы	A3	adj
соз	N1,V-TV	n+v-trans
созалаңқылық	N1	n
созу	N1	n
созыл	V-IV	v-intrans
созылмалы	A1	adj
созылмалық	N1	n
созылу	N1	n
созылыңқы	A1	adj
созылғыш	A1	adj
созым	N1	n
созымды	A4	adj
созымтал	A1	adj
сой	V-TV	v-trans
сойылда	V-TV	v-trans
сойылған	A1	adj
сойқан	A4,N1	adj+n
сойқанда	V-TV	v-trans
сол	A1,DET-DEM,V-IV	adj+v-intrans
сол%	A4,ADV,CS	adj+adv
солай	ADV	adv
солақай	N1	n
солаңда	V-IV	v-intrans
солбыр	A2	adj
солбырай	V-IV	v-intrans
солдат	N1	n
соленоид	N1	n
солист	N1	n
соло	N1	n
соло-вексель	N1	n
солод	N1	n
солт.	ABBR	abbr
солтүстік	A2,N1	adj+n
солтүстік%	N1	n
солтүстік-батыс	A2,ADV,N1	adj+adv+n
солтүстік-сахалиндік	A1	adj
солтүстік-шығыс	A2,ADV,N1	adj+adv+n
солтүстіктік	N1	n
солтүтік-шығыс	A1	adj
солшыл	A1,N1	adj+n
солып%	V-TV	v-trans
солға	ADV	adv
солған	A1	adj
солғын	A1,ADV	adj+adv
солғындат	V-TV	v-trans
солқылда	V-IV	v-intrans
солқылдат	V-TV	v-trans
сом	N1	n
сома	N1	n
сомдық	N1	n
сомма	N1	n
сомнамбулизм	N1	n
сомын	N1	n
соната	N1	n
сонау	DET-DEM	?
сонда	CA	?
сонда%	CA	?
сондай	DET-IND	?
сондай-ақ	CC-SOYED	conj
сондықтан	CA	?
сонет	N1	n
сонограмма	N1	n
сонсоң	ADV	adv
соншалық	ADV	adv
соншалықты	ADV	adv
соншама	ADV	adv
сонымен	PAREN	?
сонымен%	ADV	adv
сопақ	A2,N1	adj+n
сопақша%	N1	n
сопаңда	V-IV	v-intrans
сополимер	N1	n
сопроцессор	N1	n
сопы	N1	n
сопылық	N1	n
сор	N1,V-TV	n+v-trans
сора	N1	n
сорайып%	V-IV	v-intrans
сорап	N1	n
сорапта	V-TV	v-trans
сорақы	A1	adj
сорақылан	V-IV	v-intrans
сорла	V-IV	v-intrans
сорлат	V-IV	v-intrans
сорлы	A2,ADV	adj+adv
сорлылық	N1	n
сорпа	N1	n
сорпалық	A4	adj
сорт	N1	n
сортаң	A4,N1	adj+n
сортта	V-TV	v-trans
сорттаушы	N1	n
сорылу	N1	n
сорғала	V-IV	v-intrans
сорғы	A1,N1	adj+n
сорғыш	N1	n
сосын	ADV	adv
сот	N1	n
сот%	N-COMPOUND-PX	?
сотта	V-TV	v-trans
сотталған	A4	adj
соттастыр	V-TV	v-trans
сотты	A1	adj
соттық	A1	adj
соттың%	N-COMPOUND-PX	?
сотқар	N1	n
сотқарлан	V-IV	v-intrans
сотқарлық	N1	n
сотқыр	N1	n
социал	A4	adj
социал-демократия	N1	n
социалдық	A4	adj
социализм	N5	n
социалист	N5	n
социалистік	A4	adj
социобиология	N1	n
социолог	N1	n
социологизм	N1	n
социология	N1	n
социологиялық	A1	adj
соционика	N1	n
социотип	N1	n
сою	N1	n
союзмультфильм	N1	n
соя	N1	n
сояудай	A2	adj
соғу	N1	n
соғыл	V-IV	v-intrans
соғылған	A1	adj
соғым	N1	n
соғып%	V-TV	v-trans
соғыс	N1,V-IV	n+v-intrans
соғыс%	N-COMPOUND-PX,N1	n
соғысатын	A4	adj
соғыстан%	A1	adj
соғыстыр	V-TV	v-trans
соғысу	N1	n
соғысушы	A3,N1	adj+n
соғысқан	A1	adj
соғысқұмар	A1	adj
соқ	N1,V-IV,V-TV	n+v-intrans+v-trans
соқа	N1	n
соқпа%	N1	n
соқпалы	A3	adj
соқпақ	N1	n
соқтыр	V-TV	v-trans
соқтығыс	N1,V-IV	n+v-intrans
соқтық	V-IV	v-intrans
соқылдат	V-TV	v-trans
соқыр	A1,N1	adj+n
соқыр%	V-IV	v-intrans
соқырлық	N1	n
соқырішек	N1	n
соққы	N1	n
соққы%	V-TV	v-trans
соң	ADV-WITH-KI,N-COMPOUND-PX,N1,POST-ABL	adv+n
соңына	ADV	adv
соңында	ADV	adv
соңғы	A1	adj
соңғы%	N1	n
спартак%	N1	n
спарталық	A1	adj
спектакль	N1	n
спектр	N1	n
спектрлік	A1,A4	adj
спектрограмма	N1	n
спектрограф	N1	n
спектрометр	N1	n
спектрометрия	N1	n
спектроскоп	N1	n
спектроскопия	N1	n
спектрофотометр	N1	n
спектрофотометрия	N1	n
сперматогоний	N1	n
сперматозоид	N1	n
сперматоцит	N1	n
спецификатор	N1	n
спикер	N1	n
спин	N1	n
спинет	N1	n
спиральді	A1	adj
спиритизм	N1	n
спирт	N1	n
спиртті	A1	adj
спленомегалия	N1	n
спонсор	N1	n
спонсорлық	A3	adj
спонтанды	A1	adj
спонтандық	N1	n
спора	N1	n
спорадикалы	ADV	adv
спорангий	N1	n
споровик	N1	n
спорофит	N1	n
спорт	N1	n
спорт%	N-COMPOUND-PX,N1	n
спорттық	A4	adj
спортшы	N1	n
спрэй	N1	n
ссуда	N1	n
стагфляция	N1	n
стадион	N1	n
стажировка	N1	n
стакан	N1	n
стаккато	N1	n
сталагмит	N1	n
сталактит	N1	n
сталкер	N1	n
стандарт	N1	n
стандартта	V-TV	v-trans
стандарттау	N1	n
стандартты	A4	adj
станица	N1	n
станок	N1	n
станция	N1	n
стапель	N1	n
старшина	N5	n
статизм	N1	n
статикалық	A1	adj
статистика	N1	n
статистикалық	A4	adj
статор	N1	n
статус	N1	n
статут	N1	n
статуя	N1	n
стақан	N1	n
стейк	N1	n
стек	N1	n
стенография	N1	n
стенографиялық	A4	adj
стенокардия	N1	n
стенотипия	N1	n
стеньга	N1	n
стерадиан	N1	n
стереометрия	N1	n
стереоскоп	N1	n
стереоскопия	N1	n
стереотипия	N1	n
стереохимия	N1	n
стерилизация	N1	n
стероид	N1	n
стетоскоп	N1	n
стехиометрия	N1	n
стикер	N1	n
стилист	N1	n
стилистика	N1	n
стиль	N1	n
стильденген	A1	adj
стильдеу	N1	n
стильдік	A1	adj
стимуляция	N1	n
стипендия	N1	n
стихия	N1	n
стоицизм	N1	n
стол	N5	n
стоматология	N1	n
стратег	N1	n
стратегия	N5	n
стратегиялы	ADV	adv
стратегиялық	A4	adj
стратиграфия	N1	n
стратиграфиялық	A4	adj
стратификация	N1	n
стратопауза	N1	n
стратосфера	N1	n
стрептококк	N1	n
стриптиз	N1	n
стронций	N1	n
структура	N1	n
студент	N1	n
студент%	N1	n
студия	N1	n
стюардесса	N1	n
су	A1,N1,V-IV	adj+n+v-intrans
су%	A1,N1,V-IV	adj+n+v-intrans
суайрық	N1	n
суайттан	V-IV	v-intrans
суалдыр	V-TV	v-trans
суалт	V-TV	v-trans
суалған	N1	n
суар	V-TV	v-trans
суармалы	A3	adj
суарт	V-IV	v-intrans
суарылатын	A1	adj
суатқыш	N1	n
суахилише	ADV-LANG	adv
суағар	N1	n
субвенция	N1	n
субдукция	N1	n
сублимация	N1	n
субмарина	N1	n
субмекен-жай	N1	n
субмердігерлік	N1	n
субординация	N1	n
субрегион	N1	n
суброгация	N1	n
субсидия	N1	n
субстантивтік	A4	adj
субстанция	N1	n
субституция	N1	n
субстрат	N1	n
субтропик	N1	n
субтропиктік	A4	adj
субурбанизация	N1	n
субъект	N6	?
субъективизм	N1	n
субъективті	A4	adj
субъективтік	A4	adj
субъективтілік	N1	n
субъектісіз	A1	adj
субүлдірген	N1	n
субұрқақ	N1	n
судан%	N1	n
судоку	N1	n
суды%	N1	n
судья	N1	n
сужелкек	N1	n
сужетек	N1	n
суицид	N1	n
суицидтік	A1	adj
сула	V-TV	v-trans
сулан	V-TV	v-trans
суландыр	V-TV	v-trans
суландыру	N1	n
сулы	A4,N1	adj+n
сульфаниламид	N1	n
сульфат	N1	n
сульфид	N1	n
сум	N1	n
сумен%	A1	adj
суми	N1	n
супержүлде	N1	n
суперконтинент	N1	n
супермаркет	N1	n
суппозитория	N1	n
сурдопедагог	N1	n
сурет	N1	n
сурет%	V-IV	v-intrans
суретке%	V-TV	v-trans
суреткер	N1	n
суретсипат	N1	n
суретте	V-TV	v-trans
суреттеме	N1	n
суреттемелі	A1	adj
суретті	A1	adj
суретші	N1	n
суретін%	V-TV	v-trans
сусабын	N1	n
сусамыр	N1	n
сусар	N1	n
сусыз	A1	adj
сусыздандыру	N1	n
сусын	N1	n
сусындық	A1	adj
сутартқыш	N1	n
сутас	N1	n
сутаған	N1	n
сутегі	N1	n
сутек	N1	n
сутексіздендіру	N1	n
сутектендіру	N1	n
сутіл	N1	n
суфлер	N1	n
суффиксация	N1	n
сушаруашылығы	N-COMPOUND-PX	?
сушаруашылық	N1	n
суыр	N1,V-TV	n+v-trans
суырт	V-TV	v-trans
суырып%	A4,V-TV	adj+v-trans
суырыс	V-TV	v-trans
суыт	V-TV	v-trans
суытатын	A1	adj
суық	A1,ADV	adj+adv
суға%	V-TV	v-trans
суғар	V-TV	v-trans
суқаны%	V-TV	v-trans
сфалерит	N1	n
сфеноид	N1	n
сфера	N1	n
сфералық	A4	adj
сфероид	N1	n
сфинктер	N1	n
схема	N1	n
схемалау	N1	n
схоластик	N1	n
сценарий	N5	n
сценарийші	N5	n
сценариші	N1	n
сцениялық	A1	adj
сценография	N1	n
съез	N1	n
съезд	N5	n
сыба	V-TV	v-trans
сыбайлас	A3,N1	adj+n
сыбайлас%	N1	n
сыбандыр	V-TV	v-trans
сыбаға	N1	n
сыбағалас	N1	n
сыбдыр	N1	n
сыбдырла	V-IV	v-intrans
сыбызғы	N1	n
сыбызғышы	N1	n
сыбыр	N1	n
сыбыр%	V-TV	v-trans
сыбырла	V-IV	v-intrans
сыбырласу	N1	n
сыбыс	N1	n
сыдыр	V-TV	v-trans
сыдырма%	N1	n
сыдырыл	V-IV	v-intrans
сыз	N1,V-TV	n+v-trans
сызат	N1	n
сызба	N1	n
сызбашы	N1	n
сызда	V-IV	v-intrans
сыздауық	N1	n
сыздық	N1	n
сызу	N1	n
сызушы	N1	n
сызып%	V-TV	v-trans
сызық	N1	n
сызықталған	A4	adj
сызықты	A1	adj
сызықша	N1	n
сызғыла	V-TV	v-trans
сызғыш	N1	n
сый	N1,V-IV	n+v-intrans
сыйақы	N1	n
сыйдыр	V-TV	v-trans
сыйла	V-TV	v-trans
сыйлы	A3	adj
сыйлық	N1	n
сыйлықақы	N1	n
сыйпаңда	V-IV	v-intrans
сыйымды	A1	adj
сыйымдылық	N1	n
сыйымсыз	A1	adj
сыйын	V-IV,V-TV	v-intrans+v-trans
сыйыс	V-IV	v-intrans
сыйғыз	V-TV	v-trans
сыл	V-IV	v-intrans
сыла	N1,V-TV	n+v-trans
сылап%	V-TV	v-trans
сылағыш	N1	n
сылақ	N1	n
сылақта	V-TV	v-trans
сылбыр	N1	n
сылбырлық	N1	n
сылдыр	N1	n
сылдыра	V-IV	v-intrans
сылдырат	V-TV	v-trans
сылдырауық	N1	n
сылдырақ	N1	n
сылдырла	V-IV	v-intrans
сылдырлат	V-IV	v-intrans
сылдырлау	N1	n
сылдырлаған	A4	adj
сылдырмақ	N1	n
сылпылдат	V-TV	v-trans
сылтау	N1	n
сылтаурат	V-TV	v-trans
сылтаурату	N1	n
сылтауратқыш	N1	n
сылты	V-IV	v-intrans
сылқылда	V-IV	v-intrans
сылқым	N1	n
сым	N1	n
сым-темір	N1	n
сымбатсыз	A1	adj
сымбатты	A3	adj
сымды	A1	adj
сымсыз	A4	adj
сымтетік	N1	n
сын	N1,V-IV	n+v-intrans
сын%	N1	n
сын-пікір	N1	n
сына	V-TV	v-trans
сына%	A4	adj
сынайтын	A1	adj
сынала	V-IV	v-intrans
сыналған	A1	adj
сынап	N1	n
сынап%	V-TV	v-trans
сынапты	A1	adj
сынат	V-IV	v-intrans
сынау	N1	n
сынақ	N1	n
сындарлы	A1,A4	adj
сынды	A4	adj
сындыр	V-TV	v-trans
сындырушы	N1	n
сындырылған	A1	adj
сындырып%	V-TV	v-trans
сынсыз	A1	adj
сыну	N1	n
сынушылық	N1	n
сыншы	N1	n
сынып	N1	n
сынып%	V-TV	v-trans
сыныпта	V-TV	v-trans
сыныптас	N1	n
сынық	A2,N1	adj+n
сынған	A1	adj
сынғақ	A1	adj
сынғыш	A1	adj
сыпайы	A1,ADV,N1	adj+adv+n
сыпайылық	N1	n
сыпыр	V-TV	v-trans
сыпыртқы	N1	n
сыпырыл	V-IV	v-intrans
сыпырғы	N1	n
сыпырғыш	N1	n
сыр	N1,V-TV	n+v-trans
сыр%	V-IV	v-intrans
сыра	N1	n
сырахана	N1	n
сырбаз	A1	adj
сырбаздық	N1	n
сырла	V-TV	v-trans
сырлан	V-IV	v-intrans
сырланған	A1	adj
сырлас	A1,V-IV	adj+v-intrans
сырлы	A1,ADV	adj+adv
сырма	A1,N1	adj+n
сырнай	N1	n
сырнайшы	N1	n
сырт	N1	n
сырт%	V-IV	v-intrans
сыртсыз	A1	adj
сырттай	A1,ADV	adj+adv
сырттан	A1,ADV	adj+adv
сырттқа%	N1	n
сыртылда	V-IV	v-intrans
сыртынан	ADV	adv
сыртқы	A2	adj
сыртқы%	A4	adj
сыршыл	N1	n
сырыл	N1	n
сырылған	A1	adj
сырық	N1	n
сырға	N1	n
сырғана	V-IV	v-intrans
сырғанап%	V-IV,V-TV	v-intrans+v-trans
сырғанақ	N1	n
сырғауыл	N1	n
сырғитын	A1	adj
сырғы	V-IV	v-intrans
сырғылым	N1	n
сырғыма	N1	n
сырғымалы	A3	adj
сырғыт	V-TV	v-trans
сырғыту	N1	n
сырқат	A2,N1	adj+n
сырқаттан	V-TV	v-trans
сырқатты	A1	adj
сырқырат	V-TV	v-trans
сыт	V-IV	v-intrans
сытыл	V-IV	v-intrans
сытырла	V-IV	v-intrans
сығала	V-IV	v-intrans
сығандық	A4	adj
сығу	N1	n
сығыл	V-IV	v-intrans
сығылатын	A4	adj
сығылушылық	N1	n
сығылыс	V-IV	v-intrans
сығылыстыр	V-IV	v-intrans
сығымда	V-IV	v-intrans
сығынды	N1	n
сығырай	V-IV	v-intrans
сығырайт	V-TV	v-trans
сығыраңдай	A2	adj
сық	V-IV	v-intrans
сықақ	N1	n
сықақшы	N1	n
сықпа	N1	n
сықпала	V-TV	v-trans
сықызша	N1	n
сықылда	V-TV	v-trans
сықылды	A1	adj
сықырла	V-IV	v-intrans
сықырлат	V-TV	v-trans
сықырлау	N1	n
сыңар	N1	n
сыңғырла	V-IV	v-intrans
сыңғырлаған	A4	adj
сэндвич	N1	n
сэр	N1	n
сюжет	N1	n
сюита	N1	n
сюрприз	N1	n
сюрреализм	N1	n
сюрреалисші	N1	n
сёгун	N1	n
сібір%	N1	n
сілей	V-TV	v-trans
сілекей	N1	n
сілем	N1	n
сілеусін	N1	n
сілк	V-TV	v-trans
сілкі	V-TV	v-trans
сілкіле	V-TV	v-trans
сілкін	V-IV	v-intrans
сілкіну	N1	n
сілкініс	N1	n
сілкіт	V-TV	v-trans
сілте	V-TV	v-trans
сілтегіш	N1	n
сілтеме	N1	n
сілтеме%	V-TV	v-trans
сілтеп%	V-IV	v-intrans
сілтеуіш	A1	adj
сілті	N1	n
сілтілі	A3	adj
сілімтік	N1	n
сіпсебас	N1	n
сіреспе	A1,N1	adj+n
сіресіп%	V-TV	v-trans
сірке	N1	n
сіркелі	A4	adj
сіркесауыт	N1	n
сіркіреу	N1	n
сіріңке	N1	n
сірә	INTERJ	interj
сірә%	ADV	adv
сің	V-IV	v-intrans
сіңдір	V-IV	v-intrans
сіңлі	N1	n
сіңу	N1	n
сіңімді	A1	adj
сіңімсіз	A4	adj
сіңіп%	V-IV	v-intrans
сіңір	N1,V-TV	n+v-trans
сіңіргіш	A1	adj
сіңірлі	A3	adj
сіңірткіш	N1	n
сіңіру	N1	n
сіңіруші	N1	n
сіңірі%	N1	n
сіңіріл	V-TV	v-trans
сіңірілу	N1	n
сүдігер	N1	n
сүз	V-TV	v-trans
сүзбе	N1	n
сүзгіден%	V-IV	v-intrans
сүзеген	A1	adj
сүзілген	A1	adj
сүзілу	N1	n
сүзінді	N1	n
сүй	V-TV	v-trans
сүйгіш	A4	adj
сүйгіштік	N1	n
сүйе	V-TV	v-trans
сүйек	N1	n
сүйекаралық	A4	adj
сүйексіз	A1	adj
сүйектену	N1	n
сүйекті	A1	adj
сүйекті%	N1	n
сүйел	N1	n
сүйем	N1	n
сүйемел	N1	n
сүйемелде	V-TV	v-trans
сүйен	V-IV	v-intrans
сүйеніш	N1	n
сүйетін	A1	adj
сүйеу	N1	n
сүйкімді	A2,ADV	adj+adv
сүйкімділік	N1	n
сүйкімсіз	A1	adj
сүйкімсіздік	N1	n
сүймен	N1	n
сүйре	V-TV	v-trans
сүйрегіш	N1	n
сүйрел	V-IV	v-intrans
сүйреле	V-TV	v-trans
сүйреп%	A4	adj
сүйрет	V-TV	v-trans
сүйретіл	V-IV	v-intrans
сүйретіп%	V-TV	v-trans
сүйрік	A1	adj
сүйсін	V-IV	v-intrans
сүйсінген	A1	adj
сүйікті	A3	adj
сүйін	V-IV	v-intrans
сүйініш	N1	n
сүйір	A2	adj
сүйіс	V-TV	v-trans
сүйіспеншілік	N1	n
сүйіспеншілікті	ADV	adv
сүлгі	N1	n
сүлде	N1	n
сүлік	N1	n
сүмбі	N1	n
сүмбілеу	N1	n
сүмелек	N1	n
сүмірейт	V-TV	v-trans
сүндет	N1	n
сүндетте	V-TV	v-trans
сүр	A1,V-TV	adj+v-trans
сүргекте	V-IV	v-intrans
сүргі%	V-TV	v-trans
сүргіле	V-TV	v-trans
сүргілегіш	N1	n
сүргіленген	A1	adj
сүргілеу	N1	n
сүргілеуші	N1	n
сүргін	N1	n
сүре	N1	n
сүрек	N1	n
сүректі	A4	adj
сүрет	N1	n
сүрлем	A2,N1	adj+n
сүрме	N1	n
сүрмеле	V-IV	v-intrans
сүрт	V-TV	v-trans
сүрте-мүрте	ADV	adv
сүрілген	A1	adj
сүрін	V-IV,V-TV	v-intrans+v-trans
сүрінген	A4	adj
сүрініп%	V-IV	v-intrans
сүт	N1	n
сүтсірне	N1	n
сүтті	A1,A4	adj
сүттіген%	A4	adj
сүтқоректі	A4,N1	adj+n
сүңгуші	N1	n
сүңгуір	A1,N1	adj+n
сүңгуір%	N1	n
сүңгуірші	N1	n
сүңгі	N1,V-IV	n+v-intrans
сүңгігіш	N1	n
сүңгіп%	V-TV	v-trans
сүңгіт	V-TV	v-trans
сүңк	V-IV	v-intrans
сұйылт	V-TV	v-trans
сұйытқыш	N1	n
сұйық	A1	adj
сұйық%	N-COMPOUND-PX	?
сұйықтық	N1	n
сұлтан	N1	n
сұлтандық	N1	n
сұлу	A1	adj
сұлула	V-TV	v-trans
сұлулық	N1	n
сұлы	N1	n
сұм	A1	adj
сұмдық	A4,N1	adj+n
сұмпайы	A1	adj
сұр	A1	adj
сұра	V-TV	v-trans
сұран	V-IV	v-intrans
сұраншақ	N1	n
сұраным	A1,N1	adj+n
сұраныс	N1	n
сұранысхат	N1	n
сұрап%	V-IV	v-intrans
сұрапыл	A1,ADV	adj+adv
сұрастыр	V-IV	v-intrans
сұрастырып%	V-TV	v-trans
сұрат	V-TV	v-trans
сұрау	N1	n
сұраулы	A3	adj
сұрақ	N1	n
сұрақты	A1	adj
сұрлан	V-IV	v-intrans
сұрланған	A4	adj
сұрыпта	V-IV	v-intrans
сұрыптал	V-IV	v-intrans
сұрыптау	N1	n
сұрыптаушы	N1	n
сұрықсыз	A1	adj
сұрқия	N1	n
сұс	N1	n
сұсты	A2	adj
сұхбат	N1	n
сұхбат%	V-TV	v-trans
сұхбаттас	N1	n
сұғанақ	A2	adj
сұқ	V-IV,V-TV	v-intrans+v-trans
сұқсыр	A1	adj
сұқтан	V-IV	v-intrans
сұңғақ	A1	adj
сұңғыла	N1	n
сұңқар	N1	n
сұңқармен%	N1	n
сұңқарым	N1	n
сәби	N1	n
сәбилік	A4	adj
сәбіз	N1	n
сәжде	N1	n
сәйгүлік	N1	n
сәйкес	A1,ADV,POST-DAT	adj+adv+post
сәйкессіздік	N1	n
сәйкестел	V-IV	v-intrans
сәйкестен	V-IV	v-intrans
сәйкестендір	V-IV	v-intrans
сәйкестендіру	N1	n
сәйкестік	N1	n
сәйкестір	V-TV	v-trans
сәйкесінше	ADV,N1	adv+n
сәл	ADV,N1	adv+n
сәл-пәл	ADV	adv
сәлде	N1	n
сәлелендір	V-TV	v-trans
сәлем	INTERJ,N1	interj+n
сәлемдеме	N1	n
сәлемдес	V-IV	v-intrans
сәлемдесу	N1	n
сәлемет	A1	adj
сәлеметтік	N1	n
сән	N1	n
сән-салтанат	N1	n
сән-сәулетті	A1	adj
сәнгер	N1	n
сәнде	V-TV	v-trans
сәнден	V-IV	v-intrans
сәндеу	N1	n
сәнді	A2,ADV	adj+adv
сәндік	A4	adj
сәнділік	N1	n
сәнхана	N1	n
сәнқой	N1	n
сәрсенбі	N1	n
сәт	N1	n
сәтсіз	A1	adj
сәтсіздік	N1	n
сәтті	A1,ADV	adj+adv
сәтті%	N1,V-IV	n+v-intrans
сәттілік	N1	n
сәуегейлік	N1	n
сәуле	A1,N1	adj+n
сәуле%	N-COMPOUND-PX,N1,V-IV	n+v-intrans
сәулеле	V-TV	v-trans
сәулелен	V-IV	v-intrans
сәулелендір	V-TV	v-trans
сәулелендіру	N1	n
сәулелі	A3	adj
сәулелілік	N1	n
сәулет	N1	n
сәулетті	A1	adj
сәулеттік	A4	adj
сәулетші	N1	n
сәуір	N1	n
сөгілген	A1	adj
сөгіп%	V-TV	v-trans
сөгіс	N1	n
сөз	N1	n
сөз%	V-IV,V-TV	v-intrans+v-trans
сөздерінше	CA	?
сөздік	N1	n
сөзжұмбақ	N1	n
сөзсіз	A1,ADV	adj+adv
сөзтізбек	N1	n
сөзшең	A1,A4	adj
сөзшеңдік	N1	n
сөзінше	ADV,CA	adv
сөйле	V-IV,V-TV	v-intrans+v-trans
сөйлем	N1	n
сөйлеме	V-IV	v-intrans
сөйлемейтін	A1	adj
сөйлемпаз	A1	adj
сөйлемше	N1	n
сөйлес	V-IV	v-intrans
сөйлесетін	A1	adj
сөйлеу	N1	n
сөйлеуші	N1	n
сөйт	V-IV	v-intrans
сөйтсе	CA	?
сөйтсе%	CA	?
сөйтіп	ADV	adv
сөк	N1,V-TV	n+v-trans
сөл	N1	n
сөлемдесу	N1	n
сөмке	N1	n
сөн	V-IV	v-intrans
сөнген	A1	adj
сөндір	V-TV	v-trans
сөндіргіш	N1	n
сөндірілген	A1	adj
сөре	N1	n
т	ABBR,N1-ABBR	abbr
т.	ABBR	abbr
т.%	ABBR	abbr
т.б.	ABBR	abbr
т.с.с.	ABBR	abbr
таба	N1	n
табак	N1	n
табала	V-TV	v-trans
табалдырық	N1	n
табан	N1	n
табан%	V-IV	v-intrans
табанда	V-IV	v-intrans
табандапжүруші	N1	n
табанды	A1,ADV	adj+adv
табандылық	N1	n
табансыз	A1,N1	adj+n
табақ	N1	n
табақтас	N1	n
табақша	N1	n
табель	N1	n
табиғат	N1	n
табиғаттанушы	N1	n
табиғи	A1,ADV	adj+adv
табло	N1	n
таблоидтік	A1	adj
табуляция	N1	n
табушы	N1	n
табыл	V-IV	v-intrans
табын	N1,V-IV	n+v-intrans
табынатын	A4	adj
табынушылық	N1	n
табыншы	N1	n
табыс	N1,V-IV	n+v-intrans
табыс%	V-TV	v-trans
табыскер	N1	n
табыссыз	ADV	adv
табыста	V-IV	v-intrans
табысты	A1	adj
табыстыратын	A1	adj
табыстық	A4	adj
табыт	N1	n
табытшы	N1	n
тавтология	N1	n
таз	A1	adj
таза	A1	adj
тазала	V-TV	v-trans
тазалан	V-IV	v-intrans
тазалау	N1	n
тазалаушы	N1	n
тазалағыш	N1	n
тазалық	N1	n
тазар	V-IV	v-intrans
тазарт	V-TV	v-trans
тазартатын	A1	adj
тазарту	N1	n
тазартушы	N1	n
тазартылған	A4	adj
тазарған	A1	adj
тазийе	N1	n
тазы	N1	n
тазышы	N1	n
тазқара	N1	n
тай	N1,V-IV	n+v-intrans
тайга	N1	n
тайлақ	N1	n
тайлық	V-IV	v-intrans
тайма	V-IV	v-intrans
таймер	N1	n
таймс	NP-AL	np
тайпа	N1	n
тайпалас	N1	n
тайпақ	A2	adj
тайсал	V-TV	v-trans
тайсалмайтын	A1	adj
тайталас	V-IV	v-intrans
тайтин	N1	n
тайфун	N1	n
тайша	ADV-LANG	adv
тайыз	A2	adj
тайынбайтын	A1	adj
тайынша	N1	n
тайып%	V-IV,V-TV	v-intrans+v-trans
тайғанап%	V-IV	v-intrans
тайғанақ	A1	adj
тайғанақта	V-IV	v-intrans
тайғақ	A1	adj
тайғақта	V-IV	v-intrans
тайқу	N1	n
такелажшы	N1	n
таксалау	N1	n
такси	N1	n
таксономия	N1	n
тактик	N1	n
тактика	N1	n
тактикалық	A1	adj
тал	N1,V-IV	n+v-intrans
тала	V-TV	v-trans
талай	A1	adj
таламус	N1	n
талан-тараж	N1	n
талант	N1	n
талантсыз	A1	adj
талантты	A1	adj
талап	N1	n
талап%	V-IV,V-TV	v-intrans+v-trans
талапкер	N1	n
талаптан	V-IV	v-intrans
талаптанып%	V-IV	v-intrans
талапты	A1	adj
талас	N1,V-IV	n+v-intrans
талас-тартыс	N1	n
талассократия	N1	n
талассыз	A1	adj
таласты	A1	adj
таластыр	V-IV	v-intrans
таласқыш	N1	n
талау	N1	n
талаурау	N1	n
талаушы	N1	n
талақ	N1	n
талақшөп	N1	n
талда	V-TV	v-trans
талдамды	A1	adj
талданатын	A4	adj
талданған	A1	adj
талдау	N1	n
талдаушы	N1	n
талдағыш	A1	adj
талдыр	V-TV	v-trans
талдырмаш	A2	adj
талибан	N1	n
талпақ	A1	adj
талпиған	A1	adj
талпын	V-IV	v-intrans
талпыныс	N1	n
талтаңда	V-IV	v-intrans
талшын	N1	n
талшық	A1,N1	adj+n
талшықты	A1	adj
талып%	V-IV	v-intrans
талықсы	V-IV	v-intrans
тальк	N1	n
талға	V-TV	v-trans
талғам	N1	n
талғамал	A1	adj
талғампаз	A1	adj
талғамсыздық	N1	n
талғау	N1	n
талқан	N1	n
талқанда	V-TV	v-trans
талқандайтын	A1	adj
талқандалған	A1	adj
талқандау	N1	n
талқандаушылық	N1	n
талқандағыш	A1	adj
талқы	N1	n
талқыла	V-TV	v-trans
талқылас	V-IV	v-intrans
талқылау	N1	n
там	V-TV	v-trans
таман	POST-DAT	post
тамаринд	N1	n
тамаша	A1,A4,ADV	adj+adv
тамашала	V-TV	v-trans
тамашалаушы	N1	n
тамақ	N1	n
тамақ%	A4,N1	adj+n
тамақта	V-TV	v-trans
тамақтан	V-IV,V-TV	v-intrans+v-trans
тамақтандыр	V-IV	v-intrans
тамаққұмар	N1	n
тамборин	N1	n
тамилша	ADV-LANG	adv
тампон	N1	n
тамсан	V-IV	v-intrans
тамшуыр	N1	n
тамшы	N1	n
тамшыла	V-IV	v-intrans
тамшылау	N1	n
тамыз	N1,V-TV	n+v-trans
тамып%	V-IV	v-intrans
тамыр	N1	n
тамыр%	A4	adj
тамыр-таныстық	N1	n
тамырдәрі	N1	n
тамырлан	V-IV	v-intrans
тамырлану	N1	n
тамырлас	V-IV	v-intrans
тамырлы	A1	adj
тамған	A4	adj
тамұқ	N1	n
тан	V-IV	v-intrans
танамоншақ	N1	n
танатология	N1	n
танау	N1	n
тандем	N1	n
танк	N1	n
танка	N1	n
танкке%	A1	adj
тантал	N1	n
таны	V-TV	v-trans
таныл	V-IV	v-intrans
танылатын	A1	adj
танылмайтын	A1	adj
танылмаған	A4	adj
танылған	A1	adj
таным	N1	n
танымал	A3,ADV	adj+adv
танымастай	A4	adj
танымдылық	N1	n
танымдық	A1	adj
танырлық	N1	n
таныс	A1,V-IV	adj+v-intrans
таныстыр	V-TV	v-trans
таныстыру	N1	n
таныстық	N1	n
таныт	V-TV	v-trans
танығысыз	A1	adj
тап	N1,V-TV	n+v-trans
тап%	V-IV	v-intrans
тап-таза	A4	adj
тапал	A1	adj
тапанша	N1	n
тапжылмай	ADV	adv
тапсыр	V-TV	v-trans
тапсырма	N1	n
тапсырушы	N1	n
тапсырылған	A1	adj
тапсырынды	A1	adj
тапсырыс	N1	n
тапсырыс%	V-IV,V-TV	v-intrans+v-trans
тапсырысшы	N1	n
тапта	V-TV	v-trans
тапталған	A4	adj
таптан	V-IV	v-intrans
таптаурын	N1	n
таптауыш	N1	n
таптыр	V-TV	v-trans
тапшылық	N1	n
тапқыр	A1	adj
тапқырлық	N1	n
тапқыштық	N1	n
тар	A1,ADV	adj+adv
тара	V-IV,V-TV	v-intrans+v-trans
тараза	N1	n
таразы	N1	n
таразыла	V-TV	v-trans
таразылы	A3	adj
таразышы	N1	n
тарайтын	A1	adj
тарал	V-IV	v-intrans
таралу	N1	n
таралым	N1	n
таралған	A1	adj
тарам	N1	n
тарамда	V-TV	v-trans
таран	N1	n
таранда	V-IV	v-intrans
тарап	N1	n
тарап%	V-IV	v-intrans
тарат	V-TV	v-trans
таратпаушылық	N1	n
тарату	N1	n
таратушы	N1	n
таратылған	A1	adj
таратып%	N1,V-TV	n+v-trans
таратқыш	N1	n
тарау	A1,N1	adj+n
тарақ	N1	n
тарақан	N1	n
тарақша	N1	n
тарақшы	N1	n
тарбаған	N1	n
тариф	N1	n
тарифтеу	N1	n
тарих	N1	n
тарих%	N-COMPOUND-PX,N1	n
тарихалды	A1	adj
тарихи	A3,ADV	adj+adv
тарихнама	N1	n
тарихшы	N1	n
тарихылық	N1	n
тарлық	N1	n
тармақ	N1	n
тармақша	N1	n
тарналы	A3	adj
тарпаң	N1	n
тарпыл	N1	n
тарс	IDEO	interj
тарсыл	N1	n
тарсылда	V-IV	v-intrans
тарт	V-TV	v-trans
тарта	POST,POST-DAT	post
тартпа	N1	n
тарттыр	V-TV	v-trans
тарту	N1	n
тартушы	N1	n
тартыл	V-IV	v-intrans
тартылмалы	A1	adj
тартылыс	N1	n
тартылған	A1	adj
тартымды	A1	adj
тартын	V-IV	v-intrans
тартыншақ	A1	adj
тартып%	V-IV,V-TV	v-intrans+v-trans
тартыс	N1,V-IV	n+v-intrans
тартқыла	V-TV	v-trans
тартқыш	N1	n
тары	N1	n
тарыл	V-IV	v-intrans
тарылт	V-TV	v-trans
тарылту	N1	n
тарылтылған	A1	adj
тарылған	A1	adj
тарық	V-IV	v-intrans
тарғақ	N1	n
тарқа	V-IV	v-intrans
тарқал	V-IV	v-intrans
тарқап%	V-IV	v-intrans
тарқат	V-TV	v-trans
тарқату	N1	n
тарқатыл	V-IV	v-intrans
тарқатқыш	N1	n
тарқаған	A1	adj
тарқылда	V-IV	v-intrans
тас	N1,V-TV	n+v-trans
тас%	N1	n
таса	N1	n
тасала	V-TV	v-trans
тасалан	V-IV	v-intrans
тасалану	N1	n
тасбақа	N1	n
таспа	N1	n
таспалы	A1	adj
таспен%	N1,V-TV	n+v-trans
таспиқ	N1	n
таста	V-TV,Vinfl-AUX	v-aux+v-trans
тастанды	A1,N1	adj+n
тастап%	V-TV	v-trans
тастақ	A1	adj
тасты	A1	adj
тасты%	N1	n
тасу	N1	n
тасушы	N1	n
тасшы	N1	n
тасшөп	N1	n
тасы	V-IV,V-TV	v-intrans+v-trans
тасымал	N1	n
тасымалда	V-TV-NOPASS,V-TV-PASS	?
тасымалдау	N1	n
тасымалдаушы	A1,N1	adj+n
тасымалды	A1	adj
тасымалы	A3	adj
тасып%	N1,V-TV	n+v-trans
тасырла	V-IV	v-intrans
тасқын	N1	n
тасқынды	A1	adj
тат	V-TV	v-trans
татар	N1-NAT	n
татарша	ADV-LANG	adv
таттан	V-IV	v-intrans
тату	A1,ADV	adj+adv
татуирле	V-IV	v-intrans
татулас	V-IV	v-intrans
татуластыр	V-IV	v-intrans
татулық	N1	n
татымды	A1	adj
татымсыз	A1	adj
татымсыздық	N1	n
татыр	V-TV	v-trans
тау	N1	n
тау%	N-COMPOUND-PX,N1	n
тауар	A1,N1	adj+n
тауар%	N1	n
тауар-ақша	N1	n
тауарлық	A4	adj
тауармен%	V-TV	v-trans
тауешкі	N1	n
таулы	A3	adj
таурат	A1	adj
таусыл	V-IV	v-intrans
таусылмайтын	A1	adj
таусылу	N1	n
тауы	N1	n
тауып%	V-TV	v-trans
тауыс	V-TV	v-trans
тауыса%	V-IV,V-TV	v-intrans+v-trans
тауық	N1	n
тауық%	N1	n
тахикардия	N1	n
тахометр	N1	n
тахта	N1	n
тая	V-IV	v-intrans
таяз	A1	adj
таян	V-TV	v-trans
таяу	POST	post
таяуда	ADV	adv
таяудағы	A3	adj
таяқ	N1	n
таяқша	N1	n
таға	N1	n
тағайында	V-TV	v-trans
тағайындал	V-IV	v-intrans
тағайындалынған	A1	adj
тағайындалған	A1	adj
тағайындау	N1	n
тағалы	A3	adj
тағам	N1	n
тағамдас	N1	n
тағамдық	A1	adj
таған	N1	n
тағдыр	N1	n
тағы	ADV,POSTADV	adv
тағы%	N1	n
тағыл	V-IV	v-intrans
тағылған	A4	adj
тақ	A1,N1,V-TV	adj+n+v-trans
тақ%	N1	n
тақа	V-IV,V-TV	v-intrans+v-trans
тақау	A1	adj
тақия	N1	n
тақпақтау	N1	n
тақсыр	N1	n
тақта	N1	n
тақта-базиттік	A1	adj
тақтай	N1	n
тақтайша	N1	n
тақтан%	V-TV	v-trans
тақтатас	N1	n
тақуа	A2	adj
тақыл	A1	adj
тақылдат	V-TV	v-trans
тақылеттес	A1	adj
тақымда	V-IV	v-intrans
тақымдық%	N1	n
тақыр	N1	n
тақырып	N1	n
тақырыптама	N1	n
тақырыптық	A1	adj
тақырыпша	N1	n
таққа%	N1,V-IV,V-TV	n+v-intrans+v-trans
таң	N1,V-TV	n+v-trans
таң%	A1,A4,N1,V-IV,V-TV	adj+n+v-intrans+v-trans
таңатын	A1	adj
таңба	N1	n
таңба%	V-IV	v-intrans
таңбала	V-TV	v-trans
таңбаланған	A1,A4	adj
таңбалаушы	N1	n
таңбалағыш	N1	n
таңбалы	A3	adj
таңда	V-IV,V-TV	v-intrans+v-trans
таңдай	N1	n
таңдал	V-TV	v-trans
таңдама	N1	n
таңдамалы	A3	adj
таңдан	V-IV	v-intrans
таңдана	ADV	adv
таңданарлық	A4	adj
таңдандыр	V-IV,V-TV	v-intrans+v-trans
таңданған	A1	adj
таңдау	N1	n
таңдаулы	A4	adj
таңдағыш	A1	adj
таңертең	ADV-WITH-KI,N1	adv+n
таңертеңгі	A3	adj
таңертеңгілік	A4	adj
таңсық	A1	adj
таңсықтан	V-TV	v-trans
таңсәрі	N1	n
таңылған	A4	adj
таңырқа	V-IV	v-intrans
таңырқаларлық	A4	adj
таңырқарлық	A1	adj
таңырқат	V-TV	v-trans
таңырқаған	A4	adj
таңғажайып	A1	adj
таңғал	V-IV	v-intrans
таңғала	V-TV	v-trans
таңғаларлық	A4,ADV	adj+adv
таңғалдыр	V-TV	v-trans
таңғалдырған	A1	adj
таңғы	A4	adj
таңғы%	N1	n
таңғылық	A4	adj
таңғыш	N1	n
таңқал	V-TV	v-trans
таңқаларлық	ADV	adv
таңқаларлықтай	A1	adj
таңқалдыр	V-TV	v-trans
таңқурай	N1	n
таңқурайлық	N1	n
театр	N1	n
театрлық	A1	adj
тебу	N1	n
тебін	V-IV	v-intrans
тебінде	V-TV	v-trans
тебірен	V-IV	v-intrans
тегеурінгүл	N1	n
тегі	ADV,N1	adv+n
тегін	A1,ADV	adj+adv
тегіс	A1,POSTADV	adj
тегісте	V-TV	v-trans
тегістейтін	A1	adj
тегістел	V-TV	v-trans
тегістелген	A1	adj
тегістеп	ADV	adv
тегістеуші	N1	n
тегістік	N1	n
теже	V-IV	v-intrans
тежегіш	N1	n
тежей%	N1	n
тежел	V-IV	v-intrans
тежелу	N1	n
тежет	V-TV	v-trans
тежеуіш	A1	adj
тез	A1,ADV	adj+adv
тез%	ADV,N1	adv+n
тездет	V-TV	v-trans
тездеткіш	N1	n
тездетіп	ADV	adv
тезис	N1	n
тезпіскіш	A1	adj
тезтікпе	N1	n
тезірек	ADV	adv
теизм	N1	n
тек	ADV,CC-PROTIV,CC-RAZDEL,N1	adv+n
теке	N1	n
текежаумыт	N1	n
текке	ADV	adv
тексер	V-TV	v-trans
тексерт	V-TV	v-trans
тексерткіз	V-TV	v-trans
тексеру	A1,N1	adj+n
тексеруші	N1	n
тексеріл	V-IV	v-intrans
тексерілген	A1	adj
тексеріп%	V-TV	v-trans
тексеріс	N1	n
текст	N1	n
текстура	N1	n
тексіз	A1	adj
тектес	A1	adj
тектоникалық	A4	adj
текті	A1	adj
тектік-топтық	A4	adj
текше	N1	n
текшеле	V-TV	v-trans
текірек	N1	n
текіректетіп%	V-IV	v-intrans
телеарна	N1	n
телебайланыс	N1	n
телебағдарлама	N1	n
телебірігу	N1	n
телевидение	N1	n
телевизия	N1	n
телеграф	A1,N1	adj+n
теледидар	N1	n
теледидарлама	N1	n
теледидарламалық	A1	adj
теледүкен	N1	n
тележка	N1	n
тележүргізуші	N1	n
тележұмыс	N1	n
телекоммуникация	N1	n
телекомпания	N1	n
телеконференция	N1	n
телематикалық	A1	adj
телемұнара	N1	n
телемәтін	N1	n
телеология	N1	n
телепатия	N1	n
телепікірталас	N1	n
телерадиокорпорация	N1	n
телескоп	N1	n
телескопия	N1	n
телеспектакль	N1	n
телестудия	N1	n
телетайп	N1	n
телеталқылау	N1	n
телетрансляция	N1	n
телефон	N1	n
телефондама	N1	n
телефондандыру	N1	n
телефония	N1	n
телефотография	N1	n
телехабар	N1	n
телеқатынас	N1	n
теллур	N1	n
телмір	V-IV	v-intrans
телмірт	V-IV	v-intrans
телнұсқа	N1	n
телпек	N1	n
телугуша	ADV-LANG	adv
тельсон	N1	n
телім	N1	n
тематикалық	A1	adj
темекі	N1	n
темекі%	V-TV	v-trans
темекіші	N1	n
темп	N1	n
темперамент	N1	n
температура	N1	n
температуралық	A4	adj
темір	A1,N1	adj+n
темір%	N1	n
темірдей	A1	adj
теміржол	N1	n
теміржолшы	N1	n
темірле	V-TV	v-trans
тенденция	N1	n
тендерлік	A4	adj
тенезм	N1	n
тензор	N1	n
теннис	N1	n
теннист	N1	n
тенор	N1	n
тентек	A1,N1	adj+n
тентектік	N1	n
тентектік%	V-IV	v-intrans
тентіре	V-IV	v-intrans
теогония	N1	n
теодицея	N1	n
теодолит	N1	n
теократия	N1	n
теократиялық	A1	adj
теолог	N1	n
теология	N1	n
теологиялақ	A1	adj
теорема	N1	n
теоретик	A4,N1	adj+n
теория	N1	n
теорияландыр	V-TV	v-trans
теориялық	A4	adj
теорияшыл	N1	n
теософия	N1	n
теп	V-TV	v-trans
тепаль	N1	n
тепе-тең	A4	adj
тепе-теңдік	N1	n
тепкі	N1	n
тепкіле	V-TV	v-trans
тер	N1,V-TV	n+v-trans
терiске%	N1	n
теракті	N5	n
теране	N1	n
терапевтикалық	A1	adj
терапия	N1	n
тератология	N1	n
тераццо	N1	n
тербел	V-IV	v-intrans
тербелген	A1	adj
тербелетін	A1	adj
тербелмелі	A4	adj
тербелт	V-TV	v-trans
тербелу	N1	n
тербеліс	N1	n
тербет	V-TV	v-trans
тербетілген	A1	adj
тербий	N1	n
терге	V-TV	v-trans
тергеу	A1,N1	adj+n
тергеусіз%	N1	n
тергеуші	N1	n
терезе	N1	n
терек	N1	n
терең	A1,ADV	adj+adv
тереңд.	ABBR	abbr
тереңде	V-IV	v-intrans
тереңдетілген	A1	adj
тереңдік	N1	n
териген	A1	adj
терле	V-IV	v-intrans
терлеген	A1	adj
термин	N1	n
терминал	N1	n
терминалды	A1	adj
терминология	N1	n
терминологиялық	A3,A4	adj
термистор	N1	n
термит	N1	n
термиялық	A4	adj
термогигрометр	N1	n
термограф	N1	n
термография	N1	n
термодинамика	N1	n
терможұп	N1	n
термометр	N1	n
термометрия	N1	n
термопластикалық	A4	adj
терморегулятор	N1	n
термостат	N1	n
термосфера	N1	n
термотерапия	N1	n
термоэлектриялық	A1	adj
термоядролық	A4	adj
терракот	N1	n
терраса	N1	n
территория	N1	n
территориялық	A4	adj
террор	N1	n
терроризм	N5	n
террористік	A4	adj
террорлық	A4	adj
терроршы	N1	n
терте	N1	n
теруші	N1	n
терцет	N1	n
терция	N1	n
тершең	A1	adj
тершіл	A1	adj
тері	A4,N1	adj+n
тері%	N1	n
терігер	N1	n
теріс	A1,ADV	adj+adv
теріс%	N1,V-IV	n+v-intrans
теріске%	V-TV	v-trans
терісте	V-TV	v-trans
терістеу	N1	n
терістік	A2,N1	adj+n
тес	V-TV	v-trans
тескіш	N1	n
тесла	N1	n
теснифа	N1	n
тест	N1	n
тесу	N1	n
тесік	N1	n
тесіктау	N1	n
тесіл	V-IV	v-intrans
тесіле%	V-IV	v-intrans
тесілетін	A1	adj
тетания	N1	n
тетелес	N1	n
тетрархия	N1	n
тетраэдр	N1	n
тетік	N1	n
тех.	ABBR	abbr
техника	N1	n
техникалық	A4,ADV	adj+adv
техникалық%	N1	n
техникум	N1	n
технократия	N1	n
технология	N1	n
технологиялық	A4,ADV	adj+adv
технопарк	N1	n
техноқұрылым	N1	n
тең	A1,N1	adj+n
тең%	V-IV	v-intrans
теңалыстатылған	N1	n
теңбілді	A4	adj
теңбүйірлі	A4	adj
теңге	N1	n
теңгелік	A4	adj
теңгергіш	N1	n
теңгерім	N1	n
теңгешілдік	N1	n
теңдес	A1	adj
теңдестір	V-TV	v-trans
теңдестірілген	A1	adj
теңдеу	N1	n
теңдік	N1	n
теңе	V-TV	v-trans
теңестір	V-TV	v-trans
теңестіргіш	N1	n
теңеусіз	A1	adj
теңжақты	A1	adj
теңкел	V-TV	v-trans
теңкүнді	A4	adj
теңкүшті	A4	adj
теңсел	V-IV	v-intrans
теңселт	V-TV	v-trans
теңсіз	A1	adj
теңсіздік	N1	n
теңіз	N1	n
теңіз%	N-COMPOUND-PX,N1	n
теңіздік	A1	adj
теңізші	N1	n
ти	V-IV	v-intrans
тигель	N1	n
тиген	A1	adj
тигіз	V-TV	v-trans
тигізбе	V-IV	v-intrans
тигізе%	V-IV	v-intrans
тие	V-TV	v-trans
тиейтін	A1	adj
тиек	N1	n
тиел	V-IV	v-intrans
тиелген	A1	adj
тиесілі	A2,V-TV	adj+v-trans
тиесілі%	V-IV	v-intrans
тиеуші	N1	n
тиеушілік	N1	n
тик	N1	n
тиксотропия	N1	n
тиллит	N1	n
тильбюри	N1	n
тимей%	V-IV	v-intrans
тимьян	N1	n
тимэктомия	N1	n
тип	N5	n
типолитография	N1	n
типология	N1	n
типологиялық	A1	adj
типтендіру	N1	n
типтеу	N1	n
типті	A1	adj
типті%	A1	adj
типтік	A4	adj
типыл	A1	adj
тирада	N1	n
тираж	N1	n
тиран	N1	n
тиристор	N1	n
тироидті	A1	adj
тироксин	N1	n
титан	N1	n
титанит	N1	n
титул	N1	n
титулдылық	N1	n
титық	N1	n
титықта	V-IV	v-intrans
титықтат	V-TV	v-trans
титықтау	N1	n
титықтыр	V-TV	v-trans
тиын	N1	n
тиын-тебен	N1	n
тиынтақ	N1	n
тиянақсыз	A1	adj
тиянақтау	N1	n
тиянақты	A1	adj
тиімді	A2,ADV	adj+adv
тиімділік	N1	n
тиімсіз	A4	adj
тиін	N1	n
тиіс	A3,V-IV	adj+v-intrans
тиіс%	V-IV	v-intrans
тиісе%	V-IV	v-intrans
тиісті	A2	adj
тиістілік	N1	n
тобак	N1	n
тобыр	N1	n
тобық	N1	n
товар	N1	n
тога	N1	n
тоз	V-IV	v-intrans
тозақ	N1	n
тозаң	N1	n
тозаңдандыру	N1	n
тозаңдандырушы	N1	n
тозаңдану	N1	n
тозаңдату	N1	n
тозаңдатушы	N1	n
тозаңдық	N1	n
тоздыр	V-IV	v-intrans
тозу	N1	n
тозған	A1	adj
той	N1,V-IV	n+v-intrans
тойла	V-TV	v-trans
тойлап%	V-TV	v-trans
тойлау	V-TV	v-trans
тойтарма	N1	n
тойтарушы	N1	n
тойтарыс	N1	n
тойтарғыш	N1	n
тойымсыз	A1	adj
тойымсыздық	N1	n
тойғанша	ADV	adv
ток	N1	n
токарлық%	N1	n
токсемия	N1	n
токсикология	N1	n
токсикомания	N1	n
токсин	N1	n
тол	V-IV	v-intrans
толассыздық	N1	n
толерантты	A3	adj
толеранттылық	N1	n
толмау	N1	n
толмаған	A1	adj
толтыр	V-TV	v-trans
толтырма	N1	n
толтыру	N1	n
толтырушы	N1	n
толтырыл	V-IV	v-intrans
толтырылмайтын	A4	adj
толтырғы	N1	n
толтырғыш	N1	n
толы	A1	adj
толымды	A1	adj
толымсыздық	N1	n
толып%	N1	n
толыс	V-IV	v-intrans
толығу	N1	n
толығымен	A1	adj
толық	A1,ADV,N1,V-IV	adj+adv+n+v-intrans
толықтай	ADV	adv
толықтандыру	N1	n
толықтауыш	N1	n
толықтыр	V-TV	v-trans
толықтырма	N1	n
толықтыру	N1	n
толықтырылым	N1	n
толықтық	N1	n
толыққанды	A2	adj
толға	V-TV	v-trans
толғам	N1	n
толған	A1,V-IV	adj+v-intrans
толғанушылық	N1	n
толғаныс	N1	n
толғақ	N1	n
толқу	N1	n
толқын	N1	n
толқын%	N-COMPOUND-PX,N1	n
толқындану	N1	n
толқындат	V-TV	v-trans
толқынды	A1	adj
толқытатын	A4	adj
том	N1	n
томар	N1	n
томарқұлақ	N1	n
томат	N1	n
томография	N1	n
томпақ	N1	n
томпитын	A1	adj
томсар	V-IV	v-intrans
тон	N1	n
тона	V-TV	v-trans
тоналдылық	N1	n
тонаушы	N1	n
тонер	N1	n
тонна	N1	n
тоннаж	N1	n
топ	N1	n
топаз	N1	n
топан	N1	n
топарал	N1	n
топас	A3,N1	adj+n
топография	N1	n
топографиялық	A1	adj
тополог	N1	n
топология	N1	n
топологиялық	A1	adj
топоним	N1	n
топонимика	N1	n
топонимия	N1	n
топса	N1	n
топсель	N1	n
топта	V-TV	v-trans
топтал	V-IV	v-intrans
топтама	N1	n
топтан	V-IV	v-intrans
топтас	N1	n
топтастыр	V-TV	v-trans
топтастыру	N1	n
топтасқан	A1	adj
топтау	N1	n
топшыла	V-TV	v-trans
топырақ	N1	n
топырақ%	N1	n
топырақтану	N1	n
топырақты	A4	adj
топырла	V-IV	v-intrans
тор	N1,V-IV	n+v-intrans
тор%	A4	adj
торай	N1	n
торайғыр	N1	n
торал	V-IV	v-intrans
торап	N1	n
торапты	A1	adj
торий	N1	n
торла	V-TV	v-trans
торлап%	V-TV	v-trans
торлы	A3	adj
торнадо	N1	n
торпақ	N1	n
торпеда	N1	n
торсылда	V-IV	v-intrans
торсылдатқыш	N1	n
торсылдақ	N1	n
торт	N1	n
торта	N1	n
торуылда	V-TV	v-trans
торф	N1	n
торы	A1	adj
торығу	N1	n
торғай	N1	n
торқалы	A3	adj
тос	V-TV	v-trans
тосап	N1	n
тостаған	N1	n
тостағанша	N1	n
тостер	N1	n
тосыл	V-IV	v-intrans
тосын	A1	adj
тосқауыл	N1	n
тоталитаризм	N1	n
тоталитарлы	A1	adj
тотем	N1	n
тотемизм	N1	n
тоттанған	A1	adj
тоты	N1	n
тотығу	N1	n
тотық	N1	n
тотықсыздандырғыш	N1	n
тотықтыр	V-TV	v-trans
тотықтырғыш	N1	n
тотыққан	A1	adj
тотықұс	N1	n
тоғай	N1	n
тоғайлы	A3	adj
тоғайлы%	N1	n
тоған	N1	n
тоғыз	NUM	num
тоғыз%	NUM	num
тоғын	N1	n
тоғыс	N1,V-IV	n+v-intrans
тоғышар	N1	n
тоқ	A1,N1,V-TV	adj+n+v-trans
тоқаш	N1	n
тоқмейілсу	N1	n
тоқпақ	N1	n
тоқпақтай	A1,ADV	adj+adv
тоқсан	N1,NUM	n+num
тоқсандық	A1,N1	adj+n
тоқта	V-IV	v-intrans
тоқтал	V-IV	v-intrans
тоқтат	V-TV	v-trans
тоқтаттырылу	N1	n
тоқтату	N1	n
тоқтатылған	A1	adj
тоқтау	N1	n
тоқтаусыз	A1	adj
тоқтаған	A1	adj
тоқтық	N1	n
тоқушы	N1	n
тоқы	V-IV,V-TV	v-intrans+v-trans
тоқылда	V-TV	v-trans
тоқылдат	V-TV	v-trans
тоқылдақ	N1	n
тоқылған	A1	adj
тоқым	N1	n
тоқыма	N1	n
тоқымалық	A4	adj
тоқымашы	N1	n
тоқып%	V-IV	v-intrans
тоқырау	N1	n
тоң	V-IV,V-TV	v-intrans+v-trans
тоңа%	V-TV	v-trans
тоңазыт	V-TV	v-trans
тоңазыту	N1	n
тоңазытқыш	N1	n
тоңба	N1	n
тоңдыр	V-TV	v-trans
травматикалық	A1	adj
травматолог	N1	n
травматология	N1	n
трагедия	N1	n
трагедиялық	A4,ADV	adj+adv
трагик	N1	n
трагикомедия	N1	n
траектория	N1	n
трактат	N1	n
трактирші	N1	n
трактор	N1	n
трамвай	A1,N1	adj+n
трамп	N1	n
трамплин	N1	n
транзакция	N1	n
транзистор	N1	n
транзит	N1	n
транзиттік	A4	adj
транквилизатор	N1	n
трансатлантикалық	A1	adj
трансвестизм	N1	n
трансгрессия	N1	n
трансивер	N1	n
транскрипция	N1	n
транслитерация	N1	n
транслокация	N1	n
трансляция	N1	n
трансмиссия	N1	n
транспирация	N1	n
трансплантация	N1	n
трансплантология	N1	n
транспозиция	N1	n
транспорт	N1	n
трансформа	N1	n
трансформатор	N1	n
трансформация	N1	n
трансформациялық	A1	adj
трансценденттік	A1	adj
траншея	N1	n
трапеция	N1	n
траст	N5	n
трахеостомия	N1	n
трахеотомия	N1	n
трахея	N1	n
трахома	N1	n
тремолит	N1	n
тренд	N1	n
треска	N1	n
трест	N1	n
третикалық	A1	adj
трефнация	N1	n
триангуляция	N1	n
триацилглицерид	N1	n
триболуминисенс	N1	n
трибуна	N1	n
тривиалдылық	N1	n
тривиум	N1	n
триггер	N1	n
триглицерид	N1	n
тригонометрия	N1	n
трико	N1	n
трикотаж	N1	n
триллер	N1	n
триллиард	NUM	num
триллион	N1,NUM	n+num
трилогия	N1	n
тример	N1	n
триметр	N1	n
трио	N1	n
триптих	N1	n
трисекция	N1	n
трисомия	N1	n
тритий	N1	n
тритон	N1	n
триумвират	N1	n
триумф	N1	n
трихотомия	N1	n
трл.	N1	n
трлн	ABBR	abbr
тройка	N1	n
троллейбус	A1	adj
тромб	N1	n
тромбин	N1	n
тромбоцит	N1	n
тропизм	N1	n
тропик	N1	n
тропик%	N1	n
тропикалық	A1,A4	adj
тропикалық%	N1	n
тропиктік	A4	adj
тропопауза	N1	n
тропосфера	N1	n
тротуар	N5	n
трофозоит	N1	n
трохоид	N1	n
трояндық	A1	adj
труба	N1	n
трубка	N5	n
трудовик	N1	n
труппа	N1	n
трюмсель	N1	n
тс	INTERJ	interj
ту	N1,V-IV,V-TV	n+v-intrans+v-trans
туа%	A1	adj
туба	N1	n
туберкулез	N1	n
тубулина	N1	n
тудыр	V-TV	v-trans
туер	N1	n
туз	N1	n
тулий	N1	n
тумайтын	A1	adj
тумалас	A1	adj
тумысынан	A1	adj
тундралық	N1	n
туника	N1	n
туннель	N1	n
туннельші	N1	n
тур	N1	n
тура	A1,ADV,V-TV	adj+adv+v-trans
тура%	V-IV,V-TV	v-intrans+v-trans
турайтын	A1	adj
турала	V-TV	v-trans
туралы	POST-NOM	post
туралық	N1	n
турашыл	A1	adj
турбина	N1	n
турбокомпрессор	N1	n
турбуленттік	N1	n
туризм	N5	n
турист	N5	n
туристік	A4	adj
турмалин	N1	n
турникет	N1	n
турнир	N1	n
турнирлік	A4	adj
турындағы	A3	adj
туфли	N5	n
туфлилі	A2	adj
туыл	V-IV	v-intrans
туылған	A1	adj
туында	V-IV	v-intrans
туындату	N1	n
туынды	A1,N1	adj+n
туып-көбеюшілік	N1	n
туырыл	V-IV	v-intrans
туыс	A3,N1	adj+n
туыс%	N1	n
туысаралық	A4	adj
туыстастыр	V-IV	v-intrans
туыстық	A4,N1	adj+n
туысын%	N1	n
туысқан	A1,N1	adj+n
туысқандық	A1	adj
туған	A3,N1	adj+n
туған%	N1	n
туғандық	N1	n
туғыз	V-TV	v-trans
туғызу	N1	n
тызылда	V-IV	v-intrans
тый	V-TV	v-trans
тыйыл	V-IV	v-intrans
тыйылыс	N1	n
тыйым	N1	n
тыйым%	A4,V-TV	adj+v-trans
тыйын	V-IV	v-intrans
тылсымды	A1	adj
тым	ADV	adv
тым%	N1	n
тымау-сымау	N1	n
тымақ	N1	n
тымырай	V-IV	v-intrans
тын	A1,V-IV	adj+v-intrans
тындыр	V-TV	v-trans
тындырымды	A1	adj
тыным	N1	n
тынымды	A1	adj
тынымсыз	A1,ADV	adj+adv
тыныс	N1	n
тыныста	V-IV	v-intrans
тыныстық	A1	adj
тыныш	A1,ADV	adj+adv
тынышсыздан	V-IV	v-intrans
тыныштал	V-IV	v-intrans
тынышталдыр	V-TV	v-trans
тынышталдыру	N1	n
тынышталған	A1	adj
тыныштан	V-IV	v-intrans
тыныштандыр	V-TV	v-trans
тыныштандыру	N1	n
тыныштандырушы	N1	n
тыныштығын%	V-IV	v-intrans
тыныштық	N1	n
тынық	A1,V-IV	adj+v-intrans
тынған	A4	adj
тыпырла	V-IV	v-intrans
тыпыршу	N1	n
тыржыңда	V-IV	v-intrans
тырма	N1	n
тырмала	V-IV	v-intrans
тырмалайтын	A4	adj
тырмалар	N1	n
тырмашы	N1	n
тырмыс	V-IV	v-intrans
тырна	N1,V-TV	n+v-trans
тырналған	A1	adj
тырнап%	V-TV	v-trans
тырнауыш	N1	n
тырнақ	N1	n
тырнақша	N1	n
тырпылдат	V-IV	v-intrans
тырс	IDEO	interj
тырсылдат	V-TV	v-trans
тыртыс	V-IV	v-intrans
тыртыстыр	V-TV	v-trans
тыртық	N1	n
тырыс	V-IV	v-intrans
тырысу	N1	n
тырысып%	V-IV	v-intrans
тырысқақтық	A1	adj
тыс	N1,POST-ABL	n
тысыр	N1	n
тышқан	N1	n
тышқан%	N1	n
тыянақтал	V-IV	v-intrans
тығыз	A1,ADV	adj+adv
тығызда	V-TV	v-trans
тығыздай	ADV	adv
тығыздағыш	N1	n
тығыздық	N1	n
тығыл	V-IV	v-intrans
тығылып%	V-IV	v-intrans
тығын	N1,V-TV	n+v-trans
тығында	V-TV	v-trans
тығындау	N1	n
тығып%	V-TV	v-trans
тық	V-IV,V-TV	v-intrans+v-trans
тықсыр	V-TV	v-trans
тықылда	V-IV	v-intrans
тықылдат	V-TV	v-trans
тықылдату	N1	n
тықыр	N1	n
тықырла	V-IV,V-TV	v-intrans+v-trans
тың	A1,A4,ADV	adj+adv
тың%	V-IV	v-intrans
тыңай	V-IV	v-intrans
тыңайт	V-TV	v-trans
тыңайтқыш	A1,N1	adj+n
тыңгер	N1	n
тыңда	V-TV	v-trans
тыңдал	V-IV	v-intrans
тыңдама	V-TV	v-trans
тыңдап%	V-TV	v-trans
тыңдат	V-TV	v-trans
тыңдау	N1	n
тыңдаушы	N1	n
тыңшы	N1	n
тыңшы%	V-IV	v-intrans
тыңшылық	N1	n
тыңғылықты	A1	adj
тэг	N1	n
тюнер	N1	n
тігетіг	N1	n
тігетін	A1	adj
тігу	N1	n
тігулі	A3	adj
тігілген	A1	adj
тігілу	N1	n
тігін	N1	n
тігін%	N1	n
тігінен	ADV	adv
тігінші	N1	n
тігіс	N1	n
тіз	V-TV	v-trans
тізбек	N1	n
тізбектелген	A1	adj
тізбектілік	N1	n
тізгін	N1	n
тізе	N1	n
тізелік	A4	adj
тізерле	V-IV,V-TV	v-intrans+v-trans
тізетебіс	N1	n
тізеқап	N1	n
тізіл	V-IV	v-intrans
тізілім	N1	n
тізім	N1	n
тізім-күнтізбе	N1	n
тізімдел	V-IV	v-intrans
тізімдеме	N1	n
тізімдеу	N1	n
тізімдеуші	N1	n
тізімші	N1	n
тік	A1,ADV,V-IV,V-TV	adj+adv+v-intrans+v-trans
тік%	N1,V-TV	n+v-trans
тіке	A1,ADV	adj+adv
тікей	V-IV	v-intrans
тікелей	A6,ADV	adv
тікелейдік	N1	n
тікенді%	N1	n
тікенек	N1	n
тікеншөп	N1	n
тіксін	V-IV	v-intrans
тіктір	V-TV	v-trans
тіктөртбұрыш	N1	n
тіктөртбұрышт	A1	adj
тіктөртбұрышты	A4	adj
тікілен	V-IV	v-intrans
тікірей	V-IV	v-intrans
тікірейтіп	ADV	adv
тікірейіп	ADV	adv
тікірейіп%	V-TV	v-trans
тікіреңде	V-IV	v-intrans
тікұшақ	N1	n
тіл	N1,V-TV	n+v-trans
тіл%	A1,N1,V-IV,V-TV	adj+n+v-intrans+v-trans
тілазар	N1	n
тілалғыш	A1	adj
тіларалық	N1	n
тіласты%	N1	n
тілде	V-TV	v-trans
тілдес	V-IV,V-TV	v-intrans+v-trans
тілді	A1	adj
тілдік	A1	adj
тіле	V-TV	v-trans
тілек	N1	n
тілек%	V-IV	v-intrans
тілектес	N1	n
тілектестік	N1	n
тілекші	N1	n
тілемсек	N1	n
тілеу	N1	n
тілеулі	A1	adj
тілеусіз	A1	adj
тілкем	N1	n
тілкемде	V-TV	v-trans
тілмар	A1	adj
тілмаш	N1	n
тілсіз	A1	adj
тілхат	N1	n
тілші	N1	n
тілшік	A1	adj
тілік	N1	n
тілім	N1	n
тілімде	V-TV,V-TV-PASS	v-trans
тімтін	V-TV	v-trans
тіміскіле	V-TV	v-trans
тіміскілен	V-IV	v-intrans
тіміскілеу	N1	n
тін	N1	n
тінт	V-TV	v-trans
тінтуір	N1	n
тіптен	ADV	adv
тіпті	ADV	adv
тіре	V-TV	v-trans
тірек	N1	n
тірек%	N1	n
тірексіз	A1	adj
тіректі	A1	adj
тірел	V-IV	v-intrans
тірен	V-IV	v-intrans
тіреніш	N1	n
тірес	V-IV	v-intrans
тіреу	N1	n
тіреуіш	N1	n
тірке	V-TV	v-trans
тіркегіш	A1	adj
тіркел	V-IV	v-intrans
тіркелген	A1	adj
тіркелгі	N1	n
тіркелетін	A1	adj
тіркелмеген	A1	adj
тіркелу	N1	n
тіркелім	N1	n
тіркеме	N1	n
тіркемелі	A3	adj
тіркес	N1	n
тіркеу	N1	n
тіркеулі	A4	adj
тіркеуші	N1	n
тірлік	N1	n
тіршілік	N1	n
тірі	A1	adj
тірі%	V-IV	v-intrans
тіріл	V-IV	v-intrans
тірілт	V-TV	v-trans
тірілту	N1	n
тірілік	N1	n
тіс	N1	n
тіс%	N-COMPOUND-PX,N1	n
тіскебасар	N1	n
тіссіз	A1	adj
тісте	V-TV	v-trans
тістен	V-TV	v-trans
тістеп%	V-TV	v-trans
тістес	V-IV	v-intrans
тістеуік	N1	n
тістотық	N1	n
тісті	A1	adj
тісшұқуыш	N1	n
тісін%	V-TV	v-trans
тітірен	V-IV	v-intrans
тітіркен	V-IV	v-intrans
тітіркенгіштік	N1	n
тітіркендір	V-TV	v-trans
тітіркет	V-TV	v-trans
түбегейлеп	ADV	adv
түбегейлі	A1	adj
түбек	N1	n
түбекті	A4	adj
түбір	N1	n
түбірлік	A1	adj
түбіртек	N1	n
түбіт	N1	n
түгел	A1,PRON-QNT	adj
түгелде	V-TV	v-trans
түгелдей	ADV	adv
түгелдеу	N1	n
түгенде	V-TV	v-trans
түгендеп%	V-TV	v-trans
түгендеу	N1	n
түгес	V-TV	v-trans
түгіл	CC-SOYED	conj
түз	N1,V-TV	n+v-trans
түзе	V-TV	v-trans
түзел	V-IV	v-intrans
түзелген	A1	adj
түзелетін	A4	adj
түзелмейтін	A1	adj
түзет	V-TV	v-trans
түзеткіш	N1	n
түзету	N1	n
түзетуші	N1	n
түзетіл	V-IV	v-intrans
түзетілген	A4	adj
түзетіп%	V-TV	v-trans
түзеуші	N1	n
түзу	A1,N1	adj+n
түзу%	N1	n
түзулен	V-IV	v-intrans
түзіл	V-IV	v-intrans
түзіліс	N1	n
түй	V-TV	v-trans
түйгіштеу	N1	n
түйе	N1	n
түйетауық	N1	n
түйеқұс	N1	n
түйме	N1	n
түймебас	N1	n
түймедақ	N1	n
түймежапырақ	N1	n
түймеле	V-TV	v-trans
түймешетен	N1	n
түйне	V-IV	v-intrans
түйнек	N1	n
түйнекбадана	N1	n
түйре	V-TV	v-trans
түйреу	N1	n
түйреуіш	N1	n
түйсік	N1	n
түйсін	V-IV	v-intrans
түйіл	V-IV	v-intrans
түйілген	A1	adj
түйілу	N1	n
түйін	N1	n
түйінде	V-TV	v-trans
түйіндегіш	N1	n
түйіндеме	N1	n
түйінді	A1	adj
түйіндік	N1	n
түйіншек	N1	n
түйір	N1	n
түйірлі	A3	adj
түйіртпектен	V-IV	v-intrans
түйіршіктелген	A4	adj
түйіршіктеу	N1	n
түйіс	V-IV	v-intrans
түйіскен	A1	adj
түйістір	V-IV	v-intrans
түйісу	N1	n
түк	N1	n
түкпір	N1	n
түкси	V-IV	v-intrans
түктішөп	N1	n
түкір	V-IV,V-TV	v-intrans+v-trans
түкіргіш	N1	n
түкірін	V-IV	v-intrans
түле	V-IV	v-intrans
түлек	N1	n
түлкі	N1	n
түлкіқұйрық	N1	n
түлік	N1	n
түмен	NUM	num
түмендеген	DET-QNT	det
түн	N1	n
түн%	N-COMPOUND-PX,N1	n
түнгі	A1	adj
түнгі%	N1	n
түнде	ADV	adv
түндік	N1	n
түне	V-IV	v-intrans
түнек	N1	n
түнер	V-IV	v-intrans
түп	N1	n
түпкі	A1	adj
түпкілікті	A1	adj
түпнұсқа	N1	n
түпнұсқалық	N1	n
түпсіз	A4	adj
түптек	N1	n
түптен	V-IV	v-intrans
түптеткіз	V-TV	v-trans
түптеуші	N1	n
түр	N1,V-TV	n+v-trans
түр%	N1	n
түраралық	A4	adj
түргеліп%	V-IV	v-intrans
түргіз	V-TV	v-trans
түрегел	V-IV	v-intrans
түрегеп	ADV	adv
түрен	N1	n
түрк	N1	n
түркі	A1	adj
түркітану	N1	n
түрлендір	V-TV	v-trans
түрлендіргіш	N1	n
түрлендіру	N1	n
түрлену	N1	n
түрленім	N1	n
түрлі	A2	adj
түрлі-түсті	A1,ADV	adj+adv
түрлі-түсті%	N1	n
түрлілік	N1	n
түрме	N1	n
түрпіле	V-TV	v-trans
түрт	V-TV	v-trans
түрткі	N1	n
түрткіле	V-TV	v-trans
түртпекте	V-TV	v-trans
түртінді	N1	n
түршігерлік	A4	adj
түршігу	N1	n
түршік	V-IV	v-intrans
түршіктір	V-TV	v-trans
түрік	N1-NAT	n
түрікмен	A4,N1	adj+n
түрікменше	ADV-LANG	adv
түрікше	ADV-LANG	adv
түрін%	N1	n
түрішілік	A4	adj
түс	N1,V-IV	n+v-intrans
түс%	N-COMPOUND-PX-PL,N1	n
түскі	A4	adj
түскі%	N1,V-TV	n+v-trans
түссіз	A1	adj
түссіздендір	V-TV	v-trans
түссіздік	N1	n
түсте	ADV	adv
түстен	V-IV	v-intrans
түстес	POST	post
түсті	A2	adj
түстік	N1	n
түсім	N1	n
түсімді	A1	adj
түсімсіз	A1	adj
түсін	V-TV	v-trans
түсінбестік	N1	n
түсіндір	V-TV	v-trans
түсіндіргіш	A1,N1	adj+n
түсіндіре	A4	adj
түсіндірме	A1,N1	adj+n
түсіндіру	N1	n
түсіндіруші	N1	n
түсіндірілетін	A4	adj
түсіндірілмеген	A1	adj
түсінушілік	N1	n
түсінік	N1	n
түсініксіз	A1,A2	adj
түсініктеме	N1	n
түсінікті	A1,INTERJ	adj+interj
түсініктілік	N1	n
түсініл	V-TV	v-trans
түсініс	V-IV	v-intrans
түсіністік	N1	n
түсір	V-TV	v-trans
түсір%	V-TV	v-trans
түсіру	N1	n
түсірілім	N1	n
түсіріп%	V-TV	v-trans
түсіңкі	ADV	adv
түсіңкіре	V-IV	v-intrans
түсқағаз	N1	n
түт	V-IV	v-intrans
түтеле	V-TV	v-trans
түтет	V-TV	v-trans
түтуші	N1	n
түтік	N1	n
түтік%	N1	n
түтікше	N1	n
түтін	N1	n
түтінде	V-IV,V-TV	v-intrans+v-trans
түтіндету	N1	n
түтіндік	N1	n
түтінтартқы	N1	n
түше	N1	n
түшкір	V-IV	v-intrans
түшкіру	N1	n
түшкірік	N1	n
түңіл	V-IV	v-intrans
түңіліс	N1	n
тұжыр	V-TV	v-trans
тұжырым	N1	n
тұжырымда	V-TV	v-trans
тұжырымдалған	A4	adj
тұжырымдама	N1	n
тұжырымдамалық	A4	adj
тұжырымдау	N1	n
тұжырымды	A1	adj
тұз	N1	n
тұзақ	N1	n
тұзда	V-IV	v-intrans
тұздалған	A1	adj
тұздау	N1	n
тұздаушы	N1	n
тұзды	A1	adj
тұздық	N1	n
тұйық	A3,N1	adj+n
тұйықтаушы	N1	n
тұйықтық	N1	n
тұйғын	N1	n
тұл	N1	n
тұла	A1	adj
тұлпар	N1	n
тұлып	N1	n
тұлға	N1	n
тұлғалан	V-IV	v-intrans
тұлғалы	A3	adj
тұлғаралық	A1	adj
тұлғасыз	A1	adj
тұман	N1	n
тұмандан	V-IV	v-intrans
тұманды	A1,ADV	adj+adv
тұмар	N1	n
тұмау	N1	n
тұмаурат	V-IV	v-intrans
тұмсық	N1	n
тұмсықша	N1	n
тұмшалау	N1	n
тұмылдырық	N1	n
тұнба	N1	n
тұндыр	V-TV	v-trans
тұндыру	N1	n
тұндырылған	A4	adj
тұнжыра	V-IV	v-intrans
тұнжырат	V-TV	v-trans
тұншық	V-IV	v-intrans
тұншықпа	N1	n
тұншықтыр	V-TV	v-trans
тұншықтыру	N1	n
тұншықтырғыш	A1	adj
тұнық	A1	adj
тұр	V-IV,Vinfl-AUX,Vinfl-AUX-IMPF,Vinfl-AUX-IMPF-NEG	v-aux+v-intrans
тұра%	V-IV	v-intrans
тұралат	V-TV	v-trans
тұралау	N1	n
тұрарлық	A1	adj
тұратын	A1	adj
тұрақ	A1,N1	adj+n
тұрақсыз	A1,N1	adj+n
тұрақсыздану	N1	n
тұрақсыздық	N1	n
тұрақта	V-IV	v-intrans
тұрақтал	V-IV	v-intrans
тұрақтан	V-TV	v-trans
тұрақтандыр	V-TV	v-trans
тұрақтандыру	N1	n
тұрақтандырғыш	N1	n
тұрақтану	N1	n
тұрақты	A1,ADV,N1	adj+adv+n
тұрақты%	A4	adj
тұрақтылық	N1	n
тұраққа%	V-IV	v-intrans
тұрмыс	N1	n
тұрмыстық	A4	adj
тұрмыстық%	N1	n
тұрпайы	A1	adj
тұрпайылау	N1	n
тұрпайылық	N1	n
тұрпат	N1	n
тұрыс	N1	n
тұрық	N1	n
тұрғы	N1	n
тұрғыз	V-TV	v-trans
тұрғызып%	V-TV	v-trans
тұрғылықты	A1	adj
тұрғын	A3,N1	adj+n
тұрқы	N1	n
тұс	N1	n
тұсау	N1	n
тұсаулы	A2	adj
тұспа-тұс	N1	n
тұспал	N1	n
тұспалда	V-TV	v-trans
тұспалдан	V-IV	v-intrans
тұспалсыз	ADV	adv
тұстас	N1	n
тұт	V-TV	v-trans
тұтан	V-IV	v-intrans
тұтанатын	A1	adj
тұтандыр	V-TV	v-trans
тұтандырғыш	A4	adj
тұтану	N1	n
тұтанған	A1	adj
тұтас	A1,V-IV	adj+v-intrans
тұтастай	ADV	adv
тұтастану	N1	n
тұтастыр	V-TV	v-trans
тұтастық	N1	n
тұтат	V-TV	v-trans
тұтатушы	N1	n
тұтатқыш	N1	n
тұтылу	N1	n
тұтын	V-TV	v-trans
тұтыну	N1	n
тұтынушы	N1	n
тұтығу	N1	n
тұтқа	N1	n
тұтқыл	N1	n
тұтқын	A1,N1	adj+n
тұтқында	V-TV	v-trans
тұтқындық	N1	n
тұтқыр	A4	adj
тұшала	N1	n
тұшпара	N1	n
тұщы	A1	adj
тұщы%	N1	n
тұщыландыр	V-TV	v-trans
тұщыландыру	N1	n
тұяқ	N1	n
тұғырнама	N1	n
тұқыл	N1	n
тұқым	N1	n
тұқым%	A4,N1,V-IV	adj+n+v-intrans
тұқымдандыру	N1	n
тұқымдас	N1	n
тұқымды	A1	adj
тұқымдық%	N1	n
тұқымсыз	A1	adj
тұқымсыздық	N1	n
тұңғиық	A1,A2	adj
тұңғиықтық	N1	n
тұңғыш	A4	adj
тәбет	N1	n
тәбетті	A4,ADV	adj+adv
тәж	N1	n
тәж%	N1	n
тәжрибесіз	A1	adj
тәжі	N1	n
тәжік	N1-NAT	n
тәжік%	N1	n
тәжікше	ADV-LANG	adv
тәжірибе	N1	n
тәжірибелі	A1	adj
тәжірибелік	A4	adj
тәжірибесіз	A1	adj
тәжірибеші	N1	n
тәкаппар	A1	adj
тәкаппарлан	V-IV	v-intrans
тәкаппарлық	N1	n
тәлкек	N1	n
тәлкекте	V-TV	v-trans
тәлім	N1	n
тәлімгер	N1	n
тәлімсі	V-IV	v-intrans
тәліп	N1	n
тәмамда	V-TV	v-trans
тәмамдал	V-IV	v-intrans
тән	A4,N1	adj+n
тәнік	ADV	adv
тәп-тәуір	ADV	adv
тәптіште	V-TV	v-trans
тәптіштеу	N1	n
тәрбие	N1	n
тәрбиеле	V-TV	v-trans
тәрбиеленген	A1	adj
тәрбиеленетін	A4	adj
тәрбиеленуші	N1	n
тәрбиелі	A1	adj
тәрбиелік	A4	adj
тәрбиеші	N1	n
тәрбиленген	A4	adj
тәрелке	N1	n
тәркіле	V-TV	v-trans
тәркілеу	N1	n
тәртіп	N1	n
тәртіпке%	V-TV	v-trans
тәртіпсіз	A1,ADV	adj+adv
тәртіпсізден	V-IV	v-intrans
тәртіпсіздік	N1	n
тәртіпте	ADV,V-TV	adv+v-trans
тәртіптел	V-TV	v-trans
тәртіптелінбеген	A1	adj
тәртіпті	A1	adj
тәртіптік	A1	adj
тәртіптілік	N1	n
тәрізден	V-IV	v-intrans
тәріздес	A2	adj
тәрізді	A2,POST	adj+post
тәсіл	N1	n
тәсілқой	A1	adj
тәте	N1	n
тәтті	A1,N1	adj+n
тәубе	N1	n
тәуекел	A1,N1	adj+n
тәуекел%	V-IV	v-intrans
тәуекелді	A1	adj
тәуекелдік%	V-IV	v-intrans
тәуекелділік	N1	n
тәуекелсіз	A1	adj
тәуелде	V-TV	v-trans
тәуелден	V-IV	v-intrans
тәуелді	A2,A3	adj
тәуелдік	N1	n
тәуелділік	N1	n
тәуелсіз	A1	adj
тәуелсіз%	A1	adj
тәуелсіздік	N1	n
тәулік	N1	n
тәуліктік	A4	adj
тәуір	A4,N1	adj+n
тәуірлен	V-IV	v-intrans
тәңір	N1	n
тәңірлік	A1,N1	adj+n
төбе	N1	n
төбелес	N1,V-IV	n+v-intrans
төбелесу	N1	n
төбелесқор	N1	n
төбелік	A4	adj
төбет	N1	n
төбешік	N1	n
төгіл	V-IV	v-intrans
төгілдір	V-IV	v-intrans
төгіс	V-TV	v-trans
төз	V-IV	v-intrans
төзбестік	N1	n
төзім	N1	n
төзімді	A2,ADV	adj+adv
төзімділік	N1	n
төзімсіз	A1	adj
төк	V-IV,V-TV	v-intrans+v-trans
төккіз	V-TV	v-trans
төкпе	A1	adj
төкпелік	N1	n
төл	A1,A4,N1	adj+n
төлдеу	N1	n
төле	V-TV	v-trans
төлем	A1,N1	adj+n
төлем%	N1	n
төлемақы	N1	n
төлемді	A1	adj
төлемдік%	N1	n
төлемеуші	N1	n
төлемші	N1	n
төлемқабілетсіздік	N1	n
төленген	A1	adj
төлеу	N1	n
төлеусіздік	N1	n
төлқұжат	N1	n
төм.	ABBR	abbr
төмен	A1,ADV,ADV-WITH-KI	adj+adv
төмен%	ADV,N1,V-IV	adv+n+v-intrans
төменгі	A3	adj
төменгі%	A4	adj
төменде	ADV,V-IV	adv+v-intrans
төмендегідей	ADV	adv
төмендет	V-IV	v-intrans
төмендету	N1	n
төмендетілген	A4	adj
төмендетілу	N1	n
төмендеу	N1	n
төн	V-IV	v-intrans
төндір	V-TV	v-trans
төр	N1	n
төрайым	N1	n
төраға	N1	n
төрағалық	N1	n
төрағалық%	V-TV	v-trans
төргі	A2	adj
төре	N1	n
төрелік	N1	n
төреші	N1	n
төрешілік%	V-TV	v-trans
төрлет	V-IV	v-intrans
төрт	NUM	num
төрт%	A4,NUM	adj+num
төртбұрыш	N1	n
төртбұрышты	A4	adj
төртеу	NUM-COLL	?
төртке%	N1	n
төртіншіден	ADV	adv
төс	N1	n
төсе	V-TV	v-trans
төсек	N1	n
төсел	V-IV	v-intrans
төселген	A1	adj
төсем	N1	n
төсеніш	N1	n
төсеу	N1	n
төстік	N1	n
төтенше	A1,A4,ADV	adj+adv
төтеп%	V-TV	v-trans
төңкер	V-TV	v-trans
төңкеріл	V-IV	v-intrans
төңкерілген	A1	adj
төңкеріс	N1	n
төңкерісшіл	N1	n
төңірегінде	ADV	adv
төңірек	N1	n
төңіректе	ADV	adv
төңіректегі	A1	adj
у	N1	n
у-шу	ADV	adv
уа	CC-SOYED,INTERJ	conj+interj
уайым	N1	n
уайымда	V-IV	v-intrans
уайымдат	V-TV	v-trans
уайымды	A1	adj
уайымсыз	A1,ADV	adj+adv
уайымшыл	A1,N1	adj+n
уат	V-TV	v-trans
уатылған	A1	adj
уатқыш	N1	n
уахи	N1	n
уағдалас	V-IV	v-intrans
уағдаластық	N1	n
уағыз	N1	n
уағызда	V-TV	v-trans
уағыздаушы	N1	n
уақ	A1	adj
уақ-түйек	N1	n
уақиға	N1	n
уақсын	V-TV	v-trans
уақтан	V-IV	v-intrans
уақтылы	A1	adj
уақыт	N1	n
уақыт%	ADV,N-COMPOUND-PX	adv
уақытсыз	A1	adj
уақытты%	V-TV	v-trans
уақыттық	A4	adj
уақытша	A6,ADV	adv
уақытша%	N1,V-IV	n+v-intrans
уақытылы	A1,ADV	adj+adv
уақытында	ADV	adv
убалдырған	N1	n
увертюра	N1	n
узурпатор	N1	n
узуфрукт	N1	n
уикипедия	N1	n
уикипедияшы	N1	n
указ	N1	n
украин	N1-NAT	n
украиндық	A1	adj
украинша	ADV-LANG	adv
уландыр	V-TV	v-trans
уландыратын	A1	adj
уландырғыш	A1	adj
улану	N1	n
улаған	A1	adj
улағыш	A1,N1	adj+n
улы	A4,ADV	adj+adv
ультиматум	N1	n
ультра%	A4	adj
ультрадыбыс	N1	n
ультрадыбыстық	A4	adj
ультракөгілдір	A1	adj
умажда	V-TV	v-trans
умиферлі	A4	adj
универсализм	N1	n
универсиада	N1	n
университет	N1	n
университетаралық	A4	adj
университеттік	A1	adj
университеттік%	N1	n
униполярлы	A4	adj
униформа	N1	n
униформды	A1	adj
уния	N1	n
унция	N1	n
уран	N1	n
урбанизация	N1	n
урду	N1-NAT	n
урдуша	ADV-LANG	adv
уремия	N1	n
урна	N1	n
уролог	N1	n
урология	N1	n
устрица	N1	n
утамыр	N1	n
утилитаризм	N1	n
утопия	N1	n
утопиялық	A1	adj
утоғытпалау	N1	n
уф	INTERJ	interj
ух	INTERJ	interj
учаске	N1	n
учаскелік	A4	adj
училище	N1	n
ушығу	N1	n
ушыққан	A1	adj
уыз	N1	n
уыздық	N1	n
уылдырық	N1	n
уылдырықтау	N1	n
уыс	N1	n
уытты	A1	adj
уыттылық	N1	n
уық	N1	n
уілде	V-IV	v-intrans
уілдеу	N1	n
уқала	V-TV	v-trans
уһ	INTERJ	interj
уәде	N1	n
уәде%	V-TV	v-trans
уәделе	V-IV	v-intrans
уәделес	V-IV	v-intrans
уәделескен	A1	adj
уәделі	A3	adj
уәзір	N1	n
уәкіл	N1	n
уәкілдік	N1	n
уәкілетті	A1	adj
уәкілеттік	N1	n
уәлаят	N1	n
фабрика	N1	n
фабрика-зауыт	N1	n
фабрикалық	A4	adj
фабрикант	N1	n
фабрикаттау	N1	n
фабула	N1	n
фавн	N1	n
фаворит	N1	n
фаворитизм	N1	n
фагот	N1	n
фагоцит	N1	n
фаза	N1	n
фазор	N1	n
файл	N1	n
факелші	N1	n
факс	N1	n
факсимиле	N1	n
факт	N6	?
факто	A4	adj
фактография	N1	n
фактор	N1	n
факторингтік	A4	adj
фактория	N1	n
факторлық	A4	adj
фактура	N1	n
факультативтік	A4	adj
факультет	N1	n
фалликалық	A4	adj
фальсифицикация	N1	n
фальц	N1	n
фамилия	N1	n
фанатикалық	A1	adj
фанера	N1	n
фанерогам	N1	n
фанерофит	N1	n
фантазия	N1	n
фантазмикалық	A4	adj
фантасмагория	N1	n
фантастика	N1	n
фантастикалық	A1	adj
фанфар	N1	n
фарад	N1	n
фараон	N1	n
фарерлік	A4	adj
фарерше	ADV-LANG	adv
фармакология	N1	n
фармакологиялық	A4	adj
фармакопея	N1	n
фармацевт	N1	n
фармацевтика	A3,N1	adj+n
фармацевтикалық	A1	adj
фармация	N1	n
фарс	N1	n
фарсах	N1	n
фасад	N1	n
фаталды	A1	adj
фатализм	N1	n
фатикалық	A4	adj
фатьянов	A1	adj
фауна	N1	n
фашизм	N1	n
фашист	N1	n
фашистендіру	N1	n
фашистік	A4	adj
февр.	ABBR	abbr
февраль	N1	n
федералды	A1	adj
федералдық	A4	adj
федерализм	N1	n
федералистік	A4	adj
федеральды	A3	adj
федералға%	A4	adj
федерация	N1	n
федерациялық	A1	adj
феерия	N1	n
фекальді	A3	adj
фельдмаршал	N1	n
фельдшер	N1	n
феминизация	N1	n
феминизм	N1	n
феминист	N1	n
фенил	N1	n
фенол	N1	n
фенолдық	A4	adj
фенология	N1	n
феномен	N1	n
феноменолог	N1	n
феноменология	N1	n
фенотип	N1	n
феодал	N1	n
феодалды	A1	adj
феодалдық	A4	adj
феодализм	N1	n
ферма	N1	n
ферманың%	N-COMPOUND-PX	?
фермент	N1	n
ферментативті	A4	adj
ферменттеу	N1	n
фермер	N1,N5	n
фермер%	N-COMPOUND-PX,N1	n
фермий	N1	n
феромон	N1	n
феррит	N1	n
ферритин	N1	n
ферромагнетизм	N1	n
ферромагниттік	A4	adj
ферроқорытпа	N1	n
фестиваль	N1	n
фетишизм	N1	n
фетиштік	A4	adj
фетр	N1	n
фехтование	N1	n
фиалка	N1	n
фиаско	N1	n
фибрин	N1	n
фибринді	A1	adj
фибриноген	N1	n
фибробласттық	A4	adj
физик	N1	n
физика	N1	n
физика-географиялық	A1	adj
физикалы	ADV	adv
физикалық	A4	adj
физикохимик	N1	n
физиоемдеу	N1	n
физиократия	N1	n
физиолог	N1	n
физиология	N1	n
физиологиялы	ADV	adv
физиологиялық	A4	adj
физиосанитарлық	A1	adj
физиотерапия	N1	n
физкультура	N1	n
физкультуралық	A4	adj
фикһ	N1	n
филантропия	N1	n
филармония	N1	n
филателия	N1	n
филиал	N5	n
филиграндық%	N-COMPOUND-PX	?
филиппиндік	A1	adj
филогенетикалық	A4	adj
филогения	N1	n
филолог	N1	n
филология	N1	n
филологиялық	A1	adj
философ	N1	n
философия	N1	n
философиялық	A4	adj
философта	V-IV	v-intrans
фильм	N1	n
фильмге%	V-TV	v-trans
финал	N1	n
финалдық	A4	adj
финализм	N1	n
финалист	N1	n
финанс	N1	n
финдік	A1	adj
финше	ADV-LANG	adv
фирма	N1	n
фирмалық%	N1	n
фирн	N1	n
фисгармония	N1	n
фискальді	A1	adj
фитогеография	N1	n
фитопатология	N1	n
фитопланктон	N1	n
фитофагты	A4	adj
фитоценология	N1	n
фишка	N1	n
флавоноид	N1	n
флагман	N1	n
флайер	N1	n
фланг	N1	n
фланель	N1	n
фланец	N1	n
флеботомия	N1	n
флейта	N1	n
флексия	N1	n
флексографикалық	A4	adj
флективті	A4	adj
флешка	N1	n
флигель	N1	n
флоккулус	N1	n
флокуляция	N1	n
флора	N1	n
флот	N1	n
флотилия	N1	n
флоттық	A1	adj
флоэма	N1	n
флуоресцеина	N1	n
флуоресценция	N1	n
флуоресценциялы	A1	adj
флюорит	N1	n
флюорография	N1	n
фляга	N1	n
фобия	N1	n
фовизм	N1	n
фокальді	A1	adj
фоксглав	N1	n
фокус	N1	n
фокустау	N1	n
фолиант	N1	n
фолликул	N1	n
фолликулярлы	A2	adj
фольга	N1	n
фолькетинг	N1	n
фольклор	N1	n
фольклорлық	A4	adj
фольклоршы	N1	n
фон	N1	n
фон%	NP-ANT-M	np
фонарь	N1	n
фонация	N1	n
фонд	N1	n
фондтық	A1	adj
фондю	N1	n
фонема	N1	n
фонемалық	A4	adj
фонематикалық	A4	adj
фонендоскоп	N1	n
фонетика	N1	n
фонетикалық	A4	adj
фонетист	N1	n
фонограмма	N1	n
фонограф	N1	n
фонология	N1	n
фонологиялық	A4	adj
фоностилистикалық	A4	adj
фонтан	N1	n
форма	N1	n
формалдылық	N1	n
формалдық	A4	adj
формализм	N1	n
формалы	A4	adj
формальдегид	N1	n
формальды	A4,ADV	adj+adv
формальдық	A3	adj
формат	N1	n
формация	N1	n
формула	N1	n
формулиз	N1	n
форс-мажор	N1	n
форт	N1	n
фортепьяно	N1	n
фортификация	N1	n
форум	N1	n
фосфат	N1	n
фосфатаза	N1	n
фосфин	N1	n
фосфокреатин	N1	n
фосфолипид	N1	n
фосфор	N1	n
фосфоресценция	N1	n
фосфорлану	N1	n
фото	N1	n
фотоаппарат	N1	n
фотобасу	N1	n
фотограмметрия	N1	n
фотограф	N1	n
фотографиялық	A1	adj
фотодеградации	N1	n
фотодеградация	N1	n
фотодиод	N1	n
фотоиллюстрация	N1	n
фотокедергі	N1	n
фотоколориметр	N1	n
фотокомпозиция	N1	n
фотокөшіргіш	N1	n
фотокөшірме	N1	n
фотолитографикалық	A4	adj
фотолитография	N1	n
фотометр	N1	n
фотометрия	N1	n
фотометриялық	A4	adj
фотомонтаж	N1	n
фотон	N1	n
фотонды	A4	adj
фотополимер	N1	n
фотосинтез	N1	n
фотосинтездеуші	A4	adj
фотосурет	N1	n
фототерапия	N1	n
фототип	N1	n
фототипия	N1	n
фототранзистор	N1	n
фотохимия	N1	n
фотохимиялық	A1	adj
фотохромия	N1	n
фотоэлектрикалық	A1	adj
фотоэлектрлік	A4	adj
фотоэлектрохимикалық	A4	adj
фотоқабылдағыш	N1	n
фотоқағаз	N1	n
фотоүлкейткіш	N1	n
фрагмент	N1	n
фрагменттеу	N1	n
фраза	N1	n
фразеология	N1	n
фрак	N1	n
фракция	N1	n
фракциялау	N1	n
фракциялық	A4	adj
франк	N1	n
франклин	N1	n
француз	N1-NAT	n
французша	ADV-LANG	adv
фрахт	N1	n
фрегат	N1	n
фрезерші	N1	n
фрейдисттік	A4	adj
фреска	N1	n
фронт	N5	n
фронтон	N1	n
фронтспис	N1	n
фтизиатрия	N1	n
фтор	N1	n
фторид	N1	n
фторирлеу	N1	n
фуга	N1	n
фужер	N1	n
фузия	N1	n
фуксия	N1	n
фумигациялау	N1	n
фундаментализм	N1	n
фундаменталист	N1	n
функционал	A1	adj
функционалдылық	N1	n
функционалдық	A4,N1	adj+n
функционалді	ADV	adv
функционер	N1	n
функция	N1	n
фунт	N1	n
фуражка	N1	n
фургон	N1	n
фургоншы	N1	n
фут	N1	n
футбол	N1	n
футболка	N1	n
футболшы	N1	n
футзал	N1	n
футпен%	N1	n
футтық	N1	n
футуризм	N1	n
футуристиялық	A1	adj
футурология	N1	n
фуф	INTERJ	interj
фуфайка	N5	n
фуэ	N1	n
фьорд	N1	n
фюзеляж	N1	n
фәни	A4	adj
ха	INTERJ	interj
хабанера	N1	n
хабар	N1	n
хабар%	V-IV,V-TV	v-intrans+v-trans
хабар-ошар	N1	n
хабардар	A4	adj
хабардар%	V-TV	v-trans
хабарла	V-IV,V-TV	v-intrans+v-trans
хабарлама	ADV,N1	adv+n
хабарландыратын	A1	adj
хабарландыру	N1	n
хабарландыру%	N-COMPOUND-PX	?
хабарлас	V-IV	v-intrans
хабарлауынша	CA	?
хабарсыз	A1	adj
хабаршы	N1	n
хайуан	N1	n
хайуанат	N1	n
хайуанаттар%	N-COMPOUND-PX	?
хал	N1	n
халал	A4	adj
халапеньо	N1	n
халат	N1	n
халиф	N1	n
халифат	N1	n
халыктар	N1	n
халық	N1	n
халық%	N-COMPOUND-PX,N1	n
халықаралық	A4,ADV	adj+adv
халықтық	A4,N1	adj+n
халықшыл	N1	n
халықшылдық	N1	n
халін%	V-IV	v-intrans
хамелеон	N1	n
хан	N1	n
хандық	A1,N1	adj+n
ханзада	N1	n
ханива	N1	n
ханум	N1	n
ханшайым	N1	n
ханым	N1	n
хаос	N1	n
харизма	N1	n
харизматикалық	A1	adj
хартия	N1	n
хат	N1	n
хат%	V-TV	v-trans
хат-хабар	N1	n
хаттама	A1,N1	adj+n
хатшы	N1	n
хатшылық	N1	n
хақ	N1	n
хақында	POST-NOM	post
хек	N1	n
хелат	N1	n
хелицера	N1	n
хемолюминесценция	N1	n
хетеротрофикті	A4	adj
хиазм	N1	n
хиджаб	N1	n
хикая	N1	n
хикмет	N1	n
хим.	ABBR	abbr
химера	N1	n
химик	N1	n
химиотерапия	N1	n
химия	N1	n
химияландыру	N1	n
химиялы	ADV	adv
химиялық	A4,N1	adj+n
химтазарту	N1	n
химус	N1	n
химьярит	N1	n
хинаяна	N1	n
хиндише	ADV-LANG	adv
хинин	N1	n
хиромантия	N1	n
хироптер	N1	n
хирург	N1	n
хирургия	N1	n
хирургиялық	A1	adj
хитин	N1	n
хитирики	N1	n
хлор	N1	n
хлоренхима	N1	n
хлорид	N1	n
хлорлау	N1	n
хлорлы	A3	adj
хлоропласт	N1	n
хлорофил	N1	n
хлорофилл	N1	n
хлороформ	N1	n
хлорфторкөмірсу	N1	n
хобби	N1	n
хоббит	N1	n
хоккей	N1	n
холдей	N5	n
холдинг	N1	n
холестерин	N1	n
холин	N1	n
хондроцид	N1	n
хор	N1	n
хор%	N1	n
хорватша	ADV-LANG	adv
хорда	N1	n
хореограф	N1	n
хореография	N1	n
хореографиялық	A1	adj
хорион	N1	n
хорология	N1	n
хоспис	N1	n
хостел	N1	n
хош	A3,N1	adj+n
хош%	A4,N1	adj+n
храм	N1	n
хрестоматия	N1	n
хризантема	N1	n
христиан	N1	n
христиандық	A4	adj
хром	N1	n
хроматид	N1	n
хроматизм	N1	n
хроматикалық	A1	adj
хроматин	N1	n
хроматограмма	N1	n
хроматограф	N1	n
хроматография	N1	n
хроматографиялық	A4	adj
хромдық	A4	adj
хромит	N1	n
хромолитография	N1	n
хромопласт	N1	n
хромосома	N1	n
хромосомалық	A4	adj
хромотипия	N1	n
хромофотография	N1	n
хроник	N1	n
хроникалық	A4	adj
хронограф	N1	n
хронология	N1	n
хронологиялық	A1	adj
хронометр	N1	n
хутор	N1	n
царизм	N1	n
цезарепапизм	N1	n
цезий	N1	n
цезура	N1	n
целестина	N1	n
целибат	N1	n
целлофан	N1	n
целлулоид	N1	n
целлюлла	N1	n
целлюлоз	N1	n
целлюлоза	N1	n
цемент	N1	n
цементит	N1	n
цементте	V-TV	v-trans
цементтеу	N1	n
цензура	N1	n
цент	N1	n
централизм	N1	n
центриоль	N1	n
центрифуга	N1	n
центрифугалау	N1	n
центрифугалық	A1	adj
центросома	N1	n
цеолит	N1	n
цератин	N1	n
церий	N1	n
цессия	N1	n
цефалгия	N1	n
цех	N1	n
цианид	N1	n
цивилизация	N1	n
цикада	N1	n
цикл	N1	n
циклдық	A4	adj
циклді	A4	adj
циклогексан	N1	n
циклоида	N1	n
циклон	N1	n
циклондық	A4	adj
циклоп	N1	n
циклотимия	N1	n
циклотрон	N1	n
цикорий	N1	n
цилиндр	N1	n
цилиндрлік	A4	adj
цинк	N1	n
цинкография	N1	n
цинкта	V-TV	v-trans
цирк	N1	n
цирк%	N-COMPOUND-PX	?
цирконий	N1	n
циркулярлы	ADV	adv
цистеин	N1	n
цистерна	N1	n
цистит	N1	n
цистоскопия	N1	n
цитата	N1	n
цитозин	N1	n
цитолог	N1	n
цитология	N1	n
цитологиялық	A4	adj
цитоплазма	N1	n
цитоплазмалық	A4	adj
цитосома	N1	n
цитостом	N1	n
цитоқаңқа	N1	n
цитра	N1	n
цитрон	N1	n
цитрус	N1	n
цифр	N1	n
цифрлеу	N1	n
цифрлы	ADV	adv
цифрлық	A1	adj
цифрлық%	ADV	adv
цокор	N1	n
цунами	N1	n
чарлстон	N1	n
чартер	N1	n
чат	N1	n
чек	N1	n
чек%	N1	n
чемпион	N1	n
чемпионат	N1	n
черимойя	N1	n
чех	A4,N1-NAT	adj+n
чехословак	N1	n
чехше	ADV-LANG	adv
чин	N1	n
чуваш	N1-NAT	n
чувашша	ADV-LANG	adv
чәшке	N1	n
ш.%	ABBR	abbr
шабадан	N1	n
шабалаңда	V-IV	v-intrans
шабан	A1	adj
шабандоз	N1	n
шабарман	N1	n
шабата	N1	n
шабақ	N1	n
шабдалы	N1	n
шаблон	N1	n
шабу	N1	n
шабуыл	N1	n
шабуыл%	V-TV	v-trans
шабуылда	V-TV	v-trans
шабуылдайтын	A1	adj
шабуылдаушы	A1,N1	adj+n
шабуылдық	A1	adj
шабуылшы	N1	n
шабылған	A1	adj
шабын	N1	n
шабыс	N1	n
шабыт	N1	n
шабыттан	V-IV	v-intrans
шабытты	A1	adj
шадра	N1	n
шадыр	A1	adj
шажырқайлық	A4	adj
шай	N1,V-TV	n+v-trans
шай%	N1	n
шаймалау	N1	n
шайна	V-TV	v-trans
шайналған	A1	adj
шайнама	N1	n
шайнату	N1	n
шайнау	N1	n
шайнау%	N1	n
шайтан	N1	n
шайтандай	A4	adj
шайханашы	N1	n
шайшөп	N1	n
шайын	V-IV	v-intrans
шайып%	V-TV	v-trans
шайыр	N1	n
шайырлы	A3	adj
шайқа	V-TV	v-trans
шайқал	V-IV	v-intrans
шайқалу	N1	n
шайқас	N1	n
шайқағыш	N1	n
шакухачи	N1	n
шакірт	N1	n
шал	N1,V-TV	n+v-trans
шала	N1	n
шала%	V-TV	v-trans
шалағай	A1,N1	adj+n
шалағай%	V-TV	v-trans
шалбар	N1	n
шалбаршы	N1	n
шалдуар	A1	adj
шалдық	V-IV,V-TV	v-intrans+v-trans
шалдыққан	A1	adj
шалма	N1	n
шалпылдат	V-TV	v-trans
шалшық	N1	n
шалшықтанған	A1	adj
шалшықты	A1	adj
шалшықша	N1	n
шалымды	A1	adj
шалымсыз	A1	adj
шалымын	N1	n
шалын	V-IV	v-intrans
шалыс%	V-TV	v-trans
шалғай	A2,N1	adj+n
шалғай%	N1	n
шалғам	N1	n
шалғы	N1	n
шалғын	N1	n
шалғынды	A4	adj
шалқай	V-IV	v-intrans
шалқайған	A4	adj
шалқала	V-TV	v-trans
шалқан	N1	n
шалқасынан	ADV	adv
шам	N1	n
шам%	N1	n
шама	N1	n
шама%	V-IV	v-intrans
шамадан%	ADV,N1,V-IV	adv+n+v-intrans
шамала	V-TV	v-trans
шамаланған	A1	adj
шамаластық	N1	n
шамалы	A4	adj
шамамен	ADV	adv
шаман	N1	n
шамандық	N1	n
шаманизм	N5	n
шамасында	ADV	adv
шамдан	V-IV	v-intrans
шампан	N1	n
шамшылдық	N1	n
шамырқан	V-IV	v-intrans
шана	N1	n
шанақ	N1	n
шанақ%	N1	n
шанд	V-TV	v-trans
шандыр	N1	n
шантажист	N1	n
шанш	V-TV	v-trans
шанышқы	N1	n
шанышқыла	V-TV	v-trans
шап	N1,V-IV,V-TV	n+v-intrans+v-trans
шап%	V-TV	v-trans
шапалақ	N1	n
шапалақта	V-IV	v-intrans
шапалықта	V-IV	v-intrans
шапан	N1	n
шапағат	N1	n
шапақ	N1	n
шапшандатқыш	N1	n
шапшандық	N1	n
шапшаң	A1,ADV	adj+adv
шапшаңдат	V-TV	v-trans
шапшаңдық	N1	n
шапшы	V-IV	v-intrans
шапқыла	V-TV	v-trans
шапқыншы	N1	n
шапқыншылық	N1	n
шапқыш	N1	n
шар	N1	n
шара	N1	n
шарап	N1	n
шарапат	N1	n
шарапатты	A1	adj
шарапаттылық	N1	n
шарасыз	A1,ADV	adj+adv
шарасыз%	N1	n
шарасыздық	N1	n
шарбақ	N1	n
шарбақта	V-TV	v-trans
шарбақталған	A1	adj
шарбақтаған	A1	adj
шаржы	N1	n
шариғат	N1	n
шарла	V-TV	v-trans
шарманкашы	N1	n
шарпы	V-IV	v-intrans
шарт	N1	n
шартпен	ADV	adv
шарттасу	N1	n
шарттасқан	A1	adj
шартты	A1,ADV,N1	adj+adv+n
шартты%	N1	n
шарттылық	N1	n
шартылдақ	N1	n
шаруа	N1	n
шаруагер	N1	n
шаруагерлік	N1	n
шаруашылық	A1,N1	adj+n
шаруақор	N1	n
шарша	V-IV	v-intrans
шаршамайтын	A1	adj
шаршат	V-TV	v-trans
шаршататын	A1	adj
шаршау	N1	n
шаршаған	A1	adj
шаршаңқы	ADV	adv
шаршы	A1,N1	adj+n
шаршыгүлді	N1	n
шарық	N1	n
шарықта	V-IV	v-intrans
шарықтау	N1	n
шарықтау%	N1	n
шарғы	N1	n
шасси	N1	n
шат	N1	n
шатас	V-TV	v-trans
шатастыр	V-TV	v-trans
шатасу	N1	n
шатасқан	A1	adj
шатақ	A1,N1	adj+n
шатпақта	V-IV	v-intrans
шаттан	V-IV	v-intrans
шаттана	ADV	adv
шаттандыр	V-IV	v-intrans
шаттанған	A1	adj
шаттық	N1	n
шаттықты	A1	adj
шатыр	N1	n
шатыршы	N1	n
шатырқанат	N1	n
шатысқан	A1	adj
шатқал	N1	n
шатқалды	A1	adj
шаужай	N1	n
шауып%	V-TV	v-trans
шах	N1	n
шахиншах	N1	n
шахмат	N1	n
шахматты%	N1	n
шахривар	N1	n
шахсей-вахсей	N1	n
шахта	N1	n
шаш	N1,V-TV	n+v-trans
шашаулан	V-IV	v-intrans
шашақ	N1	n
шашақта	V-TV	v-trans
шашақты	A1	adj
шаштараз	N1	n
шаштаразшы	N1	n
шашты	A1	adj
шашы%	V-TV	v-trans
шашыл	V-IV	v-intrans
шашылу	N1	n
шашылған	A1	adj
шашырат	V-IV	v-intrans
шашырату	N1	n
шашыратқыш	N1	n
шашыраған	A4	adj
шашыраңқы	A1	adj
шашқыш	N1	n
шаян	N1	n
шағала	N1	n
шағатай	N1	n
шағыл	N1,V-IV	n+v-intrans
шағылдырғыш	N1	n
шағылыс	N1,V-IV	n+v-intrans
шағылыстыр	V-TV	v-trans
шағылыстыратын	A1	adj
шағылған	A1	adj
шағым	N1	n
шағым%	A4,V-TV	adj+v-trans
шағымдан	V-IV	v-intrans
шағымданатын	A4	adj
шағын	A2,V-IV	adj+v-intrans
шағында	V-TV	v-trans
шағып%	V-IV,V-TV	v-intrans+v-trans
шағыстыр	V-TV	v-trans
шақ	N1,V-IV,V-TV	n+v-intrans+v-trans
шақпақ	N1	n
шақпақтас	N1	n
шақпақты	A1	adj
шақтысы	POST	post
шақылда	V-IV	v-intrans
шақыр	V-TV	v-trans
шақыратын	A1	adj
шақырла	V-IV	v-intrans
шақырт	V-TV	v-trans
шақыру	N1	n
шақырушы	A1	adj
шақырылған	A1	adj
шақырым	N1	n
шаң	N1	n
шаң%	N1	n
шаңбыр	N1	n
шаңырақ	N1	n
шаңғы	A1,N1	adj+n
шаңғышы	N1	n
шаңқ	IDEO	interj
шаңқай	A1	adj
шаңқан	A1	adj
шаһ	N1	n
шаһар	N1	n
швед	N1-NAT	n
шведтік	A1	adj
шведше	ADV-LANG	adv
швейцар	N1	n
швейцариялық	A1	adj
швециялық	A1	adj
ше	QST	?
шебер	A4,N1	adj+n
шеберлен	V-IV	v-intrans
шеберлік	A1,N1	adj+n
шеберлік%	N1	n
шеберхана	N1	n
шеврон	N1	n
шеге	N1	n
шегеле	V-TV	v-trans
шегелі	A3	adj
шегенде	V-IV	v-intrans
шегендеп%	N1	n
шегер	V-TV	v-trans
шегерiм	N1	n
шегеру	N1	n
шегін	V-IV	v-intrans
шегінде	ADV	adv
шегіндір	V-IV	v-intrans
шегіншекте	V-IV	v-intrans
шегінім	N1	n
шегініс	N1	n
шегіргүл	N1	n
шегіртке	N1	n
шегіршін	N1	n
шеелит	N1	n
шежіре	N1	n
шежірелі	A3	adj
шежіреші	N1	n
шейх	N1	n
шейін	CS,POST-DAT	post
шек	N1,V-TV	n+v-trans
шекара	N1	n
шекарадағы	A1	adj
шекаралас	A4	adj
шекаралық	A4	adj
шекарашы	N1	n
шеке	N1	n
шекер	N1	n
шекерле	V-TV	v-trans
шекпен	N1	n
шексіз	A3,ADV	adj+adv
шексіздік	N1	n
шекте	V-TV	v-trans
шектегіш	N1	n
шектелген	A1	adj
шектен	V-IV	v-intrans
шектен%	A4	adj
шектес	A1,N1,V-IV	adj+n+v-intrans
шектеу	N1	n
шектеулі	A3	adj
шектеуіш	N1	n
шекті	A1	adj
шектір	V-TV	v-trans
шекуші	N1	n
шекшек	N1	n
шелеге	N1	n
шелек	N1	n
шелекте	V-IV	v-intrans
шелпек	N1	n
шемен	N1	n
шеміршек	N1	n
шеміршек%	N1	n
шеміршекті	A4	adj
шен	N1	n
шендес	V-IV	v-intrans
шенеунік	N1	n
шеп	N1	n
шер	N1	n
шербет	N1	n
шериф	N1	n
шерменгүл	N1	n
шермеңде	A1	adj
шерт	V-TV	v-trans
шерткіш	N1	n
шертіп%	N1	n
шеру	N1	n
шеруен	N1	n
шеруші	N1	n
шет	N1	n
шетел	N1	n
шетел%	N1	n
шетелге	ADV	adv
шетелдік	A4,ADV,N1	adj+adv+n
шеткі	A1,ADV	adj+adv
шеткі%	N1	n
шетсіз	A3	adj
шеттер	N1	n
шеттет	V-IV	v-intrans
шеттетіл	V-IV	v-intrans
шетін	A1	adj
шетінде	POST	post
шеш	V-TV	v-trans
шеше	N1	n
шешей	N1	n
шешек	N1	n
шешелік	N1	n
шешен	N1	n
шешендік	N1	n
шештір	V-TV	v-trans
шешуші	A1,N1	adj+n
шешіл	V-IV	v-intrans
шешілген	A1	adj
шешілетін	A1	adj
шешілмеген	A1	adj
шешілмейтін	A4	adj
шешім	N1	n
шешімділік	N1	n
шешімсіз	A1	adj
шешін	V-IV	v-intrans
шешінген	A1	adj
шеңбер	N1	n
шеңберлік	N1	n
шеңгел	N1	n
ши	N1	n
шибөрі	N1	n
шие	N1	n
шиелен	V-IV	v-intrans
шиеленіс	N1,V-IV	n+v-intrans
шиеленіскен	A1	adj
шиеленісті	A1,ADV	adj+adv
шиеленісу	N1	n
шизофрения	N1	n
шиит	N1	n
шикі	A1	adj
шикізат	N1	n
шикізаттық	A4	adj
шикілік	N1	n
шиллинг	N1	n
шимайла	V-TV	v-trans
шимайланған	A1	adj
шимпанзе	N1	n
шиномонтаж	N1	n
шипа	N1	n
шипагер	N1	n
шипажай	N1	n
шипалы	A1	adj
шипасыз	A1	adj
шират	V-TV	v-trans
ширату	N1	n
ширатқыз	V-TV	v-trans
ширақ	A1,N1	adj+n
ширек	N1	n
ширығу	N1	n
шифоньер	N5	n
шифр	N1	n
шифрді%	N1	n
шифрла	V-IV,V-TV	v-intrans+v-trans
шифрлау	N1	n
шифрын%	V-TV	v-trans
шиқан	N1	n
шиқыл	N1	n
шиқылда	V-IV	v-intrans
шиқылдау	N1	n
шиқылдақ	A1	adj
шкала	N5	n
шкатулка	N1	n
шкаф	N5	n
шлак	N1	n
шланг	N1	n
шляпа	N1	n
шницель	N1	n
шнур	N1	n
шовинистік	A4	adj
шогун	N1	n
шок	N1	n
шоколад	N1	n
шол	V-TV	v-trans
шолақ	A1	adj
шолжаң	A2,N1	adj+n
шолу	N1	n
шолушы	N1	n
шолғыншы	A1,N1	adj+n
шолғыш	N1	n
шом	V-IV	v-intrans
шомдыр	V-TV	v-trans
шомыл	V-IV	v-intrans
шомылдыр	V-TV	v-trans
шомылу%	N1	n
шомылушы	N1	n
шонданай%	N1	n
шонжар	N1	n
шопан	N1	n
шопинг	N1	n
шорбуын	N1	n
шорлану	N1	n
шорсүйек	N1	n
шорт	N1	n
шортан	N1	n
шорты	N1	n
шоссе	N1	n
шот	N5	n
шотаяқпен%	V-IV	v-intrans
шотландиялық	A1	adj
шоу	N1	n
шош	V-IV	v-intrans
шошай	V-IV	v-intrans
шошайт	V-TV	v-trans
шошақ	A1,N1	adj+n
шошақ%	N1	n
шошақай	N1	n
шошақта	V-IV	v-intrans
шошаңдат	V-TV	v-trans
шошы	V-IV	v-intrans
шошын	V-IV	v-intrans
шошыт	V-TV	v-trans
шошық	N1	n
шошқа	N1	n
шошқа%	N1	n
шоғыр	N1	n
шоғырлан	V-IV	v-intrans
шоғырландыр	V-TV	v-trans
шоғырландыру	N1	n
шоғырлану	N1	n
шоғырсым	N1	n
шоғырын	N1	n
шоқ	N1	n
шоқақта	V-IV	v-intrans
шоқжұлдыз	N1	n
шоқпар	N1	n
шоқпыт	N1	n
шоқпыттал	V-IV	v-intrans
шоқша	N1	n
шоқы	N1,V-TV	n+v-trans
шоқындыр	V-TV	v-trans
шоқыт	V-TV	v-trans
шоққарағай	N1	n
шпаргалка	N1	n
шпигат	N1	n
шпинат	N1	n
шприц	N1	n
шрапнель	N1	n
штаб	N5	n
штаб-пәтер	N1	n
штаб-пәтер%	V-IV	v-intrans
штат	N1	n
штаттық	A1	adj
штепсель	N1	n
штурман	N1	n
шу	N1	n
шу%	V-IV,V-TV	v-intrans+v-trans
шуақты	A1	adj
шула	V-IV	v-intrans
шулат	V-TV	v-trans
шулы	A1	adj
шумақ	N1	n
шумақтану	N1	n
шусыз	A1,ADV	adj+adv
шуыл	N1	n
шуылда	V-IV	v-intrans
шуылдаған	A4	adj
шыбақ	N1	n
шыбын	N1	n
шыбын-шіркей	N1	n
шыбынжұт	N1	n
шыбық	N1	n
шыбықта	V-TV	v-trans
шыда	V-IV	v-intrans
шыдалатын	A1,N1	adj+n
шыдам	N1	n
шыдамды	A2,ADV	adj+adv
шыдамдылық	N1	n
шыдамсыз	A1	adj
шыдамсыздық	N1	n
шыжық	N1	n
шылама	N1	n
шылау	N1	n
шылдыр	N1	n
шылдырауық	N1	n
шылдырла	V-IV	v-intrans
шылдырлат	V-TV	v-trans
шылпыл	N1	n
шылпылда	V-TV	v-trans
шылым	N1	n
шылым%	N1,V-IV	n+v-intrans
шым	N1	n
шым-шытырық	N1	n
шымтезек	N1	n
шымш	V-TV	v-trans
шымшы	V-TV	v-trans
шымшық	N1	n
шымылдық	N1	n
шымырлан	V-IV	v-intrans
шымқай%	N1	n
шын	A1,ADV,N1	adj+adv+n
шын%	A1,ADV	adj+adv
шынайна	N1	n
шынайы	A2	adj
шынайылық	N1	n
шынар	N1	n
шынашақ	N1	n
шында	V-TV	v-trans
шындап	ADV	adv
шындық	N1	n
шынжыр	N1	n
шынтақ	N1	n
шынтақта	V-IV	v-intrans
шыншыл	A2	adj
шыны	A4,N1	adj+n
шыны%	N1	n
шыныаяқ	N1	n
шынымен	ADV	adv
шынына%	PAREN	?
шынында	ADV	adv
шынытас	N1	n
шынығу	N1	n
шынық	V-IV	v-intrans
шынықтыр	V-TV	v-trans
шырайгүл	N1	n
шырайлы	A1	adj
шырайлылық	N1	n
шырағдан	N1	n
шырақ	N1	n
шырақшы	N1	n
шырма	V-TV	v-trans
шырмал	V-IV	v-intrans
шырмалған	A1	adj
шырматыл	V-IV	v-intrans
шырмауықгүл	N1	n
шырша	N1	n
шырыл	N1	n
шырылда	V-IV	v-intrans
шырылдат	V-TV	v-trans
шырын	N1	n
шырын%	N1	n
шырынды	A1	adj
шырыш	N1	n
шырышты%	N1	n
шырық	N1,V-IV	n+v-intrans
шырғанақ	N1	n
шырқа	V-IV	v-intrans
шыт	V-TV	v-trans
шытын	V-IV	v-intrans
шытынат	V-IV	v-intrans
шытырла	V-IV	v-intrans
шытырлат	V-TV	v-trans
шыға%	V-IV	v-intrans
шығайдың%	N1	n
шығанақ	N1	n
шығар	MOD,V-TV	v-trans
шығаратын	A1	adj
шығарма	N1	n
шығармашыл	A1	adj
шығармашылық	A1,N1	adj+n
шығармашылық%	A1	adj
шығарт	V-TV	v-trans
шығару	N1	n
шығарушы	N1	n
шығарыл	V-IV	v-intrans
шығарылатын	A4	adj
шығарылу	N1	n
шығарылым	N1	n
шығарылған	A1	adj
шығарып%	V-TV	v-trans
шығу	N1	n
шығымды	A1	adj
шығымсыз	A1	adj
шығын	N1	n
шығын%	V-IV	v-intrans
шығында	V-IV	v-intrans
шығындал	V-IV	v-intrans
шығындан	V-IV	v-intrans
шығып%	V-IV,V-TV	v-intrans+v-trans
шығыр	N1	n
шығыршық	N1	n
шығыс	A2,N1	adj+n
шығыс%	A1	adj
шығыслитвалық	A1	adj
шығыстану	N1	n
шығыстанушы	N1	n
шығыңқы	A4	adj
шық	N1,V-IV,Vinfl-AUX	n+v-aux+v-intrans
шықпырт	V-IV	v-intrans
шықшыт	N1	n
шықылықта	V-IV	v-intrans
шықырла	V-IV	v-intrans
шықырлат	V-TV	v-trans
шың	N1	n
шыңда	V-TV	v-trans
шыңдалған	A4	adj
шыңдаулы	A4	adj
шыңыл	N1	n
шыңылтыр	A2	adj
шыңырау	N1	n
шідер	N1	n
шіл	N1	n
шілде	N1	n
шілте	V-TV	v-trans
шілтер	N1	n
шілік	N1	n
шіміркен	V-IV	v-intrans
шіміркендіргіш	N1	n
шір	V-IV	v-intrans
шірен	V-IV	v-intrans
шіркеу	N1	n
шіркеулік	A1,A4	adj
шіркін	INTERJ	interj
шірі	V-IV	v-intrans
шіріген	A1,N1	adj+n
шірік	A1	adj
шірік%	N1	n
шірінше	N1	n
шіріп%	V-IV	v-intrans
шіріт	V-TV	v-trans
шіңк	IDEO	interj
шүбе	N1	n
шүберек	N1	n
шүбірек	N1	n
шүбә	N1	n
шүбәлі	A3	adj
шүбәсіз	ADV	adv
шүйгі	V-IV	v-intrans
шүйде	N1	n
шүйделік	A4	adj
шүйке	N1	n
шүйір	V-TV	v-trans
шүкір	N1	n
шүкірлік	N1	n
шүлбір	N1	n
шүлдірле	V-IV	v-intrans
шүлпілде	V-IV	v-intrans
шүмек	N1	n
шүңірек	A1	adj
шұбар	A1,N1	adj+n
шұбатыл	V-IV	v-intrans
шұжық	N1	n
шұжықшы	N1	n
шұлық	N1	n
шұлған	V-TV	v-trans
шұлғы	N1	n
шұнтит	V-TV	v-trans
шұрайлы	A2	adj
шұрат	N1	n
шұрық	N1	n
шұғыл	A1,ADV,N1	adj+adv+n
шұғыла	N1	n
шұғылалан	V-IV	v-intrans
шұғылдан	V-IV	v-intrans
шұқ	V-TV	v-trans
шұқы	V-TV	v-trans
шұқыр	N1	n
шұқырайт	V-TV	v-trans
шұңғыл	A4	adj
шұңқыр	N1	n
шәйнек	N1	n
шәйір	N1	n
шәксіз	ADV	adv
шәкірт	N1	n
шәкірт%	N1	n
шәкірттік	N1	n
шәр	N1	n
шәрбат	N1	n
шәрбат%	N-COMPOUND-PX,N1	n
шәугім	N1	n
шәует	N1	n
шөбере	N1	n
шөгер	V-TV	v-trans
шөгу	N1	n
шөгінді	A1,N1	adj+n
шөже	N1	n
шөкім	N1	n
шөл	N1	n
шөлде	V-IV	v-intrans
шөлдену	N1	n
шөлдет	V-TV	v-trans
шөлейт	N1	n
шөлке	N1	n
шөлмек	N1	n
шөлмекте	V-TV	v-trans
шөлмектес	N1	n
шөмеле	N1	n
шөмелеле	V-TV	v-trans
шөміш	N1	n
шөмішгүл	N1	n
шөміште	V-TV	v-trans
шөнделей	N1	n
шөп	N1	n
шөпте	V-TV	v-trans
шөптесін	A2	adj
шөпшек	N1	n
шөпілде	V-IV	v-intrans
шөпқоректілер	N1	n
шөтке	N1	n
щетка	N1	n
ыдыра	V-IV	v-intrans
ыдырап%	V-IV	v-intrans
ыдырат	V-TV	v-trans
ыдыратушы	N1	n
ыдырау	N1	n
ыдыраған	A4	adj
ыдыс	N1	n
ыждахаттан	V-IV	v-intrans
ыждағатты	A1	adj
ыждаһатта	V-IV	v-intrans
ыза	N1	n
ызалан	V-IV,V-TV	v-intrans+v-trans
ызаландыр	V-IV	v-intrans
ызаланған	A1	adj
ызалы	A3,A4	adj
ызақор	A1	adj
ызрығық	N1	n
ызылда	V-IV	v-intrans
ызың	N1	n
ызыңда	V-IV	v-intrans
ызғар	N1	n
ызғарлы	A3	adj
ызғырық	N1	n
ылди	N1	n
ылғал	N1	n
ылғал%	N1	n
ылғалда	V-IV	v-intrans
ылғалдан	V-IV	v-intrans
ылғалдану	N1	n
ылғалды	A2	adj
ылғалдылық	N1	n
ылғи	A1,ADV	adj+adv
ым	N1	n
ымда	V-TV	v-trans
ымдау	N1	n
ымыра	N1	n
ымырасыз	A1	adj
ымырашыл	A1	adj
ымырт	N1	n
ынсап	N1	n
ынта	N1	n
ынталан	V-IV	v-intrans
ынталана	ADV	adv
ынталандыр	V-TV	v-trans
ынталандыру	N1	n
ынталы	A1,ADV	adj+adv
ынтамен	ADV	adv
ынтасыз	A1	adj
ынтымақ	N1	n
ынтымақтас	V-IV	v-intrans
ынтымақтастық	N1	n
ынтымақты	A3	adj
ынтығу	N1	n
ынтық%	V-IV	v-intrans
ырбит	V-TV	v-trans
ыржалақ	N1	n
ыржи	V-TV	v-trans
ырза	A3	adj
ырзалас	V-IV	v-intrans
ырс	IDEO	interj
ыршы	V-IV	v-intrans
ырылдас	V-IV	v-intrans
ырым	N1	n
ырыс	N1	n
ырысты	A1	adj
ырық	N1	n
ырықсыз	ADV	adv
ырықтандыру	N1	n
ырғал	V-IV	v-intrans
ырғақ	N1	n
ырғақсыз	A1	adj
ырғақты	A1	adj
ырғақтылық	N1	n
ырғақтық	N1	n
ырғы	V-IV	v-intrans
ырқ	V-IV	v-intrans
ыс%	A4	adj
ыспатта	V-IV	v-intrans
ыссы	A1	adj
ыстық	A1	adj
ыстықтап%	V-IV	v-intrans
ыстықтық	N1	n
ысшы	N1	n
ысыл	V-IV	v-intrans
ысылда	V-TV	v-trans
ысыр	V-TV	v-trans
ысырап	N1	n
ысырапты	A1	adj
ысырапшы	N1	n
ысырапшылдық	N1	n
ысырапқор	N1	n
ысырма	N1	n
ысыру	N1	n
ысыт	V-TV	v-trans
ысытқыш	N1	n
ысқыла	V-IV	v-intrans
ысқыр	V-IV,V-TV	v-intrans+v-trans
ысқырық	N1	n
ысқыш	N1	n
ышқын	V-IV	v-intrans
ығылыстыр	V-IV	v-intrans
ығынды	N1	n
ығыс	V-IV	v-intrans
ығыстыр	V-TV	v-trans
ығысу	N1	n
ық	N1	n
ықпал	A4,N1	adj+n
ықпал%	V-IV	v-intrans
ықпалдастық	N1	n
ықпалды	A1	adj
ықпалшара	N1	n
ықта	V-IV	v-intrans
ықтимал	A4	adj
ықтималдық	A4	adj
ықтисат	N1	n
ықтиярлы	A3	adj
ықшамда	V-TV	v-trans
ықшамдау	N1	n
ықшамды	A1	adj
ықшамдылық	N1	n
ықшамдық	N1	n
ықылас	N1	n
ықыластан	V-IV	v-intrans
ықыласты	A1,ADV	adj+adv
ықыласты%	N1	n
ықыластылық	N1	n
ықылық	N1	n
ықылықта	V-IV	v-intrans
ың-жың	N1	n
ыңыран	V-IV	v-intrans
ыңғай	N1	n
ыңғайла	V-TV	v-trans
ыңғайлан	V-IV	v-intrans
ыңғайлас	V-IV	v-intrans
ыңғайлы	A1,ADV	adj+adv
ыңғайсыз	A1	adj
ыңғайсыздан	V-IV	v-intrans
ыңғайсыздық	N1	n
ыңқыл	N1,V-IV	n+v-intrans
ыңқылда	V-IV	v-intrans
эвакуация	N1	n
эвакуацияла	V-TV	v-trans
эвакуацияланған	A4	adj
эвенк	N1	n
эвкалиптік	A4	adj
эвольвента	N1	n
эволюционизм	N1	n
эволюция	N1	n
эволюциялық	A4	adj
эвристикалық	A4	adj
эвтаназия	N1	n
эвтектикалық	A4	adj
эвтрофикация	N1	n
эвтрофтық	A4	adj
эвфемизм	N1	n
эвфемистикалық	A4	adj
эвфония	N1	n
эгалитаризм	N1	n
эгоорталық	N1	n
эдафикалық	A4	adj
эзотерика	N1	n
эйнштейний	N1	n
эйфориялық	A1	adj
эквадориялық	A1	adj
экватор	N1	n
экваторлық	A4	adj
эквиваленттілік	N1	n
эквилибриум	N1	n
эквилибрші	N1	n
экзальтация	N1	n
экзартикуляция	N1	n
экзема	N1	n
экзистенциалды	A1	adj
экзистенциализм	N1	n
экзогамия	N1	n
экзонтрикалық	A1	adj
экзоскелет	N1	n
экзосфера	N1	n
экзотермиялық	A4	adj
экзотикалық	A1	adj
экзотоксин	N1	n
экипаж	N1	n
эклампсия	N1	n
эклектик	N1	n
эклектика	N1	n
эклиптик	N1	n
эклиптика	N1	n
экожүйе	N1	n
эколог	N1	n
экология	N1	n
экологиялы	ADV	adv
экологиялық	A4	adj
экон.	ABBR	abbr
экономика	N1	n
экономикалы	ADV	adv
экономикалық	A4	adj
экономикалық%	N1	n
экономист	N5	n
экотуризм	N1	n
экофизиология	N1	n
экран	N1	n
экрандалу	N1	n
экрандау	N1	n
экс	A4	adj
эксгибиционизм	N1	n
эксгумация	N1	n
экскаватор	N1	n
экскаваторшы	N1	n
эксклав	N1	n
экскурсант	N1	n
экскурсия	N5	n
экспансиондық	A4	adj
экспансионизм	N1	n
экспансионист	A1	adj
экспансия	N1	n
экспатриация	N1	n
экспедиция	N1	n
эксперимент	N1	n
эксперимент%	V-IV,V-TV	v-intrans+v-trans
эксперименталді	A1	adj
экспериментальды	A4	adj
экспериментаниум	N1	n
экспериментаторство	N1	n
экспирация	N1	n
эксплуатациалық	A1	adj
экспо	N1	n
экспозиция	N5	n
экспозициялық	A4	adj
экспонат	N1	n
экспоненциалды	A4	adj
экспорт	N1	n
экспортта	V-TV	v-trans
экспорттау	N1	n
экспорттаушы	N1	n
экспорттық	A4	adj
экспрессионизм	N1	n
экспрессионист	N1	n
экспроприация	N1	n
экссудат	N1	n
экссудация	N1	n
экстаз	N1	n
экстернализация	N1	n
экстирпация	N1	n
экстравагантты	A1	adj
экстрадиция	N1	n
экстрадицияла	V-TV	v-trans
экстражелі	N1	n
экстракция	N1	n
экстраординарлы	A1	adj
экстраполяция	N1	n
экстремизм	N1	n
экстремист	N1	n
экстремистік	A4	adj
экструдер	N1	n
экструзиялық	N1	n
эксцентриситет	N1	n
эксцентрлік	A1	adj
эктодермалық	A4	adj
эктодинамоморфтық	A4	adj
эктоплазма	N1	n
экуменикалық	A4	adj
эластин	N1	n
эластомер	N1	n
элеватор	N1	n
элегия	N1	n
электорат	N1	n
электр	A1,N1	adj+n
электр%	N1	n
электрик	A4	adj
электрикалық	A1	adj
электричка	N1	n
электрлендіру	N1	n
электрлену	N1	n
электрлеу	N1	n
электрлік	A4	adj
электрод	N1	n
электродинамикалық	A4	adj
электрокардиография	N1	n
электрокредит	N1	n
электролит	N1	n
электролиттік	A1	adj
электролюминесценция	N1	n
электромагнетизм	N1	n
электромагнит	N1	n
электромагнитті	A1	adj
электромагниттік	A4	adj
электрометаллургия	N1	n
электрометр	N1	n
электромеханик	N1	n
электромеханикалық	A4	adj
электромонтаж	N1	n
электрон	N1	n
электронды	A4,ADV	adj+adv
электрондық	A4	adj
электрондық%	N1	n
электроника	N1	n
электроскоп	N1	n
электростанция	N1	n
электростатикалық	A4	adj
электротермия	N1	n
электротерістілік	N1	n
электротехник	N1	n
электрохимик	N1	n
электрохимия	N1	n
электрохимиялық	A4	adj
электроэнцефалография	N1	n
электроэрозион	N1	n
электрші	N1	n
электрқозғалатын	A4	adj
элемент	N1	n
элементар	A4	adj
элементарлық	A1	adj
элизия	N1	n
эликсир	N1	n
элита	N1	n
элитарлық	A1	adj
элитизм	N1	n
эллиндік	A4	adj
эллинизм	N1	n
эллипсоид	N1	n
эллипстік	A1,A4	adj
эльф	N1	n
элюент	N1	n
элюирлеу	N1	n
эмаль	N1	n
эманация	N1	n
эмансипация	N1	n
эмбарго	N1	n
эмблема	N1	n
эмболия	N1	n
эмбриолог	N1	n
эмбриология	N1	n
эмбриональды	A4	adj
эмбриондық	A1	adj
эмигрант	N1	n
эмиграция	N1	n
эмират	N1	n
эмиссия	N1	n
эмиссияла	V-TV	v-trans
эмиссиялық	A4	adj
эмитент	N5	n
эмменталь	N1	n
эмоционалдылық	N1	n
эмоция	N1	n
эмоциялы	A1,ADV	adj+adv
эмоциялық	A4	adj
эмпатикалық	A4	adj
эмпиризм	N1	n
эмпиризмдік	A1	adj
эмпирик	N1	n
эмпирикалық	A4	adj
эмпирия	N1	n
эмульсия	N1	n
эмулятор	N1	n
эмуляция	N1	n
эмфизема	N1	n
энгармоникалық	A4	adj
эндемизм	N1	n
эндемикалық	A4	adj
эндемиялық	A1	adj
эндивий	N1	n
эндогамия	N1	n
эндодинамогеникалық	A4	adj
эндокарпий	N1	n
эндокриндік	A4	adj
эндокринология	N1	n
эндолимфатикалық	A4	adj
эндометрий	N1	n
эндоморфизм	N1	n
эндоскопия	N1	n
эндосперм	N1	n
эндотелий	N1	n
эндотермиялық	A4	adj
эндотоксин	N1	n
энергетик	N1	n
энергетика	N1	n
энергетикалық	A4	adj
энергия	N1	n
энергиялы	ADV	adv
энергомашинажасау	N1	n
энклитикалық	A4	adj
энтальпия	N1	n
энтелехия	N1	n
энтероцит	N1	n
энтодерма	N1	n
энтомолог	N1	n
энтомология	N1	n
энтропия	N1	n
энтузиаст	N1	n
энцефалопатия	N1	n
энциклопедия	N1	n
энциклопедиялық	A1	adj
эозин	N1	n
эозинофил	N1	n
эозинофилия	N1	n
эолийдік	A1	adj
эпиархейлік	A1	adj
эпигастрийлік	A4	adj
эпигон	N1	n
эпиграмма	N1	n
эпиграфика	N1	n
эпиграфиялық	A4	adj
эпидемиолог	N1	n
эпидемиология	N1	n
эпидемиологиялық	A1	adj
эпидемия	N1	n
эпизод	N1	n
эпизодтық	A1	adj
эпизоотия	N1	n
эпик	A4	adj
эпикалық	A4	adj
эпикалық%	N1	n
эпикарп	N1	n
эпикурейлік	N1	n
эпилог	N1	n
эпиляция	N1	n
эпиморфизм	N1	n
эпинефрин	N1	n
эпипалеозой	A1	adj
эпипараклаз	N1	n
эпиполеозойлық	A1	adj
эпистемологиялық	A4	adj
эпиталама	N1	n
эпитафия	N1	n
эпителий	N1	n
эпитет	N1	n
эпицентр	N1	n
эпициклоид	N1	n
эпициклоидтық	A4	adj
эпопея	N1	n
эпос	N1	n
эра	N1	n
эрбий	N1	n
эргогеникалық	A4	adj
эргодикалық	A4	adj
эргономика	N1	n
эргономикалық	A4	adj
эрекция	N1	n
эритрейлік	A4	adj
эркер	N1	n
эрмиттік	A4	adj
эрозия	N1	n
эротизм	N1	n
эротицизм	N1	n
эрудиция	N1	n
эрцгерцог	N1	n
эскадра	N1	n
эскадрон	N1	n
эскариоль	N1	n
эскиз	N1	n
эспадриль	N1	n
эсперанто	ADV-LANG	adv
эспланада	N1	n
эссе	N1	n
эссеист	N1	n
эссенция	N1	n
эстафета	N1	n
эстетизм	N1	n
эстетик	A4	adj
эстетика	N1	n
эстетикалы	ADV	adv
эстетикалық	A4	adj
эстондық	A1	adj
эстонша	ADV-LANG	adv
эстрада	N1	n
эстроген	N1	n
эструс	N1	n
эсхатология	N1	n
эталон	N1	n
этанол	N1	n
этап	N1	n
этерификация	N1	n
этика	N1	n
этикалы	ADV	adv
этикалық	A1,A4	adj
этикет	N1	n
этил	N1	n
этиламин	N1	n
этимология	N1	n
этимологиялық	A4	adj
этимон	N1	n
этиология	N1	n
этникалы	ADV	adv
этникалық	A4	adj
этникалық%	N1	n
этнограф	N1	n
этнография	N1	n
этнографиялық	A4	adj
этнология	N1	n
этнологиялық	A1	adj
этномәдени	A1	adj
этноорталық	N1	n
этнополитика	N1	n
этнос	N1	n
этносаясат	N1	n
этностық	A4	adj
этнотарих	N1	n
этолог	N1	n
этология	N1	n
эукариот	N1	n
эукариотты	A4	adj
эурендік	A4	adj
эфемерлік	A1	adj
эфиопиялық	A1	adj
эфир	N1	n
эфирлік	A4	adj
эффект	N6	?
эффектор	N1	n
эффектілі	ADV	adv
эффузивті	A4	adj
эхинококк	N1	n
эхография	N1	n
эшелон	N1	n
эғалитарлық	A1	adj
юань	N1	n
юбка	N1	n
югославиелік	A1	adj
юкон	N1	n
юмор	N1	n
юморист	N1	n
юриспруденция	N1	n
я%	CC	?
явка	N1	n
ягуар	N1	n
ядро	N1	n
ядролық	A4	adj
ядрошық	N1	n
яки	CC-SOYED	conj
якобинділік	N1	n
якут	N1-NAT	n
якутша	ADV-LANG	adv
ямато	N1	n
янв.	ABBR	abbr
янтарь	N1	n
ярд	N1	n
ярозит	N1	n
яхта	N1	n
яшма	N1	n
яғни	CS	?
яһуди	N1-NAT	n
яһудише	ADV-LANG	adv
ібіліс	N1	n
іждағатты	A1	adj
із	N1	n
із-түссіз	ADV	adv
ізашар	N1	n
ізбасар	N1	n
ізбестас	N1	n
ізбесті	A4	adj
ізге%	V-TV	v-trans
ізгі	A1	adj
ізгі%	N1	n
ізгіленген	A4	adj
ізгілендіру	N1	n
ізгілік	N1	n
ізде	V-TV	v-trans
ізден	V-IV	v-intrans
ізденген	A1	adj
ізденіс	N1	n
іздестір	V-TV	v-trans
іздет	V-TV	v-trans
іздеттір	V-TV	v-trans
іздеуші	N1	n
іздеуіш	N1	n
ізет	N1	n
ізетті	A1,ADV,N1	adj+adv+n
ізеттілік	N1	n
ізші	N1	n
ізшіл%	N1	n
ізіне%	V-IV	v-intrans
ізінше	ADV	adv
іл	V-IV,V-TV	v-intrans+v-trans
ілбі	V-IV	v-intrans
ілгек	N1	n
ілгекте	V-TV	v-trans
ілгері	ADV,N1,POST-DAT,V-IV	adv+n+post+v-intrans
ілгері%	N1	n
ілгерілет	V-TV	v-trans
ілгерілік	N1	n
ілгешек	N1	n
ілгір	A1	adj
ілгіш	N1	n
іле	ADV	adv
ілес	V-IV	v-intrans
ілесе%	V-IV	v-intrans
ілеспелі	A1	adj
ілесіп%	V-IV	v-intrans
ілмек	N1	n
ілмекші	N1	n
ілмешек	N1	n
ілмиген	A1	adj
ілтипат	N1	n
ілтипатсыз	N1	n
ілтипатты	A1	adj
ілулі	A4	adj
ілігіп%	V-IV	v-intrans
ілігісу	N1	n
ілік	A4,N1,V-IV	adj+n+v-intrans
ілік%	N1	n
іліктір	V-TV	v-trans
ілім	N1	n
ілін	V-IV,V-TV	v-intrans+v-trans
ілініс	V-IV	v-intrans
іліп%	V-TV	v-trans
ім	INTERJ	interj
ін	N1	n
індет	N1	n
інжулі	A3	adj
інжілші	N1	n
інжір	N1	n
іні	N1	n
інішек	N1	n
ірге	N1	n
іргелес	A1,V-IV	adj+v-intrans
іргелі	A1,ADV	adj+adv
іргетас	N1	n
ірк	V-TV	v-trans
іркілдет	V-TV	v-trans
іркіліс	N1	n
іркіт	N1	n
ірі	A1	adj
ірі%	A4	adj
ірікте	V-TV	v-trans
іріктелген	A1	adj
іріктелетін	A4	adj
іріктеу	N1	n
іріктеуші	N1	n
ірілендір	V-TV	v-trans
ірімшік	N1	n
ірімшікті	A4	adj
іріп-шір	V-IV	v-intrans
іріңде	V-TV	v-trans
іріңдет	V-TV	v-trans
іріңдеу	N1	n
іріңді	A1	adj
іс	N1,V-IV	n+v-intrans
іс%	ADV,N1	adv+n
іс-қимыл	N1	n
іс-әрекет	N1	n
ісек	N1	n
іске%	A1,N1,V-IV,V-TV	adj+n+v-intrans+v-trans
іскен	A1	adj
іскендік	N1	n
іскер	A1,A4	adj
іскерлік	A4,N1	adj+n
іскеқосу	N1	n
ісмерлік	N1	n
ісмет	N1	n
іспеттес	A1	adj
іспетті	POST-NOM	post
іссапар	N1	n
іссіз	A3	adj
істе	V-IV,V-TV	v-intrans+v-trans
істей%	V-IV	v-intrans
істел	V-IV	v-intrans
істелген	A1	adj
істеп%	V-TV	v-trans
істеткіз	V-TV	v-trans
істеу	N1	n
істеуші	N1	n
ісік	N1	n
ісін	V-IV	v-intrans
ісінген	A1	adj
ісіну	N1	n
ісініп%	V-IV	v-intrans
ісіп%	V-IV	v-intrans
ісөкірек	N1	n
іш	N1,V-TV	n+v-trans
іш%	A4,N1	adj+n
ішастылық	A4	adj
ішек	N1	n
ішекті	A1	adj
ішекқуыстылар	N1	n
ішетін	A1	adj
ішке%	V-IV	v-intrans
ішкен	A1	adj
ішкергі	A1	adj
ішкиім	N1	n
ішкі	A3,ADV	adj+adv
ішкі%	A1,N1	adj+n
ішкітектік	A1	adj
іштарлық	N1	n
іште%	V-TV	v-trans
іші	ADV	adv
іші%	V-IV	v-intrans
ішік	N1	n
ішімдік	N1	n
ішінара	ADV	adv
ішінде	POST	post
ішіне	ADV	adv
ішіне%	V-IV	v-intrans
Ғ.	ABBR	abbr
Ғ.С.	ABBR	abbr
ҒА	NP-ORG-LAT	np
Ғаббас	NP-ANT-M	np
Ғаббасов	NP-COG-OB	np
Ғабдіғазиз	NP-ANT-M	np
Ғабидолла	NP-ANT-M	np
Ғабит	NP-ANT-M	np
Ғабитан	NP-ANT-M	np
Ғабитбек	NP-ANT-M	np
Ғабитжан	NP-ANT-M	np
Ғабитхан	NP-ANT-M	np
Ғад	NP-ANT-M	np
Ғазалиев	NP-COG-OB	np
Ғази	NP-ANT-M	np
Ғазиз	NP-ANT-M	np
Ғазиза	NP-ANT-F	np
Ғазизбек	NP-ANT-M	np
Ғазнауи	NP-TOP	np
Ғайни	NP-ANT-F	np
Ғайнижамал	NP-ANT-F	np
Ғайния	NP-ANT-F	np
Ғайса	NP-ANT-M	np
Ғайша	NP-ANT-F	np
Ғали	NP-ANT-M	np
Ғалиасқар	NP-ANT-M	np
Ғалиақпар	NP-ANT-M	np
Ғалиев	NP-COG-OB	np
Ғалима	NP-ANT-F	np
Ғалия	NP-ANT-F	np
Ғалым	NP-ANT-M	np
Ғалымбек	NP-ANT-M	np
Ғалымжан	NP-ANT-M	np
Ғамман	NP-TOP	np
Ғани	NP-ANT-M	np
Ғанибай	NP-ANT-M	np
Ғанибек	NP-ANT-M	np
Ғаппар	NP-ANT-M	np
Ғаппас	NP-ANT-M	np
Ғарифа	NP-ANT-F	np
Ғарифолла	NP-ANT-M	np
Ғарыш%	N-COMPOUND-PX,N1	n
Ғатауов	NP-COG-OB	np
Ғафар	NP-ANT-M	np
Ғафу	NP-ANT-M	np
Ғафура	NP-ANT-F	np
Ғаффар	NP-ANT-M	np
Ғидаят	NP-ANT-M	np
Ғизат	NP-ANT-M	np
Ғиса	NP-ANT-M	np
Ғылман	NP-ANT-M	np
Ғұмар	NP-ANT-M	np
Ғұрбанғұлы	NP-ANT-M	np
ғ.	ABBR	abbr
ғажайып	A1	adj
ғажап	A1,ADV,N1	adj+adv+n
ғажаптан	V-IV	v-intrans
ғазел	N1	n
ғазиздік	N1	n
ғайбат	N1	n
ғайбатта	V-IV	v-intrans
ғайбаттау	N1	n
ғайбатшы	N1	n
ғайып	N1	n
ғайып%	V-TV	v-trans
ғайыптық	N1	n
ғалам	N1	n
ғаламдық	A4	adj
ғаламтор	N1	n
ғалым	N1	n
ғалымдық	A4,N1	adj+n
ғана	POSTADV	?
ғанибет	N1	n
ғанибетшілік	N1	n
ғараб	N1	n
ғарасат	N1	n
ғарыш	A1,N1	adj+n
ғарыш%	A4,N1	adj+n
ғарышжай	N1	n
ғарышкер	N1	n
ғарышкерлік	N1	n
ғарышнама	N1	n
ғарыштық	A4	adj
ғасыр	N1	n
ғасырлық	A4	adj
ғафу	N1	n
ғафу%	V-TV	v-trans
ғашық	A1	adj
ғашық%	V-TV	v-trans
ғашықтық	N1	n
ғаяр%	N1	n
ғақлия	N1	n
ғақлиялық	A1	adj
ғибадат	N1	n
ғибадатхана	N1	n
ғибрат	N1	n
ғибратнама	N1	n
ғибратты	A1	adj
ғимарат	N1	n
ғой	MOD-ASS	?
ғылым	N1	n
ғылымдық	N1	n
ғылыми	A1,ADV	adj+adv
ғылымтану	N1	n
ғұлама	N1	n
ғұмыр	N1	n
ғұмырбаян	N1	n
ғұмырнама	N1	n
ғұмырнамалық	A1	adj
ғұн	N1	n
ғұрлы	POST-DAT	post
ғұрып	N1	n
Қ.	ABBR	abbr
ҚК	ABBR	abbr
ҚКП	ABBR	abbr
ҚМДБ	ABBR	abbr
ҚМЭБИ	NP-ORG-ABBR	np
ҚР	ABBR,NP-TOP-ABBR	abbr+np
ҚХР	ABBR,NP-TOP-ABBR	abbr+np
Қабай	NP-ANT-M	np
Қабашев	NP-COG-OB	np
Қабдолданов	NP-COG-OB	np
Қабдолов	NP-COG-OB	np
Қаби	NP-ANT-M	np
Қабиб	NP-ANT-M	np
Қабимолдаев	NP-COG-OB	np
Қабыкенов	NP-COG-OB	np
Қабыл	NP-ANT-M	np
Қабылбаев	NP-COG-OB	np
Қабылдин	NP-COG-IN	np
Қабылов	NP-COG-OB	np
Қабілет	NP-ANT-M	np
Қадыр	NP-ANT-M	np
Қадыр%	NP-ANT-M	np
Қадыралы	NP-ANT-M	np
Қадырбаев	NP-COG-OB	np
Қадырбай	NP-ANT-M	np
Қадырбек	NP-ANT-M	np
Қадырбеков	NP-COG-OB	np
Қадыржан	NP-ANT-M	np
Қадыржанов	NP-COG-OB	np
Қадыров	NP-COG-OB	np
Қадырхан	NP-ANT-M	np
Қажы	NP-ANT-M	np
Қажыкен	NP-ANT-M	np
Қажым	NP-ANT-M	np
Қажымқан	NP-ANT-M	np
Қажымұрат	NP-ANT-M	np
Қажығали	NP-ANT-M	np
Қажығалиев	NP-COG-OB	np
ҚазКСР	ABBR	abbr
ҚазТАГ	ABBR	abbr
Қазан	NP-TOP	np
Қазансев	NP-COG-OB	np
Қазатомпром	ABBR	abbr
Қазақ%	NP-TOP-ASSR	np
Қазақбаев	NP-COG-OB	np
Қазақбай	NP-ANT-M	np
Қазақгейт	NP-AL	np
Қазақмыс	NP-AL	np
Қазақстан	NP-TOP	np
Қазақтелеком	NP-ORG	np
Қазақфильм	NP-AL	np
Қази	NP-ANT-M	np
Қазиза	NP-ANT-F	np
Қазила	NP-ANT-F	np
Қазкоммерцбанк	NP-TOP	np
Қазмырыш	NP-ORG	np
Қазмұнайгаз	ABBR	abbr
Қазна	NP-ANT-F	np
Қазпочта	NP-ORG	np
Қазпошта	ABBR,NP-ORG	abbr+np
Қазталов	NP-COG-OB	np
Қазтуған	NP-ANT-M	np
Қазыбаев	NP-COG-OB	np
Қазыбай	NP-ANT-M	np
Қазыбек	NP-ANT-M	np
Қазыханов	NP-COG-OB	np
Қазығали	NP-ANT-M	np
Қазығұрт	NP-TOP	np
Қазықан	NP-ANT-M	np
ҚазҰУ	ABBR	abbr
Қайбыч	NP-TOP	np
Қайдар	NP-ANT-M	np
Қайдаров	NP-COG-OB	np
Қайдос	NP-ANT-M	np
Қайрат	NP-ANT-M	np
Қайсар	NP-ANT-M	np
Қайсен	NP-ANT-M	np
Қайсенов	NP-COG-OB	np
Қайым	NP-ANT-M	np
Қайып	NP-ANT-M	np
Қайыр	NP-ANT-M	np
Қайырбай	NP-ANT-M	np
Қайырбек	NP-ANT-M	np
Қайырбеков	NP-COG-OB	np
Қайырбекұлы	NP-COG-M	np
Қайырболат	NP-ANT-M	np
Қайыргелді	NP-ANT-M	np
Қайыржан	NP-ANT-M	np
Қайырлы	NP-ANT-M	np
Қайыров	NP-COG-OB	np
Қайырғали	NP-ANT-M	np
Қаламбаев	NP-COG-OB	np
Қаламқас	NP-ANT-F	np
Қалау	NP-ANT-M	np
Қалауов	NP-COG-OB	np
Қалауша	NP-ANT-M	np
Қалбиби	NP-ANT-F	np
Қалдарбек	NP-ANT-M	np
Қалдаяқов	NP-COG-OB	np
Қалдыбай	NP-ANT-M	np
Қалдыбек	NP-ANT-M	np
Қали	NP-ANT-M	np
Қалиев	NP-COG-OB	np
Қалижанов	NP-COG-OB	np
Қалия	NP-ANT-F	np
Қалмырзаев	NP-COG-OB	np
Қалмұхамбет	NP-ANT-M	np
Қалтай	NP-ANT-M	np
Қалтұрган	NP-ANT-F	np
Қалуа	NP-ANT-F	np
Қалуан	NP-ANT-F	np
Қалыбай	NP-ANT-M	np
Қалыбек	NP-ANT-M	np
Қалымбаев	NP-COG-OB	np
Қалібекұлы	NP-COG-M	np
Қалқа	NP-ANT-M	np
Қалқаман	NP-ANT-M	np
Қалқұтан	NP-TOP	np
Қама%	NP-TOP	np
Қамар	NP-ANT-M	np
Қамария	NP-ANT-F	np
Қамбар	NP-ANT-M	np
Қамбаров	NP-COG-OB	np
Қамбышев	NP-COG-OB	np
Қамысбай	NP-ANT-M	np
Қамыскөл	NP-TOP	np
Қамысқала	NP-TOP	np
Қамқа	NP-ANT-F	np
Қанапиянов	NP-COG-OB	np
Қанат	NP-ANT-M	np
Қанахан	NP-ANT-M	np
Қанағат	NP-ANT-M	np
Қаниса	NP-ANT-M	np
Қаныш	NP-ANT-M	np
Қанышқызы	NP-COG-MF	np
Қапбас	NP-ANT-M	np
Қапиза	NP-ANT-F	np
Қаппаров	NP-COG-OB	np
Қаппас	NP-ANT-M	np
Қапыз	NP-ANT-M	np
Қара%	NP-TOP	np
Қарабас	NP-TOP	np
Қарабақ	NP-TOP	np
Қарабұлақ	NP-TOP	np
Қаражігітов	NP-COG-OB	np
Қаракөз	NP-ANT-F	np
Қаракөл	NP-TOP	np
Қаралаев	NP-COG-OB	np
Қараман	NP-ANT-M	np
Қараой	NP-TOP	np
Қарасай	NP-ANT-M,NP-TOP	np
Қаратаев	NP-COG-OB	np
Қаратай	NP-ANT-M	np
Қаратал	NP-TOP	np
Қаратау	NP-TOP	np
Қарахан	NP-TOP	np
Қарашоқы	NP-TOP	np
Қарашығанақ	NP-TOP	np
Қарағанды	NP-TOP	np
Қарағандыкөмір	NP-TOP	np
Қарақойлы	N1	n
Қарақорым	NP-TOP	np
Қарақұм	NP-TOP	np
Қарлығаш	NP-ANT-F	np
Қармыс	NP-ANT-M	np
Қарсақбаев	NP-COG-OB	np
Қарсақбай	NP-TOP	np
Қартбаев	NP-COG-OB	np
Қаршыға	NP-ANT-F,NP-ANT-M	np
Қарқаралы	NP-TOP	np
Қасанов	NP-COG-OB	np
Қасейінов	NP-COG-OB	np
Қасен	NP-ANT-M	np
Қасиман	NP-ANT-M	np
Қасиманов	NP-COG-OB	np
Қастеев	NP-COG-OB	np
Қасым	NP-ANT-M	np
Қасымали	NP-ANT-M	np
Қасымбай	NP-ANT-M	np
Қасымбек	NP-ANT-M	np
Қасымбеков	NP-COG-OB	np
Қасымов	NP-COG-OB	np
Қасымтай	NP-ANT-M	np
Қасымқан	NP-ANT-M	np
Қасымқұл	NP-ANT-M	np
Қасқабасов	NP-COG-OB	np
Қатира	NP-ANT-F	np
Қатиф	NP-ANT-M	np
Қатша	NP-ANT-F	np
Қашаубаев	NP-COG-OB	np
Қағба	NP-AL	np
Қақназар	NP-ANT-M	np
Қаһарман	NP-ANT-M	np
ҚеАҚ	N1-ABBR	?
Қирабаев	NP-COG-OB	np
Қирабай	NP-ANT-M	np
Қиса	NP-ANT-M	np
Қисан	NP-ANT-M	np
Қияс	NP-ANT-M	np
Қобдабай	NP-ANT-M	np
Қобыланды	NP-ANT-M	np
Қодар	NP-ANT-M	np
Қожа	NP-ANT-M	np
Қожабай	NP-ANT-M	np
Қожабек	NP-ANT-M	np
Қожагелді	NP-ANT-M	np
Қожамжаров	NP-COG-OB	np
Қожамқұлов	NP-COG-OB	np
Қожанасыр	NP-ANT-M	np
Қожанияз	NP-ANT-M	np
Қожанов	NP-COG-OB	np
Қожатай	NP-ANT-M	np
Қожахмет	NP-ANT-M	np
Қожақ	NP-ANT-M	np
Қожбан	NP-ANT-M	np
Қожеке	NP-ANT-M	np
Қожықов	NP-COG-OB	np
Қозбағаров	NP-COG-OB	np
Қозы	NP-ANT-M	np
Қозыбай	NP-ANT-M	np
Қозыбасы	NP-TOP	np
Қозыбағар	NP-ANT-M	np
Қозыбақ	NP-ANT-M	np
Қойгелдиев	NP-COG-OB	np
Қойлыбаев	NP-COG-M	np
Қойлыбай	NP-ANT-M	np
Қойлышев	NP-COG-OB	np
Қолдас	NP-ANT-M	np
Қонаев	NP-COG-OB	np
Қонақай	NP-ANT-M	np
Қонақбаев	NP-COG-OB	np
Қонақбай	NP-ANT-M	np
Қорабаев	NP-COG-OB	np
Қоразбаев	NP-COG-OB	np
Қоран	NP-ORG	np
Қорлан	NP-ANT-F	np
Қорғанбек	NP-ANT-M	np
Қорқытов	NP-COG-M	np
Қосай	NP-ANT-M	np
Қосанов	NP-COG-OB	np
Қосман	NP-ANT-M	np
Қостанай	NP-TOP	np
Қосымбаев	NP-COG-OB	np
Қосын	NP-ANT-M	np
Қосынбай	NP-ANT-M	np
Қошқарбаев	NP-COG-OB	np
Қошқарбай	NP-ANT-M	np
Қоғамбай	NP-ANT-M	np
Қоқан	NP-TOP	np
Қоңыр-көкше	NP-TOP	np
Қуан	NP-ANT-M	np
Қуандықов	NP-COG-OB	np
Қуанышбаев	NP-COG-OB	np
Қуанышбек	NP-ANT-M	np
Қуанышев	NP-COG-OB	np
Қуат	NP-ANT-M	np
Қуатұлы	NP-COG-M	np
Қуқмара	NP-TOP	np
Қыдыр	NP-ANT-M	np
Қыдырбай	NP-ANT-M	np
Қыдырбек	NP-ANT-M	np
Қыдырбеков	NP-COG-OB	np
Қыдырғали	NP-ANT-M	np
Қыдырәлі	NP-ANT-M	np
Қызылорда	NP-TOP	np
Қызылту	NP-TOP	np
Қызылқұм	NP-TOP	np
Қызғалдақ	NP-ANT-F	np
Қымбат	NP-ANT-F	np
Қырмызы	NP-ANT-F	np
Қырымбек	NP-ANT-M	np
Қырықбаев	NP-COG-OB	np
Қырғыз%	NP-TOP-ASSR	np
Қырғызстан	NP-TOP	np
Қытай	NP-TOP	np
ҚҚС	ABBR	abbr
Құбажон	NP-ANT-M	np
Құбайжан	NP-ANT-M	np
Құбан	NP-ANT-M	np
Құдабаев	NP-COG-OB	np
Құдай	N1	n
Құдай-ай	INTERJ	interj
Құдайберген	NP-ANT-M	np
Құдайбергенов	NP-COG-OB	np
Құдайберді	NP-ANT-M	np
Құдайменде	NP-ANT-M	np
Құдайқұл	NP-ANT-M	np
Құдайқұлов	NP-COG-OB	np
Құдси	NP-ANT-M	np
Құдыс	NP-TOP	np
Құзыкейұлы	NP-COG-M	np
Құланов	NP-COG-OB	np
Құлахметов	NP-COG-OB	np
Құлбаев	NP-COG-OB	np
Құлекеев	NP-COG-OB	np
Құлжа	NP-TOP	np
Құлманбаев	NP-COG-OB	np
Құлманов	NP-COG-OB	np
Құлов	NP-COG-OB	np
Құлсариев	NP-COG-OB	np
Құлсары	NP-TOP	np
Құлыбаев	NP-COG-OB	np
Құлыншақ	NP-ANT-M	np
Құлышев	NP-COG-OB	np
Құмар	NP-ANT-M	np
Құнанбаев	NP-COG-OB	np
Құнанбай	NP-ANT-M,NP-COG-MF	np
Құнанбайұлы	NP-COG-M	np
Құндыз	NP-ANT-F	np
Құныскерей	NP-ANT-M	np
Құралай	NP-ANT-F	np
Құралбек	NP-ANT-M	np
Құран	N1	n
Құрман	NP-ANT-M	np
Құрманбаев	NP-COG-OB	np
Құрманбай	NP-ANT-M	np
Құрманбек	NP-ANT-M	np
Құрманбеков	NP-COG-OB	np
Құрмансейіт	NP-ANT-M	np
Құрмантай	NP-ANT-M	np
Құрманғазы	NP-ANT-M	np
Құрманғали	NP-ANT-M	np
Құрманғалиев	NP-COG-OB	np
Құрманқұлов	NP-COG-OB	np
Құрманәлі	NP-ANT-M	np
Құрмаш	NP-ANT-F	np
Құрмет	NP-ANT-M	np
Құрмыш	NP-ANT-M	np
Құрышжан	NP-ANT-M	np
Құрышжанов	NP-COG-OB	np
Құсаинов	NP-COG-OB	np
Құсайын	NP-ANT-M	np
Құсайынов	NP-COG-OB	np
Құтел	NP-ANT-M	np
Құтлык	NP-ANT-M	np
Құтлық	NP-ANT-M	np
Құттыбай	NP-ANT-M	np
Құттымұхамбет	NP-ANT-M	np
қаба	A2	adj
қабада	N1	n
қабан	N1	n
қабанша	N1	n
қабарған	A1	adj
қабат	N1,POST	n+post
қабатта	V-TV	v-trans
қабаттал	V-IV	v-intrans
қабаттасушылық	N1	n
қабатша	N1	n
қабаған	A1	adj
қабақ	N1	n
қабақ%	V-IV	v-intrans
қабақтай	A1	adj
қабақты	A1	adj
қабык	N1	n
қабыл%	V-TV	v-trans
қабылан	N1	n
қабылда	V-TV,V-TV-NOPASS,V-TV-PASS	v-trans
қабылдампаз	A1	adj
қабылдан	V-IV	v-intrans
қабылдана%	V-TV	v-trans
қабылданбайтын	A1	adj
қабылданған	A4	adj
қабылдау	N1	n
қабылдау%	N-COMPOUND-PX,N1	n
қабылдаушы	A1,N1	adj+n
қабылдағыш	N1	n
қабын	V-IV	v-intrans
қабыну	N1	n
қабыр	N1	n
қабыржық	N1	n
қабыршақ	N1	n
қабыршақтан	V-IV	v-intrans
қабыршақты	A1	adj
қабыршықтан	V-TV	v-trans
қабырға	N1	n
қабырғалас	V-IV	v-intrans
қабырғалы	A3	adj
қабырғалық%	N1	n
қабырғамен%	A4	adj
қабырғаның%	N-COMPOUND-PX	?
қабыс	V-IV	v-intrans
қабыстыр	V-TV	v-trans
қабыстырылған	A4	adj
қабысқан	A1	adj
қабық	N1	n
қабық%	N1,V-TV	n+v-trans
қабықша	N1	n
қабықшалы	A4	adj
қабілет	N1	n
қабілетсіз	A1,ADV	adj+adv
қабілетсіздік	N1	n
қабілетті	A2	adj
қабілеттілік	N1	n
қабір	N1	n
қада	V-TV	v-trans
қадал	V-IV	v-intrans
қадалғыш	A1	adj
қадам	N1	n
қадамда	V-IV	v-intrans
қадамды	A1	adj
қадат	V-IV	v-intrans
қадағала	V-TV	v-trans
қадағалап%	V-TV	v-trans
қадағалау	N1	n
қадағалаусыз	A1	adj
қадағалаушы	N1	n
қадақта	V-TV	v-trans
қадір	N1	n
қадірдан	A1	adj
қадірле	V-TV	v-trans
қадірлеуші	N1	n
қадірлеушілік	N1	n
қадірлі	A1	adj
қадірлі%	N1	n
қадірлік	N1	n
қадірменді	A1	adj
қадірсіз	A1	adj
қаж	V-IV	v-intrans
қажа	V-TV	v-trans
қажалыс	N1	n
қажат	V-TV	v-trans
қажет	A1,N1,V-TV	adj+n+v-trans
қажет%	V-IV,V-TV	v-intrans+v-trans
қажетсіз	A1	adj
қажетсін	V-IV,V-TV	v-intrans+v-trans
қажетті	A1	adj
қажеттік	N1	n
қажеттілік	N1	n
қажетіне%	V-IV	v-intrans
қажу	N1	n
қажы	N1,V-IV	n+v-intrans
қажыл	V-TV	v-trans
қажылық	N1	n
қажымайтын	A1	adj
қажымас	A1	adj
қажырлы	A3,ADV	adj+adv
қажырсыз	A1	adj
қажыт	V-IV,V-TV	v-intrans+v-trans
қажытатын	A1	adj
қажыған	A1	adj
қаз	N1,V-TV	n+v-trans
қаза	N1	n
қаза%	V-IV	v-intrans
қазалы	A3	adj
қазан	N1	n
қазанбас	A1,N1	adj+n
қазанша	N1	n
қазаншы	N1	n
қазат	N1	n
қазаяқ	N1	n
қазақ	A1,N1-NAT	adj+n
қазақстандық	A4	adj
қазақша	ADV-LANG	adv
қазақшала	V-TV	v-trans
қазақы	A4	adj
қазба	N1	n
қазбала	V-TV	v-trans
қазбалау	N1	n
қазбалағыш	A1	adj
қаздаңда	V-IV	v-intrans
қаздаңдат	V-TV	v-trans
қазулы	A3	adj
қазушы	N1	n
қазхана	N1	n
қазы	N1	n
қазылық	N1	n
қазылған	A1	adj
қазымырша	ADV	adv
қазына	N1	n
қазыналық	A4	adj
қазынашы	N1	n
қазынашылық	N1	n
қазынды	A1	adj
қазып%	V-TV	v-trans
қазықта	V-TV	v-trans
қазір	ADV,ADV-WITH-KI,N1	adv+n
қазіргі	A1	adj
қазіргі%	A4,N3	adj
қазірде	ADV	adv
қазғыш	N1	n
қай	DET-ITG,PRON-IND,V-TV	v-trans
қай-қайсы	DET-IND	?
қай-қайсысы	PRON-QNT-POSS	?
қайбір	PRON-IND	?
қайда	ADV-ITG	?
қайда%	PRON-IND	?
қайдалық	N1	n
қайдан	ADV-ITG	?
қайла	N1	n
қаймақ	N1	n
қаймақтар	N1	n
қаймық	V-IV	v-intrans
қаймықтыр	V-IV	v-intrans
қайна	V-IV	v-intrans
қайнайтын	A1	adj
қайнап%	A1	adj
қайнар%	N1	n
қайнат	V-TV	v-trans
қайнатпа	N1	n
қайнатушы	N1	n
қайнатылған	A4	adj
қайнау	N1	n
қайнаған%	V-TV	v-trans
қайнақшы	N1	n
қайпаңда	V-IV	v-intrans
қайра	V-IV	v-intrans
қайрайтын	A1	adj
қайралған	A1	adj
қайран	A4,N1	adj+n
қайрат	N1	n
қайраткер	N1	n
қайратсыз	A2	adj
қайраттандыр	V-IV	v-intrans
қайратты	A1	adj
қайратшыл	A4	adj
қайрау	N1	n
қайрақ	N1	n
қайрақшы	N1	n
қайрымсыз	A1	adj
қайсар	A1	adj
қайсы	DET-ITG,PRON-ITG-QAYSI	?
қайсыбір	DET-IND	?
қайт	V-IV,V-TV	v-intrans+v-trans
қайта	ADV	adv
қайта%	A1,N1,V-IV,V-TV	adj+n+v-intrans+v-trans
қайтадан	ADV	adv
қайтала	V-TV	v-trans
қайталай	ADV	adv
қайталама	A1	adj
қайталан	V-IV	v-intrans
қайталанбалы	A1	adj
қайталанбас	A4	adj
қайталанған	A1	adj
қайталау	N1	n
қайталаушылық	N1	n
қайталауыш	N1	n
қайтар	V-TV	v-trans
қайтару	N1	n
қайтарылмайтын	A1	adj
қайтарылым	N1	n
қайтарымсыз	ADV	adv
қайтпай	ADV	adv
қайтпайтын	A1	adj
қайтпас	A1	adj
қайтымды	A1	adj
қайтымсыз	A2	adj
қайтымсыздық	N1	n
қайтыс%	ADV,V-IV,V-TV	adv+v-intrans+v-trans
қайтқан	A1	adj
қайшы	A1,ADV,N1	adj+adv+n
қайшыла	V-TV	v-trans
қайшылық	N1	n
қайшылықты	A4	adj
қайызғақ	N1	n
қайыр	N1,V-TV	n+v-trans
қайырла	V-IV	v-intrans
қайырлы	A2	adj
қайырлы%	INTERJ	interj
қайырма	N1	n
қайырмала	V-TV	v-trans
қайырмалы	A3	adj
қайырсыз	A1	adj
қайырушы	N1	n
қайыршы	N1	n
қайыршылан	V-IV	v-intrans
қайыршылану	N1	n
қайыршылық	N1	n
қайырыл	V-IV	v-intrans
қайырым	N1	n
қайырымды	A1	adj
қайырымдылық	N1	n
қайырымсыз	A1	adj
қайырымшыл	A1	adj
қайыс	N1,V-IV	n+v-intrans
қайыспас	A1	adj
қайысшы	N1	n
қайық	N1	n
қайықшы	N1	n
қайың	N1	n
қайыңды	A1	adj
қайғы	N1	n
қайғы%	V-IV	v-intrans
қайғылан	V-IV	v-intrans
қайғыландыр	V-TV	v-trans
қайғылы	A4	adj
қайғыр	V-IV	v-intrans
қайғырт	V-IV	v-intrans
қайғысыз	A1	adj
қайғысына%	V-TV	v-trans
қайқы	A2	adj
қал	N1,V-IV,Vinfl-AUX	n+v-aux+v-intrans
қала	N1,V-TV	n+v-trans
қала%	A1,N1	adj+n
қалааралық	A4	adj
қалай	ADV-ITG	?
қалайша	ADV	adv
қалайы	N1	n
қалалану	N1	n
қалалық	A3,N1	adj+n
қалам	N1	n
қаламақы	N1	n
қаламгер	N1	n
қаламгерлік	A4	adj
қалампыр	N1	n
қаламұш	N1	n
қалан	V-IV	v-intrans
қаланың%	N1	n
қалау	N1	n
қалаулы	A3,N1	adj+n
қалауынша	ADV	adv
қалаш	N1	n
қалашық	N1	n
қалақ	N1	n
қалақайлық	N1	n
қалақайға%	V-TV	v-trans
қалақта	V-TV	v-trans
қалақша	N1	n
қалбалақ	A1	adj
қалбағай	N1	n
қалбырланған	A4	adj
қалдыр	V-TV	v-trans
қалдырма	V-TV	v-trans
қалдық	A1,N1	adj+n
қалжыра	V-IV	v-intrans
қалжырап	ADV	adv
қалжырат	V-IV	v-intrans
қалжыраған	A1	adj
қалжырағандық	N1	n
қалжың	N1	n
қалжыңбас	N1	n
қалжыңда	V-TV	v-trans
қалжыңдай	ADV	adv
қалжыңшыл	A1	adj
қалмақ	N1	n
қалмақ%	N1	n
қалпақ	N1	n
қалпылау	N1	n
қалпына%	A4,N1,V-TV	adj+n+v-trans
қалт	A1	adj
қалт-құлт	ADV	adv
қалта	N1	n
қалталы	A3	adj
қалталылар	N1	n
қалталық	A1	adj
қалтарыс	N1	n
қалташы	N1	n
қалтақағар	N1	n
қалти	V-IV	v-intrans
қалтылда	V-IV	v-intrans
қалтылдақ	A1	adj
қалтыра	V-IV	v-intrans
қалтырай	ADV	adv
қалтырат	V-TV	v-trans
қалтыраған	A4	adj
қалтқы	N1	n
қалтқықұс	N1	n
қалу	N1	n
қалши	V-IV	v-intrans
қалшылда	V-IV	v-intrans
қалшылдат	V-TV	v-trans
қалшылдаған	A4	adj
қалып	N1	n
қалып-күй	N1	n
қалыпта	V-TV	v-trans
қалыптал	V-IV	v-intrans
қалыптама	N1	n
қалыптандыр	V-TV	v-trans
қалыптандыру	N1	n
қалыптас	V-IV	v-intrans
қалыптастыр	V-TV	v-trans
қалыптастыру	N1	n
қалыптаушы	N1	n
қалыпты	A1,ADV	adj+adv
қалыпты%	V-TV	v-trans
қалыптық	A4	adj
қалыпшы	N1	n
қалыпқа%	V-TV	v-trans
қалыс	A1,N1,V-IV	adj+n+v-intrans
қалықта	V-IV	v-intrans
қалың	A1	adj
қалыңда	V-IV	v-intrans
қалыңдық	N1	n
қалыңдық-қасқыр	N1	n
қалыңмал	N1	n
қалыңқыра	V-IV	v-intrans
қалған	A1	adj
қалғы	V-TV	v-trans
қалғып%	V-IV	v-intrans
қалғып-мүлгі	V-IV	v-intrans
қалқ	V-TV	v-trans
қалқа	N1	n
қалқала	V-TV	v-trans
қалқам	N1	n
қалқан	N1	n
қалқанды	A1	adj
қалқансерікбез	N1	n
қалқанша	N1	n
қалқи	V-IV	v-intrans
қалқы	V-IV	v-intrans
қалқымалы	A3	adj
қалқыту	N1	n
қалқығыш	N1	n
қам	N1	n
қам%	V-TV	v-trans
қама	V-IV,V-TV	v-intrans+v-trans
қамал	N1,V-IV	n+v-intrans
қамалған	A1	adj
қамау	N1	n
қамауда	ADV	adv
қамба	N1	n
қамда	V-TV	v-trans
қамдан	V-IV	v-intrans
қамдасу	N1	n
қамзол	N1	n
қампай	V-IV	v-intrans
қампайтылған	A1	adj
қампайған	A1	adj
қампиған	A1	adj
қамсыз	A1	adj
қамсыздандыр	V-TV	v-trans
қамсыздандыру	N1	n
қамт	V-TV	v-trans
қамтама%	V-TV	v-trans
қамтамасыз	A1	adj
қамтамасыз%	V-IV,V-TV	v-intrans+v-trans
қамтамасыздандыр	V-IV	v-intrans
қамты	V-TV	v-trans
қамшы	N1	n
қамшыла	V-TV	v-trans
қамын%	V-IV	v-intrans
қамыр	N1	n
қамырла	V-TV	v-trans
қамыс	N1	n
қамысты	A2	adj
қамыт	N1	n
қамық	V-IV	v-intrans
қамықтырғыш	ADV	adv
қамыққан	A1	adj
қамқа	N1	n
қамқалы	A3	adj
қамқор	N1	n
қамқор%	V-IV	v-intrans
қамқорлық	N1	n
қамқорлықпен	ADV	adv
қамқорсыз	A1	adj
қамқоршы	N1	n
қамқоршылық	N1	n
қан	N1,V-IV	n+v-intrans
қан%	N1	n
қан-сөл	N1	n
қана	V-IV	v-intrans
қаназдық	N1	n
қанат	N1,V-TV	n+v-trans
қанат%	N1	n
қанатжеміс	N1	n
қанатсыз	A1	adj
қанаттандыр	V-TV	v-trans
қанаттас	N1	n
қанатты	A1	adj
қанау	N1	n
қанаушылық	N1	n
қанағат	N1	n
қанағатсыз	A1	adj
қанағаттан	V-IV	v-intrans
қанағаттанарлық	A4	adj
қанағаттанарлықсыз	A1	adj
қанағаттанбаған	A1	adj
қанағаттандыр	V-TV	v-trans
қанағаттанған	A1	adj
қандай	PRON-ITG-QANDAY	?
қандас	N1	n
қандастық	N1	n
қандауыр%	N1	n
қанды	A1	adj
қанды%	N1	n
қандыр	V-TV	v-trans
қане	INTERJ	interj
қанеки	INTERJ	interj
қанжар	N1	n
қанжоса	A3	adj
қанмен%	A4	adj
қаннен-қаперсіз	A1	adj
қансонар	N1	n
қансорғыш	N1	n
қансыз	A1	adj
қансыра	V-IV	v-intrans
қант	N1	n
қантала	V-IV	v-intrans
қантар	N1	n
қантталған	A1	adj
қантөгіс	N1	n
қанша	DET-QNT,NUM-ITG,PRON-ITG-QANSHA	det
қаншалық	ADV-ITG	?
қаншалықты	ADV-ITG	?
қаншама	ADV-ITG	?
қаншық	N1	n
қаныбет	A1	adj
қанық	A1	adj
қанықтық	N1	n
қанішер	A3	adj
қанішкіш	N1	n
қанқұмар	A1	adj
қап	N1,V-TV	n+v-trans
қапа	N1	n
қапалан	V-IV	v-intrans
қапаланған	A1	adj
қапалы	A3	adj
қапас	A1,N1	adj+n
қаперсіз	A3	adj
қапетке	N1	n
қапсырма%	N1	n
қапта	V-IV,V-TV	v-intrans+v-trans
қапталда	V-TV	v-trans
қаптама	N1	n
қаптап%	V-TV	v-trans
қаптау	N1	n
қаптаушы	N1	n
қаптауыш	N1	n
қапшық	N1	n
қапырық	A1,ADV	adj+adv
қапырықты	A1	adj
қар	N1,V-TV	n+v-trans
қар%	N-COMPOUND-PX,N1	n
қара	A1,V-TV	adj+v-trans
қара%	A1,N1	adj+n
қарабайыр	A1,N1	adj+n
қарабауыр	N1	n
қарабет	A1	adj
қарабидай	N1	n
қаражат	N1	n
қаражаттандыр	V-TV	v-trans
қаражеміс	N1	n
қаражидек	N1	n
қаражүрек	A1	adj
қарай	ADV,POST-DAT,V-IV	adv+post+v-intrans
қарайла	V-TV	v-trans
қарайт	V-TV	v-trans
қарайтылған	A2	adj
қаракесек	N1	n
қаракет	N1	n
қаракеттер	N1	n
қаракүзен	N1	n
қаракүрең	A2	adj
қарал	POST,V-IV	post+v-intrans
қарала	V-TV	v-trans
қаралан	V-IV	v-intrans
қаралы	A4	adj
қаралған	A1	adj
қарама-қайшы	A1	adj
қарама-қарсы	A1	adj
қарама-қарсы%	N1	n
қарама-қарсылық	N1	n
қарамай	N1,POST-DAT	n+post
қарамайла	V-TV	v-trans
қарамайшы	N1	n
қарамайшылық	N1	n
қарамала	N1	n
қарамастан	POST-DAT	post
қарамағы	N1	n
қарамағында	POST-NOM	post
қарамағындағы	POST-NOM	post
қаран	POST,V-IV	post+v-intrans
қарандаш	N1	n
қарап%	V-IV,V-TV	v-intrans+v-trans
қарапайым	A3,A4,ADV	adj+adv
қарапайымдық	N1	n
қарар	N1	n
қарас	V-TV	v-trans
қарасты	A4,N1	adj+n
қарастыр	V-TV	v-trans
қарастыру	N1	n
қарастырыл	V-IV	v-intrans
қарасұр	A2	adj
қарасөз	N1	n
қарат	V-TV	v-trans
қаратерек	N1	n
қараторы	A2,N1	adj+n
қараторғай	N1	n
қаратұмсық	N1	n
қараулық	N1	n
қараусыз	A1	adj
қараушы	N1	n
қарауыл	N1	n
қарауылда	V-TV	v-trans
қарауытқан	A1	adj
қараша	N1	n
қарашын	N1	n
қарашық	A4,N1	adj+n
қарағай	N1	n
қарағайлы%	N1	n
қараған	N1	n
қарағанда	POST-DAT	post
қарағаш	N1	n
қарақалпақ	N1	n
қарақалпақ%	N1	n
қарақат	N1	n
қарақағаз	N1	n
қарақтау	N1	n
қарақшы	N1	n
қарақшылық	N1	n
қарақұйрық	N1	n
қарақұмық	N1	n
қараңда	V-IV	v-intrans
қараңғы	A1,ADV	adj+adv
қараңғыла	V-TV	v-trans
қараңғылан	V-IV	v-intrans
қараңғылат	V-TV	v-trans
қараңғылау	ADV	adv
қараңғылық	N1	n
қарбыз	N1	n
қарекет	N1	n
қаржы	N1	n
қаржы-несие	A1	adj
қаржыгер	N1	n
қаржыла	V-TV	v-trans
қаржыландыр	V-TV	v-trans
қаржыландыру	N1	n
қаржылау	N1	n
қаржылық	A4	adj
қаржылық-делдалдық	A4	adj
қаржылық-монополистік	A4	adj
қаржыға%	V-TV	v-trans
қария	N1	n
қарлы	A3	adj
қарлыған	N1	n
қарлығаш	N1	n
қарлығып%	V-IV	v-intrans
қарлығыңқыраған	A1	adj
қарлық	V-IV	v-intrans
қарлыққан	A1	adj
қарма	V-IV	v-intrans
қармала	V-TV	v-trans
қармалауыш	N1	n
қарман	V-IV	v-intrans
қармау	N1	n
қармақ	N1	n
қармақ%	N1	n
қармен	N1	n
қарс	IDEO	interj
қарсақ	N1	n
қарсаң	N1	n
қарсы	A1,ADV,POST-DAT	adj+adv+post
қарсы%	N1,V-IV,V-TV	n+v-intrans+v-trans
қарсыз	A1	adj
қарсылас	A1,N1,V-IV	adj+n+v-intrans
қарсыластыр	V-TV	v-trans
қарсыластыратын	A4	adj
қарсыласу	N1	n
қарсылық	N1	n
қарсылық%	V-IV,V-TV	v-intrans+v-trans
қарт	N1	n
қартай	V-IV	v-intrans
қартаймайтын	A4	adj
қартайып%	V-TV	v-trans
қартайған	A1,N1	adj+n
қартаң	A2	adj
қарттық	A4,N1	adj+n
қару	N1	n
қару-жарақ	N1	n
қару-жарақты	A1	adj
қарулан	V-IV	v-intrans
қаруландыр	V-TV	v-trans
қаруланған	A1	adj
қарулы	A1,A4	adj
қарусыз	A1	adj
қарусыздандыр	V-TV	v-trans
қарусыздандыру	N1	n
қарусыздану	N1	n
қаршадай	A1	adj
қаршыға	N1	n
қары	V-IV	v-intrans
қарыз	N1	n
қарыз%	N1,V-IV	n+v-intrans
қарыз-сақтық	N1	n
қарыздан	V-TV	v-trans
қарыздар	N1	n
қарыздық	A4	adj
қарызға%	V-TV	v-trans
қарык	N1	n
қарыл	V-IV	v-intrans
қарым-қатынас	N1	n
қарым-қатынастылық	N1	n
қарымақы	N1	n
қарымды	A1	adj
қарымтасыздық	N1	n
қарын	N1	n
қарындас	N1	n
қарындаш	N1	n
қарынша	N1	n
қарып	A2	adj
қарыс	N1	n
қарыста	V-TV	v-trans
қарысқыр	A1	adj
қарық	N1,V-IV	n+v-intrans
қаріп	N1	n
қарға	N1,V-TV	n+v-trans
қарғадай	A1	adj
қарғалған	A4	adj
қарғау	N1	n
қарғаша	N1	n
қарғы	V-IV	v-intrans
қарғын	N1	n
қарғып%	V-IV	v-intrans
қарғыс	N1	n
қарғыт	V-TV	v-trans
қарқ	V-IV	v-intrans
қарқара	N1	n
қарқылда	V-IV	v-intrans
қарқылдап%	V-TV	v-trans
қарқылдаған	A1	adj
қарқын	N1	n
қарқындандыру	N1	n
қарқындату	N1	n
қарқынды	A4,ADV	adj+adv
қарқындылық	N1	n
қарқынмен	ADV	adv
қас	A1,N1,V-TV	adj+n+v-trans
қасапхана	N1	n
қасапқана	N1	n
қасағалық	A4	adj
қасақана	A1,ADV	adj+adv
қасақаналық	N1	n
қасақы	A1	adj
қасбет	N1	n
қасида	N1	n
қасиет	N1	n
қасиетсіз	A1	adj
қасиетті	A1	adj
қасиетті%	V-IV	v-intrans
қаскүнем	A1	adj
қаспақ	N1	n
қассыз	A1	adj
қастанды	A1	adj
қастандық	N1	n
қастер	N1	n
қастерле	V-TV	v-trans
қастерлі	A1,N1	adj+n
қастық	N1	n
қастық%	N1	n
қастықпен	ADV	adv
қасы	V-IV	v-intrans
қасын	V-TV	v-trans
қасында	ADV	adv
қасында%	V-IV	v-intrans
қасық	N1	n
қасықшы	N1	n
қасірет	N1	n
қасірет%	V-IV	v-intrans
қасіретті	A1	adj
қасқа	A1,N1	adj+n
қасқыр	N1	n
қат	V-IV	v-intrans
қата	V-TV	v-trans
қатай	V-IV	v-intrans
қатайт	V-TV	v-trans
қатайтылу	N1	n
қатайған	A1	adj
қатал	A1,ADV	adj+adv
қаталдық	N1	n
қатар	ADV,N1,POST-INS	adv+n
қатар%	N1,V-IV	n+v-intrans
қатардағы	A1	adj
қатарла	V-TV	v-trans
қатарлап	ADV	adv
қатарлас	A1	adj
қатарластыр	V-TV	v-trans
қатарлы	A4	adj
қатаю	N1	n
қатаң	A2,ADV	adj+adv
қатаң%	N1	n
қатаңда	V-TV	v-trans
қатаңдық	A1,N1-NAT	adj+n
қате	A4,N1	adj+n
қате%	N1	n
қателес	V-IV	v-intrans
қателі	A1,ADV	adj+adv
қателік	N1	n
қатер	N1	n
қатерлі	A1,ADV	adj+adv
қатерлі%	N1	n
қатерсіз	A1	adj
қатерсіздендіру	N1	n
қатесіз	A1	adj
қатпа	N1	n
қатпар	N1	n
қатпарлы	A2	adj
қатпаршақ	N1	n
қатты	A1,ADV	adj+adv
қатты%	A4,N1,V-IV,V-TV	adj+n+v-intrans+v-trans
қаттылық	N1	n
қаттырақ%	V-IV	v-intrans
қатулы	A1	adj
қатулық	N1	n
қатыc	N1	n
қатыгез	A1	adj
қатыгездік	N1	n
қатын	N1	n
қатына	V-IV	v-intrans
қатынас	N1,V-IV	n+v-intrans
қатынаспай	ADV	adv
қатынастыр	V-IV	v-intrans
қатынастырушы	A1	adj
қатынасу	N1	n
қатынасушы	N1	n
қатып%	V-TV	v-trans
қатыр	V-TV	v-trans
қатырылған	A1	adj
қатыс	N1,V-IV	n+v-intrans
қатысатын	A1,N1	adj+n
қатысты	A4,ADV,POST-DAT	adj+adv+post
қатыстыр	V-IV	v-intrans
қатыстырыл	V-IV,V-TV	v-intrans+v-trans
қатысу	N1	n
қатысушы	N1	n
қатысушылық	N1	n
қатысқан	A1	adj
қатық	N1	n
қау	N1	n
қауашақ	N1	n
қауақ	N1	n
қаудырла	V-IV	v-intrans
қаула	V-IV	v-intrans
қаулы	N1	n
қаулы%	V-TV	v-trans
қауса	V-IV	v-intrans
қаусаған	A1	adj
қаусырма	N1	n
қауыз	N1	n
қауызда	V-TV	v-trans
қауым	N1	n
қауымдастық	N1	n
қауымдасу	N1	n
қауын	N1	n
қауырсын	N1	n
қауырсынды	A4	adj
қауырт	A1	adj
қауіп	N1	n
қауіп%	V-IV	v-intrans
қауіп-қатерге%	V-IV	v-intrans
қауіп-қатерлі	A3	adj
қауіп-қатерсіз	A3	adj
қауіпсіз	A1,ADV	adj+adv
қауіпсіздендір	V-TV	v-trans
қауіпсіздендірілген	A1	adj
қауіпсіздік	N1	n
қауіпсін	V-IV	v-intrans
қауіптен	V-IV	v-intrans
қауіпті	A3,ADV	adj+adv
қауқарсыз	A1	adj
қаш	V-IV	v-intrans
қаша	N1,V-TV	n+v-trans
қашан	ADV-ITG	?
қашан%	CS	?
қашанғы	A3	adj
қашау	N1	n
қашушы	N1	n
қашып%	V-IV	v-intrans
қашыр	N1	n
қашырт	V-TV	v-trans
қашық	A1	adj
қашықта	V-IV	v-intrans
қашықтық	N1	n
қашқалақта	V-IV	v-intrans
қашқан	A4	adj
қашқақта	V-IV	v-intrans
қашқын	N1	n
қаю	N1	n
қаяу	N1	n
қағаз	A1,N1	adj+n
қағаз%	N1	n
қағанат	N1	n
қағанақ	N1	n
қағандық	N1	n
қағида	N1	n
қағидалы	A1,ADV	adj+adv
қағидат	N1	n
қағушы	N1	n
қағыл	V-IV,V-TV	v-intrans+v-trans
қағылез	A4,N1	adj+n
қағылған	A4	adj
қағып%	V-IV	v-intrans
қағыс	V-IV,V-TV	v-intrans+v-trans
қағыс%	V-TV	v-trans
қағыстыр	V-TV	v-trans
қағыт	V-TV	v-trans
қағілез	A1	adj
қақ	V-IV,V-TV	v-intrans+v-trans
қақ%	N1	n
қақа	V-IV	v-intrans
қақай	V-IV	v-intrans
қақпа	N1	n
қақпала	V-TV	v-trans
қақпас	N1	n
қақпашы	N1	n
қақпақ	N1	n
қақпақтау	N1	n
қақпақша	N1	n
қақса	V-IV	v-intrans
қақсат	V-TV	v-trans
қақсаған	A4	adj
қақта	V-TV	v-trans
қақталған	A1	adj
қақтама	N1	n
қақтаушы	N1	n
қақтығыс	N1,V-IV	n+v-intrans
қақылда	V-IV	v-intrans
қақыр	V-IV,V-TV	v-intrans+v-trans
қақыра	V-IV	v-intrans
қақыраған	A1	adj
қақырық	N1	n
қаққыла	V-TV	v-trans
қаңбақтай	A1	adj
қаңс	V-IV	v-intrans
қаңсыла	V-IV	v-intrans
қаңтар	N1,V-TV	n+v-trans
қаңылтыр	N1	n
қаңылтырла	V-TV	v-trans
қаңылтыршы	N1	n
қаңыра	V-IV	v-intrans
қаңырай	V-IV	v-intrans
қаңғалақ	N1	n
қаңғы	V-IV	v-intrans
қаңғыбас	N1	n
қаңғыбастан	V-IV	v-intrans
қаңғыма	A1	adj
қаңғыр	V-IV	v-intrans
қаңқ	V-IV	v-intrans
қаңқа	N1	n
қаңқасын	N1	n
қаһар	N1	n
қаһарлан	V-IV	v-intrans
қаһарлы	A1,ADV	adj+adv
қаһарман	N1	n
қаһармандық	N1	n
қаһарманша	ADV	adv
қи	N1,V-TV	n+v-trans
қималы	A3	adj
қимас	A1	adj
қимыл	N1	n
қимыл-тірек	A4	adj
қимылда	V-IV	v-intrans
қимылдап%	V-IV	v-intrans
қимылдат	V-TV	v-trans
қимылсыз	A1	adj
қимылсыздық	N1	n
қина	V-TV	v-trans
қинал	V-IV	v-intrans
қиналыс	N1	n
қиналған	A1	adj
қипақта	V-IV	v-intrans
қира	V-IV	v-intrans
қирамайтын	A1	adj
қират	V-TV	v-trans
қиратарлықтай	ADV	adv
қиратушы	A1,N1	adj+n
қиратыл	V-TV	v-trans
қиратылған	A1	adj
қиратқыш	A1	adj
қираған	A1	adj
қисай	V-IV	v-intrans
қисайт	V-TV	v-trans
қисайған	A1	adj
қисаңдаған	A1	adj
қисса	N1	n
қисын	N1	n
қисынды	A1	adj
қисындылық	N1	n
қисынсыз	A1	adj
қисық	A1,ADV	adj+adv
қисық%	A1	adj
қисықтық	N1	n
қит%	V-IV	v-intrans
қитар	A1	adj
қиылысқан	A1	adj
қиын	A1	adj
қиын-қыстау	A1	adj
қиында	V-TV	v-trans
қиындат	V-TV	v-trans
қиындатылған	A1	adj
қиындау	A2,ADV	adj+adv
қиынды	N1	n
қиындық	N1	n
қиыншылық	N1	n
қиыр	A1	adj
қиыршық	A1	adj
қиыршықтас	N1	n
қиыршықты	A1	adj
қиыс	V-IV	v-intrans
қиыспаушылық	N1	n
қиыстыр	V-IV	v-intrans
қиысып%	V-IV	v-intrans
қиял	N1	n
қиялда	V-IV	v-intrans
қиялдан	V-TV	v-trans
қиялдағы	A1	adj
қиялдық	A1	adj
қияли	A1,N1	adj+n
қиялшыл	A1	adj
қиямет	N1	n
қиян	N1	n
қиянат	N1	n
қиянат%	V-IV	v-intrans
қиянатсыз	A1	adj
қиянатшыл	A1	adj
қиянкес	A1	adj
қияр	N1	n
қиясты	A1	adj
қияқ	N1	n
қияңқы	A1	adj
қиғаш	A1,N1	adj+n
қиғаш%	N1	n
қиғаштай	A1	adj
қиғаштап	ADV	adv
қиғаштық	N1	n
қиқым	N1	n
қобалж	V-IV	v-intrans
қобалжы	V-IV	v-intrans
қобдиша	N1	n
қобыз	N1	n
қобыра	V-IV	v-intrans
қобырай	V-IV	v-intrans
қодас	N1	n
қодық	N1	n
қожа	N1	n
қожайын	N1	n
қожалақ	A1	adj
қожалық	N1	n
қожыр	A1	adj
қожыра	V-IV	v-intrans
қожыраған	A1	adj
қоз	V-IV	v-intrans
қозатын	A1	adj
қоздыр	V-TV	v-trans
қоздырма	A1	adj
қоздырту	N1	n
қоздыру	N1	n
қоздырушы	N1	n
қоздырылған	A1	adj
қоздырғыш	N1	n
қозы	N1	n
қозықұйрық	N1	n
қозықұмай	N1	n
қозға	V-TV	v-trans
қозғал	V-IV	v-intrans
қозғалатын	A4	adj
қозғалақта	V-IV	v-intrans
қозғалақтан	V-IV	v-intrans
қозғалмайтын	A1	adj
қозғалмалы	A3	adj
қозғалт	V-TV	v-trans
қозғалтқыш	N1	n
қозғалшықтық	N1	n
қозғалып%	V-TV	v-trans
қозғалыс	N1	n
қозғалғыш	A1	adj
қозғамдама	A1,N1	adj+n
қозғап%	V-TV	v-trans
қозғаушы	A4,N1	adj+n
қозғауыш	N1	n
қозғағыш	N1	n
қой	N1,V-TV,Vinfl-AUX	n+v-aux+v-trans
қойбүлдірген	N1	n
қойма	A1,N1	adj+n
қойнау	N1	n
қойтас	N1	n
қойшы	N1	n
қойыл	V-IV	v-intrans
қойылт	V-TV	v-trans
қойылтқыш	N1	n
қойылым	N1	n
қойылған	A1	adj
қойып%	V-TV	v-trans
қол	A3,N1	adj+n
қол%	A1,N1,V-IV,V-TV	adj+n+v-intrans+v-trans
қола	A2,N1	adj+n
қола%	N1	n
қолайла	V-TV	v-trans
қолайлы	A1	adj
қолайлылық	N1	n
қолайсыз	A1	adj
қолайсыздық	N1	n
қолбасшы	N1	n
қолбақыр	N1	n
қолда	V-TV	v-trans
қолдан	V-TV	v-trans
қолдан%	V-TV	v-trans
қолданбалы	A3	adj
қолданушы	N1	n
қолданушылық	N1	n
қолданыл	V-IV	v-intrans
қолданылатын	A1	adj
қолданымды	A1	adj
қолданыс	N1	n
қолданыстағы	A1	adj
қолдас	V-IV	v-intrans
қолдау	N1	n
қолдаушы	N1	n
қолдағыш	N1	n
қолжазба	N1	n
қолжазбалық	A1	adj
қолжет	V-IV	v-intrans
қолжетімділік	N1	n
қолжетімсіз	A1	adj
қолма-қол	ADV	adv
қолма-қол%	N1,V-TV	n+v-trans
қолма-қолсыз	ADV	adv
қолмен	ADV	adv
қолмен%	A4	adj
қолпылда	V-IV	v-intrans
қолтаңба	N1	n
қолтырауын	N1	n
қолтық	N1	n
қолтық%	A4	adj
қолтықтас	V-IV	v-intrans
қолхат	N1	n
қолшатыр	N1	n
қолшоқпар	N1	n
қолым	N1	n
қолға%	A4,V-IV	adj+v-intrans
қолғабыс	N1	n
қолғабысшы	N1	n
қолғанат	N1	n
қолғап	N1	n
қолқа	N1	n
қолқалық	A4	adj
қолөнер	N1	n
қолөнерлік	A4	adj
қолөнермен%	V-IV	v-intrans
қолөнерші	N1	n
қомағай	A1,N1	adj+n
қомақты	A4	adj
қомдастыр	V-TV	v-trans
қон	V-IV	v-intrans
қонақ	N1	n
қонақ%	N1,V-IV	n+v-intrans
қонақ-жайлылық	N1	n
қонақас	N1	n
қонақжай	A1	adj
қонақжайлылық	N1	n
қонақжайсыздық	N1	n
қонақта	V-IV	v-intrans
қонақшыл	A1	adj
қонақүй	N1	n
қондыр	V-TV	v-trans
қондырма	N1	n
қондырғы	N1	n
қонжық	N1	n
қонымды	A1	adj
қоныс	N1	n
қоныс%	N1	n
қоныстан	V-IV	v-intrans
қоныстандыр	V-TV	v-trans
қоныстану	N1	n
қоныстаушы	N1	n
қоныш	N1	n
қопар	V-TV	v-trans
қопарушы	N1	n
қопарыл	V-IV,V-TV	v-intrans+v-trans
қопарылғыш%	N1	n
қопарғыш	N1	n
қопсы	V-IV	v-intrans
қопсыт	V-TV	v-trans
қопсыту	N1	n
қопсытқыш	N1	n
қор	A3,N1,V-IV,V-TV	adj+n+v-intrans+v-trans
қор%	N1,V-TV	n+v-trans
қора	N1	n
қораз	N1	n
қораздан	V-IV	v-intrans
қорамсақ	N1	n
қорап	N1	n
қорапқа%	V-TV	v-trans
қораш	A1	adj
қорда	N1	n
қордалы	A3	adj
қорек	N1	n
қоректен	V-IV	v-intrans
қоректендір	V-TV	v-trans
қоректендіргіш	A1,N1	adj+n
қоректендіруші	N1	n
қоректі	A4	adj
қоржын	N1	n
қорла	V-TV	v-trans
қорлайтын	A4	adj
қорлан	V-IV,V-TV	v-intrans+v-trans
қорлау	N1	n
қорлаған	A1	adj
қорлы	A3	adj
қорлық	N1	n
қорсақ	N1	n
қорсылда	V-IV	v-intrans
қорушы	A1	adj
қорша	V-TV	v-trans
қоршалған	A1	adj
қоршам	N1	n
қоршап%	V-TV	v-trans
қоршау	N1	n
қоршаулы	A1	adj
қорылда	V-IV	v-intrans
қорым	N1	n
қорын	V-IV	v-intrans
қорыт	V-TV	v-trans
қорытпа	N1	n
қорытушы	N1	n
қорытыл	V-IV	v-intrans
қорытылған	A1	adj
қорытынды	A1,N1	adj+n
қорытындылаушы%	A1	adj
қорық	N1,V-IV	n+v-intrans
қорықпайтын	A1	adj
қорыққан	A1	adj
қорға	V-TV	v-trans
қорғала	V-IV	v-intrans
қорғалат	V-TV	v-trans
қорғалатын	A4	adj
қорған	N1,V-IV	n+v-intrans
қорған%	V-IV	v-intrans
қорғанда	V-TV	v-trans
қорғансыз	A1,N1	adj+n
қорғану	N1	n
қорғаншақ	A1	adj
қорғаншақтық	N1	n
қорғаныс	N1	n
қорғаныстық	A1	adj
қорғаныш	N1	n
қорғап%	V-IV	v-intrans
қорғасын	N1	n
қорғасында	V-TV	v-trans
қорғау	N1	n
қорғаушы	N1	n
қорғашта	V-IV	v-intrans
қорғағыш	N1	n
қорқ	V-IV	v-intrans
қорқа	ADV	adv
қорқау	N1	n
қорқақ	A1,N1	adj+n
қорқақтай	ADV	adv
қорқақтық	N1	n
қорқор	N1	n
қорқу	A1	adj
қорқыныш	N1	n
қорқыныш%	V-IV	v-intrans
қорқынышсыз	A1	adj
қорқынышты	A1,ADV,N1	adj+adv+n
қорқыныштырақ	A1	adj
қорқыра	V-IV	v-intrans
қорқыт	V-TV	v-trans
қорқытатын	A1	adj
қорқыту	N1	n
қорқытып%	V-TV	v-trans
қос	A3,N1,V-TV	adj+n+v-trans
қос%	A1,A4,N1,V-TV	adj+n+v-trans
қоса	ADV,POST-DAT	adv+post
қоса%	V-IV	v-intrans
қосалқы	A1,A4,N1	adj+n
қосалқы%	N1	n
қосарла	V-TV	v-trans
қосарлан	V-IV	v-intrans
қосарландыру	N1	n
қосарланған	A1	adj
қосарлау	N1	n
қосарлы	A3	adj
қосаяқ	N1	n
қосақ	N1	n
қосақта	V-TV	v-trans
қосақтау	N1	n
қосбөлмелі%	N1	n
қосетек	N1	n
қосмекенді	N1	n
қоснүкте	N1	n
қоспа	N1	n
қоспалаталы	A1	adj
қоспалауыш	N1	n
қоспасыз	A1	adj
қоста	V-TV	v-trans
қостас	V-IV	v-intrans
қостау	N1	n
қостаушы	A1	adj
қостағыш	N1	n
қостілділік	N1	n
қостұяқты	N1	n
қосу	N1	n
қосушы	N1	n
қосшы	N1	n
қосыл	V-IV,V-TV	v-intrans+v-trans
қосылдар	V-TV	v-trans
қосылу	N1	n
қосылым	N1	n
қосылыс	N1	n
қосылған	A1	adj
қосылған%	N1	n
қосылғыш	N1	n
қосымша	A3,ADV,N1	adj+adv+n
қосымша%	N1	n
қосындыла	V-TV	v-trans
қосып%	V-TV	v-trans
қосқыш	N1	n
қотар	V-TV	v-trans
қотырлан	V-IV	v-intrans
қотырлы	A3	adj
қош	A3,INTERJ	adj+interj
қош%	INTERJ,V-IV	interj+v-intrans
қошамет%	V-TV	v-trans
қошаметте	V-TV	v-trans
қошақан	N1	n
қошемет	N1	n
қошеметте	V-IV,V-TV	v-intrans+v-trans
қошта	V-TV	v-trans
қоштас	V-IV	v-intrans
қоштасу	N1	n
қошқар	N1	n
қошқыл	A1	adj
қою	A2	adj
қоюлан	V-TV	v-trans
қоюландырғыш	N1	n
қоюланған	A2	adj
қоюлық	N1	n
қоюшы	N1	n
қоя%	V-TV	v-trans
қоян	N1	n
қоян-қолтық	ADV	adv
қоян-қолтық%	V-IV	v-intrans
қояншық	A4,N1	adj+n
қояншөп	N1	n
қоятын	A1	adj
қоғам	N1	n
қоғамдандыру	N1	n
қоғамдастық	N1	n
қоғамдасу	N1	n
қоғамдық	A4	adj
қоғамшыл	N1	n
қоғамға%	A4	adj
қоқсыт	V-IV	v-intrans
қоқым-соқым	N1	n
қоқырай	V-IV	v-intrans
қоқырсыған	A1	adj
қоқыс	N1	n
қоқыс%	N-COMPOUND-PX,V-TV	v-trans
қоқыт	V-IV	v-intrans
қоңыз	N1	n
қоңыр	A2,N1	adj+n
қоңыр%	N1	n
қоңырау	N1	n
қоңырау%	V-IV,V-TV	v-intrans+v-trans
қоңыржай	A1	adj
қу	A1,ADV,N1,V-TV	adj+adv+n+v-trans
қуала	V-TV	v-trans
қуалаушылық	N1	n
қуан	V-IV	v-intrans
қуана	ADV	adv
қуанатын	A1	adj
қуандыр	V-TV	v-trans
қуант	V-TV	v-trans
қуаныш	N1	n
қуанышсыз	A1	adj
қуанышты	A1,A2	adj
қуанған	A1	adj
қуарыңқы	A1	adj
қуат	A1,N1	adj+n
қуатсыз	A1	adj
қуатсыздық	N1	n
қуатта	V-TV	v-trans
қуаттан	V-IV	v-intrans
қуаттандыр	V-TV	v-trans
қуатты	A2	adj
қуаң	A1	adj
қуаңшылық	N1	n
қудала	V-TV	v-trans
қудаланған	A4	adj
қулан	V-TV	v-trans
қуланған	A1	adj
қулық	N1	n
қулықсыз	A1	adj
қулықты	A1	adj
қулықшы	N1	n
қунақ	A1	adj
қура	V-IV	v-intrans
қурап%	V-IV	v-intrans
қураған	A1	adj
қусыр	V-TV	v-trans
қусыру	N1	n
қутыңда	V-IV	v-intrans
қутыңдат	V-TV	v-trans
қуушы	N1	n
қуып%	V-IV,V-TV	v-intrans+v-trans
қуыр	V-TV	v-trans
қуырдақ	N1	n
қуырма	N1	n
қуыршақ	N1	n
қуыршақшы	N1	n
қуырылған	A4	adj
қуырылған%	N1	n
қуыс	N1	n
қуыс%	N1	n
қуыстан	V-IV	v-intrans
қуғын	N1	n
қуғын-сүргін	N1	n
қуғында	V-IV	v-intrans
қуғындалушы	N1	n
қуғындау	N1	n
қуқыл	A1	adj
қуқылдан	V-IV	v-intrans
қыбырла	V-IV	v-intrans
қыдыр	V-TV	v-trans
қыдырт	V-TV	v-trans
қыдырымпаздыктар	N1	n
қыжыл	N1	n
қыз	N1,V-IV	n+v-intrans
қыз%	N1	n
қызамық	N1	n
қызанақ	N1	n
қызар	V-IV	v-intrans
қызарақта	V-IV	v-intrans
қызарып%	V-IV	v-intrans
қызба	N1	n
қызбалы	A3	adj
қызбалық	N1	n
қыздыр	V-TV	v-trans
қыздыратын	A1	adj
қыздырушылық	N1	n
қыздырылған	A1	adj
қыздырғыш	N1	n
қыздық	A1	adj
қызмет	N1	n
қызмет%	A4,V-TV	adj+v-trans
қызметақы	N1	n
қызметкер	N1	n
қызметтегі	A3	adj
қызметтен%	N1,V-TV	n+v-trans
қызметтес	N1	n
қызметші	A1,N1	adj+n
қызметшіл	A1	adj
қызтекелік	N1	n
қызу	N1	n
қызу%	A4	adj
қызулы	A4	adj
қызулықпен	ADV	adv
қызы	N1	n
қызыл	A2	adj
қызыл%	A4,N1	adj+n
қызылбас	N1	n
қызылдау	A1	adj
қызылдық	N1	n
қызылкүрең%	N1	n
қызылмия	N1	n
қызылша	N1	n
қызылша%	N1	n
қызын	V-IV	v-intrans
қызынақ	N1	n
қызып%	V-IV	v-intrans
қызығу	N1	n
қызығушылық	N1	n
қызық	A1,ADV,V-IV	adj+adv+v-intrans
қызықпаған	A1	adj
қызықсын	V-IV	v-intrans
қызықта	V-IV	v-intrans
қызықты	A1,ADV	adj+adv
қызықтыр	V-TV	v-trans
қызықтырарлық	A4	adj
қызықтыратын	A1	adj
қызықтырып%	N1	n
қызықтырғыш	A1	adj
қызыққан	A1	adj
қызыққыш	A1	adj
қызғалдақ	N1	n
қызған	A1,V-IV,V-TV	adj+v-intrans+v-trans
қызғана	ADV	adv
қызғанарлық	A4	adj
қызғаншақ	A1	adj
қызғаншақтық	N1	n
қызғаныш	N1	n
қызғанышты	A1	adj
қызғылт	A2	adj
қызғылықты	N1	n
қызғыштай%	V-TV	v-trans
қыл	N1,V-TV	n+v-trans
қыларлық	N1	n
қылау	N1	n
қылдырықтай	A1	adj
қылжақ	N1	n
қылжақбас	N1	n
қылжақта	V-TV	v-trans
қылжыр	A1	adj
қыли	A2	adj
қылилық	N1	n
қылмыс	N1	n
қылмыскер	N1	n
қылмыстандыру	N1	n
қылмыстану	N1	n
қылмыстас	N1	n
қылмысты	A1	adj
қылмыстық	A4	adj
қылт%	V-IV	v-intrans
қылта	N1	n
қылтан	N1	n
қылти	V-IV	v-intrans
қылшақ	N1	n
қылшық	N1	n
қылшықты	A1	adj
қылы	N1	n
қылымсу	N1	n
қылымсы	V-IV	v-intrans
қылымсыған	A1	adj
қылыш	N1	n
қылық	N1	n
қылықты	A1,N1	adj+n
қылғуғу	N1	n
қылқалам	N1	n
қылқан	A1,N1	adj+n
қылқан%	N1	n
қылқанды	A1	adj
қылқобыз	N1	n
қылқындыр	V-TV	v-trans
қылқындыру	N1	n
қылқұрт	N1	n
қым-қуыт	N1	n
қымбат	A2,N1	adj+n
қымбатта	V-IV	v-intrans
қымбаттаған	A1	adj
қымбатты	A1,A3	adj
қымбаттық	N1	n
қымсын	V-IV	v-intrans
қымта	V-TV	v-trans
қымтан	V-IV	v-intrans
қымтырылып	ADV	adv
қымыз	N1	n
қымыздық	N1	n
қымызшы	N1	n
қымқыр	V-IV,V-TV	v-intrans+v-trans
қына	N1	n
қынагүл	N1	n
қынап	N1	n
қынжыла	ADV	adv
қынжылт	V-TV	v-trans
қынжылушылық	N1	n
қынжылған	A1	adj
қып	ADV	adv
қыпшақ	N1	n
қыр	N1,V-TV	n+v-trans
қыран	N1	n
қыранот	N1	n
қырат	N1	n
қырау	N1	n
қыраулан	V-IV	v-intrans
қыраулатқан	A1	adj
қырағы	ADV	adv
қыркүйек	N1	n
қырла	V-TV	v-trans
қырлаушы	N1	n
қырлауыш	A3	adj
қырлы	A4	adj
қырлық	A4	adj
қырманшы	N1	n
қырмызы	N1	n
қырмызыгүл	N1	n
қырна	V-TV	v-trans
қырсаулан	V-IV	v-intrans
қырсыз	A1	adj
қырсыздан	V-IV	v-intrans
қырсық	A1,N1	adj+n
қырсықтан	V-IV	v-intrans
қырсықтана	ADV	adv
қырсықты	A1	adj
қырсықтық	N1	n
қырт	N1	n
қыртыс	N1	n
қыртыстан	V-IV	v-intrans
қыртысты	A1	adj
қыруар	A1,N1	adj+n
қыршы	V-TV	v-trans
қыршып-қопару	N1	n
қырыл	N1,V-IV	n+v-intrans
қырылда	V-IV	v-intrans
қырылдат	V-TV	v-trans
қырылдаған	A1	adj
қырылыстыр	V-TV	v-trans
қырымшақ	N1	n
қырын	V-IV	v-intrans
қырынан	ADV	adv
қырыну	N1	n
қырып-жоюшы	N1	n
қырық	NUM	num
қырықаяқ	N1	n
қырықбуын	N1	n
қырықтықшы	N1	n
қырыққабат	N1	n
қырыққұлақ	N1	n
қырықұлақ	N1	n
қырғауыл	N1	n
қырғи	N1	n
қырғы	N1	n
қырғыз	A1,N1-NAT	adj+n
қырғызша	ADV-LANG	adv
қырғын	N1	n
қырғыш	N1	n
қырқ	V-TV	v-trans
қырқа	N1	n
қырқатын	A1	adj
қырқушы	N1	n
қырқылда	V-IV	v-intrans
қырқылжың	N1	n
қырқылған	A1	adj
қырқым	N1	n
қырқыс	N1,V-IV,V-TV	n+v-intrans+v-trans
қырқысу	N1	n
қырқұйек	N1	n
қырқұлақ	N1	n
қыс	N1,V-TV	n+v-trans
қысатын	A1	adj
қысаң	A1	adj
қыспақ	N1	n
қыста	V-IV	v-intrans
қыстау	N1	n
қыстақ	N1	n
қыстыр	V-TV	v-trans
қыстырма	A1	adj
қыстырулы	A2	adj
қыстырғыш	N1	n
қыстық	A4	adj
қысу	N1	n
қысушы	N1	n
қысыл	V-IV	v-intrans
қысылшаң	A1,N1	adj+n
қысылған	A1	adj
қысым	N1	n
қысымдау	N1	n
қысымды%	N1	n
қысымсыз	ADV	adv
қысыра	V-IV	v-intrans
қысық	A2	adj
қысқа	A1,ADV	adj+adv
қысқалық	N1	n
қысқамерзімді	A1	adj
қысқамерзімдік	A1	adj
қысқар	V-IV	v-intrans
қысқарма	N1	n
қысқарт	V-TV	v-trans
қысқартылым	N1	n
қысқартылған	A1,N1	adj+n
қысқару	N1	n
қысқарылу	N1	n
қысқаша	A1,ADV	adj+adv
қысқы	A1	adj
қысқы%	N1	n
қысқыш	N1	n
қысқыш%	N1	n
қытай	N1-NAT	n
қытайлық	A4,N1	adj+n
қытайша	ADV-LANG	adv
қытымыр	A1	adj
қытырла	V-IV	v-intrans
қытырлақ	A2	adj
қытықта	V-IV	v-intrans
қытықшыл	A1	adj
қыш	N1	n
қыша	N1	n
қыша%	N1	n
қышу	N1	n
қышшы	N1	n
қышыма	N1	n
қышытпа	A1,N1	adj+n
қышқыл	A2,N1	adj+n
қышқыл%	N1	n
қышқылдану	N1	n
қышқылдылық	N1	n
қышқылтым	A1	adj
қыңсылауық	A1	adj
қыңсылағыш	A1	adj
қыңыр	A1,N1	adj+n
қыңырлық	N1	n
қыңқ	IDEO	interj
қыңқылдаған	A1	adj
құба	A2	adj
құбыжық	N1	n
құбыл	V-IV,V-TV	v-intrans+v-trans
құбыла	N1	n
құбылма	A1	adj
құбылмалы	A3	adj
құбылнама	N1	n
құбылт	V-TV	v-trans
құбылыс	N1	n
құбылған%	N1	n
құбыр	N1	n
құбырлы	A3	adj
құбырлық	A4	adj
құда	N1	n
құдай	N1	n
құдайсыз	N1	n
құдайшыл	A1	adj
құдайға%	N1	n
құдалық	N1	n
құдағи	N1	n
құдық	N1	n
құдірет	N1	n
құдіретті	A2	adj
құжат	N1	n
құжатнама	N1	n
құжатта	V-TV	v-trans
құжаттама	N1	n
құжаттану	N1	n
құжаттанушы	N1	n
құжыраңда	V-IV	v-intrans
құз	N1	n
құзырет	N1	n
құзырлы	A1	adj
құзырсыз	A1	adj
құзғын	N1	n
құй	V-TV	v-trans
құйма	N1	n
құймақ	N1	n
құймырлық	N1	n
құйрық	N1	n
құйрықсыз	A1	adj
құйрықты	A1	adj
құйттай	A1	adj
құйыл	V-IV	v-intrans
құйылмалы	A3	adj
құйым	N1	n
құйымшақ	N1	n
құйын	N1	n
құйындат	V-TV	v-trans
құйынсыз	A4	adj
құйыршық	N1	n
құйғыт	V-IV	v-intrans
құйқалы	A3	adj
құйқылжыған	A1	adj
құйқылжыған%	N1	n
құл	N1	n
құл%	V-TV	v-trans
құла	V-IV	v-intrans
құлайтын	A1	adj
құлама	N1	n
құламалы	A3	adj
құлан	N1	n
құлап%	V-TV	v-trans
құлат	V-TV	v-trans
құлатушы	N1	n
құлатып%	V-TV	v-trans
құлаған	A4,N1	adj+n
құлағдар	N1	n
құлақ	N1	n
құлақ%	A1,N1,V-IV	adj+n+v-intrans
құлақбау	N1	n
құлақсыз	A1	adj
құлақтандыр	V-TV	v-trans
құлақты%	V-TV	v-trans
құлақша	N1	n
құлаққа%	V-IV	v-intrans
құлаққап	N1	n
құлаққағыс	N1	n
құлдыра	V-IV	v-intrans
құлдырайтын	A1	adj
құлдырау	N1	n
құлдық	N1	n
құлпы	N1	n
құлпынай	N1	n
құлпыр	V-IV	v-intrans
құлпыру	N1	n
құлшылық	N1	n
құлшылық%	V-IV	v-intrans
құлшын	V-IV	v-intrans
құлшынысты	A4	adj
құлын	N1	n
құлындау	N1	n
құлыншақ	N1	n
құлып	N1	n
құлыпта	V-TV	v-trans
құлық	N1	n
құлықты	A1	adj
құлқайыр	N1	n
құм	N1	n
құмайт	N1	n
құман	N1	n
құмар	A1,N1	adj+n
құмар%	N1	n
құмарлан	V-IV	v-intrans
құмарланған	A1	adj
құмарлық	N1	n
құмарт	V-IV	v-intrans
құмарта	ADV	adv
құмартатын	A1	adj
құмарту	N1	n
құмақ	A1	adj
құмдақ	N1	n
құмды	A1	adj
құмсалғыш	N1	n
құмтас	N1	n
құмшекер	N1	n
құмыра	N1	n
құмырашы	N1	n
құмырсқа	N1	n
құмыты	N1	n
құмық	N1	n
құмықша	ADV-LANG	adv
құн	N1	n
құнажын	N1	n
құнан	N1	n
құнарландыр	V-TV	v-trans
құнарлы	A2	adj
құнарсыз	A2	adj
құнарсыздық	N1	n
құнақ	N1	n
құндақ	N1	n
құнды	A2	adj
құндыз	N1	n
құндылық	N1	n
құнсыз	A1	adj
құнсыздану	N1	n
құнтсыз	A1	adj
құныс	V-IV	v-intrans
құп	A2,INTERJ	adj+interj
құпия	A1,N1	adj+n
құпияланған	A1	adj
құпиялық	N1	n
құпиясөз	N1	n
құпта	V-TV	v-trans
құр	A1,N1,V-TV	adj+n+v-trans
құр%	A1,V-TV	adj+v-trans
құра	V-TV	v-trans
құрал	N1	n
құрал-сайман	N1	n
құралай	N1	n
құралдан	V-IV	v-intrans
құралданған	A1	adj
құралды	A1	adj
құралсыз	A1	adj
құралым	N1	n
құралған	A1	adj
құрам	N1	n
құрама	A1,N1	adj+n
құрамалы	A3	adj
құрамда%	V-IV	v-intrans
құрамдас	A4,N1	adj+n
құрамдау	N1	n
құрамын%	N1	n
құрамында%	V-IV	v-intrans
құран	N1	n
құрастыр	V-TV	v-trans
құрастырма	A1	adj
құрастыру	N1	n
құрастырушы	N1	n
құрастырылған	A1	adj
құрау	N1	n
құрақ	N1	n
құрақты	A1	adj
құрбан	N1	n
құрбан%	V-TV	v-trans
құрбандық	N1	n
құрбы	N1	n
құрдас	N1	n
құрлы	POST-DAT	post
құрлық	N1	n
құрлықтық	A4	adj
құрма	N1	n
құрмалдық	N1	n
құрмет	N1	n
құрмет%	V-TV	v-trans
құрметте	V-TV	v-trans
құрметтелетін	A1	adj
құрметтелмейтіндік	N1	n
құрметті	A1	adj
құрсан	V-IV	v-intrans
құрсау	N1	n
құрсаула	V-TV	v-trans
құрсағындағы	A3	adj
құрсақ	A1,N1	adj+n
құрсақ%	N1	n
құрсақтың%	N-COMPOUND-PX	?
құрсым	N1	n
құрт	N1,V-TV	n+v-trans
құртатын	A1	adj
құртақандай%	N1	n
құрттаған	A1	adj
құрту	N1	n
құрушы	N1	n
құры	V-IV	v-intrans
құрыл	V-IV	v-intrans
құрылтай	A1,N1	adj+n
құрылтайшы	N1	n
құрылым	N1	n
құрылымда	V-TV	v-trans
құрылымдаушы	N1	n
құрылымды	A1	adj
құрылымдылық	N1	n
құрылымдық	A4	adj
құрылыс	N1	n
құрылыстық	A4	adj
құрылғы	N1	n
құрым	N1	n
құрып%	V-IV	v-intrans
құрыстау	N1	n
құрыш	N1	n
құрықта	V-TV	v-trans
құрғат	V-IV,V-TV	v-intrans+v-trans
құрғатқыш	N1	n
құрғақ	A1	adj
құрғақтық	N1	n
құрғақшылық	N1	n
құс	N1,V-IV	n+v-intrans
құс%	N-COMPOUND-PX,N1	n
құсалы	A3	adj
құсбегі	N1	n
құстыратын	A1	adj
құсшы	N1	n
құт	N1	n
құтан	N1	n
құтсыз	A1	adj
құтты	A1	adj
құттықта	V-TV	v-trans
құттықтау	N1	n
құты	N1	n
құтыл	V-IV	v-intrans
құтылдыр	V-TV	v-trans
құтылымды	A1	adj
құтылыс	N1	n
құтырт	V-TV	v-trans
құтыртушы	N1	n
құтырын	V-IV	v-intrans
құтырынған	A1	adj
құтырған	A1,N1	adj+n
құтқар	V-TV	v-trans
құтқарушы	N1	n
құтқарыл	V-IV	v-intrans
құтқарғыш%	N1	n
құш	V-TV	v-trans
құшақ	N1	n
құшақта	V-TV	v-trans
құшақталған	A4	adj
құшақтап%	V-TV	v-trans
құштар	A1	adj
құштарлық	N1	n
құшырлы	A3	adj
құю	N1	n
құю%	N-COMPOUND-PX,N1	n
құюлы	A3	adj
құюшы	N1	n
құятын	A1	adj
құяң	N1	n
құқ	N1	n
құқылы	A4,ADV	adj+adv
құқық	N1	n
құқықбұзушылық	A1	adj
құқықтану	N1	n
құқықты	A1	adj
құқықтық	A4,N1	adj+n
құқыққорғаушы	N1	n
Үдербай	NP-ANT-M	np
Үкібаев	NP-COG-OB	np
Үкілай	NP-ANT-F	np
Үлгібай	NP-ANT-M	np
Үлыбритания	NP-TOP	np
Үмбет	NP-ANT-M	np
Үмбеталиев	NP-COG-OB	np
Үмбетбаев	NP-COG-OB	np
Үмбетбай	NP-ANT-M	np
Үмбетжан	NP-ANT-M	np
Үмбетов	NP-COG-OB	np
Үмбетәлиев	NP-COG-OB	np
Үмбетәлі	NP-ANT-M	np
Үмігүлсім	NP-ANT-F	np
Үміт	NP-ANT-F,NP-ANT-M	np
Үнділік	N1	n
Үндістан	NP-TOP	np
Үндіқытай	NP-TOP	np
Үрия	NP-ANT-F	np
Үркер	NP-ANT-M	np
Үркімбай	NP-ANT-M	np
Үрімбай	NP-ANT-M	np
Үрімжан	NP-ANT-M	np
Үрімжі	NP-TOP	np
Үрімхан	NP-ANT-M	np
Үрқыз	NP-ANT-F	np
Үсен	NP-ANT-M	np
Үсенов	NP-COG-OB	np
Үстем	NP-ANT-M	np
Үшарал	NP-TOP	np
үгілгіш	A1	adj
үгінді	N1	n
үгінділер	N1	n
үгіт	N1,V-TV	n+v-trans
үгітте	V-TV	v-trans
үгіттен	V-IV	v-intrans
үгіттеуші	N1	n
үгітілген	A4	adj
үде	V-IV	v-intrans
үдеме	A1	adj
үдемеле	V-IV	v-intrans
үдемелі	A1,ADV	adj+adv
үдеріс	N1	n
үдет	V-TV	v-trans
үдеткіш	N1	n
үдеу	N1	n
үз	V-TV	v-trans
үзбе	N1	n
үзгіш	N1	n
үздік	A3,ADV,N1	adj+adv+n
үздік%	N1	n
үздіксіз	A1	adj
үздіксіздік	N1	n
үздікті	ADV	adv
үзеңгілес	N1	n
үзіл	V-IV	v-intrans
үзілгіш	A1	adj
үзілді-кесілді	ADV	adv
үзілу	N1	n
үзілім	N1	n
үзіліп%	V-IV	v-intrans
үзіліс	N1	n
үзіліссіз	ADV	adv
үзім	N1	n
үзінді	N1	n
үзіп%	V-TV	v-trans
үй	N1,V-TV	n+v-trans
үй%	N-COMPOUND-PX,N1	n
үйге%	A4,N1	adj+n
үйез	N1	n
үйеле	V-IV	v-intrans
үйеңкі	N1	n
үйкеліс	A3	adj
үйлен	V-IV	v-intrans
үйлендір	V-TV	v-trans
үйлену	N1	n
үйлену%	N-COMPOUND-PX	?
үйлес	V-IV	v-intrans
үйлестік	N1	n
үйлестір	V-TV	v-trans
үйлестіру	N1	n
үйлестіруші	N1	n
үйлесім	N1	n
үйлесімді	A1,ADV	adj+adv
үйлесімділік	N1	n
үйлесімсіз	A1	adj
үйлесімсіздік	N1	n
үйлі	A4	adj
үймеле	V-IV	v-intrans
үймелес	V-IV	v-intrans
үйрек	N1	n
үйректұмсық	N1	n
үйрен	V-TV	v-trans
үйренбеген	N1	n
үйренуші	N1	n
үйреншікті	A1	adj
үйреніс	V-IV	v-intrans
үйреніскен	A1	adj
үйрет	V-TV	v-trans
үйрету	N1	n
үйретуші	N1	n
үйретіп%	V-TV	v-trans
үйсіз	A1	adj
үйт	V-TV	v-trans
үйтілген	A4	adj
үйшік	N1	n
үйілген	A1	adj
үйім	N1	n
үйінді	N1	n
үйір	N1,V-TV	n+v-trans
үйірлес	V-IV	v-intrans
үйірме	N1	n
үйірмен%	V-IV	v-intrans
үйіріл	V-IV	v-intrans
үккіш	N1	n
үкі	N1	n
үкім	N1	n
үкімет	N1	n
үкіметаралық	A4	adj
үкіметтік	A4	adj
үлбір	N1	n
үлбіре	V-IV	v-intrans
үлгер	V-IV	v-intrans
үлгермеуші	A1	adj
үлгерім	N1	n
үлгі	N1	n
үлгілеу	N1	n
үлгілі	A1	adj
үлгілік	A4,N1	adj+n
үлгіші	N1	n
үлес	N1,V-IV	n+v-intrans
үлес%	V-IV	v-intrans
үлескер	N1	n
үлестір	V-TV	v-trans
үлестіргіш	N1	n
үлестіруші	N1	n
үлестірушілік	A4	adj
үлестіріл	V-IV	v-intrans
үлестірілген	A4	adj
үлестіріп%	V-TV	v-trans
үлкей	V-IV	v-intrans
үлкейт	V-TV	v-trans
үлкейткіш	N1	n
үлкен	A1,N1	adj+n
үлкендер	N1	n
үлпек	N1	n
үлпілде	V-TV	v-trans
үммет	N1	n
үміт	N1	n
үміткер	N1	n
үміткерлік	N1	n
үмітпен	ADV	adv
үмітсіз	A1,ADV	adj+adv
үмітсіздендір	V-TV	v-trans
үмітсіздік	N1	n
үміттен	V-IV	v-intrans
үміттендір	V-TV	v-trans
үн	N1	n
үн%	V-IV	v-intrans
үн-түнсіз	ADV	adv
үнде	V-IV	v-intrans
үндеме	V-IV	v-intrans
үндемеген	A4	adj
үндемей%	V-IV	v-intrans
үндемес	A1	adj
үндес	A1,V-IV	adj+v-intrans
үндескен	A4	adj
үндестік	N1	n
үндестіру	N1	n
үндесу	N1	n
үндеу	N1	n
үнді	A1,N1	adj+n
үнділік	N1	n
үндістандық	A1	adj
үнем	N1	n
үнемде	V-IV,V-TV	v-intrans+v-trans
үнемді	A1,ADV	adj+adv
үнемділік	N1	n
үнемсіз	A1	adj
үнемшіл	A1	adj
үнемі	A1,ADV	adj+adv
үнсіз%	A1,ADV	adj+adv
үнсіздік	N1	n
үп-үшкір	A2	adj
үр	V-IV	v-intrans
үрдіс	A1,N1	adj+n
үрей	N1	n
үрейлен	V-IV	v-intrans
үрейлі	ADV	adv
үрк	V-IV	v-intrans
үркек	A1	adj
үркі	V-IV	v-intrans
үркін	N1	n
үркіншілік	N1	n
үркіт	V-TV	v-trans
үрле	V-TV	v-trans
үрлен	V-TV	v-trans
үрлеу	N1	n
үрмелі	A1	adj
үрпи	V-IV	v-intrans
үрпит	V-TV	v-trans
үрпиіп	ADV	adv
үрім	N1	n
үскі	N1	n
үскіле	V-TV	v-trans
үст	N-INFL-NKI,N1	n
үсте	V-TV	v-trans
үстел	N1	n
үстем	A2	adj
үстем%	V-IV	v-intrans
үстемден	V-IV	v-intrans
үстемдік	N1	n
үстеме	A3,N1	adj+n
үстемеле	V-TV	v-trans
үстеу	N1	n
үстінгі	A3	adj
үстінде	ADV	adv
үстінен%	N1	n
үстірт	N1	n
үстіңгі	A3	adj
үсі	V-IV	v-intrans
үсік	N1	n
үсік%	V-IV	v-intrans
үтік	N1	n
үтікте	V-TV	v-trans
үтіктеу	N1	n
үтір	N1	n
үш	N1,NUM	n+num
үш%	ADV,NUM	adv+num
үшбұрыш	N1	n
үшбұрыштық	A1	adj
үшем	N1	n
үшеу	NUM-COLL	?
үшеулеп	ADV	adv
үшкір	A4	adj
үшмүше	N1	n
үштаған	N1	n
үштік	N1	n
үштүсті	A1	adj
үшін	POST-NOM	post
үшінші	N1	n
үюші	N1	n
үңгі	N1,V-TV	n+v-trans
үңгігіш	N1	n
үңгіме	N1	n
үңгір	N1	n
үңіл	V-IV	v-intrans
үңіле%	V-TV	v-trans
Ұдмұртстан	NP-TOP	np
Ұзақ	NP-ANT-M	np
Ұйықбаев	NP-COG-OB	np
Ұйықбай	NP-ANT-M	np
Ұлан	NP-ANT-M	np
Ұлан-Батыр	NP-TOP	np
Ұлас	NP-ANT-M	np
Ұлбала	NP-ANT-F	np
Ұлболсын	NP-ANT-F	np
Ұлжан	NP-ANT-F	np
Ұлпа	NP-ANT-F	np
Ұлфат	NP-ANT-F	np
Ұлыбритания	NP-TOP	np
Ұлытау	NP-TOP	np
Ұлықбек	NP-ANT-M	np
Ұрқия	NP-ANT-F	np
Ұрқымбаев	NP-COG-OB	np
ҰҚК	ABBR	abbr
ҰҚШҰ	ABBR	abbr
ұдайы	A3,ADV	adj+adv
ұждан	N1	n
ұжданды	A1	adj
ұждансыз	A1	adj
ұжым	N1	n
ұжымдастыру	N1	n
ұжымдық	A1,A4	adj
ұжымшылдық	N1	n
ұза	V-IV	v-intrans
ұзап%	V-IV	v-intrans
ұзар	V-IV	v-intrans
ұзарт	V-TV	v-trans
ұзарту	N1	n
ұзартылған	A1	adj
ұзартқыш	N1	n
ұзат	V-TV	v-trans
ұзату	N1	n
ұзақ	A1,ADV	adj+adv
ұзақ%	A1,N1	adj+n
ұзақ-сүре	ADV	adv
ұзақмерзімді	A1	adj
ұзақмерзімді%	A4	adj
ұзақмерзімдік	A1	adj
ұзақтық	N1	n
ұзын	A1	adj
ұзын%	A4,N1	adj+n
ұзындық	N1	n
ұзынша	A1	adj
ұй	V-IV	v-intrans
ұйпабас	N1	n
ұйпалақта	V-TV	v-trans
ұйпалақтан	V-IV	v-intrans
ұйым	N1	n
ұйымдас	V-IV	v-intrans
ұйымдаспаған	A1	adj
ұйымдастыр	V-TV	v-trans
ұйымдастыру	N1	n
ұйымдастырушы	N1	n
ұйымдасқан	A1,ADV	adj+adv
ұйымдық	A1	adj
ұйымшыл	A1	adj
ұйымшылдық	N1	n
ұйысу	N1	n
ұйыт	V-TV	v-trans
ұйытқы	N1	n
ұйыған	N1	n
ұйығу	N1	n
ұйық	N1	n
ұйықта	V-IV	v-intrans
ұйықтайтын	A1	adj
ұйықтап%	V-IV,V-TV	v-intrans+v-trans
ұйықтататын	A1	adj
ұйғар	V-TV	v-trans
ұйғарыл	V-IV	v-intrans
ұйғарылған	A1	adj
ұйғарым	N1	n
ұйғыр	N1-NAT	n
ұйғұрша	ADV-LANG	adv
ұйқас	N1	n
ұйқассыз	A1	adj
ұйқасты	A1	adj
ұйқастырма	N1	n
ұйқастырылған	A1	adj
ұйқастық	N1	n
ұйқы	N1	n
ұйқы%	A4	adj
ұйқылы	A3	adj
ұйқылық	N1	n
ұйқысыз	A1	adj
ұйқысыздық	N1	n
ұйқысыра	V-IV	v-intrans
ұйқышыл	A1,N1	adj+n
ұйқышылдық	N1	n
ұл	N1	n
ұлан	N1	n
ұлас	V-IV	v-intrans
ұластыру	N1	n
ұлағат	N1	n
ұлағатты	A1	adj
ұлпа	A1,N1	adj+n
ұлт	N1	n
ұлт%	N1	n
ұлтабар	N1	n
ұлтар	V-IV	v-intrans
ұлтаралық	A4	adj
ұлтжандылық	N1	n
ұлттандыру	N1	n
ұлттық	A4,ADV	adj+adv
ұлттық-демократиялық	A4	adj
ұлттық-партикулярлық	A4	adj
ұлттық-революциялық	A4	adj
ұлтшыл	N1	n
ұлтшылдық	N1	n
ұлу	N1	n
ұлы	A3	adj
ұлы%	N1	n
ұлыбританиялық	A4	adj
ұлылық	N1	n
ұлыған	A1	adj
ұлық	A1,N1	adj+n
ұлықтау	N1	n
ұлықтық%	N1	n
ұлғай	V-IV	v-intrans
ұлғаймалы	A3	adj
ұлғайт	V-TV	v-trans
ұлғайту	N1	n
ұлғайтыл	V-IV	v-intrans
ұлғайтылған	A1	adj
ұлғайтқыш	N1	n
ұма	N1	n
ұмтыл	V-IV	v-intrans
ұмтылдыр	V-TV	v-trans
ұмтылыс	N1	n
ұмыт	V-TV	v-trans
ұмыттыр	V-IV	v-intrans
ұмыттырыл	V-TV	v-trans
ұмытшақ	A1,N1	adj+n
ұмытшақтық	N1	n
ұмытыл	V-IV	v-intrans
ұмытылмайтын	A1	adj
ұмытылмас	A1,ADV	adj+adv
ұмытылған	A1	adj
ұмытыңқыра	V-IV	v-intrans
ұн	N1	n
ұна	V-IV	v-intrans
ұнайтын	A1	adj
ұнамды	A1,ADV	adj+adv
ұнамсыз	A1	adj
ұнат	V-TV	v-trans
ұнатпа	V-IV	v-intrans
ұнату	N1	n
ұнды	A1	adj
ұнта	V-TV	v-trans
ұнтақ	N1	n
ұнтақ%	N1	n
ұнтақталған	A1	adj
ұншы	N1	n
ұпай	N1	n
ұр	V-TV	v-trans
ұран	N1	n
ұрла	V-TV	v-trans
ұрланған	A1	adj
ұрлап%	V-TV	v-trans
ұрлау	N1	n
ұрлаушы	N1	n
ұрлық	N1	n
ұрлықшы	N1	n
ұрпақ	N1	n
ұрс	V-IV	v-intrans
ұрсы	V-TV	v-trans
ұртта	V-TV	v-trans
ұрттық	A4	adj
ұршық	N1	n
ұршықтық%	N1	n
ұршықшы	N1	n
ұры	N1	n
ұрыл	V-IV	v-intrans
ұрылған	A1	adj
ұрындыр	V-TV	v-trans
ұрындырған	A4	adj
ұрып%	V-IV	v-intrans
ұрыс	N1,V-TV	n+v-trans
ұрыс-керіс	N1	n
ұрыстыр	V-TV	v-trans
ұрық	N1	n
ұрықтандыру	N1	n
ұрықтанған	A1	adj
ұрықтық	A4	adj
ұрғашы	N1	n
ұсат	V-TV	v-trans
ұсатушы	N1	n
ұсақ	A1	adj
ұсақ-түйек	N1	n
ұсақта	V-TV	v-trans
ұсақталған	A1	adj
ұсақтаушы	N1	n
ұсақшыл	A1	adj
ұста	N1,V-TV	n+v-trans
ұста%	N-COMPOUND-PX	?
ұстаз	N1	n
ұстайтын	A4	adj
ұстал	V-IV	v-intrans
ұсталынған	A1	adj
ұсталық	N1	n
ұсталған	A1	adj
ұстам	N1	n
ұстамды	A1	adj
ұстамдылық	N1	n
ұстамсыз	A1	adj
ұстан	V-IV,V-TV	v-intrans+v-trans
ұстаным	N1	n
ұстап%	N1,V-TV	n+v-trans
ұстара	N1	n
ұстас	V-IV	v-intrans
ұстаса%	V-IV	v-intrans
ұстасып%	V-IV	v-intrans
ұстат	V-TV	v-trans
ұстатпайтын	A1	adj
ұстау	N1	n
ұстаушы	N1	n
ұстахана	N1	n
ұстынды	A4	adj
ұсын	V-TV	v-trans
ұсынe	N1	n
ұсыну	N1	n
ұсыныл	V-IV	v-intrans
ұсынылған	A1	adj
ұсыныс	N1	n
ұсыныс%	V-IV	v-intrans
ұсқынсыз	A1	adj
ұт	V-TV	v-trans
ұттыр	V-IV	v-intrans
ұтыл	V-IV	v-intrans
ұтылыс	N1	n
ұтылыссыз	A1	adj
ұтылған	A1	adj
ұтымды	A1	adj
ұтып%	V-TV	v-trans
ұтыс	N1	n
ұтыссыз	A1	adj
ұш	N1,V-IV	n+v-intrans
ұшатын	A1	adj
ұшақ	N1	n
ұшпа	A1	adj
ұшпалылық	N1	n
ұшта	V-TV	v-trans
ұшталған	A1	adj
ұштастыр	V-IV	v-intrans
ұштастырушы	N1	n
ұштағыш	N1	n
ұшу	N1	n
ұшу-отырыс%	N-COMPOUND-PX	?
ұшы-қиырсыз	ADV	adv
ұшып%	V-IV,V-TV	v-intrans+v-trans
ұшыр	V-IV	v-intrans
ұшыра	V-IV	v-intrans
ұшырас	V-IV	v-intrans
ұшырат	V-TV	v-trans
ұшырату	N1	n
ұшырыл	V-IV	v-intrans
ұшырып%	V-TV	v-trans
ұшық	N1	n
ұшықтыр	V-TV	v-trans
ұшыққан	A1	adj
ұшқалақ	N1	n
ұшқалақтық	N1	n
ұшқын	N1	n
ұшқында	V-IV	v-intrans
ұшқыр	A1	adj
ұшқыш	N1	n
ұя	N1	n
ұял	V-IV	v-intrans
ұяла	V-TV	v-trans
ұялмай	ADV	adv
ұялмай-қызармай	ADV	adv
ұялт	V-TV	v-trans
ұялшақ	A1	adj
ұялы	A2	adj
ұялы%	N1	n
ұялыңқыра	V-IV	v-intrans
ұялған	A1	adj
ұят	N1	n
ұятсыз	A1	adj
ұятсыздық	N1	n
ұятты	A1	adj
ұятты%	N1	n
ұятшыл	A1	adj
ұятқа%	V-TV	v-trans
ұяшық	N1	n
ұяң	A1	adj
ұяңдық	N1	n
ұғым	N1	n
ұғымды	A1	adj
ұғымдылық	N1	n
ұғымсыз	A1	adj
ұғымтал	A1	adj
ұғын	V-TV	v-trans
ұғындыр	V-IV	v-intrans
ұқ	V-TV	v-trans
ұқса	V-IV	v-intrans
ұқсас	A2,ADV	adj+adv
ұқсас%	V-TV	v-trans
ұқсастыру	N1	n
ұқсастық	N1	n
ұқсат	V-TV	v-trans
ұқтыр	V-TV	v-trans
ұқыпсыз	A1	adj
ұқыпсыздық	N1	n
ұқыпты	A1,ADV	adj+adv
ұңғы	N1	n
ұңғылау	N1	n
Һарон	NP-ANT-M	np
һәм	CC-SOYED	conj
ӘЧ	NP-AL-ABBR	np
Әбiшев	NP-COG-OB	np
Әбденов	NP-COG-OB	np
Әбдиев	NP-COG-OB	np
Әбді	NP-ANT-M	np
Әбдібай	NP-ANT-M	np
Әбдібақи	NP-ANT-M	np
Әбдібақыт	NP-ANT-M	np
Әбдібек	NP-ANT-M	np
Әбдіжапар	NP-ANT-M	np
Әбдіжәміл	NP-ANT-M	np
Әбдіков	NP-COG-OB	np
Әбдікәрім	NP-ANT-M	np
Әбдікәрімов	NP-COG-OB	np
Әбділдин	NP-COG-IN	np
Әбділманов	NP-COG-OB	np
Әбдіманап	NP-ANT-M	np
Әбдімәлік	NP-ANT-M	np
Әбдінасыр	NP-ANT-M	np
Әбдінұр	NP-ANT-M	np
Әбдіразақ	NP-ANT-M	np
Әбдірайымов	NP-COG-OB	np
Әбдірасұл	NP-ANT-M	np
Әбдірахман	NP-ANT-M	np
Әбдірахманов	NP-COG-OB	np
Әбдірахымов	NP-COG-OB	np
Әбдірашев	NP-COG-OB	np
Әбдірашид	NP-ANT-M	np
Әбдірақым	NP-ANT-M	np
Әбдірақымұлы	NP-COG-M	np
Әбдіров	NP-COG-OB	np
Әбдісалам	NP-ANT-M	np
Әбдісамат	NP-ANT-M	np
Әбдісаттар	NP-ANT-M	np
Әбдісейіт	NP-ANT-M	np
Әбдіхалық	NP-ANT-M	np
Әбдіхамит	NP-ANT-M	np
Әбдішев	NP-COG-OB	np
Әбдішүкір	NP-ANT-M	np
Әбдіғазиз	NP-ANT-M	np
Әбдіғали	NP-ANT-M	np
Әбдіғаппар	NP-ANT-M	np
Әбдіқадір	NP-ANT-M	np
Әбдіқайым	NP-ANT-M	np
Әбдіқайыр	NP-ANT-M	np
Әбдіқалықов	NP-COG-OB	np
Әбдіқожа	NP-ANT-M	np
Әбиба	NP-ANT-F	np
Әблязов	NP-COG-OB	np
Әбсалам	NP-ANT-M	np
Әбсамат	NP-ANT-M	np
Әбу	NP-ANT-M	np
Әбу-Даби	NP-TOP	np
Әбубәкір	NP-ANT-M	np
Әбунасыр	NP-ANT-M	np
Әбусадық	NP-ANT-M	np
Әбуталиев	NP-COG-OB	np
Әбутәліп	NP-ANT-M	np
Әбуғали	NP-ANT-M	np
Әбуғалым	NP-ANT-M	np
Әбіл	NP-ANT-M	np
Әбілдаев	NP-COG-OB	np
Әбілев	NP-COG-OB	np
Әбілов	NP-COG-OB	np
Әбілпайыз	NP-ANT-M	np
Әбілтаев	NP-COG-OB	np
Әбілханов	NP-COG-OB	np
Әбілғазиз	NP-ANT-M	np
Әбілқазы	NP-ANT-M	np
Әбілқайым	NP-ANT-M	np
Әбілқайыр	NP-ANT-M	np
Әбілқан	NP-ANT-M	np
Әбілқасым	NP-ANT-M	np
Әбілқасымов	NP-COG-OB	np
Әбіләзов	NP-COG-OB	np
Әбіров	NP-COG-OB	np
Әбіш	NP-ANT-M	np
Әбішев	NP-COG-OB	np
Әбішұлы	NP-COG-M	np
Әбіқаев	NP-COG-OB	np
Әгерже	NP-TOP	np
Әдекенов	NP-COG-OB	np
Әдемі	NP-ANT-F	np
Әди	NP-ANT-M	np
Әдиба	NP-ANT-F	np
Әдила	NP-ANT-F	np
Әдия	NP-ANT-F	np
Әділ	NP-ANT-M	np
Әділбай	NP-ANT-M	np
Әділбек	NP-ANT-M	np
Әділев	NP-COG-OB	np
Әділжан	NP-ANT-M	np
Әділхан	NP-ANT-M	np
Әділханұлы	NP-ANT-M,NP-COG-M	np
Әділғазы	NP-ANT-M	np
Әжмұхамбет	NP-ANT-M	np
Әжібай	NP-ANT-M	np
Әжібек	NP-ANT-M	np
Әжікерей	NP-ANT-M	np
Әжімұхамбет	NP-ANT-M	np
Әжіғали	NP-ANT-M	np
Әжіғалиев	NP-COG-OB	np
Әзел	NP-ANT-M	np
Әзербай	NP-ANT-M	np
Әзиза	NP-ANT-F	np
Әзима	NP-ANT-F	np
Әзіз	NP-ANT-M	np
Әзізбай	NP-ANT-M	np
Әзізбек	NP-ANT-M	np
Әзізжан	NP-ANT-M	np
Әзізсейіт	NP-ANT-M	np
Әзізхан	NP-ANT-M	np
Әзізқали	NP-ANT-M	np
Әзізқожа	NP-ANT-M	np
Әзілхан	NP-ANT-M	np
Әзім	NP-ANT-M	np
Әзімбаев	NP-COG-OB	np
Әзімбай	NP-ANT-M	np
Әзімбек	NP-ANT-M	np
Әзімжан	NP-ANT-M	np
Әзімхан	NP-ANT-M	np
Әзірбаев	NP-COG-OB	np
Әзірбайжан	NP-TOP	np
Әйгерім	NP-ANT-F	np
Әйке	NP-TOP	np
Әйнек	NP-ANT-F	np
Әйтенов	NP-COG-OB	np
Әйүп	NP-ANT-M	np
Әкежан	NP-ANT-M	np
Әкрам	NP-ANT-M	np
Әкрамбай	NP-ANT-M	np
Әкрамбек	NP-ANT-M	np
Әкім	NP-ANT-M	np
Әкімбай	NP-ANT-M	np
Әкімбек	NP-ANT-M	np
Әкімжан	NP-ANT-M	np
Әкімнұр	NP-ANT-M	np
Әкімтай	NP-ANT-M	np
Әкімқан%	NP-ANT-M	np
Әкімқожа	NP-ANT-M	np
Әл-Истахри	NP-COG-MF	np
Әл-Масуди	NP-COG-MF	np
Әл-Фараби	NP-COG-MF	np
Әл-Хасан	NP-COG-MF	np
Әл-Қаида	NP-ORG	np
Әлемгүл	NP-ANT-F	np
Әлжанов	NP-COG-OB	np
Әли	NP-ANT-M	np
Әлиайдар	NP-ANT-M	np
Әлиасқар	NP-ANT-M	np
Әлиахмет	NP-ANT-M	np
Әлиақпар	NP-ANT-M	np
Әлиев	NP-COG-OB	np
Әлима	NP-ANT-F	np
Әлипа	NP-ANT-F	np
Әлихан	NP-ANT-M	np
Әлиша	NP-ANT-F	np
Әлишама	NP-ANT-F	np
Әлия	NP-ANT-F	np
Әлки	NP-TOP	np
Әлмәт	NP-TOP	np
Әлнұр	NP-ANT-M	np
Әлфия	NP-ANT-F	np
Әлібек	NP-ANT-M	np
Әлібеков	NP-COG-OB	np
Әліби	NP-ANT-M	np
Әлім	NP-ANT-M	np
Әлімбаев	NP-COG-OB	np
Әлімбай	NP-ANT-M	np
Әлімбек	NP-ANT-M	np
Әлімбеков	NP-COG-OB	np
Әлімбетов	NP-COG-OB	np
Әлімжан	NP-ANT-M	np
Әлімжанов	NP-COG-OB	np
Әлімқан	NP-ANT-M	np
Әлімқұл	NP-ANT-M	np
Әлішер	NP-ANT-M	np
Әлғазы	NP-ANT-M	np
Әмила	NP-ANT-F	np
Әмин	NP-ANT-M	np
Әмина	NP-ANT-F	np
Әминов	NP-COG-OB	np
Әмира	NP-ANT-F	np
Әмудария	NP-TOP	np
Әмір	NP-ANT-M	np
Әмір%	NP-ANT-M	np
Әмірбай	NP-ANT-M	np
Әмірбек	NP-ANT-M	np
Әміржаи	NP-ANT-M	np
Әміров	NP-COG-OB	np
Әміртай	NP-ANT-M	np
Әнапия	NP-ANT-F	np
Әнес	NP-ANT-M	np
Әниса	NP-ANT-F	np
Әнуар	NP-ANT-M	np
Әнуарбек	NP-ANT-M	np
Әнуархан	NP-ANT-M	np
Әрипа	NP-ANT-F	np
Әрмен	N1-NAT	n
Әріп	NP-ANT-M	np
Әріпбай	NP-ANT-M	np
Әріпжан	NP-ANT-M	np
Әріпқан	NP-ANT-M	np
Әсел	NP-ANT-F	np
Әселхан	NP-ANT-F	np
Әсем	NP-ANT-F	np
Әсемгүл	NP-ANT-F	np
Әсемхан	NP-ANT-F	np
Әсер	NP-ANT-M	np
Әсет	NP-ANT-M	np
Әсима	NP-ANT-F	np
Әсия	NP-ANT-F	np
Әскер	NP-ANT-M	np
Әтнә	NP-TOP	np
Әубәкір	NP-ANT-M	np
Әубәкіров	NP-COG-OB	np
Әубөкіров	NP-COG-OB	np
Әуез	NP-ANT-M	np
Әуезбай	NP-ANT-M	np
Әуезбек	NP-ANT-M	np
Әуезов	NP-COG-OB,NP-TOP	np
Әуезқан	NP-ANT-M	np
Әуел	NP-ANT-M	np
Әуелбай	NP-ANT-M	np
Әуелбек	NP-ANT-M,NP-TOP	np
Әуелқан	NP-ANT-M	np
Әужа	NP-ANT-F	np
Әулие	NP-TOP	np
Әулие%	NP-TOP	np
Әулие-Ата	NP-TOP	np
Әулиеата	NP-TOP	np
Әулиебастау	NP-TOP	np
Әулиебұлақ	NP-TOP	np
Әулиекөл	NP-TOP	np
Әулиетас	NP-TOP	np
Әшекеев	NP-COG-OB	np
Әшекей	NP-ANT-M	np
Әшеккев	NP-COG-OB	np
Әшім	NP-ANT-M	np
Әшімбаев	NP-COG-OB	np
Әшімбай	NP-ANT-M	np
Әшімов	NP-COG-OB	np
Әшімхан	NP-ANT-M	np
Әшір	NP-ANT-M	np
Әшіралы	NP-ANT-M	np
Әшірбаев	NP-COG-OB	np
Әшірбай	NP-ANT-M	np
Әшірбек	NP-ANT-M	np
Әшірхан	NP-ANT-M	np
ӘҚБК	ABBR	abbr
ӘқБК	ABBR	abbr
ӘӨК	ABBR	abbr
ә	INTERJ	interj
әбден	ADV	adv
әбден%	V-IV,V-TV	v-intrans+v-trans
әбжылан	N1	n
әбзел	N1	n
әбзелхана	N1	n
әбігерле	V-TV	v-trans
әбігершілік	N1	n
әбілет	N1	n
әдеби	A4	adj
әдебиет	N1	n
әдебиеттану	N1	n
әдебиеттік	A1	adj
әдебиетші	N1	n
әдейсіз	ADV	adv
әдейі	ADV	adv
әдейілеп	ADV	adv
әдемі	A1,ADV	adj+adv
әдемі%	N1	n
әдеміле	V-TV	v-trans
әдемілеп	ADV	adv
әдемілік	N1	n
әдеп	N1	n
әдепкі	A1	adj
әдепсіз	A1,ADV,N1	adj+adv+n
әдепсізден	V-IV	v-intrans
әдепсіздік	N1	n
әдепті	A1,ADV	adj+adv
әдептілік	N1	n
әдет	N1	n
әдет-ғұрып	N1	n
әдетте	ADV	adv
әдеттегі	A1	adj
әдеттегі%	A4	adj
әдеттен	A1,V-TV	adj+v-trans
әдеттенбегендік	N1	n
әділ	A1,N1	adj+n
әділдік	N1	n
әділет	N1	n
әділетсіз	A1,ADV	adj+adv
әділетсіздік	N1	n
әділетті	ADV	adv
әділеттілік	N1	n
әділетшіл	N1	n
әділқазылар	N1	n
әдіп	N1	n
әдіпте	V-TV	v-trans
әдіс	N1	n
әдіскер	N1	n
әдістеме	N1	n
әдістемелі	ADV	adv
әдістемелік	A4	adj
әже	N1	n
әжей	N1	n
әжептәуір	A1	adj
әжетай	N1	n
әжетхана	N1	n
әжуа	N1	n
әжуала	V-IV	v-intrans
әжім	N1	n
әжімді	A1	adj
әздек	N1	n
әзер	ADV	adv
әзіл	N1	n
әзіл%	V-IV	v-intrans
әзіл-оспақ	N1	n
әзіл-оспақты	A1	adj
әзіл-қалжың	N1	n
әзілде	V-IV	v-intrans
әзілдес	V-IV	v-intrans
әзілдескіш	N1	n
әзілдеу	N1	n
әзілкеш	N1	n
әзілқой	N1	n
әзілқойлық	N1	n
әзір	A3,ADV-WITH-KI,N1	adj+adv+n
әзір%	A1	adj
әзірбайжан	N1	n
әзірбайжанша	ADV-LANG	adv
әзірге	ADV	adv
әзірейіл	N1	n
әзірле	V-TV	v-trans
әзірлеме	N1	n
әзірлен	V-IV	v-intrans
әзірлеуші	N1	n
әзірлік	N1	n
әзірше	ADV	adv
әзәзіл	N1	n
әзәзілдік	N1	n
әй	INTERJ	interj
әйгіле	V-TV	v-trans
әйгілеу	N1	n
әйгілі	A1,ADV	adj+adv
әйгілік	N1	n
әйе	INTERJ	interj
әйел	N1	n
әйел%	N1	n
әйелдік	A1,N1	adj+n
әйелдік%	N1	n
әйелжандылық	N1	n
әйнек	N1	n
әйнекте	V-TV	v-trans
әйнектел	V-TV	v-trans
әйнектеуші	N1	n
әйнекші	N1	n
әйнешек	N1	n
әйтеуір	ADV	adv
әйткенмен	CA	?
әйтпегенде	ADV	adv
әйтпесе	ADV,CA	adv
әйтсе%	CA	?
әк	N1	n
әке	N1	n
әке%	N1	n
әке-шеше	N1	n
әкел	V-TV	v-trans
әкелік	N1	n
әкелінген	A1	adj
әкеліп%	V-TV	v-trans
әкесіз	N1	n
әкет	V-TV	v-trans
әкетай	N1	n
әкиек	N1	n
әккі	A2	adj
әктел	V-TV	v-trans
әктеуші	N1	n
әкім	N1	n
әкімдік	N1	n
әкімсымақ	N1	n
әкімші	N1	n
әкімшілдік	N1	n
әкімшілік	A1,N1	adj+n
әкімшілікті	ADV	adv
әл	N1	n
әл-Аббас	NP-ANT-M	np
әл-Басри	NP-COG-MF	np
әл-ауқат	N1	n
әлбетте	ADV,INTERJ	adv+interj
әлгі	DET-DEM	?
әлгіде	ADV,ADV-WITH-KI	adv
әлгіндей	ADV	adv
әлде	CC-SOYED	conj
әлдебір	A1,DET-IND	adj
әлден	V-IV	v-intrans
әлдене	PRON-IND	?
әлденеше	DET-IND	?
әлдеқайда	ADV	adv
әлдеқайдан	ADV	adv
әлдеқалай	ADV	adv
әлдеқандай	PRON-IND	?
әлдеқашан	ADV	adv
әлдиле	V-IV	v-intrans
әлдилет	V-TV	v-trans
әлді	A3	adj
әлектен	V-IV	v-intrans
әлекшөп	N1	n
әлем	N1	n
әлем%	N1	n
әлемдік	A3,A4,ADV	adj+adv
әлеует	N1	n
әлеуетті	ADV	adv
әлеуметтану	N1	n
әлеуметтанушы	N1	n
әлеуметтену	N1	n
әлеуметтік	A4,ADV	adj+adv
әлеуметтік-экономикалық	A1	adj
әлжуаз	A3	adj
әлпет	N1	n
әлпеттес	A1	adj
әлпеште	V-TV	v-trans
әлсіз	A1,ADV	adj+adv
әлсізден	V-IV	v-intrans
әлсіздендір	V-TV	v-trans
әлсіздік	N1	n
әлсін	ADV	adv
әлсін-әлсін	ADV	adv
әлсіре	V-IV	v-intrans
әлсіреген	A4	adj
әлсірет	V-TV	v-trans
әлтек-тәлтек	ADV	adv
әлует	A1	adj
әлі	ADV	adv
әлі%	ADV	adv
әліп	N1	n
әліпби	N1	n
әліппе	N1	n
әліппелі	A1	adj
әмбебап	A1	adj
әмбебапты	ADV	adv
әмбебаптылық	N1	n
әмбебаптық	N1	n
әмеңгерлік	N1	n
әмиян	N1	n
әмір	N1	n
әмір%	V-TV	v-trans
әмірлі	A1	adj
әмірлік	N1	n
әмірмен	ADV	adv
әмірші	N1	n
ән	N1	n
ән%	N1,V-TV	n+v-trans
әндет	V-IV	v-intrans
әнтек	ADV	adv
әншейін	ADV	adv
әнші	N1	n
әнші%	N1	n
әнші-биші	N1	n
әншілік	N1	n
әнқұмар	N1	n
әнұран	N1	n
әп	INTERJ	interj
әпенді	N1	n
әпер	V-TV	v-trans
әпербақан	N1	n
әпке	N1	n
әпкіш	N1	n
әпсәтте	ADV	adv
әр	DET-QNT,PRON-IND	det
әр%	A1,ADV,DET-IND	adj+adv
әрбір	DET-QNT	det
әрбіреу	PRON-QNT	?
әрдайым	A1,ADV	adj+adv
әрекет	N1	n
әрекет%	N-COMPOUND-PX,N1,V-IV,V-TV	n+v-intrans+v-trans
әрекетсіз	A1	adj
әрекетсіздік	N1	n
әрекетсізік	N1	n
әрекеттен	V-IV	v-intrans
әрекеттеніп%	V-IV	v-intrans
әрекеттес	V-IV	v-intrans
әрекеттестік	N1	n
әрекетті	A1	adj
әрекеттілік	N1	n
әрекетшіл	A1	adj
әрең	ADV	adv
әрең%	V-IV	v-intrans
әрең-әрең	ADV	adv
әрине	ADV,INTERJ	adv+interj
әркелкі	A1	adj
әркелкілік	N1	n
әркім	PRON-QNT	?
әрлеуші	N1	n
әрлі	A4	adj
әрлі-берлі	ADV	adv
әртілділік	N1	n
әртіс	N1	n
әртүрлі	A1,DET-QNT	adj+det
әртүрлілік	N1	n
әрі	ADV,CC-SOYED,POST-ABL	adv+conj
әрі-бері	ADV	adv
әрі-сәрі	A1	adj
әрі-сәрілік	N1	n
әріп	N1	n
әріпсан	N1	n
әріптес	N1	n
әріптестік	N1	n
әрқайсысы	PRON-QNT-POSS	?
әрқалай	ADV	adv
әрқашан	ADV	adv
әс-Саффах	NP-ANT-M	np
әсем	A1	adj
әсемде	V-TV	v-trans
әсемдік	N1	n
әсемпаздық	N1	n
әсер	N1	n
әсер%	V-IV,V-TV	v-intrans+v-trans
әсерлен	V-IV	v-intrans
әсерленгіштік	N1	n
әсерлі	A1,ADV	adj+adv
әсерлілік	N1	n
әсершіл	A1	adj
әскер	N1	n
әскербасы	N-COMPOUND-PX	?
әскери	A3	adj
әскери%	N1	n
әскери-далалық	A1	adj
әскери-есептік	A3	adj
әскери-саяси	A1	adj
әскери-теңіз%	N-COMPOUND-PX	?
әскери-әуе	A1	adj
әскерлендіру	N1	n
әскерлік	A1	adj
әсте	ADV	adv
әсіреле	V-TV	v-trans
әсірелеп	ADV	adv
әсірелеу	N1	n
әсіресе	ADV	adv
әтек	A1,N1	adj+n
әтеш	N1	n
әткеншек	N1	n
әтпетті	A3	adj
әттеген-ай	ADV,INTERJ	adv+interj
әттең	INTERJ	interj
әтір	N1	n
әу	INTERJ	interj
әуе	A1,N1	adj+n
әуе%	N1	n
әуеайлақ	N1	n
әуедегі	A1	adj
әуежай	N1	n
әуежолы	N-COMPOUND-PX	?
әуез	N1	n
әуезді	A4	adj
әуезовтану	N1	n
әуел	A1	adj
әуелгі	ADV	adv
әуеле	V-IV	v-intrans
әуелі	ADV	adv
әуен	N1	n
әуендеме	N1	n
әуендет	V-IV	v-intrans
әуенді	A4	adj
әуенділік	N1	n
әуес	A1	adj
әуесқой	A4,N1	adj+n
әуесқойлық	N1	n
әуетаным	N1	n
әулет	N1	n
әулеттік	A4	adj
әулие	A3	adj
әулиелік	N1	n
әумесер	A1,N1	adj+n
әумесерлік	N1	n
әуре	N1	n
әуре-сарсаң	N1	n
әуреле	V-IV	v-intrans
әурелен	V-IV	v-intrans
әурешілік	N1	n
әуселе	N1	n
әшекей	N1	n
әшекейлен	V-IV	v-intrans
әшекейленген	N1	n
әшкере	A1,N1	adj+n
әшкереле	V-TV	v-trans
әшкерелеу	N1	n
әшкерелеуші	N1	n
әңгіме	A1,N1	adj+n
әңгімеле	V-TV	v-trans
әңгімелес	V-IV	v-intrans
әңгімелеу	N1	n
әңгімеші	N1	n
әңгүдік	N1	n
ӨГК	ABBR	abbr
ӨИҚ	NP-ORG	np
ӨФ	ABBR	abbr
Өжет	NP-ANT-M	np
Өзбек	NP-ANT-M	np
Өзбек%	NP-TOP-ASSR	np
Өзбекбай	NP-ANT-M	np
Өзбеков	NP-COG-OB	np
Өзбекстан	NP-TOP	np
Өзбекәлі	NP-ANT-M	np
Өзенбай	NP-ANT-M	np
Өзенмұнайгаз	ABBR	abbr
Өксікбаев	NP-COG-OB	np
Өктем	NP-ANT-M	np
Өкім	NP-ANT-M	np
Өлкебай	NP-ANT-M	np
Өліппе	NP-TOP	np
Өмір	NP-ANT-M	np
Өмірбаев	NP-COG-OB	np
Өмірбай	NP-ANT-M	np
Өміргүл	NP-ANT-F	np
Өмірзақ	NP-ANT-M	np
Өмірше	NP-ANT-F	np
Өмірғазы	NP-ANT-M	np
Өмірғали	NP-ANT-M	np
Өндіріс	NP-ANT-M	np
Өнеге	NP-ANT-F	np
Өнербек	NP-ANT-M	np
Өрбике	NP-ANT-F	np
Өрекен	NP-ANT-M	np
Өрен	NP-ANT-M	np
Өрзия	NP-ANT-F	np
Өрсариев	NP-COG-OB	np
Өрім	NP-ANT-M	np
Өсер	NP-ANT-M	np
Өскемен	NP-TOP	np
Өскенбаев	NP-COG-OB	np
Өскенбай	NP-ANT-M	np
Өскенбайұлы	NP-COG-M	np
Өтебаев	NP-COG-OB	np
Өтебай	NP-ANT-M	np
Өтеген	NP-ANT-M	np
Өтекешев	NP-COG-OB	np
Өтелбаев	NP-COG-OB	np
Өтемағамбет	NP-ANT-M	np
Өтемісов	NP-COG-OB	np
Өтемұратов	NP-COG-OB	np
Өтетілеу	NP-ANT-M	np
Өтеулиев	NP-COG-OB	np
Өтешев	NP-COG-OB	np
Өтеғали	NP-ANT-M	np
Өтеғұлов	NP-COG-OB	np
ӨҰҚ	ABBR	abbr
өбекте	V-IV	v-intrans
өгей	A1,N1	adj+n
өгей%	N1	n
өгейсі	V-IV	v-intrans
өгіз	N1	n
өгізше	N1	n
өжеттен	V-IV	v-intrans
өжеттік	N1	n
өжеттілік	N1	n
өз	DET-REF,PRON-REF	?
өзара	A1,ADV	adj+adv
өзара%	A1,A4,N1,V-IV,V-TV	adj+n+v-intrans+v-trans
өзаралық	N1	n
өзбек	N1-NAT	n
өзбек%	N-COMPOUND-PX	?
өзбекше	ADV-LANG	adv
өзге	A1	adj
өзгеле	V-TV	v-trans
өзгер	V-IV	v-intrans
өзгергіш	A1	adj
өзгергіштік	N1	n
өзгеретін	A4	adj
өзгермейтін	A4	adj
өзгермелі	A3	adj
өзгерт	V-TV	v-trans
өзгерту	N1	n
өзгертіл	V-TV	v-trans
өзгеру	N1	n
өзгеріс	N1	n
өзгеріссіз	A4	adj
өзгерісті	A1	adj
өзгеше	A1	adj
өзгешелік	N1	n
өздігінен%	N1	n
өздігінен-өзі	ADV	adv
өздік	A4	adj
өзек	N1	n
өзекті	A4,ADV	adj+adv
өзектілік	N1	n
өзен	A3,N1	adj+n
өзен%	N-COMPOUND-PX,N1	n
өзенаралық	N1	n
өзенші	N1	n
өзеншік	N1	n
өзі%	N1	n
өзімсін	V-TV	v-trans
өзімшіл	A1,N1	adj+n
өзімшілдік	N1	n
өзімізше	ADV	adv
өзін-өзі%	A1,N1	adj+n
өзіндік	A4	adj
өзінділік	N1	n
өзінен-өзі	ADV	adv
өй	INTERJ	interj
өйт	V-IV	v-intrans
өйткені	CS	?
өкпе	N1	n
өкпек	A1	adj
өкпеле	V-TV	v-trans
өкпелегіш	A1	adj
өкпелі	A3	adj
өкпешіл	A1	adj
өксі	V-IV	v-intrans
өксік	N1	n
өктем	A4	adj
өктемдік	N1	n
өктемшілдік	N1	n
өктемшілік	N1	n
өкше	N1	n
өкше%	N1	n
өкшеле	V-TV	v-trans
өкіл	N1	n
өкілдік	N1	n
өкілетті	A1,A4	adj
өкілеттілік	N1	n
өкім	N1	n
өкімдік	A4	adj
өкімет	N1	n
өкіметшіл	A1	adj
өкін	V-IV	v-intrans
өкінуші	A1	adj
өкініш	N1	n
өкінішке%	ADV,PAREN	adv
өкінішті	A1,ADV	adj+adv
өкір	V-IV	v-intrans
өкірт	V-TV	v-trans
өл	V-IV	v-intrans
өлген	A1,N1	adj+n
өлгеннен%	A1	adj
өлексе	N1	n
өлердей	ADV	adv
өлерлік	A1,N1	adj+n
өлетін	A4	adj
өлең	N1	n
өлеңдет	V-TV	v-trans
өлке	N1	n
өлке%	N1	n
өлкелік	A4	adj
өлмейтін	A1	adj
өлмелі	A3	adj
өлтір	V-TV	v-trans
өлтіргіш	N1	n
өлтіретін	A1	adj
өлтірушілік	N1	n
өлтірілген	A1	adj
өлше	V-IV,V-TV	v-intrans+v-trans
өлшем	N1	n
өлшем%	N1	n
өлшемдестік	N1	n
өлшемді	A1	adj
өлшемсіз	A1,ADV	adj+adv
өлшен	V-TV	v-trans
өлшенбейтін	A4	adj
өлшенген	A1	adj
өлшенетін	A1	adj
өлшеу	N1	n
өлшеулі	A3	adj
өлшеусіз	A4	adj
өлшеуші	N1	n
өлшеуіш	N1	n
өлшеуіш%	N1	n
өлі	A3	adj
өлі%	A1	adj
өлік	A1	adj
өлім	N1	n
өлім%	N-COMPOUND-PX	?
өлімсек	A1	adj
өлімсіре	V-IV	v-intrans
өлімсіреген	A1	adj
өлімтік	N1	n
өлімші	N1	n
өлімші%	V-IV	v-intrans
өліп%	V-TV	v-trans
өліп-тірілу	N1	n
өмір	N1	n
өмір%	N-COMPOUND-PX,V-IV	v-intrans
өмірбаян	N1	n
өмірбаяндық	A1	adj
өмірбаяншы	N1	n
өмірбақи	ADV	adv
өмірбақилық	A1	adj
өмірдің%	N1	n
өмірлік	A4	adj
өмірсіз	A1	adj
өміршең	A1,ADV	adj+adv
өн	V-IV	v-intrans
өнгіш	A1	adj
өнделетін	A1	adj
өндір	V-TV	v-trans
өндіргіш	A1	adj
өндіруші	N1	n
өндіріл	V-IV	v-intrans
өндірілетін	A4	adj
өндірімділік	N1	n
өндіріп%	N1	n
өндіріс	N1	n
өндірістік	A4	adj
өндірісші	N1	n
өнеге	N1	n
өнегелі	A1	adj
өнегесіз	A1	adj
өнер	N1	n
өнер%	N1	n
өнеркәсіп	N1	n
өнеркәсіптік	A4	adj
өнеркәсіпші	N1	n
өнерлі	A3	adj
өнерпаз	A1,N1	adj+n
өнерпаздық	N1	n
өнертабыс	N1	n
өнертабысшы	N1	n
өнертану	N1	n
өнертапқыш	N1	n
өнертапқыштық	N1	n
өнім	N1	n
өнім%	V-TV	v-trans
өнімді	A1	adj
өнімділік	N1	n
өнімсіз	A2	adj
өнімсізден	V-IV	v-intrans
өніп-өс	V-IV	v-intrans
өр	N1,V-TV	n+v-trans
өрбі	V-IV	v-intrans
өргіз	V-TV	v-trans
өре	N1	n
өрекпі	V-IV	v-intrans
өрекпіт	V-TV	v-trans
өрен	N1	n
өрескел	A1	adj
өрескелдік	N1	n
өресіз	A1	adj
өреше	N1	n
өркен	N1	n
өркенде	V-IV	v-intrans
өркендеген	A1	adj
өркендет	V-TV	v-trans
өркениет	N1	n
өркениетті	A4	adj
өркеш	N1	n
өркөкірек	A1	adj
өркөкіректік	N1	n
өрле	V-IV	v-intrans
өрлеу	N1	n
өрмек	N1	n
өрмек%	N1	n
өрмекші	N1	n
өрмекші%	N1	n
өрмеле	V-IV	v-intrans
өрмелеп%	V-IV	v-intrans
өрмінезді	A1	adj
өрнек	N1	n
өрнекте	V-TV	v-trans
өрнектелетін	A4	adj
өрнекті	A1	adj
өрнекші	N1	n
өрп	V-IV	v-intrans
өрт	N1	n
өрт%	N1	n
өрте	V-TV	v-trans
өртегіш	N1	n
өртелген	A1	adj
өртен	V-IV	v-intrans
өртеніп%	V-IV	v-intrans
өртеп%	V-TV	v-trans
өртке%	V-IV	v-intrans
өртсөндіргіш	N1	n
өрш	V-IV	v-intrans
өршелен	V-IV	v-intrans
өршелендір	V-TV	v-trans
өршітуші	A1	adj
өрік	N1	n
өрілген	A4	adj
өрім	N1	n
өріп%	V-TV	v-trans
өріс	N1	n
өріс%	V-IV	v-intrans
өрісте	V-IV	v-intrans
өрістет	V-TV	v-trans
өс	V-IV	v-intrans
өсек	N1	n
өсек%	V-TV	v-trans
өсек-аяң	N1	n
өсекте	V-IV,V-TV	v-intrans+v-trans
өсекші	N1	n
өсекшіл	N1	n
өсетін	A1	adj
өсиет	N1	n
өсиетте	V-TV	v-trans
өскелең	A1	adj
өскен	A1	adj
өспелі	ADV	adv
өст	V-TV	v-trans
өсу	N1	n
өсім	N1	n
өсімдік	N1	n
өсімсіз	A3	adj
өсімқор	N1	n
өсімқорлық	N1	n
өсіп-өну	N1	n
өсіп-өркендеу	N1	n
өсір	V-TV	v-trans
өсіру	N1	n
өсіріл	V-IV	v-intrans
өт	N1,V-IV,V-TV	n+v-intrans+v-trans
өт%	N1	n
өте	ADV,V-TV	adv+v-trans
өте%	A1,ADV	adj+adv
өтелген	A1	adj
өтелу	N1	n
өтем	N1	n
өтемақы	N1	n
өтемақылық	A1	adj
өтемді	A4	adj
өтеу	N1	n
өткел	N1	n
өткен	A3	adj
өткен%	N1	n
өткендегі	A3	adj
өткер	V-TV	v-trans
өткіз	V-TV	v-trans
өткізгіш	A1	adj
өткізгіштік	N1	n
өткізетін	A1,N1	adj+n
өткізушілік	N1	n
өткізушілік%	N1	n
өткізіп%	V-TV	v-trans
өткінші	A4	adj
өткір	A1,ADV	adj+adv
өткірле	V-TV	v-trans
өткірлен	V-IV	v-intrans
өткірленген	A1	adj
өткірлік	N1	n
өтпелі	A3	adj
өту	N1	n
өтілмейтін	A1	adj
өтімді	A1	adj
өтімділік	N1	n
өтімсіз	A1	adj
өтін	V-IV,V-TV	v-intrans+v-trans
өтінем	INTERJ	interj
өтінемін	INTERJ	interj
өтінім	N1	n
өтініш	N1	n
өтініш%	V-IV,V-TV	v-intrans+v-trans
өтінішті	ADV	adv
өтіп%	V-IV	v-intrans
өтірік	A1,ADV,N1	adj+adv+n
өтірікші	A1,N1	adj+n
өтіс	N1	n
өш	N1,V-TV	n+v-trans
өшкен	A1	adj
өшпе	V-IV	v-intrans
өшпенді	A1	adj
өшпенділік	N1	n
өшпес	A1	adj
өштес	V-IV	v-intrans
өшір	V-TV	v-trans
өшіргіш	N1	n
өшіретін	A4	adj
өшірулі	A1	adj
өшірілген	A1	adj
өшіріп%	N1	n
өң	N1	n
өң%	V-TV	v-trans
өңде	V-TV	v-trans
өңдейтін	A1	adj
өңделген	A1	adj
өңделетін	A4	adj
өңделмеген	A1	adj
өңдес	A1	adj
өңдеу	N1	n
өңді	A1	adj
өңеш	N1	n
өңсіз	A1	adj
өңсіздендір	V-TV	v-trans
өңсіздеу	ADV	adv
өңшең	A4	adj
өңір	N1	n
өңірлік	A4	adj
№	DIGITLEX	?
