# form	capitalised	lower-case	works — tools/names.py
# proper names the corpus capitalises, reduced to the lemma. They go
# in as `np`, so the nominal track and nothing else.
құдайға	212	43	52
кәлен	38	0	1
мұхамед	37	0	1
сібірге	33	0	4
әлжан	33	0	1
дәмеш	31	2	1
еламанның	31	0	2
қасымның	31	1	2
асқардың	28	1	4
мағаш	28	0	4
құлагер	28	8	1
итбай	26	0	1
назымның	26	0	2
асанның	25	0	3
дәметкен	25	11	3
көрұғлы	25	0	4
тянь	25	2	1
баянның	24	0	3
раушанның	24	1	1
қоспан	23	2	1
айғаным	22	1	1
көзімнің	22	32	9
қазаққа	22	123	10
есеней	21	0	1
одағы	21	17	6
тайман	21	2	1
таһир	21	0	3
тәңірберген	21	0	1
қаншайым	21	0	2
қасболат	21	1	1
қытайда	21	1	2
әділдің	21	0	2
әлиге	21	0	4
баһрам	20	0	2
бәкең	20	0	3
жамалды	20	0	1
күрсіні	20	1	2
жылқыбай	19	0	2
кәкітай	19	0	3
алтайға	18	0	1
алшағыр	18	0	4
биғайша	17	0	1
гүлсім	17	0	3
жоламан	17	0	1
имаш	17	0	2
сәрсекем	17	0	1
қарлыға	17	5	5
әлиді	17	0	6
ақтамберді	16	0	2
балағаз	16	0	2
дәмежан	16	1	1
нұрымның	16	1	1
нұрғали	16	0	1
алтайда	15	0	1
бектас	15	0	1
жұманның	15	0	1
мырқал	15	0	1
тұрар	15	139	21
тұрар	15	139	21
шығыста	15	12	2
әміржан	15	0	1
балташ	14	0	2
далабай	14	0	1
жамалға	14	0	1
жұманға	14	0	2
маңғ	14	0	1
омбыға	14	6	1
садуақас	14	0	2
сақыш	14	1	1
тақийа	14	0	1
шалматай	14	0	1
қуандық	14	6	4
қуандық	14	6	4
аманды	13	1	1
байтабын	13	1	1
баянға	13	1	3
курнос	13	0	1
кәрімнің	13	1	5
президенттің	13	0	4
сарыбала	13	0	1
анамның	12	31	5
батырбай	12	0	1
битабар	12	0	1
есілдің	12	0	1
иранда	12	0	2
күреңбай	12	0	1
кәрібай	12	0	3
масғұт	12	0	3
мекеге	12	1	2
мойынқұм	12	0	2
нұрыш	12	0	2
ордаңды	12	1	1
отырарға	12	1	1
сейфүлмәлік	12	0	3
сібірді	12	0	1
шынтас	12	0	1
қытайға	12	2	2
ахаң	11	0	2
дәрменнің	11	0	2
ерекең	11	0	2
есенжол	11	0	3
еспембет	11	0	1
есіркеген	11	0	1
иранның	11	1	5
керман	11	0	1
күнім	11	187	12
мәмет	11	0	1
нұрқат	11	1	1
серіктің	11	1	2
сібірде	11	0	1
темірхан	11	0	4
толыны	11	0	1
уәйіс	11	0	2
әлінің	11	1	1
алуаның	10	0	1
асанға	10	1	3
бекше	10	0	1
бәкеннің	10	0	1
дәрменге	10	0	4
ебейсін	10	0	1
есілге	10	0	3
жазушылар	10	42	7
жанайға	10	0	1
италияда	10	0	1
кеңеске	10	25	5
мұхаң	10	0	1
нұрқан	10	0	1
отырардың	10	0	2
шекердің	10	0	1
шырынкүл	10	0	1
шәке	10	0	3
қазақты	10	88	4
қайырхан	10	0	1
қамарымыз	10	0	1
үкіметке	10	20	5
астанаға	9	9	6
барзу	9	0	1
бекеттің	9	0	1
бекең	9	0	1
бектай	9	0	1
бұзаубақ	9	0	1
дүрімбай	9	0	1
дәукең	9	0	1
еламанды	9	0	1
еламанға	9	0	1
жарасов	9	0	1
кенебай	9	0	1
керейдің	9	1	2
кереку	9	0	1
күдеріге	9	0	1
күлшебай	9	0	1
мағшұқтың	9	0	4
мияш	9	0	1
нашардан	9	1	2
серікке	9	1	2
сыздықтың	9	0	1
тобықтыны	9	1	2
тоқа	9	0	1
тынышбай	9	0	1
түрікм	9	1	1
тұрысбек	9	0	2
хііі	9	0	3
шалабай	9	0	1
шерің	9	1	3
шуға	9	25	1
қазанғап	9	0	1
қайша	9	0	1
қарабала	9	0	1
қаратаз	9	0	1
қарағандыға	9	0	2
қасымға	9	0	3
қожекең	9	0	1
қырғызбай	9	0	1
құлагерді	9	1	1
құсан	9	0	1
айгүлге	8	0	1
айназар	8	0	1
айранбай	8	0	1
алашыма	8	0	1
алтынайдың	8	0	2
американы	8	0	2
анишеф	8	0	1
ақкенже	8	0	2
ақтоты	8	0	1
бейіштен	8	0	5
бименді	8	0	1
дотан	8	0	1
дәмелінің	8	0	2
жарастың	8	0	2
жиенбай	8	0	1
жүсекең	8	0	1
жәпек	8	0	2
ихпадан	8	0	1
кавказдың	8	0	1
кегейлі	8	0	1
конституциясы	8	2	3
күлзипа	8	0	1
күмісбек	8	0	1
көтібар	8	0	1
марданды	8	0	1
меңдеш	8	0	1
момышұлы	8	0	4
мәліктің	8	0	1
нақшбандийа	8	0	2
сармолла	8	0	3
сұлтанғазы	8	0	2
тайжан	8	0	2
түнқатар	8	0	1
халуатийа	8	0	1
шашкин	8	0	2
шегеннің	8	0	1
шідерті	8	0	2
ібір	8	0	1
ғаниға	8	0	1
қабекең	8	0	2
қамза	8	0	1
қанапия	8	0	1
құлагерге	8	0	1
құлеке	8	0	1
құтжанға	8	0	2
әлібай	8	0	2
әмірхан	8	0	1
айырғанша	7	0	1
ақырғай	7	0	1
аңқаң	7	0	1
байсалға	7	0	2
балзия	7	0	1
балқашқа	7	1	1
банудың	7	0	1
баһарлы	7	0	2
бекарыс	7	0	1
бекетай	7	0	1
бокин	7	0	1
бөлекбас	7	0	1
грекияда	7	0	1
дағыстанның	7	0	1
дуся	7	0	1
дәулетхан	7	0	1
елеместің	7	0	1
елпан	7	0	1
ердәлі	7	0	1
есенгелді	7	0	2
жазекең	7	0	1
жаншаның	7	0	1
жағатай	7	0	1
жәмеш	7	0	1
жәмпейіс	7	0	1
жөнібек	7	0	1
исаны	7	0	1
кебіні	7	0	3
кәкен	7	0	1
малтабар	7	0	1
малқар	7	0	1
маржанның	7	0	1
масақбай	7	0	3
мекеш	7	0	1
мүсірәлінің	7	0	1
мұқыш	7	0	2
мәкіш	7	0	3
нұрмақ	7	0	1
омбыда	7	0	2
победа	7	0	1
саржанның	7	0	1
сарыжұлдыз	7	0	1
сағатбай	7	0	1
сағила	7	0	1
сегізбай	7	0	1
таймасқа	7	0	1
тұрардың	7	0	2
тәшен	7	0	1
төке	7	0	2
төстігім	7	0	2
шопеке	7	0	1
шөпіш	7	0	1
іскендір	7	0	1
қараменді	7	0	1
қарқаралының	7	0	1
қағбаға	7	0	3
қост	7	0	1
қоңыратқа	7	0	1
қытаймен	7	0	1
құдайменді	7	0	1
үйғырша	7	0	1
әбунүсіп	7	0	1
әзіреті	7	0	2
әлтай	7	0	1
өміртай	7	0	1
айдарға	6	0	1
айқыз	6	0	3
астанада	6	6	6
ақжолдың	6	0	1
ақзейнеп	6	0	1
ақмоншақ	6	0	1
баукең	6	0	1
бекжанның	6	0	1
бектепберген	6	0	1
бижамал	6	0	1
бұхарда	6	0	1
бәдиғым	6	0	2
гауһарға	6	0	1
добрушкин	6	0	1
донның	6	0	1
дінмұқан	6	0	1
дұспанның	6	0	2
елемес	6	1	1
ерденнің	6	0	1
есқара	6	0	2
еңліктің	6	0	1
жанқия	6	0	1
жауынбаев	6	0	1
жақсымбет	6	0	1
жүгенбай	6	0	1
зарлықтың	6	0	4
игнат	6	0	1
инеш	6	0	1
итжемес	6	0	1
йесуге	6	0	1
керімбала	6	0	2
күләйім	6	0	4
көкш	6	0	1
лида	6	0	1
ләйлінің	6	0	2
мағыш	6	0	1
мақа	6	0	1
меңдігерейдің	6	0	1
министрлер	6	1	3
мубна	6	0	1
мүшіріклердің	6	0	1
мұхамәди	6	0	2
мұқтардың	6	0	1
нарынға	6	0	3
нұрымнан	6	0	1
нұрғайша	6	0	1
нұрәлі	6	0	1
омекең	6	0	1
рақымның	6	0	1
сағынған	6	39	5
семен	6	3	2
синаға	6	0	2
ситан	6	0	1
сүйіндікке	6	0	1
сұлушаштың	6	0	1
сәнжан	6	0	1
танакөзді	6	0	1
таңатар	6	0	1
теңізде	6	50	3
тоқтасын	6	6	1
түндебай	6	0	1
тұрлыбай	6	2	1
тұрлыбай	6	2	1
тұрсынның	6	0	3
төлеп	6	36	4
төлеп	6	36	4
хара	6	0	2
хатымтай	6	0	2
шалқарға	6	0	1
шаһимардан	6	0	5
шермек	6	0	1
шораның	6	0	3
шығыстағы	6	11	3
шөберең	6	0	1
ыбекең	6	0	2
қазақст	6	0	4
қалампырдың	6	0	1
қалжан	6	0	1
қалмұрат	6	0	3
қамарды	6	0	1
қантай	6	0	1
қарақалпакша	6	0	1
қарақожадан	6	0	1
қарм	6	0	1
қарқараны	6	0	1
қасымды	6	0	2
қағазбай	6	0	1
қиылдан	6	0	2
қоқыш	6	0	1
қырымның	6	0	1
құлмырза	6	0	1
құранмен	6	0	1
құртқаны	6	0	2
әзмұратов	6	0	2
әнет	6	0	1
әркімменен	6	0	1
әсетті	6	0	1
әтіке	6	0	1
өтеш	6	2	1
абаданынан	5	0	3
адаспастай	5	0	1
айдаркин	5	0	1
айнамкөз	5	0	1
айтолқын	5	0	1
айғызға	5	0	1
албандарға	5	0	1
алуаға	5	0	1
алқағанын	5	0	1
америкаға	5	0	1
асқаровтың	5	0	2
аянның	5	0	2
аянға	5	0	1
ағажүніс	5	0	3
ақберген	5	0	1
ақкірпік	5	0	1
ақмолла	5	0	1
ақтайдың	5	0	1
байторы	5	0	1
байғұл	5	0	1
байқан	5	0	1
балкүміс	5	0	1
бағдагүл	5	0	1
бекіш	5	0	2
бесқаланың	5	0	1
божыбай	5	0	1
бозбай	5	0	1
бозмұнай	5	0	1
болашаққа	5	24	4
больш	5	0	1
боржабай	5	0	1
брюссельде	5	0	2
біркімбай	5	0	1
бұланайдың	5	0	1
бұхараға	5	0	2
бәймен	5	0	1
бөстекбайым	5	0	1
венгрияда	5	0	1
гүлбаһрам	5	0	3
гүлжаһан	5	0	1
гүлім	5	16	4
гүләйша	5	0	1
дарил	5	0	1
дарханның	5	0	1
диуани	5	0	2
домбаев	5	0	3
дұғар	5	0	2
дәукен	5	0	1
евклидтің	5	0	1
египетте	5	0	1
еламаннан	5	0	1
ешнияз	5	0	1
жалайырдың	5	0	1
жаламенен	5	0	1
жанатқа	5	0	1
жапардың	5	0	1
жапашты	5	0	1
жаптырар	5	0	1
жарқымбай	5	0	2
жетіру	5	0	2
жігітекке	5	0	2
жүкен	5	0	1
жұманды	5	0	1
зарлыққа	5	0	2
зияш	5	0	1
игелстром	5	0	1
иманбаева	5	0	2
именсе	5	0	1
кавказға	5	0	1
кезерді	5	0	1
кендебай	5	0	4
кенекең	5	0	2
кенжехан	5	0	1
кондратьевич	5	0	1
красн	5	0	1
күнзия	5	0	2
кәкібай	5	0	2
кәрімнен	5	0	3
көжекбайға	5	0	2
көпекбай	5	0	1
көркейді	5	0	2
мамайдың	5	0	2
матвей	5	0	1
мақтангөйің	5	0	1
мақтым	5	0	2
медғат	5	1	2
мекерсініп	5	0	1
меруерттің	5	0	1
мешеудің	5	0	1
мирастың	5	0	1
михайлоуич	5	0	1
мұнта	5	0	1
мәжіліске	5	9	2
мәлкенің	5	0	1
мәлікаждар	5	0	3
мәтібұлақ	5	0	1
нанбасаң	5	0	1
нарынбай	5	0	1
нарында	5	0	1
нарғыз	5	0	1
наурызым	5	0	2
нүрила	5	0	1
нұрмағанбет	5	0	1
нұрперзент	5	0	2
ойжайлау	5	0	1
олжабектің	5	0	2
омбының	5	0	1
орынтай	5	0	2
павл	5	0	1
раушанбектің	5	0	3
рахметке	5	0	1
рахметті	5	0	1
сарысудың	5	0	1
сатанның	5	0	1
сатанға	5	0	1
сейілбек	5	0	1
сиғат	5	0	1
сиқымбай	5	0	2
сукроф	5	0	1
сығанақ	5	0	1
сілтегенім	5	0	1
сәдір	5	0	2
сәлкен	5	0	1
сәттібек	5	0	1
сөрсен	5	0	2
табандарым	5	0	2
талғар	5	0	2
таңжарық	5	1	3
таңменен	5	0	1
темекең	5	0	1
темірге	5	21	4
тойған	5	88	5
топжан	5	0	2
тоғайәлі	5	0	1
тоқмолда	5	0	1
тоқпамбет	5	0	3
түзелмесін	5	0	1
түктібайдың	5	0	1
түрмемен	5	0	1
тұранның	5	0	1
тәңірегінде	5	0	2
төлепке	5	0	1
төлеутай	5	0	1
фархад	5	0	1
халықпенен	5	0	1
шайзада	5	0	2
шалғымбай	5	0	1
шамас	5	0	1
шақшай	5	0	1
шепе	5	0	1
шернер	5	0	1
штаттары	5	0	3
ғаниды	5	0	1
ғақба	5	0	1
қадырғали	5	0	2
қазбалаға	5	0	1
қайрақбай	5	0	1
қайырбаев	5	0	1
қайырдың	5	0	1
қарадәу	5	0	1
қарақияның	5	0	1
қарынбайдай	5	0	2
қарғалының	5	0	1
қарқаралыда	5	0	2
қорқынышым	5	0	3
қоқанға	5	0	1
құбылай	5	0	1
құлагердей	5	0	2
құламерген	5	0	3
құрманның	5	0	1
құрымбай	5	0	1
үрмәш	5	0	1
ұлбосын	5	0	1
ұлтуған	5	0	1
ұлытауға	5	0	1
ұятсызда	5	0	1
әбікен	5	0	1
әжімгерей	5	0	1
әйтікен	5	0	1
әлмағамбет	5	0	3
әлімхан	5	0	1
әсеттен	5	0	1
өмірбек	5	0	1
өтегенді	5	0	1
абылаев	4	0	1
айшылықты	4	0	1
алаштап	4	0	1
албытып	4	0	1
алмаш	4	0	2
алтынторы	4	0	1
алтыншашқа	4	0	1
алыбай	4	0	2
алюминийлеу	4	0	1
алқакөлде	4	0	1
америкасы	4	0	2
анаксимандр	4	0	1
апрасияп	4	0	1
арғынғазы	4	0	1
арқалықтың	4	0	1
асайынға	4	0	1
асақай	4	0	1
асекең	4	0	1
афинада	4	0	3
аялдағы	4	0	2
аяшы	4	0	1
ақайдың	4	0	1
ақбаянның	4	0	1
ақберенді	4	0	1
ақиланған	4	0	1
ақсұлу	4	0	1
аққұмай	4	0	1
байсалдың	4	0	2
байсарының	4	0	1
байсейітова	4	0	2
байсеркеге	4	0	1
балсары	4	0	1
балықбай	4	0	1
балғабай	4	0	1
баршаңыздан	4	0	2
барғана	4	0	1
батарсың	4	0	1
батыраштың	4	0	1
батырашқа	4	0	1
бетпақдалада	4	0	1
бетпақты	4	0	1
бибіш	4	0	1
бодаш	4	0	1
бойков	4	0	1
болон	4	0	2
бораш	4	0	1
боштай	4	0	1
былғақтаса	4	0	1
бұхарада	4	0	1
бұқарым	4	0	1
бәкенге	4	0	1
бәкібай	4	0	1
бәтестің	4	0	1
бәтжан	4	0	1
гауһарымның	4	0	1
германның	4	0	1
групп	4	1	1
гуляны	4	0	1
гүлжауһарға	4	0	1
дарыныңды	4	0	1
деев	4	0	1
декани	4	0	1
делиде	4	0	2
диханшылар	4	0	1
додай	4	0	1
доғалға	4	0	1
дулатта	4	0	1
дәрігерге	4	30	5
дәріпбек	4	0	1
дәріш	4	0	1
дәуқараға	4	0	1
дөркембай	4	0	1
егескенді	4	0	1
елаға	4	0	1
енесей	4	0	3
еркінді	4	0	1
есенәлінің	4	0	1
етекеңмен	4	0	1
жабас	4	0	1
жайынбай	4	0	1
жалыналық	4	0	1
жаманбай	4	0	1
жандаспай	4	0	1
жапарға	4	0	1
жапырылмай	4	0	1
жастарға	4	81	10
жезқ	4	0	1
жолықтырар	4	0	2
жылкелді	4	0	1
жымпиты	4	0	2
жығыт	4	0	1
жүйкіткенде	4	0	1
жүклер	4	0	1
жұбайқан	4	0	1
жұлдызым	4	18	4
жәбікен	4	0	1
зибаш	4	0	2
зияратты	4	0	2
зұлқия	4	0	1
зәйкүл	4	0	1
иерусалимге	4	0	1
иләһым	4	0	3
имамағзам	4	0	2
иранға	4	0	1
исеке	4	0	1
йазид	4	0	2
кембілдің	4	0	1
кененнің	4	0	2
кентау	4	0	2
керімге	4	0	1
кеңесбай	4	0	2
колосовты	4	0	1
костинді	4	0	1
кремльге	4	0	1
куманикусте	4	0	2
кімдерден	4	0	1
кірекейді	4	0	2
күзембай	4	0	1
күнекей	4	0	1
күнжан	4	0	1
кәбира	4	0	1
кәмеш	4	0	1
кәрим	4	0	2
көкжардың	4	0	1
көксеректің	4	0	1
көрнекке	4	0	1
көңіліменен	4	0	1
лаплас	4	0	2
лашынға	4	0	2
лезбайдың	4	0	2
лұқпанға	4	0	2
ләйләнің	4	0	2
майасар	4	0	1
майысар	4	0	1
майқайың	4	0	2
макардың	4	0	1
мамайға	4	0	2
маржангүл	4	1	1
марқабай	4	0	1
масум	4	0	1
машаға	4	0	1
маһираға	4	0	1
медеуге	4	0	2
меңдігүлдің	4	0	1
митрофановичтің	4	0	1
молдағазы	4	0	2
молдағали	4	0	2
муддәррис	4	0	1
мүхтар	4	0	1
мұсекеңнің	4	0	1
мәжнүннің	4	0	2
мәуке	4	0	2
мөртай	4	0	1
наданлықты	4	0	1
назыкеш	4	0	1
наймантай	4	0	1
насыратдин	4	0	1
наушаруандай	4	0	1
нақыра	4	0	1
ниматаллахшылар	4	0	1
ниязды	4	0	1
нысанбай	4	0	1
нүрке	4	0	2
нүрік	4	0	1
нәбидің	4	0	2
ойылға	4	0	1
ольганың	4	0	1
орекең	4	0	1
осиф	4	0	1
османның	4	0	1
осыншадан	4	0	1
песков	4	0	1
пияласы	4	0	3
плиний	4	0	1
президентке	4	0	2
президиумының	4	0	1
рамазанды	4	0	1
рамазанға	4	0	1
раптан	4	0	1
рафаилов	4	0	1
рақила	4	0	1
рақымбек	4	0	1
риддерде	4	0	1
сазамбай	4	0	1
сайынның	4	0	1
сартау	4	0	1
сатанды	4	0	1
саумалкөл	4	0	2
сағади	4	0	1
сақан	4	0	1
себептіліктің	4	0	1
сейдуәлиге	4	0	1
сейсіметті	4	0	2
сейтжан	4	0	2
семиоз	4	0	1
сенаты	4	0	2
сербов	4	0	1
сержан	4	0	1
серкем	4	0	2
сидор	4	0	1
синаны	4	0	1
соломонович	4	0	1
сынықтай	4	0	1
сырымға	4	0	1
сұлтанмахмүт	4	0	1
сәдудің	4	0	1
сәпей	4	0	1
сәруардың	4	0	1
сәтпай	4	0	1
табари	4	0	2
табындыра	4	0	1
талдағы	4	0	1
талтаяққа	4	0	1
таняның	4	0	2
тарб	4	0	1
тарлаулары	4	0	1
тасболатқа	4	0	1
тастанның	4	0	1
тағзымдап	4	0	3
тебініңді	4	0	1
тезекбай	4	0	2
текеде	4	0	1
текештің	4	0	1
телмеңдетіп	4	0	1
теміртай	4	0	1
тиерсің	4	0	1
тобыршығы	4	0	1
тойынса	4	0	1
тоям	4	0	1
тоқбайға	4	0	1
тоқымдығы	4	0	1
тоңғанға	4	0	1
турікменше	4	0	1
тышқанбайдың	4	0	1
тыңжан	4	0	1
тілегеннің	4	0	2
тілеубайдың	4	0	2
тілеукен	4	0	2
тілеуімбет	4	0	1
түйебай	4	0	1
түксігін	4	0	1
түркіменстан	4	0	2
тұлпарымды	4	0	1
тұрсынбайдың	4	0	2
тәжи	4	0	1
тәліптің	4	0	1
тәшібай	4	0	1
тәңірекке	4	0	1
төлептің	4	0	1
төлеубай	4	0	1
төрегелді	4	0	2
уәлид	4	0	2
фақырға	4	0	1
хакімді	4	0	1
хаманның	4	0	1
хатымға	4	0	2
хорлығайын	4	0	1
чиңгиз	4	0	1
шабданбек	4	0	1
шамалған	4	0	1
шарбақбайдың	4	0	1
шауыпкел	4	0	1
шақпақшы	4	0	1
шелестов	4	0	1
шмидтің	4	0	1
шорақазы	4	0	1
шымк	4	0	1
шығанаққа	4	0	1
шөкен	4	0	1
шөменнің	4	0	1
ысрайыл	4	0	4
ягуда	4	0	1
якупов	4	0	1
іленің	4	0	1
қазыхан	4	0	1
қайныкеш	4	0	1
қайранбай	4	0	1
қайыпжан	4	0	1
қалабай	4	0	1
қаламдай	4	0	1
қалбағайдың	4	0	1
қалел	4	0	1
қалмақан	4	0	1
қамен	4	0	1
қамқаның	4	0	2
қанаев	4	0	2
қанатбай	4	0	1
қанаш	4	0	1
қандиулат	4	0	1
қаныкей	4	0	1
қарабайды	4	0	1
қаракалпақша	4	0	1
қараталдың	4	0	1
қаратастың	4	0	1
қарағандыны	4	0	2
қарақұсқа	4	0	2
қараүлекке	4	0	1
қараүлектің	4	0	1
қарбаңдадым	4	0	1
қаржастың	4	0	1
қарпықтың	4	0	1
қаршығалы	4	0	1
қарымсақ	4	0	1
қарғалы	4	3	1
қарғалысына	4	0	1
қарғысым	4	0	1
қасымдар	4	0	1
қасқырбай	4	0	1
қашқаридың	4	0	2
қағбаны	4	0	1
қақабай	4	0	1
қаңбақбай	4	0	1
қиятты	4	0	2
қозғамбайдың	4	0	1
қорыспайдың	4	0	1
қорғамбек	4	0	1
қорғанбай	4	3	1
қосшыға	4	2	1
қоқанда	4	0	2
қоқысы	4	0	1
қоңыраттың	4	0	1
қоңқайдың	4	0	1
қыбылаға	4	0	2
қыбырай	4	0	2
қызылбасқа	4	0	3
қылаңнан	4	0	1
қүнанбай	4	0	1
құдабай	4	0	1
құдияр	4	0	1
құлжабай	4	0	1
құлтай	4	0	1
құрсақтанбас	4	0	2
үкеңді	4	0	1
үрқия	4	0	1
ұлмекен	4	0	1
ұлытауда	4	0	1
ұмсындық	4	0	1
әбежан	4	0	1
әбусейіттің	4	0	1
әбіжан	4	0	1
әбікеш	4	0	1
әділге	4	0	1
әділетшің	4	0	1
әзберген	4	0	1
әзіреттен	4	0	1
әкбардың	4	0	1
әкетсем	4	0	1
әкпардың	4	0	1
әлімбет	4	0	1
әмірені	4	0	1
әсен	4	0	1
әсетке	4	0	2
әскерге	4	60	6
әукен	4	0	2
өзтүрік	4	0	1
өтегелді	4	0	2
өтеміс	4	0	4
өтеп	4	15	7
өтіңменен	4	0	1
өңіңде	4	0	1
абаның	3	0	1
абақтың	3	0	1
абиырлымын	3	0	1
абыройым	3	0	1
авенариус	3	0	2
авестаның	3	0	2
агра	3	0	1
адайбек	3	0	1
ажардың	3	0	1
азсынбай	3	0	1
айбектің	3	0	1
айгүлді	3	0	2
айдардың	3	0	2
айдарқұм	3	0	1
айдауылдың	3	0	1
айнакөлдей	3	0	1
айтыбайдың	3	0	1
айқасарға	3	0	2
айқастарда	3	0	1
айқоңыр	3	0	1
алагөлең	3	0	1
алдарға	3	0	2
алжандікі	3	0	1
алмауи	3	0	1
алпысымда	3	0	1
алтаевқа	3	0	1
алтаймен	3	0	2
алтынқазық	3	0	1
альберти	3	0	1
алқабайдың	3	0	1
алқадағы	3	0	1
амалдайсың	3	0	1
амырсана	3	0	1
анненковтың	3	0	2
аплатон	3	0	2
аппас	3	0	1
аралды	3	6	2
аралыштап	3	0	1
ардақжандай	3	0	1
ардақтан	3	0	1
артықсып	3	0	2
асайынның	3	0	1
асардың	3	0	3
асхабқа	3	0	2
асықсаң	3	0	1
асқап	3	0	1
асқақтасаң	3	0	1
асқынғанды	3	0	1
аталықовтан	3	0	1
атамановтың	3	0	1
атамбайдың	3	0	1
атекең	3	0	1
атимузнаба	3	0	1
аттанармын	3	0	1
аттырды	3	0	1
атырыну	3	0	2
аупаев	3	0	1
ахрар	3	0	1
аяжан	3	0	1
аязбенен	3	0	1
аяпберген	3	0	1
аяққұм	3	0	2
ағиба	3	0	1
ақбаев	3	0	1
ақбаянмен	3	0	1
ақбақайда	3	0	1
ақжайықтың	3	0	1
ақжелекті	3	0	1
ақжолмен	3	0	1
ақметше	3	0	1
ақмырзаның	3	0	1
ақтаев	3	0	1
ақтілеу	3	0	1
ақшал	3	0	1
ақшиден	3	0	1
ақштың	3	0	2
ақырғандай	3	0	1
аққайқыда	3	0	1
аңдыстырған	3	0	1
бабабек	3	0	1
бабурдың	3	0	1
базарбаева	3	0	2
базаргүл	3	0	1
базархан	3	0	1
байбаба	3	0	1
баймұхаммет	3	0	2
байсейітке	3	0	1
байсейіттің	3	0	1
байтелі	3	0	1
байқұн	3	0	2
баласағұнның	3	0	2
балжекеңнің	3	0	1
балпанның	3	0	1
балымайдың	3	0	1
балымның	3	0	1
балқашта	3	0	1
балқумен	3	0	1
бапаң	3	0	1
баспақбай	3	0	1
батырсынған	3	0	1
батысыңның	3	0	1
баубектің	3	0	1
баурымды	3	0	1
баянжан	3	0	2
баянмен	3	0	2
баяғыны	3	0	1
бақасу	3	0	1
бақжанов	3	0	1
бақтығүл	3	0	1
бейкер	3	0	1
бекмағамбет	3	0	1
бекторы	3	0	2
белсеніскен	3	0	1
берікбол	3	0	1
бескемпір	3	0	1
бесобаға	3	0	1
бесқаладан	3	0	1
бибажарға	3	0	1
бибидің	3	0	1
бибіні	3	0	1
бизанов	3	0	1
бикенді	3	0	1
бикешжан	3	0	2
билігіңнен	3	0	1
бируни	3	0	1
бозамды	3	0	1
бойжеткенің	3	0	1
болатов	3	0	1
бопы	3	0	1
боранбаевпен	3	0	1
ботакөзді	3	0	1
білезіктерің	3	0	1
білімдікті	3	0	1
бірмаған	3	0	1
бітімбай	3	0	1
бүрсеңінен	3	0	1
бұдабай	3	0	1
бұйықтан	3	0	2
бұланайдан	3	0	1
бұлбұлымды	3	0	1
бұлбұлының	3	0	1
бұрекеңді	3	0	1
бұрылғанша	3	0	1
бұғыбайдың	3	0	1
бұқарда	3	0	1
бұқарды	3	0	1
бәшен	3	0	1
бөктергінің	3	0	1
бөлекбай	3	0	2
бөпіш	3	0	1
валя	3	0	2
верннің	3	0	2
витя	3	0	1
волоколам	3	0	1
вьетнамда	3	0	2
гаванада	3	0	1
гаврил	3	0	1
газбенен	3	0	1
галошына	3	0	1
ганкеге	3	0	1
гауһарай	3	0	1
гекке	3	0	1
герцогке	3	0	1
гильберт	3	0	1
гогольдің	3	0	1
грузияға	3	0	1
гүлкенге	3	0	1
гүлкәшима	3	0	1
гүләндам	3	0	2
гүрзісін	3	0	2
гөрханаға	3	0	1
дайырдың	3	0	2
далдабай	3	0	1
даналығыңмен	3	0	1
дандун	3	0	1
данконың	3	0	1
дариғаны	3	0	2
дарқанның	3	0	1
дағыстанда	3	0	1
даңғыланбай	3	0	2
демесінге	3	0	1
денеңнің	3	0	1
дерттенген	3	0	1
дикті	3	0	1
дозамды	3	0	1
доржи	3	0	1
досмұхамедұлы	3	0	1
достан	3	26	2
достоевскийдің	3	0	1
досхан	3	0	1
дулатқа	3	0	1
думандап	3	0	1
ділдәбек	3	0	1
дінмұсылман	3	0	2
діншілдікпен	3	0	1
дініңнің	3	0	3
дүрияға	3	0	1
дүрлерді	3	0	1
дұспанға	3	0	1
дәлдуге	3	0	1
дәменнің	3	0	2
дәметкенді	3	0	3
дәнің	3	0	1
дәулетбайға	3	0	2
дәулетияр	3	0	1
дөңіздің	3	0	1
егесім	3	0	1
еккенің	3	0	1
елемеске	3	0	1
енешіңнің	3	0	1
ерейменге	3	0	1
еркеназ	3	0	1
еркешті	3	0	2
ерлігі	3	42	7
ермектен	3	0	1
еруліге	3	0	1
ерінбесең	3	0	1
есбике	3	0	1
есекең	3	0	1
есембайдан	3	0	2
есеналының	3	0	1
есенқұловтың	3	0	1
естемес	3	0	2
есілдей	3	0	1
есімханның	3	0	2
есірдің	3	0	1
ефросинья	3	0	2
ехлас	3	0	1
жабайдай	3	0	1
жабайға	3	0	1
жабдықтанған	3	0	1
жабыларсың	3	0	1
жайбасардың	3	0	1
жайту	3	0	1
жалаиридың	3	0	2
жалайырлар	3	0	1
жалбырайды	3	0	1
жалғызқазық	3	0	1
жамалбек	3	0	2
жамандармен	3	0	1
жамбасыңнан	3	0	1
жанабіл	3	0	1
жанаевтардың	3	0	1
жанболаттың	3	0	1
жанғожадан	3	0	1
жанқабылов	3	0	1
жапекпенен	3	0	1
жаппардың	3	0	1
жараланғыштау	3	0	1
жарбаңдасар	3	0	1
жаролла	3	0	1
жарыпшыққан	3	0	1
жарқұмар	3	0	1
жаттықсам	3	0	1
жақаштың	3	0	1
жаңаберген	3	0	1
жаңбырбай	3	0	1
жаңқаш	3	0	1
жаһатпен	3	0	1
жегіңді	3	0	2
жекейдің	3	0	1
жекең	3	0	1
желмаядан	3	0	1
жемшікше	3	0	1
жетістірем	3	0	1
жеңілмейміз	3	0	1
жолаушымен	3	0	1
жолдағушы	3	0	2
жолмұқан	3	0	1
жорабек	3	0	2
жортармысың	3	0	1
жорғабек	3	0	1
жоқтату	3	0	1
жоңқабай	3	0	1
жылағанында	3	0	2
жылысбай	3	0	2
жылқайдар	3	0	1
жындандым	3	0	1
жырлағанға	3	0	1
жібермеспін	3	0	2
жүзгендердің	3	0	1
жүйріктерден	3	0	1
жүкесі	3	0	1
жұманнан	3	0	1
жұпармен	3	0	1
жәбірлейтіндей	3	0	1
жәніш	3	0	1
жәутікті	3	0	1
жөлекке	3	0	1
жөңгір	3	0	1
задабек	3	0	1
заид	3	0	2
зайкүл	3	0	1
зайс	3	0	1
зайтунға	3	0	3
зарландым	3	0	1
зағаров	3	0	1
зағипаға	3	0	1
зағира	3	0	1
зевстің	3	0	1
зинаға	3	0	1
зияға	3	0	1
зояның	3	0	1
зікірдинге	3	0	1
зүбайдаға	3	0	2
зәбира	3	0	2
зәкіржан	3	0	1
зәли	3	0	1
зәравшан	3	0	1
иақұд	3	0	1
иерусалимдегі	3	0	1
изенбайдың	3	0	1
измаилов	3	0	1
изобильный	3	0	1
имантайұлы	3	0	1
интизар	3	2	2
интурист	3	0	1
ирамбағы	3	0	3
исабаевтың	3	0	3
исаке	3	0	1
исмайылды	3	0	1
ишеке	3	0	1
иығымыздан	3	0	1
иісмайлап	3	0	1
иғтиқад	3	0	1
йасин	3	0	2
кафия	3	0	2
кекиді	3	0	1
кекш	3	0	1
кекілің	3	0	1
кемелтай	3	0	1
кемшілігіңмен	3	0	1
кенеусізді	3	0	1
кенжемен	3	0	1
кенжеқара	3	0	1
кереметпен	3	0	1
керіскендей	3	0	1
кесең	3	0	1
кетірерсің	3	0	1
кешіргейсің	3	0	1
ковальчук	3	0	1
колизей	3	0	2
коломонның	3	0	1
компартиясы	3	0	1
конституциясын	3	0	2
коровочкин	3	0	1
кремльде	3	0	1
кремльдің	3	0	1
курагин	3	0	1
курганов	3	0	1
кіжінумен	3	0	1
күдербай	3	0	1
күдіріс	3	0	1
күйеутас	3	0	1
күлеке	3	0	1
күлеміз	3	0	1
күнайым	3	4	5
күндебай	3	0	1
күнетай	3	0	1
күнімжан	3	0	1
күреңбел	3	0	2
күштері	3	21	5
кәдірбаевтың	3	0	1
кәззаптарға	3	0	1
кәкиманың	3	0	1
кәкім	3	0	1
кәрімбайға	3	0	1
кәусардың	3	0	1
көбектің	3	0	1
көбіктінің	3	0	2
көкаяқты	3	0	1
көкжаулыққа	3	0	1
көкжендеттің	3	0	1
көкиық	3	0	1
көксағым	3	0	1
көксаңдағын	3	0	1
көксерекке	3	0	1
көктайрақ	3	0	1
көктеректегі	3	0	1
көктөбеге	3	0	2
көлқайнарға	3	0	2
көмейіңе	3	0	1
көмпиме	3	0	1
көтібақтан	3	0	1
көшекең	3	0	1
левитан	3	0	1
лепсінің	3	0	1
лорка	3	0	1
лысенконың	3	0	1
люда	3	0	1
лұхман	3	0	1
лұқман	3	0	3
лұқпанды	3	0	1
мадрас	3	0	1
майлыаяқ	3	0	1
майсасыры	3	0	1
майсор	3	0	1
майтас	3	0	1
макагон	3	0	1
маклаков	3	0	1
малайсары	3	0	1
малатияға	3	0	1
малсыздарды	3	0	1
мамайдан	3	0	1
мамырбай	3	0	1
мамырәлі	3	0	1
марданның	3	0	1
мауараннахрда	3	0	1
махфұз	3	0	2
мағила	3	0	1
маһшарда	3	0	1
медеттің	3	0	1
мекайілді	3	0	2
мекеден	3	0	2
мекетайдай	3	0	1
мекең	3	0	2
метжанның	3	0	1
мешітбай	3	0	2
меңдіқарасын	3	0	1
миколай	3	0	1
миталдың	3	0	1
митнинский	3	0	1
миығыңды	3	0	1
молдаш	3	0	1
молжан	3	0	1
молчалин	3	0	1
момынбай	3	0	1
монтансынып	3	0	2
моулади	3	0	1
мурджиалар	3	0	1
мухаддимат	3	0	2
мынауысы	3	0	1
мынауыңның	3	0	1
мырзашты	3	0	1
мырзағали	3	0	1
мырқымбаймен	3	0	1
мысығың	3	0	1
мінайдар	3	0	1
мүслиманы	3	0	1
мұздыбек	3	0	1
мұзойнақта	3	0	1
мұнаууара	3	0	2
мұхамет	3	0	1
мұхарап	3	0	1
мұқитқа	3	0	2
мұқтасарға	3	0	2
мұңлысы	3	0	1
мәдеш	3	0	1
мәжнүнге	3	0	2
мәжнүні	3	0	1
мәжікенге	3	0	1
мәлкеев	3	0	1
мәніке	3	0	2
мәртін	3	0	3
мәугіл	3	0	1
мәһрабтың	3	0	1
мөдидің	3	0	1
мөңкеге	3	0	1
мөңкені	3	0	1
мөһірлеп	3	0	3
навои	3	0	1
назаровтың	3	0	1
назикасын	3	0	1
назыр	3	0	2
намырдың	3	0	1
нарымбай	3	0	1
нарымбет	3	0	1
нарқыз	3	2	2
наубахар	3	0	1
нағим	3	0	1
несси	3	0	1
нешеулердің	3	0	1
нешеуінің	3	0	1
ниагара	3	0	1
ниетқабыл	3	0	1
ницше	3	0	2
нілдің	3	0	1
нүрбүбі	3	0	1
нүрлан	3	0	2
нұрбөпе	3	0	1
нұрманға	3	0	1
нұртуған	3	0	1
нұршаның	3	0	1
нұрғазарын	3	0	2
нұғыман	3	0	2
нәбік	3	0	1
нәдия	3	0	1
нәзеннің	3	0	1
нәріктің	3	0	2
нәсірден	3	0	2
нәңкүр	3	0	2
нөсербай	3	0	1
обатұғын	3	0	1
одағындағы	3	0	1
ожарға	3	0	1
оймышқа	3	0	1
олардай	3	0	3
олжабекке	3	0	1
олжеке	3	0	1
омаштың	3	0	1
омейя	3	0	2
ормалы	3	0	1
ормақайға	3	0	1
орынбурұх	3	0	1
орғылап	3	0	1
осиповтың	3	0	1
отрар	3	0	2
отырарда	3	0	1
ошыржап	3	0	1
оңтүстігім	3	0	1
оңғардың	3	0	1
пазырық	3	0	1
паллас	3	0	1
парламентте	3	3	3
парламентіне	3	0	1
партияның	3	40	8
паршаны	3	0	1
перизаттың	3	0	1
петерборда	3	0	2
пимаңды	3	0	1
преснядағы	3	0	1
пірзада	3	0	1
пәреге	3	0	1
райжан	3	0	1
райниді	3	0	1
райымжан	3	0	2
раяның	3	0	2
рейхенбах	3	0	2
роджерс	3	0	1
романовскийдің	3	0	1
рудакиден	3	0	2
ршыман	3	0	1
рысжан	3	0	2
рязановқа	3	0	1
рұмның	3	0	2
сабаулады	3	0	1
сабырыңның	3	0	1
садағың	3	0	1
садратул	3	0	1
садықтың	3	0	1
сайгүліктің	3	0	1
сайда	3	46	3
сайрамда	3	0	1
самырат	3	0	1
сандалтқаның	3	0	1
сандықтас	3	0	1
сапаров	3	0	1
сапақтың	3	0	1
сапбас	3	0	1
сарбасты	3	0	1
сарбұлақтың	3	0	1
сармаев	3	0	1
сарыбаевтың	3	0	2
сарыекең	3	0	1
сарыжорға	3	0	1
сарышаян	3	0	1
сауырсына	3	0	1
саяттың	3	0	2
сағалбай	3	0	1
сағынбасқа	3	0	1
сағырбай	3	0	1
сақсынып	3	0	1
сақыпзада	3	0	1
саққұлаққа	3	0	1
сейпілмәлік	3	0	2
сейт	3	2	1
сейтім	3	0	1
сейілдер	3	0	1
сейілхан	3	0	1
сельский	3	0	1
семсерлердің	3	0	1
сман	3	0	1
содия	3	0	1
сотников	3	0	1
соқпайсың	3	0	1
спасск	3	0	1
спид	3	0	2
сылантып	3	0	3
сымбатың	3	0	2
сымекеңді	3	0	1
сырдаймыз	3	0	1
сізбенен	3	0	1
сүйкімбай	3	0	1
сүйтседағы	3	0	1
сүйіндікті	3	0	1
сұрағанды	3	0	1
сұрлақпен	3	0	1
сәбең	3	0	1
сәлеметсіз	3	0	1
сәмбет	3	0	1
сәнтайдың	3	0	1
сәтімбай	3	0	1
сәулеленді	3	0	1
сөйлемесем	3	0	2
сөмет	3	0	1
табытың	3	0	1
тайдырмас	3	0	1
тайсойған	3	0	1
тайырдан	3	0	1
тайырдың	3	0	1
талайыңды	3	0	1
тамсанар	3	0	1
танагөз	3	0	1
таналары	3	0	1
таптатты	3	0	1
таразидың	3	0	1
тартатұғын	3	0	1
тарқатыпты	3	0	2
тасболатты	3	0	1
таспесе	3	0	1
тастанбектің	3	0	2
таукеңе	3	0	1
таусоғардың	3	0	1
тағатқа	3	0	1
тағылы	3	0	1
тақсырға	3	0	1
таңаттың	3	0	1
таңжұлдызы	3	0	1
таңқыбайдың	3	0	1
текебай	3	0	1
текей	3	0	1
телтай	3	0	1
темеш	3	0	2
теміркені	3	0	1
теміршенің	3	0	1
тибетте	3	0	1
тисінші	3	0	1
тихов	3	0	2
тозғындады	3	0	1
тойғанымның	3	0	1
толғантар	3	0	1
толқынай	3	0	1
томарлылырағынан	3	0	1
торғ	3	0	1
тоғайбай	3	0	2
тоғаң	3	0	1
тоқберген	3	0	1
тоқбибі	3	0	1
тоқсанбайдың	3	0	1
тоқтемір	3	0	1
тоңбайын	3	0	1
транзей	3	0	1
троицкіде	3	0	2
тыныстары	3	0	1
тізелескен	3	0	1
тілеков	3	0	1
тілеуберген	3	0	1
тілештің	3	0	1
тістесет	3	0	1
түбірлілірегінен	3	0	1
түгелбайдың	3	0	1
түкенің	3	0	1
түргендегі	3	0	1
түрксибті	3	0	1
түрткенінен	3	0	1
түсіңнен	3	0	1
тұмарбай	3	0	1
тұнығымды	3	0	2
тұранда	3	0	1
тұраннан	3	0	2
тұрап	3	0	1
тұрманжанов	3	0	1
тұрсынбайға	3	0	1
тәжіктің	3	0	1
тәке	3	0	1
тәтіш	3	0	1
тәңірегіне	3	0	1
төлеубекпен	3	0	1
төлеутаев	3	0	1
төрекелдінің	3	0	1
төремді	3	0	1
төсегің	3	0	1
төстікке	3	0	1
уағыдам	3	0	2
уақас	3	0	1
угрюмов	3	0	1
ушықтырған	3	0	1
уәлінің	3	0	2
фазылдың	3	0	3
фаллахтың	3	0	1
фарұс	3	0	1
филон	3	0	2
хамитке	3	0	1
ханбибі	3	0	2
хасратыңда	3	0	1
хатуны	3	0	2
хатымның	3	0	2
хаям	3	0	1
хақназардың	3	0	2
хикметтің	3	0	2
хорасанда	3	0	1
христостың	3	0	2
христосқа	3	0	1
читара	3	0	1
шабанбайдың	3	0	1
шабытыма	3	0	1
шағатайға	3	0	1
шақырмаса	3	0	1
шаһарярым	3	0	1
шаһбазды	3	0	1
шерияздан	3	0	2
шетіндей	3	0	1
шешейін	3	0	1
шиашылар	3	0	1
шива	3	0	1
шодырдың	3	0	1
шортандының	3	0	1
шыман	3	0	2
шымырай	3	0	1
шілтендер	3	0	1
шүйделері	3	0	1
шұрқылтайдан	3	0	1
шұғылдың	3	0	1
шұһбат	3	0	1
шәймерден	3	0	1
шәкизат	3	0	1
шәмшидің	3	0	1
шәріпке	3	0	1
шәріпхан	3	0	2
шөбек	3	0	1
шөгірліге	3	0	3
шөгірлінің	3	0	3
шөкеңнің	3	0	1
ыбраһым	3	0	2
ыбыраш	3	0	1
ызаменен	3	0	1
ырсалды	3	0	3
ырымбек	3	0	1
ырыскелді	3	0	1
ырғайты	3	0	1
ысрапыл	3	0	2
ысхақ	3	0	2
ықшылбай	3	0	1
эвклидтің	3	0	1
яксарты	3	0	1
ямин	3	0	1
яхия	3	0	2
іздеушің	3	0	1
іледен	3	0	1
ілекең	3	0	3
іншікте	3	0	1
ісірібі	3	0	1
ғабдол	3	0	2
ғадунбану	3	0	1
ғазали	3	0	2
ғайыперенқырықшілтен	3	0	1
ғаля	3	0	1
ғарибулла	3	0	1
ғарышты	3	0	1
ғасим	3	0	1
ғасым	3	0	2
ғатау	3	0	1
ғатеке	3	0	1
ғимади	3	0	1
ғимай	3	0	1
ғұлғалалар	3	0	1
ғұнқасты	3	0	1
қабылдың	3	0	1
қабырғаңда	3	0	1
қабірінде	3	0	2
қадес	3	0	1
қадырдың	3	0	2
қадірбек	3	0	2
қажыбай	3	0	1
қазакстан	3	0	2
қазалыда	3	0	1
қазтай	3	0	1
қайраумен	3	0	1
қайсарбай	3	0	1
қайсарды	3	0	1
қаламқасты	3	0	2
қаламүшті	3	0	1
қалармысың	3	0	1
қалаубек	3	0	1
қалдан	3	2	5
қалдар	3	2	2
қалдықыз	3	0	2
қалекеш	3	0	1
қалекең	3	0	1
қалқұтыны	3	0	1
қамалбек	3	0	1
қамам	3	0	1
қамыскөлдің	3	0	3
қанатжан	3	0	1
қануж	3	0	1
қаныпез	3	0	1
қапанды	3	0	1
қапанның	3	0	1
қапарбайдың	3	0	1
қаппенен	3	0	1
қарайласпай	3	0	1
қаракөзге	3	0	1
қарамола	3	0	2
қараханды	3	0	1
қарағыма	3	0	2
қарағұлдың	3	0	1
қарақатын	3	0	1
қарымбайдың	3	0	1
қарқаралыға	3	0	2
қасиетіңнен	3	0	1
қастасқан	3	0	1
қасымжан	3	0	1
қасыммен	3	0	1
қасымхан	3	0	1
қасымәлі	3	0	1
қасқарау	3	0	1
қасқырменен	3	0	1
қатон	3	0	2
қауашақтан	3	0	1
қауынбай	3	0	1
қауқаңдап	3	0	1
қашқаридің	3	0	1
қашқарға	3	0	1
қаңбақшал	3	0	2
қаңлының	3	0	1
қисықсың	3	0	1
қияластың	3	0	1
қожаберген	3	0	2
қожанасырды	3	0	1
қожанасырға	3	0	1
қожаштың	3	0	1
қожағайды	3	0	1
қожақан	3	0	2
қожаққа	3	0	2
қожаңасыр	3	0	1
қозыбағаров	3	0	1
қойбағардың	3	0	1
қорд	3	0	1
қосабек	3	0	1
қосан	3	0	1
қосбармақ	3	0	1
қосболатқа	3	0	1
қоскөлдің	3	0	1
қоштасудан	3	0	1
қошқарұлы	3	0	1
қуанай	3	0	1
қуанышбайдың	3	0	1
қушоқының	3	0	1
қыбыршыған	3	0	1
қыдыралы	3	0	1
қыдырға	3	0	2
қызбелдің	3	0	1
қызылбике	3	0	1
қызырдың	3	0	3
қызырға	3	0	3
қызыққам	3	0	1
қыртиғандар	3	0	1
қыстаубай	3	0	1
қысылмаңыз	3	0	1
қысыңнан	3	0	1
құлагері	3	0	1
құладындай	3	0	1
құлахмет	3	0	2
құлақтыны	3	0	1
құлбатыр	3	0	2
құлжан	3	0	1
құлтума	3	0	1
құраштың	3	0	1
құрақбайдың	3	1	1
құрбановтың	3	0	2
құрышпен	3	0	1
құспан	3	0	2
құтадғу	3	0	3
құтылық	3	0	1
үгедей	3	0	1
үдербайдың	3	0	1
үйгентасқа	3	0	1
үйсінді	3	0	1
үйсінмін	3	0	1
үкітайдың	3	0	1
үмітбай	3	0	1
үміткерміз	3	0	2
үрләпия	3	0	1
үрікпедім	3	0	1
үрімнің	3	0	2
үсейін	3	0	1
ұйымы	3	38	9
ұлберген	3	0	1
ұлытаудың	3	0	1
ұмытыппын	3	0	1
ұстайтындар	3	0	1
ұғындырар	3	0	1
әбудің	3	0	2
әбунәсірдің	3	0	1
әдхам	3	0	1
әдхан	3	0	1
әділғазыны	3	0	1
әзәзілден	3	0	1
әзәлда	3	0	2
әкімшілігі	3	9	5
әлдекей	3	0	1
әлиша	3	0	1
әлкен	3	0	1
әлпеттері	3	0	2
әлханбек	3	0	1
әлімқара	3	0	1
әлімұлы	3	0	2
әліпбай	3	0	1
әмзе	3	0	2
әмірбегінен	3	0	1
әміріңнен	3	0	2
әндижандағы	3	0	1
әруақтанған	3	0	1
әріпбек	3	0	1
әсемнің	3	0	1
әсеттей	3	0	1
әсимаға	3	0	1
әужанға	3	0	1
әукеңнің	3	0	1
әуреленбе	3	0	1
өзербай	3	0	1
өзіңдікін	3	0	1
өктегенге	3	0	1
өкінбесең	3	0	1
өлеңтінің	3	0	1
өліге	3	0	1
өмекейдің	3	0	1
өреновты	3	0	1
өсекең	3	0	1
өсекшіні	3	0	1
өсиеттен	3	0	1
өске	3	0	1
өтеуәлі	3	0	1
өткеліңе	3	0	1
өткендерден	3	0	1
абайда	2	0	1
абылқайыр	2	0	1
айбекке	2	0	1
айбосын	2	0	1
айдаболов	2	0	1
айтқазы	2	0	1
алуаш	2	0	1
аманкүл	2	0	1
анарбек	2	0	1
арысқа	2	5	1
асанбаев	2	0	1
асуан	2	0	1
асқат	2	0	1
асқат	2	0	1
атантаев	2	0	1
атырауға	2	0	2
ахметова	2	0	2
аязбай	2	0	2
аяған	2	24	3
ағарыс	2	0	1
ақбаян	2	0	1
ақбике	2	0	1
ақдидар	2	0	1
ақмолда	2	0	1
ақтөбеге	2	0	1
ақшұқыр	2	0	1
бабур	2	0	1
байназаров	2	0	1
байназаров	2	0	1
байтенов	2	0	1
байқадам	2	0	1
байқоңырға	2	0	1
балабек	2	0	1
балайым	2	0	1
балымай	2	1	1
батыржан	2	0	1
бейсебай	2	0	1
бекасыл	2	0	1
бексұлу	2	0	2
беркімбай	2	0	2
берлинді	2	0	1
биғали	2	0	1
болатбаев	2	0	1
болысбек	2	0	1
боранбек	2	0	1
бразилияда	2	0	1
бұхарбай	2	0	1
бөлеген	2	10	4
бөрібек	2	0	1
вашингтонда	2	0	1
гауһартас	2	2	1
гүлбахрам	2	0	1
гүлдариға	2	0	1
дауыт	2	0	2
демьян	2	0	1
дүйсебек	2	0	1
ербұлан	2	0	1
еркеболат	2	0	1
еркенов	2	0	2
еркінбек	2	0	1
еркінбек	2	0	1
есеналы	2	0	1
есентаев	2	0	2
ештай	2	0	2
жайдарбек	2	0	1
жанбосынов	2	0	1
жаныбек	2	0	1
жарылқап	2	22	5
жақаш	2	0	1
жаңабек	2	0	1
жаңаөзенде	2	0	1
жаңбыршы	2	0	1
жаңылсын	2	2	1
жаңылсын	2	2	1
жаңылған	2	9	1
жексембай	2	0	1
жидебайда	2	0	2
жүсіпова	2	0	1
захар	2	0	1
захар	2	0	1
зейн	2	0	1
зейнел	2	0	1
иманалы	2	0	1
исабаев	2	0	1
исабаев	2	0	1
исмайл	2	0	1
исхақ	2	0	2
киевте	2	0	1
кубрин	2	0	1
күлжан	2	0	1
күлзира	2	0	1
күлзия	2	0	1
күмісбай	2	0	2
кәмелетке	2	15	4
кәрібек	2	0	1
көкшетаудағы	2	0	2
көпжасаров	2	0	2
ләйлім	2	0	2
ләйлім	2	0	2
мадридте	2	0	1
майқапшағай	2	0	1
маржанкүл	2	0	1
махсұт	2	0	1
меңдігүл	2	0	1
молдабектің	2	0	1
мырзаш	2	0	1
мұсабай	2	0	1
мұхаммад	2	0	1
мұхаммет	2	0	1
мұқаметжан	2	0	1
мұқатай	2	0	1
мұқтар	2	0	1
мәдинә	2	0	1
нүркен	2	0	1
нұраддин	2	0	1
нұраділ	2	0	1
нұрман	2	0	1
нұрманов	2	0	2
нұрмаш	2	0	1
олжабек	2	0	1
оразқұл	2	0	1
оралдағы	2	0	1
оспанәлі	2	0	1
оспанәлі	2	0	1
отарбек	2	0	1
оқас	2	1	1
павлодарға	2	0	1
пернебек	2	0	1
раева	2	0	1
райс	2	1	1
райым	2	3	2
расулла	2	0	2
рахымбек	2	0	1
республикасына	2	0	1
риддер	2	0	1
роллан	2	0	1
рүстембек	2	0	2
сайдахмет	2	0	1
самарханов	2	0	1
сандықтау	2	0	1
сауд	2	0	2
сағынбаев	2	0	1
сағынбаев	2	0	1
сейілханов	2	0	2
сенатта	2	0	2
сенатқа	2	0	1
серіжан	2	0	1
сирияда	2	0	1
славгород	2	0	1
сочи	2	0	1
тайлақтың	2	7	2
таласбай	2	0	1
тасқала	2	0	2
тасқынбай	2	0	1
татарстанда	2	0	1
таушыққа	2	0	1
термез	2	0	2
тынысбеков	2	0	1
тілеубай	2	0	1
тілеуберді	2	0	1
тілеуберді	2	0	1
тілеужан	2	0	1
тілеуқұл	2	0	1
тілеш	2	0	1
түгіскен	2	0	1
түркістандық	2	1	2
тұрарбек	2	0	1
тұраш	2	0	1
тұрғанбай	2	1	2
тұрғанкүл	2	0	1
тәжен	2	0	1
төлеубаев	2	0	1
төрекелді	2	0	1
файзулла	2	0	1
францияға	2	0	1
хабибулла	2	1	2
хакима	2	0	1
хансұлу	2	0	1
хақназар	2	0	1
хорлан	2	0	1
шалғынбай	2	0	1
шымкенттегі	2	0	1
шіркейлі	2	0	2
ыбрайым	2	0	1
іргебай	2	0	1
ғабең	2	0	1
қабдолла	2	0	2
қазпошта	2	0	2
қайырбаевтың	2	0	1
қалман	2	4	1
қалым	2	0	1
қаныбек	2	0	1
қапар	2	0	2
қарағандыдағы	2	0	1
қарақұл	2	1	1
қаржаубай	2	0	1
қарсыбай	2	0	1
қартбай	2	0	1
қасқасу	2	0	2
қобланды	2	0	2
қожаев	2	0	1
қожаев	2	0	1
қожамберді	2	0	2
қожақов	2	0	1
қойшыбай	2	0	1
қонай	2	0	1
қонай	2	0	1
қызылордада	2	0	2
қыстаубаев	2	0	2
құлман	2	1	2
құрманов	2	0	2
құрманқұл	2	0	1
үкілім	2	2	1
үкіметіміз	2	0	1
үмітай	2	0	1
ұлтуар	2	0	1
ұлытаудағы	2	0	2
әбенов	2	0	2
әбенов	2	0	2
әбжан	2	0	2
әбсаттар	2	0	2
әбілсейіт	2	0	1
әбітай	2	0	1
әділов	2	0	1
әлибек	2	0	1
абаев	1	0	1
абаев	1	0	1
абдуллин	1	0	1
абдулхамид	1	0	1
абдулғазиз	1	0	1
абдурахман	1	0	1
абзалов	1	0	1
абибуллаев	1	0	1
абуғали	1	0	1
абылхайыр	1	0	1
адамбеков	1	0	1
адамбеков	1	0	1
ажаркүл	1	0	1
айдарбеков	1	0	1
айтасов	1	0	1
айтжанов	1	0	1
айткүл	1	0	1
айтматовтың	1	0	1
айтмұхамбет	1	0	1
айтоты	1	0	1
айтқожа	1	0	1
айымбек	1	0	1
айқожа	1	0	1
алатаев	1	0	1
алдиярхан	1	0	1
алдоңғар	1	0	1
алена	1	0	1
аллаяр	1	0	1
алмасұлы	1	0	1
алмат	1	0	1
алсу	1	0	1
алтынкүл	1	0	1
аманғалиев	1	0	1
аманғалиев	1	0	1
амит	1	0	1
анаркүл	1	0	1
андасбаев	1	0	1
апеннин	1	0	1
арабиясы	1	0	1
арманов	1	0	1
арнұр	1	0	1
артықбаев	1	0	1
арыста	1	0	1
арыстанбекұлы	1	0	1
арыстағы	1	0	1
арысты	1	4	2
асанәлі	1	0	1
асатов	1	0	1
ассамблеясына	1	0	1
асылгүл	1	0	1
асылжан	1	0	1
асылжан	1	0	1
атажанов	1	0	1
атанов	1	0	1
атырауда	1	1	1
ауғанстанға	1	0	1
ахатай	1	0	1
ахметқали	1	0	1
ахтан	1	0	1
аязбек	1	0	1
аязби	1	0	1
аяужан	1	0	1
ақбибі	1	0	1
ақжігітов	1	0	1
ақмолада	1	0	1
ақмоладағы	1	0	1
ақнар	1	0	1
ақордада	1	2	2
ақтауға	1	12	4
ақшолпан	1	0	1
ақшығанақ	1	0	1
ақылбеков	1	0	1
аңсарым	1	0	1
бабаш	1	0	1
бабашев	1	0	1
базаров	1	0	1
базаров	1	0	1
базарқұл	1	0	1
байболатов	1	0	1
байдалиев	1	0	1
байдаров	1	0	1
байдосов	1	0	1
баймағанбет	1	0	1
байрамов	1	0	1
байсарин	1	0	1
бакуге	1	0	1
балдәурен	1	0	1
балдәурен	1	0	1
балхаш	1	0	1
батыров	1	0	1
батырханов	1	0	1
баязитов	1	0	1
баянауылда	1	0	1
бағдәулет	1	0	1
бақберген	1	0	1
бақдәулет	1	2	1
бақдәулет	1	2	1
бақтыбек	1	0	1
бақытбай	1	0	1
бақыткүл	1	0	1
бегжан	1	0	1
бейбарыс	1	0	1
бейбарыс	1	0	1
бейсембек	1	0	1
бекебаев	1	0	1
беков	1	0	1
бектасов	1	0	1
бектөре	1	0	1
бекхожаев	1	0	1
бекқожа	1	0	1
бердібай	1	0	1
бетпақдаланың	1	0	1
бибажар	1	0	1
бибатпа	1	0	1
бибіжан	1	1	2
бидәулет	1	0	1
бисенғали	1	0	1
болатбеков	1	0	1
большая	1	0	1
букреев	1	0	1
бурабайға	1	0	1
бәйет	1	0	1
бөкеевтің	1	0	1
вольтер	1	0	1
воробьев	1	0	1
гарипов	1	0	1
германиядағы	1	0	1
гусейнов	1	0	1
гүлжауһар	1	0	1
гүлзейнеп	1	0	1
гүлханым	1	0	1
гүлшарат	1	0	1
даймонд	1	0	1
далия	1	0	1
данаев	1	0	1
данаш	1	0	1
даненов	1	0	1
данила	1	0	1
данияров	1	0	1
дариха	1	0	1
дидарбек	1	0	1
диларам	1	0	1
димаш	1	0	1
димаш	1	0	1
доссор	1	0	1
ділдабек	1	0	1
дінасыл	1	0	1
дүйсембай	1	0	1
дүйсенкүл	1	0	1
дүйсенғали	1	0	1
дүкенбай	1	0	1
дәриға	1	0	1
дәулетбаев	1	0	1
дәулетжан	1	0	1
евдокия	1	0	1
егембердиев	1	0	1
егеубай	1	0	1
египетке	1	0	1
егінбай	1	0	1
екібастұзда	1	0	1
елекенов	1	0	1
елеукенов	1	0	1
емберген	1	0	1
ерахмет	1	0	1
ерденов	1	0	1
ережепов	1	0	1
ержанова	1	0	1
еркімбек	1	0	1
ермахан	1	0	1
ермахан	1	0	1
ермағамбет	1	0	1
ермұрат	1	0	1
ерсары	1	0	1
ертістегі	1	0	1
ерімбетов	1	0	1
есалы	1	0	1
есбосын	1	0	1
ескен	1	90	6
есмақан	1	0	1
еспол	1	0	1
естаев	1	0	1
еститін	1	18	1
естөре	1	0	1
еуропаны	1	0	1
ешниязов	1	0	1
еңсебаев	1	0	1
жазықбай	1	0	1
жайнар	1	4	1
жалағаш	1	0	1
жалаңашкөл	1	0	1
жанарым	1	6	1
жанбала	1	0	1
жанбатыр	1	0	1
жанбибі	1	0	1
жанғазы	1	0	1
жапониядағы	1	0	1
жарылғас	1	0	1
жасылкөл	1	0	1
жауынбай	1	0	1
жақыпбеков	1	0	1
жақыпбеков	1	0	1
жаңақоныс	1	0	1
жезқазғанға	1	0	1
жиеналиев	1	0	1
жиенбек	1	0	1
жолмырза	1	0	1
жұбандық	1	0	1
жұбатқан	1	16	1
жұмақыз	1	0	1
жұмақұл	1	0	1
жұпаркүл	1	0	1
жұпаркүл	1	0	1
зарипа	1	0	1
зарипов	1	0	1
заңымызда	1	0	1
зәмзәгүл	1	0	1
иасин	1	1	2
ибатов	1	0	1
ибраш	1	0	1
иманбаев	1	0	1
индонезияда	1	0	1
инесса	1	0	1
ирландияда	1	0	1
исатаев	1	0	1
исландияда	1	0	1
исмайыл	1	1	1
итбаев	1	0	1
канн	1	0	1
караулов	1	0	1
кегок	1	0	1
кекілбайұлы	1	0	1
келгенбай	1	1	1
келдібай	1	0	1
кемелбеков	1	0	1
кенжеш	1	0	1
кенжин	1	0	1
кербұлақ	1	0	1
керімжан	1	0	1
кеңесбаев	1	0	1
кеңесбек	1	0	1
киреев	1	0	1
киселев	1	0	1
клавдия	1	0	1
конституцияға	1	0	1
кореяда	1	0	1
күзенбай	1	0	1
күлайхан	1	0	1
күлжамал	1	0	1
күлзада	1	0	1
күлия	1	0	1
күлсін	1	11	1
күмісжан	1	0	1
күнтуған	1	0	1
кәден	1	0	1
кәмилә	1	0	1
кәмшәт	1	1	2
көксарай	1	0	1
көмекбай	1	0	1
көшкінбаев	1	0	1
ленфильм	1	0	1
лесбек	1	0	1
ливанда	1	0	1
ливияның	1	0	1
литвада	1	0	1
лондонға	1	0	1
мадиярова	1	0	1
майжан	1	0	1
малайзияға	1	0	1
малдыбай	1	0	1
мамания	1	0	1
мамыржан	1	0	1
мамыров	1	0	1
манабаев	1	0	1
маруся	1	0	1
марья	1	0	1
масақбаев	1	0	1
махат	1	0	1
мағира	1	0	1
мағира	1	0	1
мақбал	1	0	1
мақұлбек	1	0	1
маңсұр	1	0	1
маңғыстаудағы	1	0	1
медетов	1	0	1
мейірбеков	1	0	1
мекебаев	1	0	1
мелдебек	1	0	1
мелс	1	0	1
мерейім	1	9	1
меңтай	1	0	1
молдабаев	1	0	1
молдажанов	1	0	1
молдажанов	1	0	1
молдахмет	1	0	1
молдахметов	1	0	1
молдағұлова	1	0	1
молодая	1	0	1
мырзалы	1	0	1
мырзатаев	1	0	1
мюнхенде	1	0	1
мұрадым	1	2	3
мұратов	1	0	1
мұстафаев	1	0	1
мұхамеджан	1	0	1
мұхамедиярова	1	0	1
мұхаммеджан	1	0	1
мұқағалидың	1	0	1
мәдібек	1	0	1
мәдіхан	1	0	1
мәжілістегі	1	3	3
мәруә	1	0	1
мәсенов	1	0	1
назарбаевты	1	0	1
назархан	1	0	1
наржан	1	0	1
насиха	1	0	1
наурызды	1	3	1
нақыпбек	1	0	1
нескен	1	0	1
нүсіпбек	1	0	1
нұрахан	1	0	1
нұрахмет	1	0	1
нұрахмет	1	0	1
нұрбота	1	0	1
нұрбүбі	1	0	1
нұрділда	1	0	1
нұрмахамбет	1	0	1
нұрмұхаммед	1	0	1
нұрмұқан	1	0	1
нұрсат	1	0	1
нұрсат	1	0	1
нұрсейт	1	0	1
нұртазин	1	0	1
нұртазин	1	0	1
нұрымов	1	0	1
нұрғазин	1	0	1
нәбиев	1	0	1
олимпиадаға	1	1	2
омарбеков	1	0	1
омарханов	1	0	1
омарханов	1	0	1
оразай	1	0	1
оразалин	1	0	1
оразалин	1	0	1
оразхан	1	0	1
оразымбетов	1	0	1
оразғали	1	0	1
оралов	1	0	1
орақов	1	0	1
орбұлақ	1	0	1
орманбек	1	0	1
орнай	1	15	1
орымбай	1	0	1
орынкүл	1	0	1
оспанова	1	0	1
оңғарсын	1	5	4
парламентаралық	1	2	3
парламентке	1	3	2
пернебай	1	0	1
пернеш	1	0	1
петролеум	1	0	1
путинге	1	0	1
пәтима	1	0	1
рабиа	1	0	1
рада	1	0	1
райкүл	1	0	1
райса	1	0	1
расұл	1	1	2
рахметов	1	0	1
рахымбай	1	0	1
рахымберді	1	0	1
рахымов	1	0	1
рейхстагқа	1	1	1
ришад	1	0	1
рудный	1	0	1
рысбай	1	0	1
рысбике	1	0	1
рысдәулет	1	0	1
рысқұлбек	1	0	1
сабырқұл	1	0	1
садуақасов	1	0	1
садыров	1	0	1
саид	1	0	1
сайраш	1	0	1
салахаддин	1	0	1
самалбек	1	0	1
саматұлы	1	0	1
самрат	1	0	1
санаев	1	0	1
сапаш	1	0	1
саракүл	1	0	1
сартаева	1	0	1
сатыбаев	1	0	1
сатыбалдин	1	0	1
саяжан	1	0	1
сейдалы	1	0	1
сейділда	1	0	1
сейсен	1	0	1
сейтенов	1	0	1
сейтжаппар	1	0	1
сейтов	1	0	1
сейтқали	1	0	1
сейтқали	1	0	1
сервис	1	4	2
серікжан	1	0	1
серіков	1	0	1
серіков	1	0	1
серікпай	1	0	1
сирияға	1	0	1
соловьев	1	0	1
сония	1	0	1
спан	1	0	1
сілеті	1	0	1
сұлтанахмет	1	0	1
сұлтанбеков	1	0	1
сәду	1	0	1
сәдуақасова	1	0	1
сәкенұлы	1	0	1
сәлімгерей	1	0	1
сәнім	1	6	2
сәрсембай	1	0	1
сәулеш	1	0	1
талдықорғандағы	1	0	1
тасбике	1	0	1
тастанбек	1	0	1
тауасар	1	0	1
тауасаров	1	0	1
ташматов	1	0	1
телман	1	0	1
теміржан	1	0	1
теміртаудағы	1	0	1
тойбазар	1	0	1
тойшыбеков	1	0	1
токиода	1	0	1
торпедо	1	0	1
тоқаевтай	1	0	1
тоқжан	1	0	1
турцияға	1	0	1
тынысбек	1	0	1
тынышбек	1	0	1
тілеубергенов	1	0	1
түркиядағы	1	0	1
тұрарбеков	1	1	1
тұраров	1	0	1
тұраров	1	0	1
тұрлыбек	1	0	1
тұрмағанбет	1	0	1
тұрсынбаев	1	0	1
тұрсынкүл	1	0	1
тұрсынов	1	0	1
тұрсынов	1	0	1
тұрсынғали	1	0	1
тұрғанбек	1	0	1
тұрғанбек	1	0	1
тұрғынбай	1	0	1
тұрғынбек	1	0	1
тәжібек	1	0	1
тәттігүл	1	0	1
төлеужан	1	0	1
төлеухан	1	0	1
төлтай	1	0	1
украинаны	1	0	1
украинаға	1	0	1
успенка	1	0	1
федерациясы	1	2	2
фердаус	1	1	2
хабарға	1	27	3
хаджар	1	0	1
халиуллин	1	0	1
хамзин	1	0	1
хамиди	1	0	1
хамидолла	1	0	1
ханчжоу	1	0	1
ходжаев	1	0	1
хромтау	1	0	1
хусайнов	1	0	1
чапай	1	0	1
шадиев	1	0	1
шахман	1	0	1
шаяхмет	1	0	1
шемонаиха	1	0	1
шертай	1	0	1
шерәлі	1	0	1
шешенстанда	1	0	1
шмидт	1	0	1
штаттарда	1	0	1
штаттарына	1	0	1
шынасыл	1	0	1
шәрбану	1	0	1
ыстамбұлда	1	0	1
эленора	1	0	1
югай	1	0	1
юнус	1	0	1
юсуф	1	0	1
якубов	1	0	1
ясир	1	0	1
ілиясова	1	0	1
ғалижан	1	0	1
қабдеш	1	0	1
қабдеш	1	0	1
қабиболла	1	0	1
қабыкен	1	0	1
қабылбай	1	0	1
қабылжан	1	0	1
қадылбек	1	0	1
қажыбек	1	0	1
қазақстанымыз	1	0	1
қазиев	1	0	1
қайратбек	1	0	1
қайса	1	0	1
қайыркен	1	0	1
қалиасқар	1	0	1
қалиасқар	1	0	1
қалила	1	0	1
қалкен	1	0	1
қалқабай	1	0	1
қамажай	1	0	1
қамила	1	0	1
қарабаев	1	0	1
қарамеңді	1	0	1
қаратомар	1	0	1
қарақалпақстаннан	1	0	1
қауымдар	1	3	3
қожахметов	1	0	1
қожахметов	1	0	1
қойбағар	1	0	1
қойбағаров	1	0	1
қойшыбаев	1	0	1
қойшыбаев	1	0	1
қордайдағы	1	0	1
қорғаста	1	0	1
қошқарбаевтың	1	0	1
қуантай	1	0	1
қуантқан	1	7	1
қуатбаев	1	0	1
қуатбек	1	0	1
қыздаркүл	1	0	1
қылышбаев	1	0	1
қыпшақбай	1	0	1
қырықбай	1	0	1
қырғызбаев	1	0	1
құбаш	1	0	1
құдайыма	1	0	1
құйқылжыр	1	2	1
құлатай	1	0	1
құлахметке	1	0	1
құлбек	1	0	1
құлжанов	1	0	1
құлтаев	1	0	1
құнанбаевтың	1	0	1
құралбай	1	0	1
құрақбай	1	0	1
құрбанов	1	0	1
құсман	1	0	1
құттыбек	1	0	1
үкібай	1	0	1
үкібай	1	0	1
үкіметті	1	11	5
үмітжан	1	0	1
үмітжан	1	0	1
үржар	1	0	1
үркерде	1	0	1
үстіртте	1	0	1
ұзақбай	1	0	1
ұзақов	1	0	1
ұлтай	1	1	1
ұлыбританияға	1	0	1
ұлыстың	1	12	3
ұмсынай	1	0	1
әбдеш	1	0	1
әбдікерім	1	0	1
әбдіраман	1	0	1
әбдіраман	1	0	1
әбдіраш	1	0	1
әбуов	1	0	1
әбілдә	1	0	1
әбілмансұр	1	0	1
әбіләкім	1	0	1
әділқазы	1	0	1
әзірбайжанда	1	0	1
әйелдерге	1	72	8
әлмерек	1	0	1
әлімов	1	0	1
әмірғали	1	0	1
әнипа	1	0	1
өзбекстанға	1	0	1
өксікбай	1	0	1
өміржан	1	0	1
өміржан	1	0	1
өмірәлі	1	0	1
өсербай	1	0	1
өстемір	1	0	1
өтемұрат	1	0	1
өтепберген	1	0	1
өтепов	1	0	1
өтепов	1	0	1
абайбек	0	0	0
абайхан	0	0	0
абайы	0	0	0
абайұлы	0	0	0
абаканов	0	0	0
абаков	0	0	0
абатбай	0	0	0
абатов	0	0	0
абатұлы	0	0	0
абашев	0	0	0
абашов	0	0	0
аббасов	0	0	0
абдали	0	0	0
абдалиев	0	0	0
абдалимов	0	0	0
абдалла	0	0	0
абдаллаға	0	0	0
абдашим	0	0	0
абдельдинов	0	0	0
абденов	0	0	0
абдешев	0	0	0
абдиашим	0	0	0
абдигали	0	0	0
абдигалиев	0	0	0
абдигани	0	0	0
абдиганиев	0	0	0
абдигаппар	0	0	0
абдигаппаров	0	0	0
абдиев	0	0	0
абдижалил	0	0	0
абдикадир	0	0	0
абдикадиров	0	0	0
абдикадыр	0	0	0
абдикадыров	0	0	0
абдикали	0	0	0
абдикалиев	0	0	0
абдикаликов	0	0	0
абдикалык	0	0	0
абдикалыков	0	0	0
абдикарим	0	0	0
абдикаримов	0	0	0
абдикерим	0	0	0
абдикеримов	0	0	0
абдикеров	0	0	0
абдикул	0	0	0
абдикулов	0	0	0
абдильдаев	0	0	0
абдильдин	0	0	0
абдильдинов	0	0	0
абдильманов	0	0	0
абдимажит	0	0	0
абдималик	0	0	0
абдималиков	0	0	0
абдиманапов	0	0	0
абдимомынов	0	0	0
абдимурат	0	0	0
абдимуратов	0	0	0
абдимуталип	0	0	0
абдинаби	0	0	0
абдинов	0	0	0
абдинур	0	0	0
абдинұр	0	0	0
абдиразак	0	0	0
абдиразаков	0	0	0
абдираимов	0	0	0
абдирасил	0	0	0
абдирасилов	0	0	0
абдихалик	0	0	0
абдихаликов	0	0	0
абдихалык	0	0	0
абдиханов	0	0	0
абдраев	0	0	0
абдразак	0	0	0
абдразаков	0	0	0
абдразах	0	0	0
абдразахов	0	0	0
абдразақ	0	0	0
абдраим	0	0	0
абдраимов	0	0	0
абдраймов	0	0	0
абдралиев	0	0	0
абдраман	0	0	0
абдраманов	0	0	0
абдрасил	0	0	0
абдрасилов	0	0	0
абдрасул	0	0	0
абдрасулов	0	0	0
абдрахим	0	0	0
абдрахимов	0	0	0
абдрахов	0	0	0
абдрахым	0	0	0
абдраш	0	0	0
абдрашев	0	0	0
абдрашид	0	0	0
абдрашит	0	0	0
абдрашитов	0	0	0
абдрашов	0	0	0
абдреев	0	0	0
абдреимов	0	0	0
абдреймов	0	0	0
абдрешев	0	0	0
абдрешов	0	0	0
абдуазиз	0	0	0
абдуалим	0	0	0
абдуалы	0	0	0
абдуахитов	0	0	0
абдували	0	0	0
абдувалиев	0	0	0
абдугали	0	0	0
абдугалиев	0	0	0
абдугани	0	0	0
абдуганиев	0	0	0
абдугаппар	0	0	0
абдугаппаров	0	0	0
абдужалил	0	0	0
абдужаппар	0	0	0
абдукадир	0	0	0
абдукадиров	0	0	0
абдукадыр	0	0	0
абдукадыров	0	0	0
абдукаликов	0	0	0
абдукарим	0	0	0
абдукаримов	0	0	0
абдула	0	0	0
абдулаев	0	0	0
абдулазим	0	0	0
абдулалим	0	0	0
абдулахад	0	0	0
абдулдаев	0	0	0
абдулин	0	0	0
абдулкарим	0	0	0
абдуллаұлы	0	0	0
абдуллаһ	0	0	0
абдуллина	0	0	0
абдуллох	0	0	0
абдулмалик	0	0	0
абдулов	0	0	0
абдулрахим	0	0	0
абдулрахман	0	0	0
абдулхаким	0	0	0
абдулхамит	0	0	0
абдулхафиз	0	0	0
абдульазиз	0	0	0
абдульманов	0	0	0
абдулғани	0	0	0
абдулқадыр	0	0	0
абдумажит	0	0	0
абдумалик	0	0	0
абдумаликов	0	0	0
абдуманап	0	0	0
абдуманапов	0	0	0
абдумуталип	0	0	0
абдумәлік	0	0	0
абдунур	0	0	0
абдунұр	0	0	0
абдуразак	0	0	0
абдуразаков	0	0	0
абдураим	0	0	0
абдураимов	0	0	0
абдураманов	0	0	0
абдурасул	0	0	0
абдурасулов	0	0	0
абдурахим	0	0	0
абдурахимов	0	0	0
абдурахманов	0	0	0
абдурахмон	0	0	0
абдурахмонов	0	0	0
абдурахым	0	0	0
абдурашид	0	0	0
абдурашит	0	0	0
абдураһим	0	0	0
абдураһман	0	0	0
абдурохим	0	0	0
абдурохман	0	0	0
абдуррахим	0	0	0
абдуррахман	0	0	0
абдуррохим	0	0	0
абдуррохман	0	0	0
абдусалам	0	0	0
абдусалим	0	0	0
абдусамад	0	0	0
абдусамат	0	0	0
абдусаттар	0	0	0
абдусаттаров	0	0	0
абдухаким	0	0	0
абдухалик	0	0	0
абдухаликов	0	0	0
абдухалил	0	0	0
абдухамид	0	0	0
абдухамит	0	0	0
абдушев	0	0	0
абдуғали	0	0	0
абдуғани	0	0	0
абдуғаппар	0	0	0
абдуәли	0	0	0
абдыбаев	0	0	0
абдыгали	0	0	0
абдыгалиев	0	0	0
абдыкадыров	0	0	0
абдыкаликов	0	0	0
абдыкалык	0	0	0
абдыкалыков	0	0	0
абдыкарим	0	0	0
абдыкаримов	0	0	0
абдыкеримов	0	0	0
абдыкулов	0	0	0
абдыманап	0	0	0
абдырахман	0	0	0
абдырахманов	0	0	0
абдыров	0	0	0
абдыхалық	0	0	0
абдыхан	0	0	0
абдыханов	0	0	0
абдығали	0	0	0
абдықадыр	0	0	0
абдықалық	0	0	0
абдірахман	0	0	0
абеев	0	0	0
абеков	0	0	0
абельдинов	0	0	0
абетаев	0	0	0
абжалиев	0	0	0
абжапаров	0	0	0
абжапбаров	0	0	0
абжаппаров	0	0	0
абзалбек	0	0	0
абзалбеков	0	0	0
абзалхан	0	0	0
абзалұлы	0	0	0
абиба	0	0	0
абижанов	0	0	0
абилбеков	0	0	0
абилгазиев	0	0	0
абилгазин	0	0	0
абилгазы	0	0	0
абилдин	0	0	0
абилжанов	0	0	0
абилкаир	0	0	0
абилкаиров	0	0	0
абилкасим	0	0	0
абилкасимов	0	0	0
абилкасов	0	0	0
абилкасым	0	0	0
абилкасымов	0	0	0
абилмажинов	0	0	0
абилмансур	0	0	0
абилсеит	0	0	0
абилсейт	0	0	0
абилхаир	0	0	0
абилхаиров	0	0	0
абилхайр	0	0	0
абилхайров	0	0	0
абилхасим	0	0	0
абилхасым	0	0	0
абиль	0	0	0
абильбеков	0	0	0
абильдаев	0	0	0
абильдин	0	0	0
абильдинов	0	0	0
абильмажинов	0	0	0
абильмансур	0	0	0
абильтаев	0	0	0
абильхаир	0	0	0
абильхан	0	0	0
абильханов	0	0	0
абинур	0	0	0
абинұр	0	0	0
абира	0	0	0
абитаев	0	0	0
абиханов	0	0	0
аблаев	0	0	0
аблай	0	0	0
аблайхан	0	0	0
аблахат	0	0	0
абраев	0	0	0
абраимов	0	0	0
абралиев	0	0	0
аброр	0	0	0
абсалямов	0	0	0
абсамат	0	0	0
абсаматов	0	0	0
абсатаров	0	0	0
абсатов	0	0	0
абсеитов	0	0	0
абубакиров	0	0	0
абубакр	0	0	0
абубакір	0	0	0
абубәкір	0	0	0
абуев	0	0	0
абулгазин	0	0	0
абулкаиров	0	0	0
абулов	0	0	0
абулхаир	0	0	0
абулхаиров	0	0	0
абулхайр	0	0	0
абулхайров	0	0	0
абулханов	0	0	0
абумансур	0	0	0
абумансұр	0	0	0
абуталипов	0	0	0
абухайыр	0	0	0
абухан	0	0	0
абылайұлы	0	0	0
абылгазин	0	0	0
абылгазинов	0	0	0
абылкаир	0	0	0
абылкаиров	0	0	0
абылкасимов	0	0	0
абылкасов	0	0	0
абыллаев	0	0	0
абылов	0	0	0
абылхаир	0	0	0
абылхан	0	0	0
абылханов	0	0	0
абылқасым	0	0	0
абыханов	0	0	0
абышев	0	0	0
абілмансур	0	0	0
абілмансұр	0	0	0
авезов	0	0	0
авенсис	0	0	0
авербухтың	0	0	0
авлияров	0	0	0
агадил	0	0	0
агадилов	0	0	0
агайдаров	0	0	0
агбай	0	0	0
агерке	0	0	0
агзамов	0	0	0
агзия	0	0	0
агибаев	0	0	0
агибай	0	0	0
агиля	0	0	0
агира	0	0	0
агис	0	0	0
агисов	0	0	0
агитаев	0	0	0
аглес	0	0	0
агния	0	0	0
агнур	0	0	0
агро	0	1	1
агробизнес	0	0	0
агроинженер	0	0	0
агропаристек	0	0	0
агрыс	0	0	0
агубаев	0	0	0
агырыс	0	0	0
адаев	0	0	0
адайбаев	0	0	0
адайбай	0	0	0
адайбеков	0	0	0
адайхан	0	0	0
адалбек	0	0	0
адалин	0	0	0
адалят	0	0	0
адамов	0	0	0
адаспаева	0	0	0
адел	0	0	0
адели	0	0	0
аделина	0	0	0
аделина	0	0	0
аделия	0	0	0
адель	0	0	0
адель	0	0	0
адельхан	0	0	0
аделья	0	0	0
аделя	0	0	0
адема	0	0	0
адемай	0	0	0
адемау	0	0	0
адемы	0	0	0
адемі	0	0	0
аденов	0	0	0
адешов	0	0	0
адиа	0	0	0
адиана	0	0	0
адиат	0	0	0
адиба	0	0	0
адиев	0	0	0
адиет	0	0	0
адиетов	0	0	0
адилгазы	0	0	0
адилгали	0	0	0
адилжанов	0	0	0
адилия	0	0	0
адилкан	0	0	0
адильбаев	0	0	0
адильбай	0	0	0
адильбек	0	0	0
адильбеков	0	0	0
адильжан	0	0	0
адильжанов	0	0	0
адильхан	0	0	0
адильханов	0	0	0
адилья	0	0	0
адиля	0	0	0
адилям	0	0	0
адима	0	0	0
адинай	0	0	0
адинұр	0	0	0
адихан	0	0	0
адиша	0	1	1
адишев	0	0	0
адияр	0	0	0
адият	0	0	0
адлан	0	0	0
адлен	0	0	0
адлет	0	0	0
адылбек	0	0	0
адылбеков	0	0	0
адылгазы	0	0	0
адылет	0	0	0
адылжан	0	0	0
адылкан	0	0	0
адылов	0	0	0
адылхан	0	0	0
адылханов	0	0	0
адыль	0	0	0
адыльбек	0	0	0
адырбаев	0	0	0
адырбек	0	0	0
адэлина	0	0	0
адэлия	0	0	0
адэль	0	0	0
адэля	0	0	0
адэма	0	0	0
аділ	0	0	0
аділбек	0	0	0
аділет	0	0	0
аділжан	0	0	0
аділхан	0	0	0
ажара	0	0	0
ажаргул	0	0	0
ажаргуль	0	0	0
ажаргүл	0	0	0
ажаркул	0	0	0
ажаркуль	0	0	0
ажарлым	0	6	1
ажгалиев	0	0	0
ажигалиев	0	0	0
ажигулов	0	0	0
ажикенов	0	0	0
ажимов	0	0	0
ажиханов	0	0	0
ажмуратов	0	0	0
азаматов	0	0	0
азаматтарға	0	20	2
азаматұлы	0	0	0
азанбаев	0	0	0
азанов	0	0	0
азатбек	0	0	0
азатов	0	0	0
азатхан	0	0	0
азатұлы	0	0	0
азбаев	0	0	0
азель	0	0	0
азеля	0	0	0
азизат	0	0	0
азизбек	0	0	0
азизжан	0	0	0
азила	0	0	0
азильхан	0	0	0
азимбеков	0	0	0
азимкулов	0	0	0
азина	0	0	0
азира	0	0	0
азнабаев	0	0	0
азретханов	0	0	0
азэль	0	0	0
аибек	0	0	0
аигерим	0	0	0
аигерім	0	0	0
аигул	0	0	0
аигуль	0	0	0
аидана	0	0	0
аидар	0	0	0
аидос	0	0	0
аидын	0	0	0
аижан	0	0	0
аиза	0	0	0
аизада	0	0	0
аиида	0	0	0
аииша	0	0	0
аийда	0	0	0
аийша	0	0	0
аикерим	0	0	0
аилин	0	0	0
аима	0	0	0
аиман	0	0	0
аимбетов	0	0	0
аимгуль	0	0	0
аимжан	0	0	0
аимкуль	0	0	0
аимхан	0	0	0
аина	0	0	0
аинагуль	0	0	0
аинур	0	0	0
аипов	0	0	0
аиса	0	0	0
аисулу	0	0	0
аитбаев	0	0	0
аитбай	0	0	0
аитов	0	0	0
аиша	0	0	0
аиым	0	0	0
айала	0	0	0
айана	0	0	0
айанат	0	0	0
айару	0	0	0
айарыс	0	0	0
айасыл	0	0	0
айаулым	0	0	0
айбану	0	0	0
айбаров	0	0	0
айбархан	0	0	0
айбаршин	0	0	0
айбаршын	0	0	0
айбарыс	0	0	0
айбарұлы	0	0	0
айбарұлы	0	0	0
айбатыр	0	0	0
айбегім	0	0	0
айбеков	0	0	0
айбекұлы	0	0	0
айбиби	0	0	0
айболатов	0	0	0
айболатұлы	0	0	0
айболган	0	0	0
айболсын	0	0	0
айболған	0	0	0
айболұлы	0	0	0
айбопе	0	0	0
айбота	0	0	0
айбуби	0	0	0
айбулат	0	0	0
айбулатов	0	0	0
айбұлан	0	0	0
айбөбек	0	0	0
айбөпе	0	0	0
айвар	0	0	0
айгазы	0	0	0
айгалиев	0	0	0
айгараев	0	0	0
айгерем	0	0	0
айгерм	0	0	0
айгерым	0	0	0
айгерім	0	0	0
айгирим	0	0	0
айгуля	0	0	0
айгүлім	0	0	0
айдабулов	0	0	0
айдамир	0	0	0
айдапкелов	0	0	0
айдара	0	0	0
айдаралиев	0	0	0
айдарбай	0	0	0
айдарбекұлы	0	0	0
айдария	0	0	0
айдаркулов	0	0	0
айдаркуль	0	0	0
айдарханов	0	0	0
айдарханұлы	0	0	0
айдарұлы	0	0	0
айдаулет	0	0	0
айджан	0	0	0
айдидар	0	0	0
айдин	0	0	0
айдина	0	0	0
айдосов	0	0	0
айдосұлы	0	0	0
айдынай	0	0	0
айдынбаев	0	0	0
айдынбек	0	0	0
айдынгалиев	0	0	0
айдынгул	0	0	0
айдынгуль	0	0	0
айдынгүл	0	0	0
айдынов	0	0	0
айдынұлы	0	0	0
айдәулет	0	0	0
айерке	0	0	0
айеркем	0	0	0
айжана	0	0	0
айжанар	0	0	0
айжанат	0	0	0
айжаным	0	0	0
айжариков	0	0	0
айжаркин	0	0	0
айжас	0	0	0
айжібек	0	0	0
айжігіт	0	0	0
айжүрек	0	0	0
айжұлдыз	0	0	0
айза	0	0	0
айзана	0	0	0
айзар	0	0	0
айзара	0	0	0
айзере	0	0	0
айзерек	0	0	0
айзиба	0	0	0
айзира	0	0	0
айзия	0	0	0
айида	0	0	0
айиша	0	0	0
айкенже	0	0	0
айкербез	0	0	0
айкерим	0	0	0
айкерім	0	0	0
айкимбаев	0	0	0
айкуль	0	0	0
айкумус	0	0	0
айкумыс	0	0	0
айкун	0	0	0
айкуним	0	0	0
айкуркем	0	0	0
айкүн	0	0	0
айкүнім	0	0	0
айкөркем	0	0	0
айлара	0	0	0
айлен	0	1	1
айли	0	0	0
айлин	0	0	0
айлина	0	0	0
айлита	0	0	0
айлу	0	0	0
айлун	0	0	0
айлуна	0	0	0
аймагуль	0	0	0
аймаков	0	0	0
айманай	0	0	0
айманбетов	0	0	0
аймангул	0	0	0
аймангуль	0	0	0
айманкуль	0	0	0
аймара	0	0	0
аймарал	0	0	0
аймат	0	0	0
аймахан	0	0	0
аймаханов	0	0	0
аймағамбетов	0	0	0
аймбетов	0	0	0
аймгул	0	0	0
аймгуль	0	0	0
аймекен	0	0	0
айменов	0	0	0
аймерей	0	0	0
аймерек	0	0	0
аймереке	0	0	0
аймжан	0	0	0
аймира	0	0	0
аймкул	0	0	0
аймкуль	0	0	0
аймон	0	0	0
аймуратов	0	0	0
аймурза	0	0	0
аймурзаев	0	0	0
аймурзин	0	0	0
аймухамбетов	0	0	0
аймуханбетов	0	0	0
аймуханов	0	0	0
аймхан	0	0	0
аймұхаммед	0	0	0
аймөлдір	0	0	0
айнабаев	0	0	0
айнагуль	0	0	0
айнаддин	0	0	0
айнадин	0	0	0
айназ	0	0	0
айназаров	0	0	0
айназия	0	0	0
айназым	0	0	0
айнакуль	0	0	0
айнакыз	0	0	0
айнакүл	0	0	0
айнамгуль	0	0	0
айнар	0	0	0
айнара	0	0	0
айнат	0	0	0
айнахан	0	0	0
айнақұлов	0	0	0
айнеков	0	0	0
айнел	0	0	0
айнель	0	0	0
айнеля	0	0	0
айниса	0	0	0
айнияз	0	0	0
айнуддин	0	0	0
айнура	0	0	0
айныкша	0	0	0
айнэль	0	0	0
айнүр	0	0	0
айнұра	0	0	0
айнәзік	0	0	0
айпарша	0	0	0
айпаршын	0	0	0
айпатша	0	0	0
айпери	0	0	0
айрат	0	0	0
айри	0	0	0
айриза	0	0	0
айрин	0	0	0
айрина	0	0	0
айрис	0	0	0
айсагалиев	0	0	0
айсаев	0	0	0
айсамал	0	0	0
айсана	0	0	0
айсанам	0	0	0
айсанат	0	0	0
айсанем	0	0	0
айсанов	0	0	0
айсапар	0	0	0
айсар	0	0	0
айсара	0	0	0
айсафи	0	0	0
айсая	0	0	0
айсезим	0	0	0
айсезім	0	0	0
айсел	0	0	0
айсель	0	0	0
айсенов	0	0	0
айсенім	0	0	0
айсер	0	0	0
айсері	0	0	0
айсерік	0	0	0
айсин	0	0	0
айслу	0	0	0
айсу	0	0	0
айсулув	0	0	0
айсулыу	0	0	0
айсун	0	0	0
айсуна	0	0	0
айсылу	0	0	0
айсымбат	0	0	0
айсұлтан	0	0	0
айсұлтан	0	0	0
айсәнім	0	0	0
айталиев	0	0	0
айтанов	0	0	0
айтбаева	0	0	0
айтбайұлы	0	0	0
айтбайұлы	0	0	0
айтбала	0	0	0
айтбеков	0	0	0
айтбиби	0	0	0
айтбике	0	0	0
айтболат	0	0	0
айтбуби	0	0	0
айтгуль	0	0	0
айтгүл	0	0	0
айтеев	0	0	0
айтеков	0	0	0
айтемир	0	0	0
айтемір	0	0	0
айтенов	0	0	0
айтжамал	0	0	0
айтжанұлы	0	0	0
айтимбетов	0	0	0
айтимов	0	0	0
айтказинов	0	0	0
айткайша	0	0	0
айткалий	0	0	0
айткамал	0	0	0
айткенов	0	0	0
айткужин	0	0	0
айткужинов	0	0	0
айткуль	0	0	0
айтмахан	0	0	0
айтмаханов	0	0	0
айтмағамбет	0	0	0
айтмағанбет	0	0	0
айтмуратов	0	0	0
айтмурзаев	0	0	0
айтмухамбетов	0	0	0
айтмухамет	0	0	0
айтмухан	0	0	0
айтмуханбетов	0	0	0
айтмуханов	0	0	0
айтмырза	0	0	0
айтмұрат	0	0	0
айтмұхамбетұлы	0	0	0
айтмұхамед	0	0	0
айтмұхаммед	0	0	0
айтмұхаммед	0	0	0
айтмұханбетұлы	0	0	0
айтов	0	0	0
айтолган	0	0	0
айтолсын	0	0	0
айтолхын	0	0	0
айтолған	0	0	0
айтпаев	0	0	0
айтпайұлы	0	0	0
айтпек	0	0	0
айтуаров	0	0	0
айтуов	0	0	0
айтуреев	0	0	0
айтуғанов	0	0	0
айтуғановтың	0	0	0
айтхан	0	0	0
айтхожин	0	0	0
айтчанов	0	0	0
айтымбетов	0	0	0
айтымов	0	0	0
айтышев	0	0	0
айтқазин	0	0	0
айтқалиев	0	0	0
айтұмар	0	0	0
айтөре	0	0	0
айфара	0	0	0
айхан	0	0	0
айханша	0	0	0
айханым	0	0	0
айхат	0	0	0
айшабибі	0	0	0
айшагул	0	0	0
айшагуль	0	0	0
айшагүл	0	0	0
айшажан	0	0	0
айшайым	0	0	0
айшакуль	0	0	0
айшанұр	0	0	0
айшат	0	0	0
айшахан	0	0	0
айше	0	0	0
айымай	0	0	0
айымбетов	0	0	0
айымгуль	0	0	0
айымкуль	0	0	0
айымкүл	0	0	0
айымнұр	0	0	0
айымторы	0	0	0
айымхан	0	0	0
айюб	0	0	0
айяжан	0	0	0
айяна	0	0	0
айяулым	0	0	0
айқаным	0	0	0
айқаракөз	0	0	0
айқынұлы	0	0	0
айәділ	0	0	0
айәсем	0	0	0
акадил	0	0	0
акажанов	0	0	0
акашев	0	0	0
акбалаев	0	0	0
акбарали	0	0	0
акбаров	0	0	0
акбергенов	0	0	0
акблек	0	0	0
акбубек	0	0	0
акбулат	0	0	0
акбулатов	0	0	0
акбупе	0	0	0
акгулим	0	0	0
акгуль	0	0	0
акдана	0	0	0
акжанар	0	0	0
акжанат	0	0	0
акжаркин	0	0	0
акжигитов	0	0	0
акжунис	0	0	0
акжунус	0	0	0
акзада	0	0	0
акзам	0	0	0
акзере	0	0	0
акзиба	0	0	0
акзила	0	0	0
акзия	0	0	0
акзияш	0	0	0
акибаев	0	0	0
акижанов	0	0	0
акилбаев	0	0	0
акилбай	0	0	0
акилбек	0	0	0
акилбеков	0	0	0
акилгек	0	0	0
акилов	0	0	0
акильбеков	0	0	0
акимбеков	0	0	0
акимханов	0	0	0
акихито	0	0	0
акишев	0	0	0
аккагаз	0	0	0
аккайша	0	0	0
аккалиев	0	0	0
аккошкаров	0	0	0
аккулиев	0	0	0
аккулов	0	0	0
аккуль	0	0	0
аккумис	0	0	0
аккумыс	0	0	0
аклбек	0	0	0
акмагамбетов	0	0	0
акмаганбетов	0	0	0
акмаль	0	0	0
акманат	0	0	0
акмерей	0	0	0
акмолдаев	0	0	0
акмолдир	0	0	0
акмурзин	0	0	0
акпанбаев	0	0	0
акпаров	0	0	0
акрамов	0	0	0
акрыс	0	0	0
аксакалов	0	0	0
аксана	0	0	0
аксезим	0	0	0
акслу	0	0	0
аксуйрик	0	0	0
аксултан	0	0	0
аксункар	0	0	0
аксымбат	0	0	0
актенге	0	0	0
актлек	0	0	0
актолкин	0	0	0
акулов	0	0	0
акшагуль	0	0	0
акшакул	0	0	0
акшакуль	0	0	0
акшулаков	0	0	0
акыбаев	0	0	0
акылов	0	0	0
акылтай	0	0	0
алагузов	0	0	0
алайдаров	0	0	0
алайя	0	0	0
аламгир	0	0	0
алана	0	1	1
алашбаев	0	0	0
албина	0	0	0
алгабек	0	0	0
алгазиев	0	0	0
алгазин	0	0	0
алгалиев	0	0	0
алдабаев	0	0	0
алдабеков	0	0	0
алдабергенұлы	0	0	0
алдажанов	0	0	0
алдажар	0	0	0
алдамбергенов	0	0	0
алдамжар	0	0	0
алдамжаров	0	0	0
алдамуратов	0	0	0
алданазаров	0	0	0
алдангаров	0	0	0
алданиязов	0	0	0
алданов	0	0	0
алдашев	0	0	0
алдашов	0	0	0
алдиар	0	0	0
алдибаев	0	0	0
алдонғаров	0	0	0
алдоңғаров	0	0	0
алдунгаров	0	0	0
алдыбаев	0	0	0
алевтина	0	0	0
алекеев	0	0	0
алекенов	0	0	0
алема	0	0	0
алемгуль	0	0	0
алемжан	0	0	0
алемхан	0	0	0
алеся	0	0	0
алеся	0	0	0
алжанбаев	0	0	0
алиакбар	0	0	0
алиакбаров	0	0	0
алиана	0	0	0
алиар	0	0	0
алиасқар	0	0	0
алиахмет	0	0	0
алибаба	0	0	0
алибекұлы	0	0	0
алигебай	0	0	0
алида	0	0	0
алидар	0	0	0
алижанов	0	0	0
алий	0	0	0
алика	0	0	0
аликеев	0	0	0
аликул	0	0	0
аликулов	0	0	0
алила	0	0	0
алимансур	0	0	0
алимансұр	0	0	0
алимардан	0	0	0
алимгазин	0	0	0
алимгазы	0	0	0
алимгер	0	0	0
алимкул	0	0	0
алимкулов	0	0	0
алимурат	0	0	0
алимуса	0	0	0
алимханов	0	0	0
алиназ	0	0	0
алиназар	0	0	0
алинар	0	0	0
алинов	0	0	0
алинур	0	0	0
алинура	0	0	0
алинұр	0	0	0
алипбеков	0	0	0
алипкалиев	0	0	0
алипов	0	0	0
алира	0	0	0
алисултан	0	0	0
алисұлтан	0	0	0
алиханов	0	0	0
алиханұлы	0	0	0
алиша	0	0	0
алишах	0	0	0
алишеров	0	0	0
алишерұлы	0	0	0
алишов	0	0	0
алиякбаров	0	0	0
алияна	0	0	0
алияр	0	0	0
алкеев	0	0	0
алкенов	0	0	0
аллаберген	0	0	0
аллабергенов	0	0	0
аллажар	0	0	0
алламберген	0	0	0
алламбергенов	0	0	0
алланазаров	0	0	0
алланиязов	0	0	0
алмабаев	0	0	0
алмазбек	0	0	0
алмазбек	0	0	0
алмазхан	0	0	0
алмазұлы	0	0	0
алмакуль	0	0	0
алмакүл	0	0	0
алманиязов	0	0	0
алманов	0	0	0
алмара	0	0	0
алмасбай	0	0	0
алмасбеков	0	0	0
алмасбекұлы	0	0	0
алмасов	0	0	0
алмасхан	0	0	0
алматбек	0	0	0
алматылық	0	4	1
алматылықтарды	0	1	1
алматұлы	0	0	0
алмаханов	0	0	0
алмахов	0	0	0
алмашев	0	0	0
алмағанбетов	0	0	0
алмухан	0	0	0
алмуханов	0	0	0
алнур	0	0	0
алнұр	0	0	0
аловатов	0	0	0
алпамысов	0	0	0
алпамысұлы	0	0	0
алпанов	0	0	0
алпысбек	0	0	0
алпысбеков	0	0	0
алпысов	0	0	0
алпысов	0	0	0
алпыспаев	0	0	0
алпыспай	0	0	0
алсеитов	0	0	0
алсейтов	0	0	0
алстоммен	0	0	0
алтаир	0	0	0
алтайбаев	0	0	0
алтайбек	0	0	0
алтайұлы	0	0	0
алтанбек	0	0	0
алтангул	0	0	0
алтеев	0	0	0
алтенов	0	0	0
алтин	0	1	1
алтинай	0	0	0
алтинбек	0	0	0
алтнай	0	0	0
алтыбаев	0	0	0
алтымбек	0	0	0
алтынарай	0	0	0
алтынбай	0	0	0
алтынбала	0	0	0
алтынбекұлы	0	0	0
алтынбике	0	0	0
алтынгазы	0	0	0
алтынганым	0	0	0
алтынгуль	0	0	0
алтынжан	0	0	0
алтынзер	0	0	0
алтынкуль	0	0	0
алтынкыз	0	0	0
алтынов	0	0	0
алтынсара	0	0	0
алтынтас	0	0	0
алтынхан	0	0	0
алтынчаш	0	0	0
алтықұлақтағы	0	0	0
алханов	0	0	0
алшакуль	0	0	0
алшанов	0	0	0
алшер	0	0	0
алшимбаев	0	0	0
алшинбаев	0	0	0
алшынбаев	0	0	0
алшынбаев	0	0	0
алшынбек	0	0	0
алыбаев	0	0	0
алыбек	0	0	0
алымжан	0	0	0
альазиз	0	0	0
альбек	0	0	0
альбеков	0	0	0
альби	0	0	0
альвина	0	0	0
альвира	0	0	0
альдаир	0	0	0
альдина	0	0	0
альдияр	0	0	0
альжан	0	0	0
альжанов	0	0	0
альжапаров	0	0	0
альзара	0	0	0
альзира	0	0	0
алькеев	0	0	0
алькен	0	0	0
алькенов	0	0	0
альмагамбетов	0	0	0
альмаганбетов	0	0	0
альмади	0	0	0
альмансур	0	0	0
альмансұр	0	0	0
альмара	0	0	0
альмахан	0	0	0
альмаханов	0	0	0
альменов	0	0	0
альмина	0	0	0
альмир	0	0	0
альмира	0	0	0
альмурат	0	0	0
альмуратов	0	0	0
альмухамбетов	0	0	0
альмухамед	0	0	0
альмухамедов	0	0	0
альмухаммед	0	0	0
альмухан	0	0	0
альмуханов	0	0	0
альназар	0	0	0
альнур	0	0	0
альнура	0	0	0
альнұр	0	0	0
альпеисов	0	0	0
альпеш	0	0	0
альпиев	0	0	0
альпия	0	0	0
альрами	0	0	0
альсара	0	0	0
альсеит	0	0	0
альсеитов	0	0	0
альтаев	0	0	0
альтаир	0	0	0
альтайр	0	0	0
альтайыр	0	0	0
альтемир	0	0	0
альфараби	0	0	0
альфина	0	0	0
альфинур	0	0	0
альфира	0	0	0
альфия	0	0	0
альхам	0	0	0
альхан	0	0	0
альханов	0	0	0
алья	0	0	0
альяна	0	0	0
алёна	0	0	0
алёна	0	0	0
алібек	0	0	0
алішер	0	0	0
алғабек	0	0	0
алқар	0	0	0
амалбек	0	0	0
амалбек	0	0	0
амалбеков	0	0	0
амалхан	0	0	0
амаль	0	0	0
аманай	0	0	0
аманбайұлы	0	0	0
аманбала	0	0	0
аманбеков	0	0	0
аманбекұлы	0	0	0
аманбиби	0	0	0
аманбике	0	0	0
аманбол	0	0	0
амангазы	0	0	0
амангайша	0	0	0
амангалий	0	0	0
амангелдиев	0	0	0
амангелдин	0	0	0
амангелдинов	0	0	0
амангелды	0	0	0
амангельди	0	0	0
амангельдиев	0	0	0
амангельдин	0	0	0
амангельдинов	0	0	0
амангельды	0	0	0
амангельдыев	0	0	0
амангельді	0	0	0
амангильды	0	0	0
амангос	0	0	0
амангосов	0	0	0
амангуль	0	0	0
амандықов	0	0	0
амандықұлы	0	0	0
аманер	0	0	0
аманжанов	0	0	0
аманжолұлы	0	0	0
аманжулов	0	0	0
амани	0	0	0
аманияз	0	0	0
аманкелдиев	0	0	0
аманкелды	0	0	0
аманкелдіұлы	0	0	0
аманкельди	0	0	0
аманкельды	0	0	0
аманкосов	0	0	0
аманкуль	0	0	0
аманкыз	0	0	0
амано	0	0	0
аманоға	0	0	0
амантаев	0	0	0
амантаевич	0	0	0
амантайұлы	0	0	0
амантұрлы	0	0	0
аманхан	0	0	0
аманша	0	0	0
аманшиев	0	0	0
аманшин	0	0	0
аманшин	0	0	0
аманғазы	0	0	0
аманғалиевке	0	0	0
аманғалиұлы	0	0	0
аманғос	0	0	0
аманғосов	0	0	0
аманқос	0	0	0
аманқосов	0	0	0
аманқосұлы	0	0	0
аманқыз	0	0	0
аманқұлов	0	0	0
аманұлы	0	0	0
амелина	0	0	0
аменов	0	0	0
амержанов	0	0	0
амерхан	0	0	0
амерханов	0	0	0
амзеев	0	0	0
амида	0	0	0
амила	0	0	0
амилия	0	0	0
амиль	0	0	0
амиля	0	0	0
аминаш	0	0	0
амирали	0	0	0
амиралиев	0	0	0
амиран	0	0	0
амирбаев	0	0	0
амиргазин	0	0	0
амиргали	0	0	0
амиргалиев	0	0	0
амиркулов	0	0	0
амирлан	0	0	0
амиртаев	0	0	0
амитов	0	0	0
амраев	0	0	0
амраев	0	0	0
амреев	0	0	0
амреев	0	0	0
амренов	0	0	0
амрин	0	0	0
амірхан	0	0	0
анадолу	0	0	0
анаис	0	0	0
анако	0	0	0
анапин	0	0	0
анапияев	0	0	0
анапьянов	0	0	0
анара	0	0	0
анарай	0	0	0
анарбаев	0	0	0
анарбеков	0	0	0
анарбекұлы	0	0	0
анаргуль	0	0	0
анаркулов	0	0	0
анаркуль	0	0	0
анаров	0	0	0
анархан	0	0	0
анарқұл	0	0	0
анафин	0	0	0
анаят	0	0	0
анварбек	0	0	0
анваров	0	0	0
андабаев	0	0	0
андагулов	0	0	0
андакулов	0	0	0
андасов	0	0	0
анджей	0	0	0
анджела	0	0	0
андиров	0	0	0
андосов	0	0	0
андриевский	0	0	0
анелия	0	0	0
анель	0	0	0
анелья	0	0	0
анеля	0	0	0
анже	0	0	0
анжелика	0	0	0
анжелина	0	0	0
анжелла	0	0	0
анзор	0	0	0
анида	0	0	0
аниза	0	0	0
анизат	0	0	0
анира	0	0	0
анисов	0	0	0
анифа	0	0	0
аниша	0	0	0
аният	0	0	0
анламасов	0	0	0
аннель	0	0	0
анниса	0	0	0
анор	0	0	0
анора	0	0	0
аноскин	0	0	0
ансабаев	0	0	0
ансара	0	0	0
ансатбай	0	0	0
ансаған	0	1	1
антаев	0	0	0
анталия	0	0	0
антикор	0	0	0
антонида	0	0	0
антониу	0	0	0
ануарбеков	0	0	0
ануарбекұлы	0	0	0
ануаров	0	0	0
ануарұлы	0	0	0
ануза	0	0	0
аньхой	0	0	0
анэль	0	0	0
анэля	0	0	0
апенов	0	0	0
апиза	0	0	0
аппаз	0	0	0
аппазов	0	0	0
аппасов	0	0	0
апсалямов	0	0	0
арабиясын	0	0	0
арабиясына	0	0	0
араилым	0	0	0
арайбек	0	0	0
арайгул	0	0	0
арайгуль	0	0	0
арайгүл	0	0	0
арайжан	0	0	0
арайлим	0	0	0
арайым	0	2	1
аралбек	0	0	0
аралбеков	0	0	0
аралов	0	0	0
аралхан	0	0	0
арапбаев	0	0	0
арапбай	0	0	0
арапбек	0	0	0
арбатта	0	0	0
арген	0	0	0
аргимбаев	0	0	0
аргинбаев	0	0	0
ардабаев	0	0	0
ардабек	0	0	0
ардаби	0	0	0
ардавичустың	0	0	0
ардавичусқа	0	0	0
ардагерлерді	0	0	0
ардагул	0	0	0
ардагуль	0	0	0
ардана	0	0	0
ардах	0	0	0
ардақұлы	0	0	0
аренада	0	6	4
аренов	0	0	0
аржан	0	0	0
арзанкуль	0	0	0
арзигул	0	0	0
арзигуль	0	0	0
арзыгуль	0	0	0
арзыгүл	0	0	0
арзыкулов	0	0	0
арзымбетов	0	0	0
ариадна	0	0	0
арианна	0	0	0
ариза	0	0	0
арилана	0	0	0
ариман	0	0	0
ариназ	0	0	0
аринов	0	0	0
арипбаев	0	0	0
арипжанов	0	0	0
аристанов	0	0	0
арияна	0	0	0
аркенов	0	0	0
арлен	0	0	0
армана	0	0	0
арманай	0	0	0
арманбек	0	0	0
армангул	0	0	0
армангуль	0	0	0
армангүл	0	0	0
арманжан	0	0	0
арманұлы	0	0	0
армат	0	0	0
арменияға	0	0	0
армин	0	0	0
армина	0	0	0
арнагул	0	0	0
арнагуль	0	0	0
арнагүл	0	0	0
аронов	0	0	0
арселормиттал	0	0	0
арсланбек	0	0	0
арстан	0	0	0
арстанбек	0	0	0
арстанов	0	0	0
арсылан	0	0	0
артемий	0	0	0
артикбаев	0	0	0
артурұлы	0	0	0
артыков	0	0	0
артём	0	0	0
артём	0	0	0
аруа	0	0	0
аруай	0	0	0
аруан	0	0	0
аругүл	0	0	0
аружан	0	0	0
аружан	0	0	0
аруза	0	0	0
арузат	0	0	0
арулан	0	0	0
арун	0	0	0
аруна	0	0	0
аруназ	0	0	0
архабаев	0	0	0
архатұлы	0	0	0
аршабаев	0	0	0
аршабеков	0	0	0
аршагуль	0	0	0
аршалыдағы	0	0	0
арынбаев	0	0	0
арынбек	0	0	0
арынгазинов	0	0	0
арысбаев	0	0	0
арысбек	0	0	0
арысбеков	0	0	0
арысланбек	0	0	0
арысов	0	0	0
арыстанбаев	0	0	0
арыстанбеков	0	0	0
арыстангалиев	0	0	0
арыстанғали	0	0	0
арыстық	0	0	0
арықбай	0	0	0
арғынбай	0	0	0
арғынбек	0	0	0
арқабай	0	0	0
арқалықта	0	0	0
арқалықтағы	0	2	1
арқалыққа	0	4	1
арұлан	0	0	0
асабаев	0	0	0
асадбек	0	0	0
асадулла	0	0	0
асаев	0	0	0
асаин	0	0	0
асаинов	0	0	0
асалбек	0	0	0
асаль	0	0	0
асамбаев	0	0	0
асаналы	0	0	0
асанбаева	0	0	0
асанбеков	0	0	0
асангали	0	0	0
асангалиев	0	0	0
асанкулов	0	0	0
асанхан	0	0	0
асанханов	0	0	0
асанқызы	0	0	0
асанұлы	0	0	0
асанәли	0	0	0
асатбек	0	0	0
асатулла	0	0	0
асаубаев	0	0	0
асауов	0	0	0
асауов	0	0	0
асеан	0	0	0
аселай	0	0	0
аселия	0	0	0
асельхан	0	0	0
аселья	0	0	0
аселя	0	0	0
асема	0	0	0
асемай	0	0	0
асембаев	0	0	0
асембеков	0	0	0
асемгуль	0	0	0
асемгүл	0	0	0
асемжан	0	0	0
асемкуль	0	0	0
асемов	0	0	0
асетбек	0	0	0
асетов	0	0	0
асетхан	0	0	0
асетұлы	0	0	0
асида	0	0	0
асилай	0	0	0
асилбаев	0	0	0
асилбек	0	0	0
асилбеков	0	0	0
асилзат	0	0	0
асилов	0	0	0
асилханов	0	0	0
асильбек	0	0	0
асильбеков	0	0	0
асильхан	0	0	0
асиля	0	0	0
асимгуль	0	0	0
асинат	0	0	0
аскарали	0	0	0
аскарбаев	0	0	0
аскарбеков	0	0	0
аскербеков	0	0	0
аскеров	0	0	0
аскерхан	0	0	0
аслай	0	0	0
асламбек	0	0	0
асланбек	0	0	0
асланов	0	0	0
асланұлы	0	0	0
аслбек	0	0	0
аслима	0	0	0
аслия	0	0	0
аслы	0	1	1
асмағамбетова	0	0	0
асмет	0	0	0
асмина	0	0	0
асмир	0	0	0
асмира	0	0	0
аспандияров	0	0	0
ассель	0	0	0
ассоль	0	0	0
астанамызды	0	0	0
астанамыздың	0	1	1
астанамызға	0	0	0
астананы	0	5	1
астанов	0	0	0
астраханьға	0	0	0
асубаев	0	0	0
асубай	0	0	0
асулан	0	0	0
асфандияр	0	0	0
асфендияр	0	0	0
асхад	0	0	0
асхан	0	0	0
асхар	0	0	0
асхатов	0	0	0
асхатұлы	0	0	0
асылай	0	0	0
асылайым	0	0	0
асылан	0	0	0
асыланбек	0	0	0
асыланұлы	0	0	0
асыларман	0	0	0
асылбаев	0	0	0
асылбай	0	0	0
асылбекұлы	0	0	0
асылболат	0	0	0
асылгуль	0	0	0
асылжанұлы	0	0	0
асылкан	0	0	0
асылкул	0	0	0
асылкуль	0	0	0
асылмурат	0	0	0
асылмұрат	0	0	0
асылназ	0	0	0
асылнұр	0	0	0
асылтай	0	0	0
асылханов	0	0	0
асылханым	0	0	0
асылханұлы	0	0	0
асылханұлы	0	0	0
асқарбеков	0	0	0
асқарбекұлы	0	0	0
асқарұлы	0	0	0
асқатұлы	0	0	0
асұлан	0	0	0
атагулов	0	0	0
атаев	0	0	0
атайбеков	0	0	0
атамбаевты	0	0	0
атамбеков	0	0	0
атамкулов	0	0	0
атанбаев	0	0	0
ататүрікті	0	0	0
атауов	0	0	0
атахан	0	0	0
атаханов	0	0	0
аташев	0	0	0
аташов	0	0	0
атеев	0	0	0
атенов	0	0	0
атиев	0	0	0
атика	0	0	0
атиргул	0	0	0
атиргуль	0	0	0
атиркул	0	0	0
атиркуль	0	0	0
атраубаев	0	0	0
атчибаев	0	0	0
атымтаев	0	0	0
атыраудағы	0	0	0
атыраулық	0	0	0
атыраунефтемаш	0	0	0
атыркуль	0	0	0
аубакир	0	0	0
аубакиров	0	0	0
аубекеров	0	0	0
аугалиев	0	0	0
аугамбаев	0	0	0
ауганов	0	0	0
ауданбаев	0	0	0
ауданбай	0	0	0
ауданбек	0	0	0
ауди	0	0	0
ауезбаев	0	0	0
ауезбек	0	0	0
ауезханов	0	0	0
ауелов	0	0	0
ауельбек	0	0	0
ауельбеков	0	0	0
ауесбаев	0	0	0
ауесбек	0	0	0
ауесбеков	0	0	0
ауескуль	0	0	0
ауесханов	0	0	0
аужанов	0	0	0
аужанұлына	0	0	0
аукенов	0	0	0
аульбеков	0	0	0
аурика	0	0	0
ауталипов	0	0	0
аухадиев	0	0	0
аушахманов	0	0	0
ауэз	0	0	0
афинадан	0	0	0
афият	0	0	0
ахаев	0	0	0
ахаж	0	0	0
ахансери	0	0	0
ахантаев	0	0	0
ахатаев	0	0	0
ахатов	0	0	0
ахатіллә	0	0	0
ахатұлы	0	0	0
ахбаев	0	0	0
ахбота	0	0	0
ахерке	0	0	0
ахетов	0	0	0
ахжол	0	0	0
ахилбек	0	0	0
ахилбеков	0	0	0
ахлима	0	0	0
ахмадияр	0	0	0
ахманов	0	0	0
ахмарал	0	0	0
ахмат	0	0	0
ахмаханов	0	0	0
ахмедали	0	0	0
ахмеджан	0	0	0
ахмеджанов	0	0	0
ахмедиев	0	0	0
ахмедин	0	0	0
ахмедия	0	0	0
ахмедьянов	0	0	0
ахмедьяров	0	0	0
ахмеров	0	0	0
ахметалиев	0	0	0
ахметбаев	0	0	0
ахметжанова	0	0	0
ахметовке	0	0	0
ахметхан	0	0	0
ахметханов	0	0	0
ахметшәріп	0	0	0
ахметқалиев	0	0	0
ахметқызы	0	0	0
ахметұлы	0	0	0
ахметәли	0	0	0
ахметәлі	0	0	0
ахонов	0	0	0
ахтаев	0	0	0
ахтанова	0	0	0
ахтановқа	0	0	0
ахунов	0	0	0
ахылбек	0	0	0
ахылбеков	0	0	0
ахыска	0	0	0
ашикбаев	0	0	0
ашиков	0	0	0
ашимбеков	0	0	0
аширали	0	0	0
аширалиев	0	0	0
аширбаев	0	0	0
аширбеков	0	0	0
аширкул	0	0	0
аширкулов	0	0	0
аширкуль	0	0	0
ашкенов	0	0	0
аштаев	0	0	0
ашуов	0	0	0
ашықбай	0	0	0
аэлин	0	0	0
аэлина	0	0	0
аэлита	0	0	0
аэроэксперт	0	0	0
аюпов	0	0	0
аюпов	0	0	0
аябек	0	0	0
аягуз	0	0	0
аягуль	0	0	0
аягүл	0	0	0
аядиль	0	0	0
аяділ	0	0	0
аязбаев	0	0	0
аязбеков	0	0	0
аязов	0	0	0
аякуз	0	0	0
аялаға	0	0	0
аянай	0	0	0
аянат	0	0	0
аянбек	0	0	0
аянна	0	0	0
аянов	0	0	0
аянур	0	0	0
аянұлы	0	0	0
аянұр	0	0	0
аяпбергенов	0	0	0
аяпов	0	0	0
аяпова	0	0	0
аяри	0	0	0
аяру	0	0	0
аятбек	0	0	0
аятжан	0	0	0
аятов	0	0	0
аятулла	0	0	0
аятхан	0	0	0
аяшев	0	0	0
аяшов	0	0	0
ағабеков	0	0	0
ағаділ	0	0	0
ағайдар	0	0	0
ағжан	0	0	0
ағыбаев	0	0	0
ағыбаев	0	0	0
ағынтай	0	0	0
ақадыр	0	0	0
ақалтын	0	0	0
ақансері	0	0	0
ақару	0	0	0
ақарыс	0	0	0
ақатай	0	0	0
ақбергенов	0	0	0
ақбопе	0	0	0
ақгул	0	0	0
ақгүлім	0	0	0
ақдана	0	0	0
ақдаулет	0	0	0
ақдәулет	0	0	0
ақерке	0	0	0
ақеркем	0	0	0
ақжайна	0	0	0
ақжайнақ	0	0	0
ақжамал	0	0	0
ақжанат	0	0	0
ақжаров	0	0	0
ақжелен	0	0	0
ақжолұлы	0	0	0
ақзада	0	0	0
ақзат	0	1	1
ақзер	0	0	0
ақзере	0	0	0
ақзере	0	0	0
ақзира	0	0	0
ақзия	0	0	0
ақкент	0	0	0
ақкербез	0	0	0
ақкүміс	0	2	1
ақкөркем	0	0	0
ақманар	0	1	1
ақманат	0	0	0
ақмаржан	0	0	0
ақмаханов	0	0	0
ақмағамбетова	0	0	0
ақмедияр	0	0	0
ақмейір	0	0	0
ақмейірім	0	0	0
ақмелі	0	0	0
ақмерей	0	0	0
ақмолалық	0	2	1
ақмөлдір	0	0	0
ақмөр	0	0	0
ақназ	0	0	0
ақнур	0	0	0
ақнұр	0	0	0
ақнұр	0	0	0
ақнәзік	0	0	0
ақордадағы	0	0	0
ақордаға	0	0	0
ақсамал	0	0	0
ақсана	0	0	0
ақсауле	0	0	0
ақсая	0	0	0
ақсезім	0	0	0
ақсымбат	0	0	0
ақсындар	0	0	0
ақсұлтан	0	0	0
ақсұнқар	0	0	0
ақсәуле	0	0	0
ақсәуле	0	0	0
ақтаева	0	0	0
ақтаевтың	0	0	0
ақтанберді	0	0	0
ақтауда	0	0	0
ақтаудағы	0	0	0
ақтеп	0	0	0
ақтеңге	0	0	0
ақтолқын	0	0	0
ақтұмар	0	0	0
ақтөбені	0	0	0
ақтөре	0	0	0
ақшабаев	0	0	0
ақшуақ	0	0	0
ақшұқырдағы	0	0	0
ақшұқырға	0	0	0
ақылай	0	1	1
ақылбаев	0	0	0
ақылбекұлы	0	0	0
ақымғалиев	0	0	0
ақынбеков	0	0	0
аққали	0	0	0
ақұлпа	0	0	0
ақұштап	0	0	0
ақәділ	0	0	0
аңсарбек	0	0	0
аңсағаным	0	3	2
аңқауовтардың	0	0	0
бабаев	0	0	0
бабакулов	0	0	0
бабанов	0	0	0
бабасов	0	0	0
бабатаев	0	0	0
бабаханов	0	0	0
бабашов	0	0	0
бабыровтар	0	0	0
бавар	0	0	0
багдагуль	0	0	0
багдатбек	0	0	0
багдатов	0	0	0
багжамал	0	0	0
багиза	0	0	0
багиля	0	0	0
багира	0	0	0
багисов	0	0	0
багит	0	0	0
багитгуль	0	0	0
багитжамал	0	0	0
багитжан	0	0	0
багитжанов	0	0	0
багиткуль	0	0	0
багитов	0	0	0
багия	0	0	0
багланбек	0	0	0
багланов	0	0	0
баграмов	0	0	0
багтыгул	0	0	0
багытгуль	0	0	0
багытжамал	0	0	0
баданов	0	0	0
бадига	0	0	0
бадигуль	0	0	0
баекеев	0	0	0
баекенов	0	0	0
баекешов	0	0	0
баелов	0	0	0
баетов	0	0	0
баешев	0	0	0
баешов	0	0	0
бажанов	0	0	0
баженов	0	0	0
бажиев	0	0	0
бажиров	0	0	0
базарбайұлы	0	0	0
базарбек	0	0	0
базарбеков	0	0	0
базаргалиев	0	0	0
базаргул	0	0	0
базаргуль	0	0	0
базаркулов	0	0	0
базаркуль	0	0	0
базаркүл	0	0	0
базарханов	0	0	0
базарұлы	0	0	0
базилов	0	0	0
базиля	0	0	0
базылбеков	0	0	0
базылов	0	0	0
баимбетов	0	0	0
баиров	0	0	0
баисов	0	0	0
байбазаров	0	0	0
байбатшаев	0	0	0
байбатыров	0	0	0
байбеков	0	0	0
байбосинов	0	0	0
байбулат	0	0	0
байбулатов	0	0	0
байбулов	0	0	0
байбусинов	0	0	0
байва	0	0	0
байгабатов	0	0	0
байгабулов	0	0	0
байгазин	0	0	0
байгазинов	0	0	0
байгараев	0	0	0
байгарин	0	0	0
байгелов	0	0	0
байгенжин	0	0	0
байгереев	0	0	0
байгожаев	0	0	0
байгонов	0	0	0
байгонусов	0	0	0
байгужин	0	0	0
байгужинов	0	0	0
байгулов	0	0	0
байдавлетов	0	0	0
байдалин	0	0	0
байдалинов	0	0	0
байдаулетов	0	0	0
байдельдинов	0	0	0
байденов	0	0	0
байдильдаев	0	0	0
байдильдин	0	0	0
байдильдинов	0	0	0
байдрахманов	0	0	0
байдуанов	0	0	0
байдуйсенов	0	0	0
байдулла	0	0	0
байдуллаев	0	0	0
байдуллаев	0	0	0
байдуллин	0	0	0
байдусенов	0	0	0
байдыбек	0	0	0
байдюсенов	0	0	0
байдібек	0	0	0
байділдаев	0	0	0
байділдаев	0	0	0
байдүйсенова	0	0	0
байетбай	0	0	0
байжиенов	0	0	0
байжолдинова	0	0	0
байжумаев	0	0	0
байжұман	0	0	0
байзахов	0	0	0
байзолданова	0	0	0
байказаков	0	0	0
байканов	0	0	0
байкеев	0	0	0
байкелді	0	0	0
байкенже	0	0	0
байкенжеев	0	0	0
байкенжеліктердің	0	0	0
байларов	0	0	0
байлин	0	0	0
баймаканов	0	0	0
байманов	0	0	0
баймаханбет	0	0	0
баймаханбетов	0	0	0
баймбетов	0	0	0
байменшина	0	0	0
баймолдаев	0	0	0
баймолданов	0	0	0
баймолдин	0	0	0
баймукашев	0	0	0
баймулдин	0	0	0
баймулдинов	0	0	0
баймульдин	0	0	0
баймусаев	0	0	0
баймухамбетов	0	0	0
баймышев	0	0	0
баймұхамбет	0	0	0
баймұхан	0	0	0
баймұханов	0	0	0
баймұханов	0	0	0
байниязов	0	0	0
байнұр	0	0	0
байрамбай	0	0	0
байрамгул	0	0	0
байсакалов	0	0	0
байсаков	0	0	0
байсалбаев	0	0	0
байсалов	0	0	0
байсар	0	0	0
байсариев	0	0	0
байсаринов	0	0	0
байсбаев	0	0	0
байсеит	0	0	0
байсеитов	0	0	0
байсейт	0	0	0
байсейтов	0	0	0
байсенгиров	0	0	0
байсеркеев	0	0	0
байсмаков	0	0	0
байсов	0	0	0
байсултанов	0	0	0
байсымаков	0	0	0
байсынов	0	0	0
байтаков	0	0	0
байтанатов	0	0	0
байтанов	0	0	0
байтасов	0	0	0
байтасов	0	0	0
байтасовқа	0	0	0
байташев	0	0	0
байтелиев	0	0	0
байтемиров	0	0	0
байтиков	0	0	0
байтлеуов	0	0	0
байтуганов	0	0	0
байтугелов	0	0	0
байтуов	0	0	0
байтурганов	0	0	0
байтуреев	0	0	0
байтурин	0	0	0
байтуяков	0	0	0
байтөре	0	0	0
байузаков	0	0	0
байхадамов	0	0	0
байхан	0	0	0
байханов	0	0	0
байходжаев	0	0	0
байхожаев	0	0	0
байшолақов	0	0	0
байшуаков	0	0	0
байымбетов	0	0	0
байырбеков	0	0	0
байғабылұлы	0	0	0
байғазин	0	0	0
байғалиев	0	0	0
байғалиева	0	0	0
байғанов	0	0	0
байғарашев	0	0	0
байқоңырда	0	0	0
баканов	0	0	0
бакбаев	0	0	0
бакберди	0	0	0
бакдәулет	0	0	0
бакеев	0	0	0
бакешов	0	0	0
бакжамал	0	0	0
бакибаев	0	0	0
бакиров	0	0	0
бакит	0	0	0
бакитбек	0	0	0
бакитгул	0	0	0
бакитгуль	0	0	0
бакитжамал	0	0	0
бакитжан	0	0	0
бакитжанов	0	0	0
бакиткул	0	0	0
бакиткуль	0	0	0
бакитов	0	0	0
бакишев	0	0	0
бакнур	0	0	0
бактжан	0	0	0
бактибай	0	0	0
бактигали	0	0	0
бактигул	0	0	0
бактигуль	0	0	0
бактикамал	0	0	0
бактыбала	0	0	0
бактыгуль	0	0	0
бактыкул	0	0	0
бактыкуль	0	0	0
бакубаев	0	0	0
бакшагуль	0	0	0
бакытбай	0	0	0
бакытбеков	0	0	0
бакытгали	0	0	0
бакытгуль	0	0	0
бакытказы	0	0	0
бакыткайша	0	0	0
бакыткали	0	0	0
бакыткан	0	0	0
бакытканым	0	0	0
бакыткелди	0	0	0
бакыткелды	0	0	0
бакыткуль	0	0	0
бакытнур	0	0	0
балабаев	0	0	0
балабатыров	0	0	0
балабеков	0	0	0
балаби	0	0	0
балабиев	0	0	0
балакыз	0	0	0
балапанов	0	0	0
балатаев	0	0	0
балахметов	0	0	0
балбике	0	0	0
балбота	0	0	0
балгабеков	0	0	0
балгазин	0	0	0
балгазы	0	0	0
балгайша	0	0	0
балгерім	0	0	0
балгимбаев	0	0	0
балгожин	0	0	0
балгужин	0	0	0
балгул	0	0	0
балгуль	0	0	0
балгүл	0	0	0
балдана	0	0	0
балданай	0	0	0
балерке	0	0	0
балжанай	0	0	0
балжанов	0	0	0
балжибек	0	0	0
балзада	0	0	0
балзиба	0	0	0
балзира	0	0	0
балиев	0	0	0
балияш	0	0	0
балкенже	0	0	0
балкенов	0	0	0
балкерім	0	0	0
балкибаев	0	0	0
балкибеков	0	0	0
балкумыс	0	0	0
балкыбеков	0	0	0
балманов	0	0	0
балмаханов	0	0	0
балмағамбетова	0	0	0
балмекен	0	0	0
балмира	0	0	0
балназым	0	0	0
балнура	0	0	0
балнұр	0	0	0
балсара	0	0	0
балсая	0	0	0
балсезім	0	0	0
балсекер	0	0	0
балслу	0	0	0
балсұлу	0	0	0
балтабаев	0	0	0
балтабеков	0	0	0
балтагуль	0	0	0
балтакуль	0	0	0
балтакөлде	0	0	0
балташев	0	0	0
балтин	0	0	0
балуанов	0	0	0
балхадиша	0	0	0
балханым	0	0	0
балхия	0	0	0
балшакар	0	0	0
балымбетов	0	0	0
балымжан	0	0	0
балымша	0	0	0
балғынбек	0	0	0
бангкоктың	0	0	0
баннов	0	0	0
банура	0	0	0
бапаев	0	0	0
бапаев	0	0	0
бапанов	0	0	0
барадулиха	0	0	0
баракбаев	0	0	0
баратбаев	0	0	0
баратбек	0	0	0
баратов	0	0	0
барашки	0	0	0
бардо	0	0	0
бариев	0	0	0
баркова	0	0	0
барлыбаев	0	0	0
барлыбекқызы	0	0	0
барманбеков	0	0	0
барно	0	0	0
бартоғай	0	0	0
бархыт	0	0	0
баршагуль	0	0	0
баршакуль	0	0	0
барысбек	0	0	0
барысхан	0	0	0
басанов	0	0	0
басаров	0	0	0
басбаев	0	0	0
баспаков	0	0	0
бастарбек	0	0	0
бастаубаев	0	0	0
бастауда	0	0	0
басымбек	0	0	0
басқұдық	0	0	0
батагоз	0	0	0
батаев	0	0	0
батай	0	0	0
батанов	0	0	0
батба	0	0	0
батенов	0	0	0
батирбек	0	0	0
батирхан	0	0	0
батия	0	0	0
баткалов	0	0	0
баткен	0	0	0
батталов	0	0	0
батухан	0	0	0
батырали	0	0	0
батырбаев	0	0	0
батырбеков	0	0	0
батырбекова	0	0	0
батырбекұлы	0	0	0
батыргалиев	0	0	0
батырханұлы	0	0	0
батыршаев	0	0	0
батырғали	0	0	0
батысқазақстандық	0	0	0
батыш	0	0	0
баубеков	0	0	0
баужанов	0	0	0
бауиржан	0	0	0
баукенов	0	0	0
баукешевтер	0	0	0
бауман	0	0	0
баурджан	0	0	0
бауржан	0	0	0
бауржанов	0	0	0
бауржанұлы	0	0	0
бауржон	0	0	0
бауырбек	0	0	0
бауыржанов	0	0	0
бауыржанұлы	0	0	0
бауырхан	0	0	0
бахадир	0	0	0
бахадыр	0	0	0
бахаев	0	0	0
бахаргүл	0	0	0
бахатгул	0	0	0
бахберген	0	0	0
бахбергенов	0	0	0
бахдаулет	0	0	0
бахиев	0	0	0
бахитбек	0	0	0
бахитгул	0	0	0
бахитгуль	0	0	0
бахитжамал	0	0	0
бахитжан	0	0	0
бахитжанов	0	0	0
бахиткул	0	0	0
бахиткуль	0	0	0
бахитов	0	0	0
баходир	0	0	0
бахрам	0	0	0
бахрамов	0	0	0
бахром	0	0	0
бахт	0	9	1
бахтбек	0	0	0
бахтжамал	0	0	0
бахтжан	0	0	0
бахтжон	0	0	0
бахтиар	0	0	0
бахтибаев	0	0	0
бахтибай	0	0	0
бахтибек	0	0	0
бахтигул	0	0	0
бахтигуль	0	0	0
бахтиер	0	0	0
бахтияров	0	0	0
бахтиярұлы	0	0	0
бахтиёр	0	0	0
бахты	0	0	0
бахтыбаев	0	0	0
бахтыбай	0	0	0
бахтыбала	0	0	0
бахтыбек	0	0	0
бахтыгали	0	0	0
бахтыгереев	0	0	0
бахтыгерей	0	0	0
бахтыгул	0	0	0
бахтыгуль	0	0	0
бахтыгүл	0	0	0
бахтыкул	0	0	0
бахтыкуль	0	0	0
бахтылы	0	0	0
бахтыхан	0	0	0
бахтыяр	0	0	0
бахчан	0	0	0
бахытбай	0	0	0
бахытбек	0	0	0
бахытбеков	0	0	0
бахытбекұлы	0	0	0
бахытгали	0	0	0
бахытгул	0	0	0
бахытгуль	0	0	0
бахытгүл	0	0	0
бахытжамал	0	0	0
бахытжан	0	0	0
бахытжан	0	0	0
бахытжанов	0	0	0
бахытжанұлы	0	0	0
бахыткали	0	0	0
бахыткан	0	0	0
бахыткерей	0	0	0
бахыткул	0	0	0
бахыткуль	0	0	0
бахыткүл	0	0	0
бахытнур	0	0	0
бахытов	0	0	0
бахытхан	0	0	0
бахытұлы	0	0	0
башаев	0	0	0
башанов	0	0	0
башаров	0	0	0
башеев	0	0	0
башимов	0	0	0
баядилов	0	0	0
баязид	0	0	0
баялиев	0	0	0
баяна	0	0	0
баянбаев	0	0	0
баянбай	0	0	0
баянбек	0	0	0
баянгул	0	0	0
баянгуль	0	0	0
баяндин	0	0	0
баяндинов	0	0	0
баянкуль	0	0	0
баянов	0	0	0
баянслу	0	0	0
баянғали	0	0	0
баяхмет	0	0	0
баяхметов	0	0	0
баяхметовтың	0	0	0
баяшев	0	0	0
бағанашыл	0	0	0
бағдана	0	0	0
бағдатов	0	0	0
бағдаулет	0	0	0
бағжан	0	1	1
бағланұлы	0	0	0
бағнұр	0	0	0
бағыжан	0	0	0
бағытжан	0	0	0
бағытжанов	0	0	0
бағытов	0	0	0
бақауов	0	0	0
бақашар	0	0	0
бақбер	0	0	0
бақбергенұлы	0	0	0
бақберді	0	0	0
бақбол	0	0	0
бақдана	0	0	0
бақдаулет	0	0	0
бақдәулетұлы	0	0	0
бақжан	0	0	0
бақжанар	0	0	0
бақжол	0	0	0
бақкелді	0	0	0
бақнұр	0	0	0
бақсұлтан	0	0	0
бақтияров	0	0	0
бақтиярұлы	0	0	0
бақтыбаев	0	0	0
бақтыбайұлы	0	0	0
бақтыгереев	0	0	0
бақтыгерей	0	0	0
бақтыгул	0	0	0
бақтыкүл	0	0	0
бақтығали	0	0	0
бақтығалиев	0	0	0
бақтөре	0	0	0
бақшагүл	0	0	0
бақытбеков	0	0	0
бақытбекұлы	0	0	0
бақытбекұлы	0	0	0
бақытгул	0	0	0
бақытжамал	0	0	0
бақытжанов	0	0	0
бақытжанов	0	0	0
бақытжанұлы	0	0	0
бақыткелді	0	0	0
бақыткерей	0	0	0
бақыткул	0	0	0
бақытнұр	0	0	0
бақытов	0	0	0
бақытхан	0	0	0
бақытқали	0	0	0
бақытұлы	0	0	0
баққали	0	0	0
бақұлан	0	0	0
бақұстар	0	0	0
бдама	0	0	0
бегаим	0	0	0
бегайдаров	0	0	0
бегайдаров	0	0	0
бегайм	0	0	0
бегайым	0	0	0
бегалинов	0	0	0
бегарыс	0	0	0
бегасилов	0	0	0
бегасыл	0	0	0
бегеев	0	0	0
бегежан	0	0	0
бегежанов	0	0	0
бегенов	0	0	0
бегешов	0	0	0
бегжанов	0	0	0
бегзад	0	0	0
бегзада	0	0	0
бегзат	0	1	1
бегзод	0	0	0
бегимбаев	0	0	0
бегимкулов	0	0	0
бегимхан	0	0	0
беглан	0	0	0
бегман	0	0	0
бегманов	0	0	0
бегнұр	0	0	0
бегімай	0	0	0
бегімбай	0	0	0
бегімсұлу	0	0	0
беделбаев	0	0	0
беделов	0	0	0
беделхан	0	0	0
бедельбаев	0	0	0
беибит	0	0	0
беимбет	0	0	0
беисов	0	0	0
бейбарс	0	0	0
бейбет	0	0	0
бейбитбек	0	0	0
бейбитгуль	0	0	0
бейбиткул	0	0	0
бейбиткуль	0	0	0
бейбитов	0	0	0
бейбитхан	0	0	0
бейбут	0	0	0
бейбыт	0	0	0
бейбіткүл	0	0	0
бейбітов	0	0	0
бейбітсүйгіш	0	1	1
бейбітхан	0	0	0
бейбітұлы	0	0	0
бейжіңге	0	0	0
бейжіңде	0	0	0
беймбет	0	0	0
беймбетов	0	0	0
бейнегуль	0	0	0
бейнеуге	0	0	0
бейсалиев	0	0	0
бейсбаев	0	0	0
бейсбеков	0	0	0
бейсебаев	0	0	0
бейсебеков	0	0	0
бейсеев	0	0	0
бейсекенов	0	0	0
бейсекең	0	0	0
бейсекул	0	0	0
бейсекуль	0	0	0
бейсембаев	0	0	0
бейсембеков	0	0	0
бейсембиев	0	0	0
бейсембин	0	0	0
бейсембинов	0	0	0
бейсеналы	0	0	0
бейсенбаев	0	0	0
бейсенбаев	0	0	0
бейсенбек	0	0	0
бейсенбеков	0	0	0
бейсенбиев	0	0	0
бейсенбин	0	0	0
бейсенбинов	0	0	0
бейсенкуль	0	0	0
бейсенкүл	0	0	0
бейсенхан	0	0	0
бейсенқұл	0	0	0
бейсеуов	0	0	0
бейсехан	0	0	0
бейсов	0	0	0
бекайдаров	0	0	0
бекайым	0	0	0
бекалы	0	0	0
бекарыстанов	0	0	0
бекбарыс	0	0	0
бекбасаров	0	0	0
бекбасов	0	0	0
бекбатыров	0	0	0
бекбаулиев	0	0	0
бекбаулов	0	0	0
бекбауов	0	0	0
бекбенбетов	0	0	0
бекбергенов	0	0	0
бекбердиев	0	0	0
бекболатов	0	0	0
бекболатұлы	0	0	0
бекболов	0	0	0
бекболсын	0	0	0
бекбосинов	0	0	0
бекботаев	0	0	0
бекбулат	0	0	0
бекбулатов	0	0	0
бекбусинов	0	0	0
бекгали	0	0	0
бекдана	0	0	0
бекдаулет	0	0	0
бекдияр	0	0	0
бекдос	0	0	0
бекдәулет	0	0	0
бекеев	0	0	0
бекенбаев	0	0	0
бекентаев	0	0	0
бекенұлы	0	0	0
бекес	0	1	1
бекесов	0	0	0
бекешев	0	0	0
бекешов	0	0	0
бекжанов	0	0	0
бекжанұлы	0	0	0
бекжасар	0	0	0
бекжигит	0	0	0
бекжигитов	0	0	0
бекжон	0	0	0
бекжігіт	0	0	0
бекжігіт	0	0	0
бекзад	0	0	0
бекзатов	0	0	0
бекзатхан	0	0	0
бекзатұлы	0	0	0
бекзия	0	0	0
бекзод	0	0	0
бекибаев	0	0	0
бекислам	0	0	0
бекишов	0	0	0
беккулиев	0	0	0
беклан	0	0	0
бекманов	0	0	0
бекмахан	0	0	0
бекмаханбет	0	0	0
бекмағамбетов	0	0	0
бекмағанбет	0	0	0
бекмолдаев	0	0	0
бекмурзаев	0	0	0
бекмухамет	0	0	0
бекмуханбетов	0	0	0
бекмырзаев	0	0	0
бекмұратов	0	0	0
бекмұратов	0	0	0
бекмұратұлы	0	0	0
бекмұрза	0	0	0
бекмұхамед	0	0	0
бекмұхаммед	0	0	0
бекмұханбет	0	0	0
бекназ	0	0	0
бекнар	0	0	0
бекниязов	0	0	0
бекнұр	0	0	0
бекова	0	0	0
беколжас	0	0	0
бекпаев	0	0	0
бекпанов	0	0	0
бекпенбетов	0	0	0
бекполат	0	0	0
бекпулат	0	0	0
бексана	0	0	0
бексапар	0	0	0
бексеит	0	0	0
бексеитов	0	0	0
бексейт	0	0	0
бексейтов	0	0	0
бекслан	0	0	0
бексултон	0	0	0
бексулу	0	0	0
бексұлтанова	0	0	0
бексұлтанұлы	0	0	0
бектанов	0	0	0
бектанов	0	0	0
бектановты	0	0	0
бектембаев	0	0	0
бектенов	0	0	0
бектенова	0	0	0
бектияр	0	0	0
бектлеуов	0	0	0
бекторе	0	0	0
бектурсинов	0	0	0
бектурсун	0	0	0
бектурсунов	0	0	0
бектыбаев	0	0	0
бектібай	0	0	0
бектұрсынов	0	0	0
бектұрғанқызы	0	0	0
бекхан	0	0	0
бекшин	0	0	0
бекұлан	0	0	0
бекәли	0	0	0
бекәлиевтардың	0	0	0
бекәлиевтің	0	0	0
бекәлі	0	0	0
беларусьта	0	0	0
беласаров	0	0	0
белгожаев	0	0	0
белгібаев	0	0	0
беловод	0	0	0
белоруссияда	0	0	0
белоруссияға	0	0	0
белоусовка	0	0	0
бельгибаев	0	0	0
белялов	0	0	0
беназир	0	0	0
бенгази	0	0	0
бергенов	0	0	0
бердалин	0	0	0
бердалы	0	0	0
бердах	0	0	0
берденбек	0	0	0
берденов	0	0	0
бердеш	0	0	0
бердешев	0	0	0
бердешов	0	0	0
бердигул	0	0	0
бердигулов	0	0	0
бердиев	0	0	0
бердикул	0	0	0
бердикулов	0	0	0
бердимбетов	0	0	0
бердимурат	0	0	0
бердиханов	0	0	0
бердияр	0	0	0
бердыбаев	0	0	0
бердыбек	0	0	0
бердыбеков	0	0	0
бердыгулов	0	0	0
бердібеков	0	0	0
бердібекұлы	0	0	0
бердімұрат	0	0	0
бердіхан	0	0	0
бердіғали	0	0	0
бердәулет	0	0	0
берекетов	0	0	0
бержанов	0	0	0
берикбек	0	0	0
берикболат	0	0	0
берикказы	0	0	0
бериккали	0	0	0
бериккалиев	0	0	0
бериккан	0	0	0
берикұлы	0	0	0
беркенов	0	0	0
беркинов	0	0	0
беркут	0	0	0
беркутбаев	0	0	0
беркутов	0	0	0
берлик	0	0	0
бермаганбетов	0	0	0
бермухамбетов	0	0	0
берниязов	0	0	0
берсугуров	0	0	0
бертаев	0	0	0
бертай	0	0	0
берте	0	0	0
бертлеуов	0	0	0
берык	0	0	0
берікбаев	0	0	0
берікболов	0	0	0
берікболсын	0	0	0
берікболұлы	0	0	0
берікжан	0	0	0
беріков	0	0	0
берікхан	0	0	0
берікқали	0	0	0
берікұлы	0	0	0
берікұлы	0	0	0
бесбаев	0	0	0
бесбаев	0	0	0
бесембаев	0	0	0
бесимбаев	0	0	0
бескемпиров	0	0	0
беслан	0	0	0
беспаев	0	0	0
бестөбедегі	0	0	0
бехруз	0	0	0
биали	0	0	0
бибайша	0	0	0
бибарс	0	0	0
бибарыс	0	0	0
бибатша	0	0	0
бибатыров	0	0	0
бибеков	0	0	0
бибиайша	0	0	0
бибигуль	0	0	0
бибигүл	0	0	0
бибизада	0	0	0
бибикадиша	0	0	0
бибикатша	0	0	0
бибикул	0	0	0
бибикуль	0	0	0
бибимария	0	0	0
бибимариям	0	0	0
бибинұр	0	0	0
бибипатима	0	0	0
бибираба	0	0	0
бибит	0	0	0
бибитов	0	0	0
бибифатима	0	0	0
бибихадиша	0	0	0
бибихатша	0	0	0
бибол	0	0	0
биболат	0	0	0
биболатов	0	0	0
биболов	0	0	0
биболсын	0	0	0
бибосын	0	0	0
бибосынов	0	0	0
бибіажар	0	0	0
бибіажар	0	0	0
бибіайша	0	0	0
бибігул	0	0	0
бибізада	0	0	0
бибімариям	0	0	0
бибімәриям	0	0	0
бибіназ	0	0	0
бибінур	0	0	0
бибіфатима	0	0	0
бибіхадиша	0	0	0
бибіхан	0	0	0
бигазиев	0	0	0
биганша	0	0	0
бигул	0	0	0
бигуль	0	0	0
бигүл	0	0	0
бидайбеков	0	0	0
бидаулетов	0	0	0
бидахметов	0	0	0
бидаш	0	0	0
бижигитов	0	0	0
бижігіт	0	0	0
бизада	0	0	0
бизнестегі	0	0	0
бикамал	0	0	0
бикеев	0	0	0
бикелді	0	0	0
бикенов	0	0	0
бикенов	0	0	0
билибаев	0	0	0
билимжан	0	0	0
билол	0	0	0
билял	0	0	0
билялов	0	0	0
биманов	0	0	0
бимахан	0	0	0
бимаханов	0	0	0
бимбетов	0	0	0
бимендин	0	0	0
бименов	0	0	0
бимолдин	0	0	0
бимуратов	0	0	0
бимурзаев	0	0	0
бимурзин	0	0	0
бимуханов	0	0	0
бимырза	0	0	0
бимырзаев	0	0	0
биназар	0	0	0
биназаров	0	0	0
бинара	0	0	0
бинур	0	0	0
бинура	0	0	0
бинұр	0	0	0
биримкулов	0	0	0
бирмагамбетов	0	0	0
бирмаганбетов	0	0	0
бисалиев	0	0	0
бисара	0	0	0
бисариев	0	0	0
бисекенов	0	0	0
бисембаев	0	0	0
бисембай	0	0	0
бисембиев	0	0	0
бисембин	0	0	0
бисен	0	0	0
бисеналиев	0	0	0
бисеналин	0	0	0
бисенбаев	0	0	0
бисенбай	0	0	0
бисенбек	0	0	0
бисенкул	0	0	0
бисенкулов	0	0	0
бисенкуль	0	0	0
бисенов	0	0	0
бисимбаев	0	0	0
бислан	0	0	0
бисұлтан	0	0	0
битабаров	0	0	0
битабаров	0	0	0
битаев	0	0	0
битанов	0	0	0
битебаев	0	0	0
битемиров	0	0	0
битенов	0	0	0
битибаев	0	0	0
битуреев	0	0	0
битөре	0	0	0
бифатима	0	0	0
бихан	0	0	0
биханов	0	0	0
биханым	0	0	0
бихожаев	0	0	0
бияхметов	0	0	0
бияш	0	0	0
биғазы	0	0	0
биғалиева	0	0	0
блумберг	0	0	0
блялов	0	0	0
бовкис	0	0	0
богдана	0	0	0
богдат	0	0	0
богема	0	0	0
богенбаев	0	0	0
бодаева	0	0	0
боданов	0	0	0
божанов	0	0	0
божбанов	0	0	0
бозаев	0	0	0
боздақтар	0	6	2
бозов	0	0	0
бозоқтан	0	0	0
бозтаев	0	0	0
бозымбаев	0	0	0
бойко	0	0	0
болатбекұлы	0	0	0
болатказы	0	0	0
болаткали	0	0	0
болатханов	0	0	0
болатханұлы	0	0	0
болатқан	0	0	0
болатұлы	0	0	0
болганай	0	0	0
болдыкыз	0	0	0
болдықыз	0	0	0
болегенов	0	0	0
болливуд	0	0	0
болотбек	0	0	0
болсынай	0	0	0
болтрушевич	0	0	0
болысбаев	0	0	0
болысбай	0	0	0
болысбеков	0	0	0
большевичка	0	0	0
болғанай	0	0	0
бонг	0	0	0
борамбаев	0	0	0
борамбай	0	0	0
боранбаев	0	0	0
боранбаев	0	0	0
боранбеков	0	0	0
боранкуль	0	0	0
боранов	0	0	0
борашев	0	0	0
борашов	0	0	0
борибеков	0	0	0
бостанов	0	0	0
ботабаев	0	0	0
ботабеков	0	0	0
ботагуз	0	0	0
ботаев	0	0	0
ботакуз	0	0	0
ботанов	0	0	0
ботаханов	0	0	0
ботбаев	0	0	0
ботбаев	0	0	0
ботир	0	0	0
бохаев	0	0	0
боханов	0	0	0
бошаев	0	0	0
бошанов	0	0	0
бралиев	0	0	0
бралин	0	0	0
бралинов	0	0	0
брексит	0	0	0
бржан	0	0	0
бримжанов	0	0	0
британиялық	0	0	0
бубайша	0	0	0
бубеев	0	0	0
бубек	0	0	0
бубихан	0	0	0
бублик	0	0	0
бугенбаев	0	0	0
бугибаев	0	0	0
бугубаев	0	0	0
буданов	0	0	0
будапештте	0	0	0
бузаубаев	0	0	0
буканов	0	0	0
букеев	0	0	0
букенбаев	0	0	0
букенбай	0	0	0
букенов	0	0	0
буламбаев	0	0	0
булатбек	0	0	0
булатбеков	0	0	0
булатов	0	0	0
булатхан	0	0	0
булбулхан	0	0	0
булебаев	0	0	0
булеген	0	0	0
булегенов	0	0	0
булекбаев	0	0	0
булекбай	0	0	0
булеков	0	0	0
буленков	0	0	0
булешов	0	0	0
бултеков	0	0	0
бунёд	0	0	0
бупежан	0	0	0
бурабаев	0	0	0
бурабайдағы	0	0	0
буралкиев	0	0	0
буралхиев	0	0	0
бурамбаев	0	0	0
бурамбай	0	0	0
буранбаев	0	0	0
буранбай	0	0	0
буранкулов	0	0	0
буранов	0	0	0
бураханов	0	0	0
бурашев	0	0	0
бурибаев	0	0	0
бурибай	0	0	0
бурибеков	0	0	0
буриев	0	0	0
буркут	0	0	0
буркутбаев	0	0	0
буркутбай	0	0	0
буркутов	0	0	0
буртебаев	0	0	0
бурумбаев	0	0	0
бурханов	0	0	0
буршакбаев	0	0	0
бусурманов	0	0	0
бутабаев	0	0	0
бутакуз	0	0	0
бухаев	0	0	0
буханов	0	0	0
бухаров	0	0	0
буырылбайтал	0	0	0
быржан	0	0	0
бьюти	0	0	0
бэлла	0	0	0
бэрри	0	0	0
білігінің	0	1	1
білімжан	0	0	0
білісбек	0	0	0
біргеміз	0	3	1
біржанұлы	0	0	0
біркенов	0	0	0
бірсуат	0	0	0
біртанов	0	0	0
бірханым	0	0	0
бірғаным	0	0	0
бірғаным	0	0	0
бішкекке	0	0	0
бішкекте	0	0	0
бұлбұлхан	0	0	0
бұлғақовтың	0	0	0
бұрылбайтал	0	0	0
бұхарбаев	0	0	0
бұқтырмадағы	0	0	0
бәйділдаев	0	0	0
бәкіров	0	0	0
бәсекелестікті	0	1	1
бөлекбаев	0	0	0
бөребаевич	0	0	0
бөрібаев	0	0	0
вагит	0	0	0
вагулино	0	0	0
вада	0	1	1
вазира	0	0	0
ваисов	0	0	0
валдай	0	0	0
валерия	0	0	0
валерьянов	0	0	0
вали	0	0	0
валиев	0	0	0
валихан	0	0	0
валиханов	0	0	0
валмонт	0	0	0
валуа	0	0	0
варварин	0	0	0
варфоломеев	0	0	0
василина	0	0	0
василиса	0	0	0
василя	0	0	0
ватсап	0	0	0
ватсапқа	0	0	0
вахит	0	0	0
вахитов	0	0	0
велле	0	0	0
венгрияны	0	0	0
венето	0	0	0
верди	0	0	0
верхнеуральск	0	0	0
ветлугин	0	0	0
ветёлки	0	0	0
видеманн	0	0	0
винера	0	0	0
виолетта	0	0	0
виталина	0	0	0
витебск	0	0	0
витиске	0	0	0
виферспен	0	0	0
вконтакте	0	0	0
влада	0	0	0
владислава	0	0	0
владлен	0	0	0
власова	0	0	0
войс	0	0	0
волкова	0	0	0
волонтёр	0	0	0
волосов	0	0	0
восточный	0	0	0
вылегжанина	0	0	0
габдрахманов	0	0	0
габдуалиев	0	0	0
габдулов	0	0	0
габдушев	0	0	0
габидин	0	0	0
габидулла	0	0	0
гавхар	0	0	0
гадилжан	0	0	0
газезов	0	0	0
газельге	0	0	0
газельдерге	0	0	0
газиев	0	0	0
гаини	0	0	0
гаипов	0	0	0
гайдар	0	0	0
гайния	0	0	0
гайнулла	0	0	0
гайнуллаұлы	0	0	0
гайнуллин	0	0	0
гайный	0	0	0
галеев	0	0	0
галий	0	0	0
галима	0	0	0
галимбек	0	0	0
галимжанов	0	0	0
галимов	0	0	0
галичина	0	0	0
галья	0	0	0
гамзат	0	0	0
ганибаев	0	0	0
ганибек	0	0	0
ганиев	0	0	0
ганижан	0	0	0
ганий	0	0	0
гаппаров	0	0	0
гапура	0	0	0
гариполла	0	0	0
гарипулла	0	0	0
гарифулла	0	0	0
гарифуллин	0	0	0
гасанов	0	0	0
гасымовқа	0	0	0
гасырбек	0	0	0
гатауов	0	0	0
гаухара	0	0	0
гаухарбек	0	0	0
гаухарбек	0	0	0
гаухария	0	0	0
гаухартас	0	0	0
гафаров	0	0	0
гебреисус	0	0	0
гельгорн	0	0	0
генаны	0	0	0
геобақ	0	0	0
гиззатов	0	0	0
гильман	0	0	0
гильманов	0	0	0
гинаятов	0	0	0
гиният	0	0	0
гиннестің	0	0	0
гита	0	0	0
гливице	0	0	0
глубокий	0	0	0
гоззал	0	0	0
голдман	0	0	0
головкин	0	0	0
голос	0	0	0
голотина	0	0	0
гомар	0	0	0
гомель	0	0	0
горбачёв	0	0	0
грикспурға	0	0	0
грузиядағы	0	0	0
груп	0	0	0
гугл	0	0	0
гузаль	0	0	0
гузель	0	0	0
гузеля	0	0	0
гузяль	0	0	0
гулаим	0	0	0
гулайим	0	0	0
гулайм	0	0	0
гулайхан	0	0	0
гулан	0	0	0
гуланда	0	0	0
гулара	0	0	0
гулаш	0	0	0
гулбагда	0	0	0
гулбагдат	0	0	0
гулбагила	0	0	0
гулбагира	0	0	0
гулбазар	0	0	0
гулбайра	0	0	0
гулбала	0	0	0
гулбара	0	0	0
гулбаран	0	0	0
гулбараш	0	0	0
гулбарша	0	0	0
гулбаршин	0	0	0
гулбахира	0	0	0
гулбахор	0	0	0
гулбахрам	0	0	0
гулбахыт	0	0	0
гулбақыт	0	0	0
гулбира	0	0	0
гулбону	0	0	0
гулвира	0	0	0
гулдан	0	0	0
гулданай	0	0	0
гулдарай	0	0	0
гулдари	0	0	0
гулдариха	0	0	0
гулдархан	0	0	0
гулдерай	0	0	0
гулдона	0	0	0
гулжаз	0	0	0
гулжайна	0	0	0
гулжайнар	0	0	0
гулжайнат	0	0	0
гулжакан	0	0	0
гулжамол	0	0	0
гулжанай	0	0	0
гулжанар	0	0	0
гулжаннат	0	0	0
гулжаркын	0	0	0
гулжауар	0	0	0
гулжаукар	0	0	0
гулжаухар	0	0	0
гулжауһар	0	0	0
гулжахон	0	0	0
гулжихан	0	0	0
гулжон	0	0	0
гулзабира	0	0	0
гулзайра	0	0	0
гулзакира	0	0	0
гулзамира	0	0	0
гулзахира	0	0	0
гулзейнет	0	0	0
гулзиба	0	0	0
гулзинат	0	0	0
гулзифа	0	0	0
гулзода	0	0	0
гулиза	0	0	0
гулизат	0	0	0
гулима	0	0	0
гулимжан	0	0	0
гулимхан	0	0	0
гулина	0	0	0
гулинур	0	0	0
гулипа	0	0	0
гулира	0	0	0
гулманат	0	0	0
гулмарал	0	0	0
гулмерей	0	0	0
гулназа	0	0	0
гулнази	0	0	0
гулназира	0	0	0
гулниса	0	0	0
гулноз	0	0	0
гулноза	0	0	0
гулнора	0	0	0
гулнура	0	0	0
гулнұр	0	0	0
гулпан	0	0	0
гулпара	0	0	0
гулпаршин	0	0	0
гулпаш	0	0	0
гулрайхан	0	0	0
гулсайра	0	0	0
гулсайран	0	0	0
гулсамал	0	0	0
гулсанам	0	0	0
гулсанат	0	0	0
гулсапар	0	0	0
гулсая	0	0	0
гулсезим	0	0	0
гулсезім	0	0	0
гулсима	0	0	0
гулсина	0	0	0
гулсум	0	0	0
гулсун	0	0	0
гулсым	0	0	0
гулсім	0	0	0
гулфайруз	0	0	0
гулфара	0	0	0
гулфарида	0	0	0
гулфариза	0	0	0
гулфира	0	0	0
гулфия	0	0	0
гулхан	0	0	0
гулчехра	0	0	0
гулшад	0	0	0
гулшарат	0	0	0
гулшахар	0	0	0
гулшехра	0	0	0
гулшира	0	0	0
гулшод	0	0	0
гуль	0	0	0
гульаим	0	0	0
гульайм	0	0	0
гульайна	0	0	0
гульайша	0	0	0
гульайым	0	0	0
гульбагда	0	0	0
гульбагдат	0	0	0
гульбагила	0	0	0
гульбагира	0	0	0
гульбадан	0	0	0
гульбазар	0	0	0
гульбайра	0	0	0
гульбакша	0	0	0
гульбакыт	0	0	0
гульбала	0	0	0
гульбан	0	0	0
гульбану	0	0	0
гульбар	0	0	0
гульбара	0	0	0
гульбарам	0	0	0
гульбаран	0	0	0
гульбараш	0	0	0
гульбарша	0	0	0
гульбаршин	0	0	0
гульбаршын	0	0	0
гульбахар	0	0	0
гульбахарам	0	0	0
гульбахира	0	0	0
гульбахит	0	0	0
гульбахор	0	0	0
гульбахрам	0	0	0
гульбахыт	0	0	0
гульбиби	0	0	0
гульбике	0	0	0
гульбира	0	0	0
гульвира	0	0	0
гульгайша	0	0	0
гульгуль	0	0	0
гульдан	0	0	0
гульдана	0	0	0
гульдар	0	0	0
гульдара	0	0	0
гульдарай	0	0	0
гульдарига	0	0	0
гульдариха	0	0	0
гульдария	0	0	0
гульдархан	0	0	0
гульдаурен	0	0	0
гульдер	0	0	0
гульдерай	0	0	0
гульджан	0	0	0
гульдина	0	0	0
гульжаз	0	0	0
гульжазира	0	0	0
гульжайна	0	0	0
гульжайнар	0	0	0
гульжайнат	0	0	0
гульжамал	0	0	0
гульжамила	0	0	0
гульжамиля	0	0	0
гульжан	0	0	0
гульжана	0	0	0
гульжанар	0	0	0
гульжанат	0	0	0
гульжаннат	0	0	0
гульжауар	0	0	0
гульжаухар	0	0	0
гульжахан	0	0	0
гульжиан	0	0	0
гульжихан	0	0	0
гульжиян	0	0	0
гульзабира	0	0	0
гульзагира	0	0	0
гульзада	0	0	0
гульзайра	0	0	0
гульзакира	0	0	0
гульзамира	0	0	0
гульзана	0	0	0
гульзар	0	0	0
гульзара	0	0	0
гульзат	0	0	0
гульзахира	0	0	0
гульзейнеп	0	0	0
гульзина	0	0	0
гульзинат	0	0	0
гульзипа	0	0	0
гульзира	0	0	0
гульзираш	0	0	0
гульзифа	0	0	0
гульзия	0	0	0
гульмай	0	0	0
гульмайра	0	0	0
гульмайрам	0	0	0
гульманат	0	0	0
гульмара	0	0	0
гульмарал	0	0	0
гульмаржан	0	0	0
гульмария	0	0	0
гульмира	0	0	0
гульмираш	0	0	0
гульназ	0	0	0
гульназа	0	0	0
гульнази	0	0	0
гульназим	0	0	0
гульназира	0	0	0
гульназия	0	0	0
гульназым	0	0	0
гульнар	0	0	0
гульнара	0	0	0
гульнарай	0	0	0
гульнат	0	0	0
гульнафис	0	0	0
гульнаш	0	0	0
гульнира	0	0	0
гульниса	0	0	0
гульнора	0	0	0
гульнур	0	0	0
гульнура	0	0	0
гульпан	0	0	0
гульпара	0	0	0
гульпаршин	0	0	0
гульрайхан	0	0	0
гульсагат	0	0	0
гульсайран	0	0	0
гульсан	0	0	0
гульсана	0	0	0
гульсанат	0	0	0
гульсара	0	0	0
гульсая	0	0	0
гульсезим	0	0	0
гульсим	0	0	0
гульсима	0	0	0
гульсин	0	0	0
гульсина	0	0	0
гульсинай	0	0	0
гульсия	0	0	0
гульстан	0	0	0
гульсулу	0	0	0
гульсум	0	0	0
гульсун	0	0	0
гульсым	0	0	0
гульсын	0	0	0
гульфайраз	0	0	0
гульфайруз	0	0	0
гульфайрус	0	0	0
гульфара	0	0	0
гульфарида	0	0	0
гульфариза	0	0	0
гульфат	0	0	0
гульфира	0	0	0
гульфия	0	0	0
гульхан	0	0	0
гульчат	0	0	0
гульчехра	0	0	0
гульшад	0	0	0
гульшан	0	0	0
гульшар	0	0	0
гульшара	0	0	0
гульшарат	0	0	0
гульшат	0	0	0
гульшахар	0	0	0
гульшахра	0	0	0
гульшаш	0	0	0
гульшира	0	0	0
гулья	0	0	0
гулюм	0	0	0
гуляем	0	0	0
гуляим	0	0	0
гуляйм	0	0	0
гуляра	0	0	0
гуляш	0	0	0
гулім	0	0	0
гумилёв	0	0	0
гутерриш	0	0	0
гылымбек	0	0	0
гюзаль	0	0	0
гюзель	0	0	0
гюльнара	0	0	0
гётені	0	0	0
гүлайна	0	0	0
гүлайхан	0	0	0
гүлайша	0	0	0
гүласыл	0	0	0
гүлбала	0	0	0
гүлбар	0	0	0
гүлбарам	0	0	0
гүлбахар	0	0	0
гүлбахыт	0	0	0
гүлбахытпен	0	0	0
гүлбағым	0	0	0
гүлбақыт	0	0	0
гүлбибі	0	0	0
гүлвира	0	0	0
гүлдала	0	0	0
гүлдария	0	0	0
гүлдаурен	0	0	0
гүлдерай	0	0	0
гүлдерайым	0	0	0
гүлдина	0	0	0
гүлдәурен	0	0	0
гүлерке	0	0	0
гүлжаз	0	0	0
гүлжайна	0	0	0
гүлжайнар	0	0	0
гүлжайнат	0	0	0
гүлжамила	0	0	0
гүлжанар	0	0	0
гүлжанат	0	0	0
гүлжаухар	0	0	0
гүлжахан	0	0	0
гүлжихан	0	0	0
гүлзат	0	0	0
гүлзағира	0	0	0
гүлзина	0	0	0
гүлзинат	0	0	0
гүлзира	0	0	0
гүлзира	0	0	0
гүлина	0	0	0
гүлмайра	0	0	0
гүлмайра	0	0	0
гүлман	0	0	0
гүлманат	0	0	0
гүлмарал	0	0	0
гүлмаржан	0	0	0
гүлмария	0	0	0
гүлмерей	0	0	0
гүлназира	0	0	0
гүлназия	0	0	0
гүлназым	0	0	0
гүлнафис	0	0	0
гүлниса	0	0	0
гүлнур	0	0	0
гүлнүр	0	0	0
гүлнәз	0	0	0
гүлнәзия	0	0	0
гүлнәзік	0	0	0
гүлрайхан	0	0	0
гүлраушан	0	0	0
гүлсайран	0	0	0
гүлсамал	0	0	0
гүлсана	0	0	0
гүлсанат	0	0	0
гүлсая	0	0	0
гүлсезім	0	0	0
гүлсімай	0	0	0
гүлсін	0	0	0
гүлсінай	0	0	0
гүлфайруз	0	0	0
гүлфайрус	0	0	0
гүлфара	0	0	0
гүлфарида	0	0	0
гүлфариза	0	0	0
гүлфия	0	0	0
гүлхан	0	0	0
гүлшахар	0	0	0
гүлшырын	0	0	0
гүльмира	0	0	0
гүльназ	0	0	0
гүлімай	0	0	0
гүлімжан	0	0	0
гүлімхан	0	0	0
гүлістан	0	2	2
гүлғайым	0	0	0
гүләйім	0	0	0
даблъютиай	0	0	0
дабылов	0	0	0
дабысов	0	0	0
давлат	0	1	1
давлатбек	0	0	0
давлет	0	0	0
давлетбаев	0	0	0
давлетбай	0	0	0
давлеткалиев	0	0	0
давлетов	0	0	0
давлетьяров	0	0	0
давранбек	0	0	0
даврон	0	0	0
давронбек	0	0	0
давыдова	0	0	0
дадабаев	0	0	0
даир	0	0	0
даирбаев	0	0	0
даирбек	0	0	0
даирбеков	0	0	0
даиров	0	0	0
даиш	0	0	0
дайана	0	0	0
дайдидау	0	0	0
дайрабаев	0	0	0
дайров	0	0	0
дайырбеков	0	0	0
дайыров	0	0	0
дайыров	0	0	0
дайяна	0	0	0
дакаро	0	0	0
дакенов	0	0	0
далабаев	0	0	0
далбаев	0	0	0
далибаев	0	0	0
далида	0	0	0
далиев	0	0	0
далиль	0	0	0
далья	0	0	0
дамегуль	0	0	0
дамелия	0	0	0
дамелы	0	0	0
дамель	0	0	0
дамеля	0	0	0
дамелі	0	0	0
даметкул	0	0	0
даметкуль	0	0	0
дамехан	0	0	0
дамила	0	0	0
дамили	0	0	0
дамиль	0	0	0
дамиля	0	0	0
дамина	0	0	0
дамиржан	0	0	0
дамирлан	0	0	0
дамирхан	0	0	0
дамирұлы	0	0	0
дамса	0	0	0
дамсинская	0	0	0
данабаев	0	0	0
данабай	0	0	0
данабек	0	0	0
данабеков	0	0	0
данаби	0	0	0
данагуль	0	0	0
данайым	0	0	0
данакул	0	0	0
данакуль	0	0	0
данар	0	0	0
данара	0	0	0
данат	0	0	0
данбаев	0	0	0
дандыбаев	0	0	0
данебек	0	0	0
данегул	0	0	0
данегуль	0	0	0
данекул	0	0	0
данекуль	0	0	0
данел	0	0	0
данелия	0	0	0
данель	0	0	0
данеля	0	0	0
даниар	0	0	0
даниел	0	0	0
даниель	0	0	0
даниль	0	0	0
данир	0	0	0
данира	0	0	0
данис	0	0	0
даниса	0	0	0
даниэл	0	0	0
даниэла	0	0	0
даниэлла	0	0	0
даниярбек	0	0	0
даниярұлы	0	0	0
даниёр	0	0	0
данна	0	0	0
даньяр	0	0	0
даньяров	0	0	0
данэлия	0	0	0
данэлия	0	0	0
данэль	0	0	0
данэля	0	0	0
даняр	0	0	0
дарбаев	0	0	0
дардана	0	0	0
даржанов	0	0	0
дариа	0	0	0
дарибеков	0	0	0
даригул	0	0	0
даригуль	0	0	0
дарий	0	0	0
дарико	0	0	0
дарикул	0	0	0
дарикуль	0	0	0
дарима	0	0	0
даримбаев	0	0	0
дарина	0	0	0
дариякуль	0	0	0
дарияш	0	0	0
даркенбаев	0	0	0
дарменбаев	0	0	0
дарменкулов	0	0	0
дарханбаев	0	0	0
дарханбай	0	0	0
дарханбек	0	0	0
дарханұлы	0	0	0
дарыбаев	0	0	0
дарынбек	0	0	0
дарынұлы	0	0	0
дарьяна	0	0	0
дастанбек	0	0	0
дастанов	0	0	0
дастанұлы	0	0	0
дастен	0	0	0
даубаев	0	0	0
даужанов	0	0	0
дауиржан	0	0	0
дауирхан	0	0	0
даукенов	0	0	0
даулбаев	0	0	0
даулбай	0	0	0
дауленбаев	0	0	0
даулетали	0	0	0
даулеталиев	0	0	0
даулеткан	0	0	0
даулеткелды	0	0	0
даулеткелді	0	0	0
даулеткельды	0	0	0
даулеткулов	0	0	0
даулетьяров	0	0	0
даулетяр	0	0	0
даулетқан	0	0	0
даулетұлы	0	0	0
даулов	0	0	0
даумов	0	0	0
дауранбек	0	0	0
даурбаев	0	0	0
даурбек	0	0	0
даурембеков	0	0	0
дауренбаев	0	0	0
дауренбай	0	0	0
дауренұлы	0	0	0
дауржан	0	0	0
даурия	0	0	0
даурхан	0	0	0
дауталиев	0	0	0
даутбаев	0	0	0
даутбек	0	0	0
даутбеков	0	0	0
дауткулов	0	0	0
даутов	0	0	0
даутов	0	0	0
дауыржан	0	0	0
даян	0	0	0
даяна	0	0	0
дегенбаев	0	0	0
дегениязова	0	0	0
дема	0	0	0
дембаев	0	0	0
демегенов	0	0	0
демежанов	0	0	0
демесбаев	0	0	0
демесінова	0	0	0
демеубаев	0	0	0
демид	0	0	0
демиденко	0	0	0
дениза	0	0	0
денисті	0	0	0
деркөл	0	0	0
деркөлге	0	0	0
дерманттың	0	0	0
джабаев	0	0	0
джавидан	0	0	0
джазира	0	0	0
джазыкбаев	0	0	0
джайлаубаев	0	0	0
джакаев	0	0	0
джаканов	0	0	0
джакенов	0	0	0
джакипбеков	0	0	0
джакипов	0	0	0
джакишев	0	0	0
джаксыбаев	0	0	0
джаксыбеков	0	0	0
джаксылык	0	0	0
джаксылыков	0	0	0
джалгас	0	0	0
джалгасбаев	0	0	0
джалгасбай	0	0	0
джалгасов	0	0	0
джалил	0	0	0
джалилов	0	0	0
джалимбетов	0	0	0
джамалайл	0	0	0
джамалбеков	0	0	0
джамалов	0	0	0
джаманбаев	0	0	0
джаманкулов	0	0	0
джаманов	0	0	0
джамбаев	0	0	0
джамбул	0	0	0
джамбулат	0	0	0
джамбулатов	0	0	0
джамбулов	0	0	0
джамила	0	0	0
джамиль	0	0	0
джамиля	0	0	0
джампеисов	0	0	0
джанабаев	0	0	0
джанабай	0	0	0
джанабеков	0	0	0
джанабергенов	0	0	0
джанадилов	0	0	0
джанаев	0	0	0
джаналиев	0	0	0
джанар	0	0	0
джанат	0	0	0
джанбаев	0	0	0
джанболат	0	0	0
джанбулат	0	0	0
джангазиев	0	0	0
джангалиев	0	0	0
джангельды	0	0	0
джангир	0	0	0
джандарбеков	0	0	0
джандаров	0	0	0
джандос	0	0	0
джанзаков	0	0	0
джанибек	0	0	0
джанибеков	0	0	0
джания	0	0	0
джансеитов	0	0	0
джантаев	0	0	0
джантасов	0	0	0
джанузаков	0	0	0
джаныбек	0	0	0
джаныл	0	0	0
джанысбаев	0	0	0
джапаров	0	0	0
джаппаров	0	0	0
джарасов	0	0	0
джаркимбаев	0	0	0
джартыбаев	0	0	0
джастин	0	0	0
джафар	0	0	0
джахангир	0	0	0
джебко	0	0	0
джексембаев	0	0	0
джексенбаев	0	0	0
дженис	0	0	0
джетибаев	0	0	0
джетписбаев	0	0	0
джетыбаев	0	0	0
джибек	0	0	0
джидебаев	0	0	0
джиенбаев	0	0	0
джилкибаев	0	0	0
джоламанов	0	0	0
джолдас	0	0	0
джолдасбаев	0	0	0
джолдасбай	0	0	0
джолдасбек	0	0	0
джолдасбеков	0	0	0
джолдасов	0	0	0
джолдыбаев	0	0	0
джомарт	0	0	0
джубаев	0	0	0
джубанов	0	0	0
джузбаев	0	0	0
джуламанов	0	0	0
джумабаев	0	0	0
джумабай	0	0	0
джумабек	0	0	0
джумабеков	0	0	0
джумабике	0	0	0
джумагазиев	0	0	0
джумагали	0	0	0
джумагалиев	0	0	0
джумагул	0	0	0
джумагулов	0	0	0
джумагуль	0	0	0
джумадилов	0	0	0
джумадуллаев	0	0	0
джумаев	0	0	0
джумакул	0	0	0
джумакулов	0	0	0
джумакуль	0	0	0
джумалиев	0	0	0
джумамуратов	0	0	0
джуманазаров	0	0	0
джуманиязов	0	0	0
джуманов	0	0	0
джуматаев	0	0	0
джуматов	0	0	0
джумахан	0	0	0
джумаханов	0	0	0
джумашев	0	0	0
джумашов	0	0	0
джуниор	0	0	0
джунипер	0	0	0
джунисбеков	0	0	0
джунисов	0	0	0
джунусбеков	0	0	0
джунусов	0	0	0
джупар	0	0	0
джурабаев	0	0	0
джурабеков	0	0	0
джураев	0	0	0
джусипов	0	0	0
джусупбеков	0	0	0
джусупов	0	0	0
диаз	0	0	0
дианна	0	0	0
диара	0	0	0
диасбек	0	0	0
диасхан	0	0	0
диасыл	0	0	0
диасұлы	0	0	0
дидара	0	0	0
дидаров	0	0	0
дидархан	0	0	0
дидарұлы	0	0	0
диджитал	0	0	0
диканбаев	0	0	0
дилана	0	0	0
дилдабаев	0	0	0
дилдакул	0	0	0
дилдакуль	0	0	0
дилдахан	0	0	0
дилдора	0	0	0
дилинур	0	0	0
дилия	0	0	0
дилияр	0	0	0
дилляра	0	0	0
дилмира	0	0	0
дилмурад	0	0	0
дилмурод	0	0	0
дилназ	0	0	0
дилназа	0	0	0
дилнара	0	0	0
дилноза	0	0	0
дилнура	0	0	0
дилора	0	0	0
дилорам	0	0	0
дилором	0	0	0
дилроза	0	0	0
дилфуза	0	0	0
дилшад	0	0	0
дилшат	0	0	0
дилшод	0	0	0
дилшода	0	0	0
дильбар	0	0	0
дильбара	0	0	0
дильда	0	0	0
дильдабаев	0	0	0
дильдабеков	0	0	0
дильдар	0	0	0
дильдаш	0	0	0
дильмагамбетов	0	0	0
дильманов	0	0	0
дильмар	0	0	0
дильмира	0	0	0
дильмурат	0	0	0
дильмухамед	0	0	0
дильназ	0	0	0
дильназ	0	0	0
дильназа	0	0	0
дильнар	0	0	0
дильнара	0	0	0
дильнас	0	0	0
дильноза	0	0	0
дильнур	0	0	0
дильнура	0	0	0
дильфуза	0	0	0
дильхан	0	0	0
дильшат	0	0	0
дильяр	0	0	0
дильяра	0	0	0
диля	0	0	0
диляна	0	0	0
диляра	0	0	0
дилярам	0	0	0
диляфруз	0	0	0
димаши	0	0	0
димашты	0	0	0
димашын	0	0	0
димашқа	0	0	0
динагул	0	0	0
динагуль	0	0	0
динагүл	0	0	0
динакуль	0	0	0
динасилов	0	0	0
динель	0	0	0
динмухаммад	0	0	0
динмухаммет	0	0	0
динора	0	0	0
динура	0	0	0
диора	0	0	0
дипломмен	0	2	2
дихамбаев	0	0	0
диханбаев	0	0	0
диханбаев	0	0	0
диханбай	0	0	0
диханов	0	0	0
диэс	0	0	0
дияз	0	0	0
дияна	0	0	0
дияра	0	0	0
диярбек	0	0	0
дияров	0	0	0
дияс	0	0	0
диёра	0	0	0
диёрбек	0	0	0
днепродзержинск	0	0	0
долготский	0	0	0
долгы	0	0	0
донбаев	0	0	0
дониёр	0	0	0
досалиев	0	0	0
досалиев	0	0	0
досалы	0	0	0
досбаев	0	0	0
досбергенов	0	0	0
досболат	0	0	0
досболов	0	0	0
досболұлы	0	0	0
досекеев	0	0	0
досетов	0	0	0
досжанұлы	0	0	0
досимов	0	0	0
доскеев	0	0	0
доскенов	0	0	0
доскулов	0	0	0
досмагулов	0	0	0
досмаилов	0	0	0
досмайлов	0	0	0
досмамбетов	0	0	0
досманбетов	0	0	0
досманов	0	0	0
досмахан	0	0	0
досмаханбет	0	0	0
досмаханов	0	0	0
досмурат	0	0	0
досмуратов	0	0	0
досмурзаев	0	0	0
досмухан	0	0	0
досмуханов	0	0	0
досмұхамед	0	0	0
досмұхаммед	0	0	0
досниязов	0	0	0
доспаев	0	0	0
доспаева	0	0	0
доспанбетов	0	0	0
доспанова	0	0	0
досполов	0	0	0
достаев	0	0	0
достанов	0	0	0
достияр	0	0	0
достияров	0	0	0
достон	0	0	0
досумбаев	0	0	0
досумбеков	0	0	0
досумов	0	0	0
досхожаев	0	0	0
досыбаев	0	0	0
досыбай	0	0	0
досыбеков	0	0	0
досымбаев	0	0	0
досымбеков	0	0	0
досымбетов	0	0	0
досымжан	0	0	0
досымхан	0	0	0
досымхан	0	0	0
досымханов	0	0	0
досқали	0	0	0
досқан	0	0	0
дохада	0	0	0
дошанов	0	0	0
дошимов	0	0	0
дощанов	0	0	0
драак	0	0	0
драгомир	0	0	0
дрезден	0	0	0
дуанбеков	0	0	0
дуанов	0	0	0
дубаев	0	0	0
дубайға	0	0	0
дубек	0	0	0
дубовиктің	0	0	0
дузелбаев	0	0	0
дуинг	0	0	0
дуйсалиев	0	0	0
дуйсеков	0	0	0
дуйсекул	0	0	0
дуйсекуль	0	0	0
дуйсембеков	0	0	0
дуйсенали	0	0	0
дуйсеналиев	0	0	0
дуйсеналы	0	0	0
дуйсенгазы	0	0	0
дуйсенкуль	0	0	0
дуйсехан	0	0	0
дукаева	0	0	0
дукембаев	0	0	0
дукенбаев	0	0	0
дукенов	0	0	0
дулатбаев	0	0	0
дулатбек	0	0	0
дулатхан	0	0	0
дулеповті	0	0	0
думанбек	0	0	0
думанұлы	0	0	0
думанұлы	0	0	0
думшебаев	0	0	0
дуненбаев	0	0	0
дурдона	0	0	0
дурманов	0	0	0
дуровты	0	0	0
дусалиев	0	0	0
дусанов	0	0	0
дусенбаев	0	0	0
дусенбай	0	0	0
дускалиев	0	0	0
дусупов	0	0	0
душанбеге	0	0	0
душанбеде	0	0	0
душанов	0	0	0
дэвин	0	0	0
дюсалиев	0	0	0
дюсебаев	0	0	0
дюсебеков	0	0	0
дюсегалиев	0	0	0
дюсекеев	0	0	0
дюсекенов	0	0	0
дюсекин	0	0	0
дюсеков	0	0	0
дюсембаев	0	0	0
дюсембай	0	0	0
дюсембек	0	0	0
дюсембеков	0	0	0
дюсембин	0	0	0
дюсембинов	0	0	0
дюсен	0	0	0
дюсенбаев	0	0	0
дюсенбай	0	0	0
дюсенбек	0	0	0
дюсенбеков	0	0	0
дюсенбин	0	0	0
дюсенгали	0	0	0
дюсенгалиев	0	0	0
дюсенов	0	0	0
дюсупов	0	0	0
дюсюпов	0	0	0
ділара	0	0	0
ділдахан	0	0	0
ділмұрат	0	0	0
ділмұхамед	0	0	0
ділмұхаммед	0	0	0
ділназ	0	0	0
ділнар	0	0	0
ділнұр	0	0	0
ділнәз	0	0	0
ділшат	0	0	0
дінзухра	0	0	0
дінислам	0	2	1
дінмухамбет	0	0	0
дінмухамед	0	0	0
дінмухамет	0	0	0
дінмухаммед	0	0	0
дінмуханбет	0	0	0
дінмұхамбет	0	0	0
дінмұхамед	0	0	0
дінмұхамет	0	0	0
дінмұхаммад	0	0	0
дінмұхаммет	0	0	0
дінмұханбет	0	0	0
діннұр	0	0	0
дүзелбай	0	0	0
дүйсебаевтың	0	0	0
дүйсебай	0	0	0
дүйсембаев	0	0	0
дүйсембаев	0	0	0
дүйсембек	0	0	0
дүйсеналы	0	0	0
дүйсенбеков	0	0	0
дүйсенбекова	0	0	0
дүйсенбекұлы	0	0	0
дүйсенхан	0	0	0
дүйсенғалиев	0	0	0
дүйсенәлі	0	0	0
дүйсенәлі	0	0	0
дүйсехан	0	0	0
дәленов	0	0	0
дәмегүл	0	0	0
дәмира	0	0	0
дәмір	0	0	0
дәния	0	0	0
дәния	0	0	0
дәнияр	0	0	0
дәрібаев	0	0	0
дәулетбековичтен	0	0	0
дәулеткерейде	0	0	0
дәулетқали	0	0	0
дәулетқан	0	0	0
дәулетұлы	0	0	0
дәуренұлы	0	0	0
дәуіржан	0	0	0
дәуіржан	0	0	0
дәуірхан	0	0	0
дәуітбек	0	0	0
евангелина	0	0	0
евровидениесы	0	0	0
евровидениесінде	0	0	0
еврокоптер	0	0	0
егемберді	0	0	0
егеменде	0	0	0
егенбердиев	0	0	0
егенберді	0	0	0
егенов	0	0	0
егеубаев	0	0	0
егизеков	0	0	0
егимбаев	0	0	0
егинбаев	0	0	0
егізбаев	0	0	0
едилбек	0	0	0
едиль	0	0	0
едильбаев	0	0	0
едресов	0	0	0
едрисов	0	0	0
едыге	0	0	0
еділбаев	0	0	0
еділбек	0	0	0
еділхан	0	0	0
еділұлы	0	0	0
екібасова	0	0	0
еламанов	0	0	0
еламанов	0	0	0
еламанұлы	0	0	0
елана	0	0	0
еларыс	0	1	1
елбол	0	0	0
елболсын	0	0	0
елбосын	0	0	0
елгонов	0	0	0
елдана	0	0	0
елдесов	0	0	0
елдияр	0	0	0
елдосұлы	0	0	0
елеке	0	0	0
елеман	0	0	0
елеманов	0	0	0
елемесов	0	0	0
елерке	0	0	0
елеубаев	0	0	0
елеубек	0	0	0
елеукен	0	0	0
елеусін	0	0	0
елешев	0	0	0
елешов	0	0	0
елжанов	0	0	0
елзат	0	0	0
елибаев	0	0	0
елигай	0	0	0
елиза	0	0	0
елина	0	0	0
елисей	0	0	0
елмира	0	0	0
елмуратов	0	0	0
елназ	0	0	0
елназар	0	0	0
елнар	0	0	0
елнара	0	0	0
елнура	0	0	0
елнұра	0	0	0
елнұры	0	0	0
елсияр	0	0	0
елсұлтан	0	0	0
елтаев	0	0	0
елубек	0	0	0
елхан	0	0	0
елшат	0	0	0
елшибаев	0	0	0
ельбаев	0	0	0
ельвира	0	0	0
ельдана	0	0	0
ельдар	0	0	0
ельдос	0	0	0
ельжан	0	0	0
ельжанов	0	0	0
ельжас	0	0	0
ельмира	0	0	0
ельмурат	0	0	0
ельназ	0	0	0
ельнар	0	0	0
ельнара	0	0	0
ельнур	0	0	0
ельнура	0	0	0
ельтай	0	0	0
ельхан	0	0	0
ельчибаев	0	0	0
елюбаев	0	0	0
елюбай	0	0	0
елігай	0	0	0
елікай	0	0	0
елікбай	0	0	0
ембергенов	0	0	0
ембердиев	0	0	0
ендибаев	0	0	0
ендібай	0	0	0
енлік	0	0	0
енсебеков	0	0	0
ентебеков	0	0	0
ерадил	0	0	0
ералин	0	0	0
ералинов	0	0	0
ералхан	0	0	0
ералыұлы	0	0	0
ераман	0	0	0
ерамир	0	0	0
ерасил	0	0	0
ераслан	0	0	0
ербаев	0	0	0
ербакыт	0	0	0
ербатыров	0	0	0
ербахыт	0	0	0
ербаян	0	0	0
ербақыт	0	0	0
ерболан	0	0	0
ерболатов	0	0	0
ерболатұлы	0	0	0
ерболган	0	0	0
ерболов	0	0	0
ерболсын	0	0	0
ерболұлы	0	0	0
ербосынов	0	0	0
ербосынұлы	0	0	0
ербота	0	0	0
ербулан	0	0	0
ербулат	0	0	0
ербулатов	0	0	0
ербулеков	0	0	0
ергазин	0	0	0
ергазинов	0	0	0
ергалий	0	0	0
ергалы	0	0	0
ергалым	0	0	0
ерганат	0	0	0
ергараев	0	0	0
ергашев	0	0	0
ергебеков	0	0	0
ергенбай	0	0	0
ергенбек	0	0	0
ергенов	0	0	0
ергешбаев	0	0	0
ергешбай	0	0	0
ергешов	0	0	0
ергулан	0	0	0
ердан	0	0	0
ердана	0	0	0
ердар	0	0	0
ерденбеков	0	0	0
ердесов	0	0	0
ердосұлы	0	0	0
ердоған	0	0	0
ердәуіт	0	0	0
ереванда	0	0	0
еревандағы	0	0	0
ережепбаев	0	0	0
ережепбай	0	0	0
ерекеев	0	0	0
ерекенов	0	0	0
ерекешов	0	0	0
ерел	0	0	0
еренов	0	0	0
ержанат	0	0	0
ержанұлы	0	0	0
ержас	0	0	0
ержигитов	0	0	0
ерзада	0	0	0
ерзат	0	0	0
ерзат	0	0	0
ерзатұлы	0	0	0
ерикбай	0	0	0
ериков	0	0	0
ерислам	0	0	0
еркан	0	0	0
ерканат	0	0	0
еркасым	0	0	0
еркеайым	0	0	0
еркебаев	0	0	0
еркебек	0	0	0
еркеблан	0	0	0
еркебуланов	0	0	0
еркебуланұлы	0	0	0
еркебұланұлы	0	0	0
еркегуль	0	0	0
еркегүл	0	0	0
еркеев	0	0	0
еркелді	0	0	0
еркемай	0	0	0
еркеназым	0	0	0
еркенбек	0	0	0
еркенже	0	0	0
еркенур	0	0	0
еркенұр	0	0	0
еркесұлу	0	0	0
еркетан	0	0	0
еркетаң	0	0	0
еркеулан	0	0	0
еркеұлан	0	0	0
еркибаев	0	0	0
еркимбаев	0	0	0
еркинай	0	0	0
еркингали	0	0	0
еркуат	0	0	0
еркын	0	0	0
еркінай	0	0	0
еркінбеков	0	0	0
еркінбекұлы	0	0	0
еркінгүл	0	0	0
еркінов	0	0	0
еркінғали	0	0	0
ерланбек	0	0	0
ерланов	0	0	0
ерланұлы	0	0	0
ерлат	0	0	0
ерлибек	0	0	0
ерманов	0	0	0
ермат	0	0	0
ерматов	0	0	0
ермахамбет	0	0	0
ермаханбет	0	0	0
ермаханбетов	0	0	0
ермаханов	0	0	0
ермағамбетов	0	0	0
ермағанбет	0	0	0
ермағанбетов	0	0	0
ермегияевке	0	0	0
ермеккалиев	0	0	0
ермекқали	0	0	0
ермекұлы	0	0	0
ермекұлы	0	0	0
ерменов	0	0	0
ерментаев	0	0	0
ермолина	0	0	0
ермуратов	0	0	0
ермухамбетов	0	0	0
ермуханбетов	0	0	0
ермұхамбет	0	0	0
ермұхамед	0	0	0
ермұхаммед	0	0	0
ермұхан	0	0	0
ермұхан	0	0	0
ермұханбет	0	0	0
ермұқан	0	0	0
ерназ	0	0	0
ернарұлы	0	0	0
ернат	0	0	0
ернатұлы	0	0	0
ерниязов	0	0	0
ернұрұлы	0	0	0
ерполат	0	0	0
ерсаин	0	0	0
ерсаинов	0	0	0
ерсай	0	0	0
ерсайн	0	0	0
ерсайнов	0	0	0
ерсайынов	0	0	0
ерсанат	0	0	0
ерсариев	0	0	0
ерсаян	0	0	0
ерсаят	0	0	0
ерсағын	0	0	0
ерсеит	0	0	0
ерсеитов	0	0	0
ерсейт	0	0	0
ерсейтов	0	0	0
ерсейіт	0	0	0
ерсерік	0	0	0
ерсинбек	0	0	0
ерслан	0	0	0
ерсултанов	0	0	0
ерсын	0	0	0
ерсінбек	0	0	0
ерсінұлы	0	0	0
ерсұңқар	0	0	0
ерсәт	0	0	0
ертаевпен	0	0	0
ертаевты	0	0	0
ертаевқа	0	0	0
ертайұлы	0	0	0
ерталап	0	0	0
ертарғын	0	0	0
ертас	0	0	0
ертлеу	0	0	0
ертлеуов	0	0	0
ертуганов	0	0	0
ертілек	0	0	0
ертілеу	0	0	0
ертұлға	0	0	0
ертөре	0	0	0
ертөстік	0	0	0
ерулан	0	0	0
ерхан	0	0	0
ерханат	0	0	0
ерханов	0	0	0
ерхат	0	0	0
ершат	0	0	0
ерікжан	0	0	0
еріктілер	0	1	1
ерікұлы	0	0	0
ерғазыұлы	0	0	0
ерғалиұлы	0	0	0
ерғалым	0	0	0
ерғанат	0	0	0
ерғұлан	0	0	0
ерқанат	0	0	0
ерқанат	0	0	0
ерқанатұлы	0	0	0
ерқасым	0	0	0
ерқосай	0	0	0
ерқуат	0	0	0
ерұлан	0	0	0
ерәділ	0	0	0
ерәли	0	0	0
есалиев	0	0	0
есбаев	0	0	0
есбатыров	0	0	0
есбергенов	0	0	0
есболаев	0	0	0
есболатов	0	0	0
есболатұлы	0	0	0
есболганов	0	0	0
есболсын	0	0	0
есболұлы	0	0	0
есбосинов	0	0	0
есбосынов	0	0	0
есбулат	0	0	0
есбулатов	0	0	0
есебаев	0	0	0
есеев	0	0	0
есекеев	0	0	0
есекенов	0	0	0
есельбаев	0	0	0
есембаев	0	0	0
есембек	0	0	0
есембеков	0	0	0
есеналин	0	0	0
есенаманов	0	0	0
есенбеков	0	0	0
есенбике	0	0	0
есенбол	0	0	0
есенболат	0	0	0
есенгазиев	0	0	0
есенгазин	0	0	0
есенгалий	0	0	0
есенгелдиев	0	0	0
есенгелды	0	0	0
есенгельди	0	0	0
есенгельдиев	0	0	0
есенгельдин	0	0	0
есенгельдинов	0	0	0
есенгельды	0	0	0
есенгуль	0	0	0
есенеев	0	0	0
есенжолов	0	0	0
есения	0	0	0
есениязов	0	0	0
есенкелды	0	0	0
есенкельды	0	0	0
есенкуль	0	0	0
есенкүл	0	0	0
есентемиров	0	0	0
есенхан	0	0	0
есенғазы	0	0	0
есенғали	0	0	0
есенғалиев	0	0	0
есенұлы	0	0	0
есеркепов	0	0	0
есетов	0	0	0
есильбаев	0	0	0
есильбай	0	0	0
есимбаев	0	0	0
есимкулов	0	0	0
есимсеитов	0	0	0
ескендер	0	0	0
ескендр	0	0	0
ескендыр	0	0	0
ескенов	0	0	0
ескермес	0	1	1
ескермесов	0	0	0
ескулов	0	0	0
еслям	0	0	0
еслямбек	0	0	0
еслямгалиев	0	0	0
еслямов	0	0	0
есмагулов	0	0	0
есмахан	0	0	0
есмахан	0	0	0
есмаханов	0	0	0
есмағамбетова	0	0	0
есмуратов	0	0	0
есмухамбетов	0	0	0
есназаров	0	0	0
есниязов	0	0	0
еспаев	0	0	0
еспаева	0	0	0
еспаеваға	0	0	0
еспанов	0	0	0
еспембетов	0	0	0
еспенбетов	0	0	0
естаулетов	0	0	0
есфирь	0	0	0
есхат	0	0	0
есілов	0	0	0
есімханов	0	0	0
есімханова	0	0	0
есімханұлы	0	0	0
есіркепов	0	0	0
есқалиеваның	0	0	0
есқат	0	0	0
есқожин	0	0	0
етекбаев	0	0	0
еуразияны	0	0	0
еуроаймақ	0	0	0
еуровижн	0	0	0
еуроодақтағы	0	0	0
еуроодаққа	0	0	0
еуроп	0	0	0
ешанкулов	0	0	0
ешбаев	0	0	0
ешенкулов	0	0	0
ешенов	0	0	0
ешжанов	0	0	0
ешимбетов	0	0	0
ешмагамбетов	0	0	0
ешманов	0	0	0
ешмаханов	0	0	0
ешмуханбетов	0	0	0
ешмуханов	0	0	0
ешпанов	0	0	0
ештаев	0	0	0
ещанов	0	0	0
еңілік	0	1	1
жабагиев	0	0	0
жабыкбаев	0	0	0
жабықбай	0	0	0
жавохир	0	0	0
жагипар	0	0	0
жагипаров	0	0	0
жагпаров	0	0	0
жадгер	0	0	0
жадира	0	0	0
жадра	0	0	0
жадрасын	0	0	0
жадырасын	0	4	1
жазгуль	0	0	0
жазерке	0	0	0
жазигүл	0	0	0
жазитов	0	0	0
жазыбаев	0	0	0
жазылбеков	0	0	0
жазылбекова	0	0	0
жаик	0	0	0
жайдаркул	0	0	0
жайдарлым	0	0	0
жайлаубаев	0	0	0
жайлаубеков	0	0	0
жайлауов	0	0	0
жайлаухан	0	0	0
жайлибаев	0	0	0
жайлыбаев	0	0	0
жайлыбай	0	0	0
жайлыбек	0	0	0
жайнагуль	0	0	0
жайнагүл	0	0	0
жайнара	0	0	0
жайнарбек	0	0	0
жайнасын	0	9	1
жайнаш	0	0	0
жайсанкул	0	0	0
жайсанкуль	0	0	0
жайсанов	0	0	0
жайылхан	0	0	0
жаканбаев	0	0	0
жакасов	0	0	0
жакашбаев	0	0	0
жакашов	0	0	0
жакетов	0	0	0
жакешов	0	0	0
жакиенов	0	0	0
жакин	0	0	0
жакип	0	0	0
жакипбаев	0	0	0
жакипбек	0	0	0
жакипбеков	0	0	0
жакипов	0	0	0
жакитов	0	0	0
жакишев	0	0	0
жаксалык	0	0	0
жаксалыков	0	0	0
жаксат	0	0	0
жаксибаев	0	0	0
жаксибай	0	0	0
жаксибек	0	0	0
жаксигул	0	0	0
жаксигуль	0	0	0
жаксилик	0	0	0
жаксиликов	0	0	0
жакслык	0	0	0
жакслыков	0	0	0
жаксыберген	0	0	0
жаксыбике	0	0	0
жаксыгалиев	0	0	0
жаксыгельды	0	0	0
жаксыгулов	0	0	0
жаксыгуль	0	0	0
жаксыкул	0	0	0
жаксыкуль	0	0	0
жакупбаев	0	0	0
жакупбеков	0	0	0
жакупов	0	0	0
жакупов	0	0	0
жалаңашкөлде	0	0	0
жалбагаев	0	0	0
жалгасхан	0	0	0
жалдыбаев	0	0	0
жалелов	0	0	0
жалиев	0	0	0
жалилов	0	0	0
жалмаханов	0	0	0
жалмағанбетов	0	0	0
жалмурзаев	0	0	0
жалмуханов	0	0	0
жалынбек	0	0	0
жалғасбаев	0	0	0
жалғасов	0	0	0
жалғасхан	0	0	0
жалғасұлы	0	0	0
жамалбеков	0	0	0
жамалиев	0	0	0
жамалкан	0	0	0
жамалов	0	0	0
жамалхан	0	0	0
жаманбаев	0	0	0
жаманбалаев	0	0	0
жаманбалин	0	0	0
жамангарин	0	0	0
жамансариевтің	0	0	0
жамантаев	0	0	0
жаманқұлов	0	0	0
жамаш	0	0	0
жамашев	0	0	0
жамбаев	0	0	0
жамболат	0	0	0
жамбулат	0	0	0
жамбулов	0	0	0
жамбылбек	0	0	0
жамбылов	0	0	0
жамбылұлы	0	0	0
жамиев	0	0	0
жамиль	0	0	0
жампеисов	0	0	0
жампейсов	0	0	0
жамшитов	0	0	0
жанабеков	0	0	0
жанабилов	0	0	0
жанабыл	0	0	0
жанагуль	0	0	0
жанагүл	0	0	0
жанади	0	0	0
жанадилов	0	0	0
жанадиль	0	0	0
жанаділ	0	0	0
жаназаров	0	0	0
жанайбек	0	0	0
жанайым	0	1	1
жанайымға	0	0	0
жанаков	0	0	0
жанакул	0	0	0
жанакуль	0	0	0
жаналин	0	0	0
жаналинов	0	0	0
жанаман	0	0	0
жанарай	0	0	0
жанарбек	0	0	0
жанарбеков	0	0	0
жанарбекұлы	0	0	0
жанаргуль	0	0	0
жанаркул	0	0	0
жанаркуль	0	0	0
жанаркүл	0	0	0
жанархан	0	0	0
жанасбаев	0	0	0
жанасбек	0	0	0
жанасов	0	0	0
жанасыл	0	0	0
жанатаев	0	0	0
жанатбек	0	0	0
жанатбеков	0	0	0
жанаткул	0	0	0
жанаткуль	0	0	0
жанатов	0	0	0
жанатхан	0	0	0
жанатұлы	0	0	0
жанахметов	0	0	0
жанашев	0	0	0
жанбаев	0	0	0
жанбатыров	0	0	0
жанбеков	0	0	0
жанбирбаев	0	0	0
жанбирбай	0	0	0
жанбиров	0	0	0
жанбол	0	0	0
жанболатов	0	0	0
жанболатұлы	0	0	0
жанбулат	0	0	0
жанбулатов	0	0	0
жанбуршин	0	0	0
жангабаев	0	0	0
жангабай	0	0	0
жангабулов	0	0	0
жангазинов	0	0	0
жангак	0	0	0
жангелды	0	0	0
жангельди	0	0	0
жангельдин	0	0	0
жангельды	0	0	0
жангер	0	0	0
жангил	0	0	0
жангиров	0	0	0
жангирхан	0	0	0
жангулим	0	0	0
жангуль	0	0	0
жангылсын	0	0	0
жангір	0	0	0
жангірхан	0	0	0
жангүл	0	0	0
жангүлім	0	0	0
жандарбекұлы	0	0	0
жандаров	0	0	0
жандаулетов	0	0	0
жандильдин	0	0	0
жандияр	0	0	0
жандосұлы	0	0	0
жандулла	0	0	0
жандыбаев	0	0	0
жанділда	0	0	0
жандәулет	0	0	0
жанелия	0	0	0
жанель	0	0	0
жанелья	0	0	0
жанеля	0	0	0
жанер	0	0	0
жанерке	0	0	0
жанеркем	0	0	0
жанета	0	0	0
жанетов	0	0	0
жанетта	0	0	0
жанзаков	0	0	0
жанзақ	0	0	0
жанзира	0	0	0
жанзия	0	0	0
жанибекұлы	0	0	0
жанила	0	0	0
жанилган	0	0	0
жанилсин	0	0	0
жанилсын	0	0	0
жанилхан	0	0	0
жанира	0	0	0
жаниса	0	0	0
жаниса	0	0	0
жанислам	0	0	0
жанкелды	0	0	0
жанкельды	0	0	0
жанкин	0	0	0
жанкулов	0	0	0
жанмурат	0	0	0
жанмұрат	0	0	0
жанмұхаммед	0	0	0
жаннагуль	0	0	0
жаннар	0	0	0
жаннель	0	0	0
жаннета	0	0	0
жанниет	0	0	0
жаннура	0	0	0
жаннұрым	0	0	0
жанпеисов	0	0	0
жанпейсов	0	0	0
жанполат	0	0	0
жансара	0	0	0
жансауле	0	0	0
жансаят	0	0	0
жансезим	0	0	0
жансезім	0	0	0
жансеит	0	0	0
жансеитов	0	0	0
жансейт	0	0	0
жансейтов	0	0	0
жансел	0	0	0
жансель	0	0	0
жансен	0	0	0
жансері	0	0	0
жансерік	0	0	0
жансерікұлы	0	0	0
жансия	0	0	0
жанслу	0	0	0
жансу	0	0	0
жансугуров	0	0	0
жансултанов	0	0	0
жансүйген	0	0	0
жансұлу	0	0	0
жансұлу	0	0	0
жансәуле	0	0	0
жантаев	0	0	0
жантасов	0	0	0
жантлеу	0	0	0
жантлеуов	0	0	0
жантуре	0	0	0
жантуреев	0	0	0
жантілек	0	0	0
жаншуақ	0	0	0
жаншырай	0	0	0
жаныбеков	0	0	0
жаныкулов	0	0	0
жанылкан	0	0	0
жанылша	0	0	0
жанымай	0	0	0
жанымкул	0	0	0
жанымкуль	0	0	0
жанысбаев	0	0	0
жанысбаев	0	0	0
жанысбек	0	0	0
жанысбеков	0	0	0
жанысов	0	0	0
жанэль	0	0	0
жанэля	0	0	0
жанібек	0	0	0
жанғазиев	0	0	0
жанғалиев	0	0	0
жанқуат	0	0	0
жанәли	0	0	0
жанәлі	0	0	0
жапабаев	0	0	0
жапанов	0	0	0
жапарбергенов	0	0	0
жапаркулов	0	0	0
жапаров	0	0	0
жапбар	0	0	0
жапбаров	0	0	0
жапбасбаев	0	0	0
жапонияға	0	0	0
жаппаров	0	0	0
жаппасов	0	0	0
жапсарбаев	0	0	0
жарасбаев	0	0	0
жарасбек	0	0	0
жараспаев	0	0	0
жарасхан	0	0	0
жарасұлы	0	0	0
жарболов	0	0	0
жаржанов	0	0	0
жаримбетов	0	0	0
жаркеев	0	0	0
жаркенов	0	0	0
жаркенттегі	0	0	0
жаркимбаев	0	0	0
жаркимбеков	0	0	0
жаркин	0	0	0
жаркинай	0	0	0
жаркинбаев	0	0	0
жаркинбек	0	0	0
жаркинбеков	0	0	0
жаркынкуль	0	0	0
жаркөсе	0	0	0
жарманов	0	0	0
жармаханов	0	0	0
жарменов	0	0	0
жармухаметов	0	0	0
жармуханов	0	0	0
жарылгасинов	0	0	0
жарылкапов	0	0	0
жарылкасынов	0	0	0
жарылхасын	0	0	0
жарылғасов	0	0	0
жарылқасым	0	0	0
жарылқасынов	0	0	0
жарымбетов	0	0	0
жарқынай	0	0	0
жарқынай	0	0	0
жарқынбеков	0	0	0
жарқынбекұлы	0	0	0
жарқынгүл	0	0	0
жарқынұлы	0	0	0
жасанов	0	0	0
жасаров	0	0	0
жасболат	0	0	0
жасия	0	0	0
жаскайрат	0	0	0
жаскайратов	0	0	0
жасканат	0	0	0
жаскен	0	0	0
жаслан	0	0	0
жасмина	0	0	0
жаснур	0	0	0
жаснұр	0	0	0
жасталап	0	0	0
жасталапов	0	0	0
жастилек	0	0	0
жастлек	0	0	0
жастілек	0	0	0
жасузак	0	0	0
жасузаков	0	0	0
жасуланов	0	0	0
жасуланұлы	0	0	0
жасур	0	0	0
жасурбек	0	0	0
жасыбаев	0	0	0
жасылан	0	0	0
жасылкөлде	0	0	0
жасылкөлдегідей	0	0	0
жасқайрат	0	0	0
жасқанат	0	0	0
жасұзақ	0	0	0
жасұланов	0	0	0
жасұланұлы	0	0	0
жаудір	0	0	0
жаукар	0	0	0
жаукенов	0	0	0
жаулыбаев	0	0	0
жаухар	0	0	0
жаушықұм	0	0	0
жахангер	0	0	0
жахангир	0	0	0
жаханов	0	0	0
жахин	0	0	0
жахонгир	0	0	0
жағыппар	0	0	0
жақаевты	0	0	0
жақсыбаев	0	0	0
жақсыбаев	0	0	0
жақсыбаева	0	0	0
жақсыбекұлы	0	0	0
жақсыгүл	0	0	0
жақсыкелді	0	0	0
жақсыкүл	0	0	0
жақсылыков	0	0	0
жақсылықұлы	0	0	0
жақсығали	0	0	0
жақыпова	0	0	0
жаңаарқа	0	0	0
жаңабайұлы	0	0	0
жаңагүл	0	0	0
жаңалықтар	0	24	5
жаңатұрмыс	0	0	0
жаңақорғандық	0	0	0
жаңаөзендегі	0	0	0
жаңбырбаев	0	0	0
жаңылай	0	0	0
жаңылдық	0	2	1
жаңылхан	0	0	0
жаңғызтал	0	0	0
жаһаргер	0	0	0
жбек	0	0	0
жвек	0	0	0
жекебаев	0	0	0
жекеев	0	0	0
жекенов	0	0	0
жексембаев	0	0	0
жексембек	0	0	0
жексембеков	0	0	0
жексембиев	0	0	0
жексембин	0	0	0
жексембинов	0	0	0
жексенбаев	0	0	0
жексенбек	0	0	0
жексенбек	0	0	0
жексенбиев	0	0	0
жексенгалиев	0	0	0
жексенкуль	0	0	0
жексенов	0	0	0
жексенғали	0	0	0
желдибаев	0	0	0
желдыбаев	0	0	0
железин	0	0	0
желтораңғы	0	0	0
жемқорлыққа	0	3	2
женгис	0	0	0
женгисбай	0	0	0
женевадағы	0	0	0
женисгул	0	0	0
женисгуль	0	0	0
женискул	0	0	0
женискуль	0	0	0
женисов	0	0	0
женсикбаев	0	0	0
женыс	0	0	0
женіс	0	0	0
женісбек	0	0	0
жетесов	0	0	0
жеткеншек	0	0	0
жеткербаев	0	0	0
жеткербай	0	0	0
жеткерген	0	0	0
жеткергенов	0	0	0
жеткізген	0	50	10
жетпісбаев	0	0	0
жетпісқызына	0	0	0
жетыбаев	0	0	0
жетібаев	0	0	0
жетіжар	0	0	0
жеңісбай	0	0	0
жеңісбекұлы	0	0	0
жеңісгүл	0	0	0
жеңіскүл	0	0	0
жеңісов	0	0	0
жеңісхан	0	0	0
жеңісұлы	0	0	0
жибао	0	0	0
жидебаев	0	0	0
жидекуль	0	0	0
жиембаев	0	0	0
жиеналин	0	0	0
жиенбеков	0	0	0
жиенкулов	0	0	0
жиенкуль	0	0	0
жиентаев	0	0	0
жилкайдаров	0	0	0
жилкибаев	0	0	0
жилкибай	0	0	0
жилстройсбербанкке	0	0	0
жиренбаев	0	0	0
жобаев	0	0	0
жобалайұлы	0	0	0
жолаев	0	0	0
жоланов	0	0	0
жолболды	0	0	0
жолдасбаев	0	0	0
жолдасбековті	0	0	0
жолдаспаев	0	0	0
жолдасхан	0	0	0
жолдасқали	0	0	0
жолдасұлы	0	0	0
жолдыбаев	0	0	0
жолдыбаев	0	0	0
жолдыбалина	0	0	0
жолдыбалинаны	0	0	0
жолдыбек	0	0	0
жолдыбеков	0	0	0
жолдығали	0	0	0
жолжан	0	0	0
жолжанов	0	0	0
жолманов	0	0	0
жолмаханов	0	0	0
жолмурзаев	0	0	0
жолмырзаев	0	0	0
жолтаев	0	0	0
жолшиев	0	0	0
жолшыбек	0	0	0
жолшыбеков	0	0	0
жолымбек	0	0	0
жолымбетов	0	0	0
жомартов	0	0	0
жомартұлы	0	0	0
жоморт	0	0	0
жонибек	0	0	0
жорабаева	0	0	0
жорабеков	0	0	0
жораев	0	0	0
жорахан	0	0	0
жотабаев	0	0	0
жохар	0	0	0
жуаныш	0	0	0
жуанышев	0	0	0
жуасбаев	0	0	0
жубандыков	0	0	0
жубанышев	0	0	0
жубанышов	0	0	0
жубатов	0	0	0
жубатхан	0	0	0
жубатханов	0	0	0
жугинисов	0	0	0
жузжасаров	0	0	0
жузимкул	0	0	0
жукеев	0	0	0
жукенов	0	0	0
жукин	0	0	0
жулаев	0	0	0
жуламанов	0	0	0
жулдиз	0	0	0
жулдуз	0	0	0
жулдузай	0	0	0
жулдус	0	0	0
жумабала	0	0	0
жумагалий	0	0	0
жумаганым	0	0	0
жумагелды	0	0	0
жумагельдин	0	0	0
жумагельдинов	0	0	0
жумагельды	0	0	0
жумагерей	0	0	0
жумагиз	0	0	0
жумагулов	0	0	0
жумагуль	0	0	0
жумадилла	0	0	0
жумадиллаев	0	0	0
жумадильдин	0	0	0
жумадулла	0	0	0
жумадуллаев	0	0	0
жумакаев	0	0	0
жумакиз	0	0	0
жумакулов	0	0	0
жумакуль	0	0	0
жумалин	0	0	0
жумамуратов	0	0	0
жуманазаров	0	0	0
жуманали	0	0	0
жуманбаев	0	0	0
жуманкулов	0	0	0
жумарт	0	0	0
жумартов	0	0	0
жумаслу	0	0	0
жумасулу	0	0	0
жумахметов	0	0	0
жумағали	0	0	0
жумекенов	0	0	0
жумин	0	0	0
жунус	0	0	0
жунусбаев	0	0	0
жунусбек	0	0	0
жунусбеков	0	0	0
жунусов	0	0	0
жунуспеков	0	0	0
жупарбаев	0	0	0
жупаргуль	0	0	0
жупаркул	0	0	0
жупаркуль	0	0	0
журабек	0	0	0
журабеков	0	0	0
журавлев	0	0	0
жураев	0	0	0
журкабаев	0	0	0
журсинай	0	0	0
журсинбек	0	0	0
журсун	0	0	0
журсунов	0	0	0
журумбаев	0	0	0
жусанбаев	0	0	0
жусипалиев	0	0	0
жусипбаев	0	0	0
жусуп	0	0	0
жусупбаев	0	0	0
жусупбек	0	0	0
жусупбеков	0	0	0
жусупкалиев	0	0	0
жусупов	0	0	0
жыбек	0	0	0
жылкибаев	0	0	0
жылқайдарова	0	0	0
жылқайдарұлы	0	0	0
жылқыбаев	0	0	0
жэньмин	0	0	0
жэньминь	0	0	0
жээнбеков	0	0	0
жүзбаев	0	0	0
жүнісбеков	0	0	0
жүніске	0	0	0
жүнісовалар	0	0	0
жүрсінбек	0	0	0
жүсіпбеков	0	0	0
жүсіпбеков	0	0	0
жүсіпәлі	0	0	0
жұбатқанов	0	0	0
жұлдызбек	0	0	0
жұлдызхан	0	0	0
жұмабайұлы	0	0	0
жұмабекұлы	0	0	0
жұмагелді	0	0	0
жұмаділда	0	0	0
жұмаділла	0	0	0
жұмаділлә	0	0	0
жұмаділовке	0	0	0
жұмажанов	0	0	0
жұмай	0	0	0
жұмакүл	0	0	0
жұмалы	0	0	0
жұмамұрат	0	0	0
жұманазар	0	0	0
жұманазаров	0	0	0
жұманов	0	0	0
жұманәлі	0	0	0
жұмасұлтанов	0	0	0
жұматаев	0	0	0
жұматов	0	0	0
жұмахан	0	0	0
жұмаханов	0	0	0
жұмаханұлы	0	0	0
жұмахмет	0	0	0
жұмашев	0	0	0
жұмашева	0	0	0
жұмашевтар	0	0	0
жұмашов	0	0	0
жұмағазиев	0	0	0
жұмағазин	0	0	0
жұмағалиұлы	0	0	0
жұмақанов	0	0	0
жұпарбек	0	0	0
жұрхабаев	0	0	0
жәйна	0	0	0
жәкеев	0	0	0
жәлелова	0	0	0
жәмиля	0	0	0
жәнгір	0	0	0
жәнел	0	3	1
жәнібекұлы	0	0	0
жәутіков	0	0	0
жәңгірхан	0	0	0
жөкен	0	0	0
жөкенұлының	0	0	0
забираш	0	0	0
завра	0	0	0
завре	0	0	0
завреш	0	0	0
заградовка	0	0	0
задагул	0	0	0
задаш	0	0	0
задесинец	0	0	0
заида	0	0	0
заира	0	0	0
заиров	0	0	0
заитов	0	0	0
зайгуль	0	0	0
зайдулла	0	0	0
зайед	0	0	0
зайкен	0	0	0
зайкенов	0	0	0
зайна	0	0	0
зайнаб	0	0	0
зайнап	0	0	0
зайнулла	0	0	0
зайнуллин	0	0	0
зайнуллина	0	0	0
зайнуллинге	0	0	0
зайраш	0	0	0
зайытхан	0	0	0
закарин	0	0	0
закариянов	0	0	0
закарьянов	0	0	0
закенов	0	0	0
закида	0	0	0
закиев	0	0	0
закирьянов	0	0	0
закия	0	0	0
закура	0	0	0
залина	0	0	0
залиха	0	0	0
заманай	0	0	0
заманбеков	0	0	0
заманхан	0	0	0
замзагул	0	0	0
замзагуль	0	0	0
замзагүл	0	0	0
замзакуль	0	0	0
замир	0	0	0
замирбек	0	0	0
занғар	0	0	0
запрометовтің	0	0	0
запура	0	0	0
заречный	0	0	0
заречныйда	0	0	0
зарима	0	0	0
зарифа	0	0	0
зария	0	0	0
зарлыков	0	0	0
заррина	0	0	0
зарухан	0	0	0
заттыбек	0	0	0
заур	0	0	0
заурбек	0	0	0
заурбеков	0	0	0
заурекуль	0	0	0
заурехан	0	0	0
зауытбек	0	0	0
зафар	0	0	0
зафира	0	0	0
зафура	0	0	0
захида	0	0	0
захира	0	0	0
захра	0	0	0
захро	0	0	0
зашаған	0	0	0
заңымыз	0	0	0
заңымызды	0	0	0
заңғарбек	0	0	0
збайда	0	0	0
збира	0	0	0
звайда	0	0	0
зебо	0	0	0
зеин	0	0	0
зейнаб	0	0	0
зейнап	0	0	0
зейнеб	0	0	0
зейнегуль	0	0	0
зейнекул	0	0	0
зейнекуль	0	0	0
зейнелов	0	0	0
зейнелхан	0	0	0
зейнель	0	0	0
зейнепхан	0	0	0
зейнехан	0	0	0
зейноллаев	0	0	0
зейнула	0	0	0
зейнуллаев	0	0	0
зейнуллин	0	0	0
зейнура	0	0	0
зекенов	0	0	0
зеленскийге	0	0	0
зелимхан	0	0	0
зербо	0	0	0
зергуль	0	0	0
зеркуль	0	0	0
зерхан	0	0	0
зехра	0	0	0
зибагуль	0	0	0
зибира	0	0	0
зиза	0	0	0
зилиха	0	0	0
зилола	0	0	0
зинагул	0	0	0
зинагуль	0	0	0
зинагүл	0	0	0
зинайда	0	0	0
зинакул	0	0	0
зинакуль	0	0	0
зинара	0	0	0
зинахан	0	0	0
зинаш	0	0	0
зинегул	0	0	0
зинегуль	0	0	0
зинегүл	0	0	0
зинеп	0	0	0
зинеш	0	0	0
зиннур	0	0	0
зиннұр	0	0	0
зинолла	0	0	0
зинулла	0	0	0
зинуллин	0	0	0
зинур	0	0	0
зинура	0	0	0
зираш	0	0	0
зита	0	0	0
зиябек	0	0	0
зиябеков	0	0	0
зиягул	0	0	0
зиягуль	0	0	0
зияданов	0	0	0
зиядин	0	0	0
зияев	0	0	0
зиякул	0	0	0
зиякуль	0	0	0
зиятбек	0	0	0
зиятов	0	0	0
зиятхан	0	0	0
зияхан	0	0	0
зиёда	0	0	0
злата	0	0	0
злыха	0	0	0
зора	0	1	1
зорлу	0	0	0
зубира	0	0	0
зулайха	0	0	0
зулайхо	0	0	0
зулейха	0	0	0
зулкарнаев	0	0	0
зулпухар	0	0	0
зулпухаров	0	0	0
зулпыхаров	0	0	0
зулхарнаев	0	0	0
зулхарнай	0	0	0
зулхумар	0	0	0
зульпия	0	0	0
зульфат	0	0	0
зульфина	0	0	0
зульфира	0	0	0
зульфия	0	0	0
зумкар	0	0	0
зурахан	0	0	0
зураш	0	0	0
зылыха	0	0	0
зұлпыхар	0	0	0
зұлхарнай	0	0	0
зұмрат	0	0	0
зәкәрияқызының	0	0	0
зәмира	0	0	0
зәуірбек	0	0	0
зәуірбекованың	0	0	0
ибагул	0	0	0
ибагуль	0	0	0
ибадулла	0	0	0
ибадуллаев	0	0	0
ибатулла	0	0	0
ибаш	0	0	0
ибашев	0	0	0
ибрагимова	0	0	0
ибраемов	0	0	0
ибраим	0	0	0
ибраимов	0	0	0
ибраимов	0	0	0
ибрай	0	0	0
ибрайм	0	0	0
ибраймов	0	0	0
ибрайханов	0	0	0
ибрахимов	0	0	0
ибрахым	0	0	0
ибрашов	0	0	0
иброхим	0	0	0
иброһим	0	0	0
игембаев	0	0	0
игенбаев	0	0	0
игенов	0	0	0
игентай	0	0	0
игильманов	0	0	0
игисенов	0	0	0
иглик	0	0	0
игликов	0	0	0
игликов	0	0	0
игіліков	0	0	0
идирис	0	0	0
идирисов	0	0	0
идлип	0	0	0
идрис	0	0	0
идрисов	0	0	0
идришев	0	0	0
идрышев	0	0	0
иемберген	0	0	0
иембердиев	0	0	0
ижанов	0	0	0
изат	0	0	0
изатов	0	0	0
изатулла	0	0	0
изаура	0	0	0
избагамбетов	0	0	0
избаев	0	0	0
избанов	0	0	0
избасканов	0	0	0
избасханов	0	0	0
извеков	0	0	0
издибаев	0	0	0
изекенов	0	0	0
изембаев	0	0	0
изенбаев	0	0	0
изенов	0	0	0
изжанов	0	0	0
изимбетов	0	0	0
изимов	0	0	0
израильге	0	0	0
израильде	0	0	0
изтаев	0	0	0
изтурган	0	0	0
изтурганов	0	0	0
иклас	0	0	0
икласов	0	0	0
икрамов	0	0	0
иксанов	0	0	0
иксқа	0	0	0
илана	0	3	1
илесбаев	0	0	0
илесбек	0	0	0
илиас	0	0	0
илигай	0	0	0
илиев	0	0	0
илина	0	0	0
илиньді	0	0	0
илмира	0	0	0
илона	0	0	0
илхом	0	0	0
ильвира	0	0	0
ильгиз	0	0	0
ильгиза	0	0	0
ильдана	0	0	0
ильдар	0	0	0
ильзат	0	0	0
ильмира	0	0	0
ильназ	0	0	0
ильнар	0	0	0
ильнара	0	0	0
ильнур	0	0	0
ильнура	0	0	0
ильфат	0	0	0
ильхам	0	0	0
ильхам	0	0	0
ильхан	0	0	0
ильшат	0	0	0
ильяр	0	0	0
ильясұлы	0	0	0
ильяшев	0	0	0
илюбаев	0	0	0
илюбай	0	0	0
иляс	0	0	0
илясов	0	0	0
имагамбетов	0	0	0
имаков	0	0	0
имамбаев	0	0	0
имамбеков	0	0	0
имамдар	0	5	1
иманалин	0	0	0
иманбеков	0	0	0
иманбердиев	0	0	0
иманберді	0	0	0
иманбетов	0	0	0
имангазин	0	0	0
имангазинов	0	0	0
имандос	0	0	0
имандосов	0	0	0
иманжүсіп	0	0	0
имантаев	0	0	0
имантаев	0	0	0
имантай	0	0	0
иманқұлов	0	0	0
иманәли	0	0	0
имашов	0	0	0
иминов	0	0	0
имир	0	0	0
имран	0	0	0
инайя	0	0	0
инар	0	0	0
инара	0	0	0
инвест	0	0	0
инглиш	0	0	0
индастрис	0	0	0
индера	0	0	0
индустриясын	0	0	0
инербаев	0	0	0
инирбаев	0	0	0
иниятов	0	0	0
инкара	0	0	0
инкарбаев	0	0	0
инкарбек	0	0	0
инкарбеков	0	0	0
инкаров	0	0	0
инмен	0	0	0
инобат	0	0	0
инсана	0	0	0
инсар	0	0	0
инстаграм	0	0	0
инстаграмдағы	0	0	0
инстаграмға	0	0	0
интисар	0	0	0
интыкбаев	0	0	0
иорданиялық	0	0	0
ирактағы	0	0	0
иргалиев	0	0	0
иргибаев	0	0	0
иржан	0	0	0
иржанов	0	0	0
иржанов	0	0	0
ирисбек	0	0	0
ирлан	0	0	0
ирода	0	0	0
ирсалиев	0	0	0
исабеков	0	0	0
исагалиев	0	0	0
исаинов	0	0	0
исаканов	0	0	0
исакулов	0	0	0
исанов	0	0	0
исатайұлы	0	0	0
исатов	0	0	0
исах	0	0	0
исахан	0	0	0
исахан	0	0	0
исаханов	0	0	0
исахов	0	0	0
исағалиев	0	0	0
исақ	0	0	0
исақұл	0	0	0
исеев	0	0	0
исекешев	0	0	0
исембаев	0	0	0
исембай	0	0	0
исенбаев	0	0	0
исенбай	0	0	0
исенгалиев	0	0	0
исенов	0	0	0
исенова	0	0	0
исетов	0	0	0
исимбаев	0	0	0
исимов	0	0	0
исина	0	0	0
исинов	0	0	0
исказиев	0	0	0
искалиев	0	0	0
искандаров	0	0	0
искандер	0	0	0
искендеров	0	0	0
искендиров	0	0	0
искиндиров	0	0	0
исламали	0	0	0
исламбеков	0	0	0
исламгалиев	0	0	0
исламов	0	0	0
исламғали	0	0	0
исламұлы	0	0	0
исламұлы	0	0	0
ислан	0	0	0
ислана	0	0	0
ислом	0	0	0
исломбек	0	0	0
ислямбек	0	0	0
ислямгалиев	0	0	0
ислямов	0	0	0
исмагамбетов	0	0	0
исмаганбетов	0	0	0
исмагилов	0	0	0
исмадияр	0	0	0
исмаилов	0	0	0
исмайлов	0	0	0
исмаков	0	0	0
исманов	0	0	0
исматов	0	0	0
исматулла	0	0	0
исмағұл	0	0	0
исмира	0	0	0
исмоил	0	0	0
исмоилов	0	0	0
исмурзин	0	0	0
исмухамбетов	0	0	0
исмуханов	0	0	0
испаев	0	0	0
испандияр	0	0	0
испанов	0	0	0
испулов	0	0	0
испусинов	0	0	0
исраилов	0	0	0
истаев	0	0	0
итемгенов	0	0	0
итжанов	0	0	0
итэр	0	0	0
ихлас	0	2	1
ихласов	0	0	0
ихсанов	0	0	0
ихтияр	0	0	0
ихтиёр	0	0	0
ишанбек	0	0	0
ишанбеков	0	0	0
ишангалиев	0	0	0
ишанкулов	0	0	0
ишанов	0	0	0
ишмухамбетов	0	0	0
ишниязов	0	0	0
иқан	0	0	0
кабасов	0	0	0
кабашев	0	0	0
кабденов	0	0	0
кабдешев	0	0	0
кабдешов	0	0	0
кабдиев	0	0	0
кабдолданов	0	0	0
кабдрахман	0	0	0
кабдрашев	0	0	0
кабдрашит	0	0	0
кабдуалиев	0	0	0
кабдула	0	0	0
кабдулин	0	0	0
кабдулла	0	0	0
кабдуллаев	0	0	0
кабдуллин	0	0	0
кабдулов	0	0	0
кабдушев	0	0	0
кабдыгалиев	0	0	0
кабенов	0	0	0
кабесов	0	0	0
кабиденов	0	0	0
кабидулла	0	0	0
кабланбек	0	0	0
кабыкенов	0	0	0
кабылбеков	0	0	0
кабылдин	0	0	0
кабылдинов	0	0	0
кагазбаев	0	0	0
каденов	0	0	0
кадешов	0	0	0
кадимов	0	0	0
кадирбеков	0	0	0
кадиргали	0	0	0
кадиркулов	0	0	0
кадирсизов	0	0	0
кадирханов	0	0	0
кадралиев	0	0	0
кадралин	0	0	0
кадылбек	0	0	0
кадылбеков	0	0	0
кадырали	0	0	0
кадыралиев	0	0	0
кадырбеков	0	0	0
кадыргалиев	0	0	0
кадыркулов	0	0	0
кадырханов	0	0	0
кадыша	0	0	0
кажгалиев	0	0	0
каженов	0	0	0
кажибаев	0	0	0
кажибеков	0	0	0
кажигали	0	0	0
кажигалиев	0	0	0
кажимов	0	0	0
кажимукан	0	0	0
кажимурат	0	0	0
кажимухан	0	0	0
кажкенов	0	0	0
кажмукан	0	0	0
кажмурат	0	0	0
кажмуратов	0	0	0
кажмухан	0	0	0
кажымукан	0	0	0
казанбаев	0	0	0
казанкапов	0	0	0
казатомпромның	0	0	0
казахбаев	0	0	0
казбаев	0	0	0
казгулов	0	0	0
казезов	0	0	0
казенов	0	0	0
казибек	0	0	0
казиз	0	0	0
казизов	0	0	0
казимов	0	0	0
казипа	0	0	0
казира	0	0	0
казкеев	0	0	0
казкен	0	0	0
казкенов	0	0	0
казмагамбетов	0	0	0
казтаев	0	0	0
казталовка	0	0	0
казыев	0	0	0
казымов	0	0	0
каимов	0	0	0
каинжамал	0	0	0
каипов	0	0	0
каират	0	0	0
каирбаев	0	0	0
каирбай	0	0	0
каирбек	0	0	0
каирбеков	0	0	0
каирболат	0	0	0
каирбулат	0	0	0
каиргазы	0	0	0
каиргали	0	0	0
каиргалиев	0	0	0
каиргельдинов	0	0	0
каиргельды	0	0	0
каиржамал	0	0	0
каиржан	0	0	0
каиржанов	0	0	0
каиркан	0	0	0
каиркельды	0	0	0
каиркен	0	0	0
каиркенов	0	0	0
каирлы	0	0	0
каиров	0	0	0
каирпану	0	0	0
каиртай	0	0	0
каиртас	0	0	0
каирхан	0	0	0
кайдаулов	0	0	0
кайкенов	0	0	0
кайназаров	0	0	0
кайнарбек	0	0	0
кайнаров	0	0	0
кайнжамал	0	0	0
кайни	0	0	0
кайнижамал	0	0	0
кайникамал	0	0	0
кайный	0	0	0
кайныш	0	0	0
кайпов	0	0	0
кайракбаев	0	0	0
кайрамбаев	0	0	0
кайранбаев	0	0	0
кайранов	0	0	0
кайратбек	0	0	0
кайратов	0	0	0
кайрбаев	0	0	0
кайрбай	0	0	0
кайрбек	0	0	0
кайрбеков	0	0	0
кайрболат	0	0	0
кайргали	0	0	0
кайргалиев	0	0	0
кайргельды	0	0	0
кайржан	0	0	0
кайржанов	0	0	0
кайркен	0	0	0
кайрлиев	0	0	0
кайрлы	0	0	0
кайров	0	0	0
кайрулла	0	0	0
кайруллаев	0	0	0
кайруллин	0	0	0
кайрхан	0	0	0
кайсанов	0	0	0
кайсарбек	0	0	0
кайсаров	0	0	0
кайсин	0	0	0
кайырболат	0	0	0
кайыргельды	0	0	0
какабаев	0	0	0
какибаев	0	0	0
какимбеков	0	0	0
калаганов	0	0	0
калампир	0	0	0
каламхас	0	0	0
каласов	0	0	0
калбике	0	0	0
калбуби	0	0	0
калдарбеков	0	0	0
калдаров	0	0	0
калдибаев	0	0	0
калдибай	0	0	0
калдибек	0	0	0
калдигул	0	0	0
калдигуль	0	0	0
калдикиз	0	0	0
калдикул	0	0	0
калдыбеков	0	0	0
калдыбике	0	0	0
калдыгул	0	0	0
калдыгулов	0	0	0
калдыгуль	0	0	0
калдыгыз	0	0	0
калдыкул	0	0	0
калдыкуль	0	0	0
калдыхан	0	0	0
калекеев	0	0	0
калелов	0	0	0
калжигит	0	0	0
калжигитов	0	0	0
калиакбаров	0	0	0
калиакпаров	0	0	0
калиахметов	0	0	0
калибаев	0	0	0
калибай	0	0	0
калибеков	0	0	0
каликов	0	0	0
каликулов	0	0	0
калилаев	0	0	0
калиманов	0	0	0
калимбетов	0	0	0
калимжан	0	0	0
калимжанов	0	0	0
калиса	0	0	0
калитов	0	0	0
калифорнияда	0	0	0
калиханов	0	0	0
калияш	0	0	0
калманов	0	0	0
калмаханов	0	0	0
калмурза	0	0	0
калмурзаев	0	0	0
калмурзин	0	0	0
калназаров	0	0	0
калниязов	0	0	0
калыбеков	0	0	0
калыкбаев	0	0	0
калыков	0	0	0
калыкулов	0	0	0
калымжанов	0	0	0
калышев	0	0	0
кальжанов	0	0	0
кальменов	0	0	0
камаев	0	0	0
камаладин	0	0	0
камалбеков	0	0	0
камалиев	0	0	0
камалхан	0	0	0
камаль	0	0	0
каманов	0	0	0
камаров	0	0	0
камарсулу	0	0	0
камарья	0	0	0
камашев	0	0	0
камашқызы	0	0	0
камбарбеков	0	0	0
камелов	0	0	0
каменов	0	0	0
каметов	0	0	0
камешев	0	0	0
камешов	0	0	0
камзаев	0	0	0
камзанов	0	0	0
камзин	0	0	0
камзинов	0	0	0
камида	0	0	0
камидулла	0	0	0
камиев	0	0	0
камилаш	0	0	0
камилия	0	0	0
камилла	0	0	0
камилов	0	0	0
камиля	0	0	0
камилә	0	0	0
каминка	0	0	0
камитов	0	0	0
камия	0	0	0
камола	0	0	0
камп	0	0	0
камран	0	0	0
камчат	0	0	0
камыспаев	0	0	0
камышев	0	0	0
канабеков	0	0	0
каналбай	0	0	0
каналбек	0	0	0
каналин	0	0	0
канапиев	0	0	0
канапья	0	0	0
канатбеков	0	0	0
канаткалиев	0	0	0
канатхан	0	0	0
канашев	0	0	0
канжигитов	0	0	0
канзира	0	0	0
канибек	0	0	0
канибеков	0	0	0
каникулы	0	4	1
канлыбаев	0	0	0
кансеитов	0	0	0
кансейтов	0	0	0
канслу	0	0	0
кантаев	0	0	0
канткул	0	0	0
канткуль	0	0	0
кантуреев	0	0	0
канчаим	0	0	0
каншаим	0	0	0
каншайм	0	0	0
каныбеков	0	0	0
канымай	0	0	0
канымзия	0	0	0
канымкуль	0	0	0
канымхан	0	0	0
канышай	0	0	0
капаев	0	0	0
капалбаев	0	0	0
капасов	0	0	0
капашов	0	0	0
капбасов	0	0	0
капезов	0	0	0
капенов	0	0	0
капизов	0	0	0
капишев	0	0	0
каппаров	0	0	0
каппасов	0	0	0
капуза	0	0	0
капура	0	0	0
капустина	0	0	0
капышев	0	0	0
карабалиев	0	0	0
карагойшин	0	0	0
карагулов	0	0	0
каражигитов	0	0	0
каракуз	0	0	0
каракулов	0	0	0
каралина	0	0	0
карамурзин	0	0	0
карантиндегі	0	0	0
карахат	0	0	0
карашашев	0	0	0
карбаев	0	0	0
карбозов	0	0	0
карбузов	0	0	0
каренов	0	0	0
каржасов	0	0	0
карибеков	0	0	0
карилга	0	0	0
карилгаш	0	0	0
каримбек	0	0	0
каримбеков	0	0	0
каримжанов	0	0	0
каримкулов	0	0	0
каримсаков	0	0	0
карипбаев	0	0	0
каричпен	0	0	0
каркенов	0	0	0
карлагаш	0	0	0
карлгаш	0	0	0
карлига	0	0	0
карлигаш	0	0	0
карлыбаев	0	0	0
карлығаш	0	2	1
карманов	0	0	0
карсаков	0	0	0
карсыбаев	0	0	0
карсыбеков	0	0	0
картаев	0	0	0
картанбаев	0	0	0
каршалов	0	0	0
каршига	0	0	0
карыбаев	0	0	0
карякинге	0	0	0
касаев	0	0	0
касаинов	0	0	0
касеинов	0	0	0
касенбаев	0	0	0
касимбек	0	0	0
касимбеков	0	0	0
касимхан	0	0	0
касира	0	0	0
каскабаев	0	0	0
каскенов	0	0	0
каскырбаев	0	0	0
каспийдегі	0	0	0
касымканов	0	0	0
касымкулов	0	0	0
касымханов	0	0	0
катардағы	0	0	0
катенов	0	0	0
катиша	0	0	0
катия	0	0	0
катовице	0	0	0
катонқарағай	0	0	0
каукенов	0	0	0
каумбаев	0	0	0
кауменов	0	0	0
кауметов	0	0	0
каунсэл	0	0	0
каусария	0	0	0
каусов	0	0	0
каусәр	0	0	0
каухар	0	0	0
кахар	0	0	0
кахарманов	0	0	0
кахраман	0	0	0
кахрамон	0	0	0
кашевич	0	0	0
кашенов	0	0	0
кашкеев	0	0	0
кашкенов	0	0	0
кашкимбаев	0	0	0
кашкинбаев	0	0	0
каюмов	0	0	0
кдырбаев	0	0	0
кебекбаев	0	0	0
кегенбаев	0	0	0
кейтлин	0	0	0
кекилов	0	0	0
кекілбаевты	0	0	0
кекілбаетың	0	0	0
кекілбай	0	0	0
келгенбаев	0	0	0
келдибеков	0	0	0
келдібаеваның	0	0	0
келдімұрат	0	0	0
келесбаев	0	0	0
келесбай	0	0	0
келесов	0	0	0
келлидің	0	0	0
кельдибеков	0	0	0
кемалов	0	0	0
кемаль	0	0	0
кембаев	0	0	0
кемелбаев	0	0	0
кемелжан	0	0	0
кемелханов	0	0	0
кемель	0	0	0
кемельбаев	0	0	0
кемельбеков	0	0	0
кемелұлы	0	0	0
кемелұлын	0	0	0
кемелұлына	0	0	0
кемпирбаев	0	0	0
кенан	0	0	0
кенгесбай	0	0	0
кенеев	0	0	0
кененбаев	0	0	0
кененбай	0	0	0
кенесариев	0	0	0
кенесбеков	0	0	0
кенескул	0	0	0
кенескуль	0	0	0
кенесов	0	0	0
кенетаев	0	0	0
кенешов	0	0	0
кенжаев	0	0	0
кенжалин	0	0	0
кенжебайұлы	0	0	0
кенжебала	0	0	0
кенжебекұлы	0	0	0
кенжебике	0	0	0
кенжеболат	0	0	0
кенжебулат	0	0	0
кенжебулатов	0	0	0
кенжегазы	0	0	0
кенжегайша	0	0	0
кенжегалий	0	0	0
кенжеганым	0	0	0
кенжегуль	0	0	0
кенжеев	0	0	0
кенжекеев	0	0	0
кенжекулов	0	0	0
кенжекуль	0	0	0
кенжекүл	0	0	0
кенжекөл	0	0	0
кенженов	0	0	0
кенжеханов	0	0	0
кенжешов	0	0	0
кенжеғазыұлы	0	0	0
кенжеғалиев	0	0	0
кенжеғұлов	0	0	0
кенжеғұловты	0	0	0
кенжибаев	0	0	0
кенжибай	0	0	0
кенжибек	0	0	0
кенжигалиев	0	0	0
кенжиев	0	0	0
кентаев	0	0	0
кентаулық	0	0	0
кеншинбаев	0	0	0
кереев	0	0	0
керейбаев	0	0	0
керейхан	0	0	0
керейхан	0	0	0
керимжанов	0	0	0
керимкул	0	0	0
керимкулов	0	0	0
кертаев	0	0	0
керімбаев	0	0	0
керімхан	0	0	0
керімқұл	0	0	0
кесикбаев	0	0	0
кетебаев	0	0	0
кеулимжаев	0	0	0
кеулімжай	0	0	0
кешубаев	0	0	0
кеңесары	0	0	0
кеңесбеков	0	0	0
кеңесов	0	0	0
кеңесхан	0	0	0
кибашев	0	0	0
кибершабуылдарды	0	0	0
киви	0	0	0
кидирбаев	0	0	0
кидирбай	0	0	0
киевке	0	0	0
кизбаев	0	0	0
кизжибек	0	0	0
кикбаев	0	0	0
кикбай	0	0	0
кикимов	0	0	0
килибаев	0	0	0
кимбаев	0	0	0
кимбат	0	0	0
кинаятов	0	0	0
кинжибаев	0	0	0
кинцель	0	0	0
кипчакбаев	0	0	0
кипшакбаев	0	0	0
кирбасов	0	0	0
киргизбаев	0	0	0
киркланд	0	0	0
кировец	0	0	0
кирпичный	0	0	0
кисанов	0	0	0
кисиков	0	0	0
кисимов	0	0	0
кистаубаев	0	0	0
кистауов	0	0	0
кишибаев	0	0	0
кишкентаев	0	0	0
киякбаев	0	0	0
кияшев	0	0	0
климов	0	0	0
клочко	0	0	0
клычев	0	0	0
клышбаев	0	0	0
клышбек	0	0	0
клышбеков	0	0	0
клышев	0	0	0
кобжасаров	0	0	0
ковидің	0	0	0
когаршин	0	0	0
кодеков	0	0	0
кожагалиев	0	0	0
кожагелдиев	0	0	0
кожагельдиев	0	0	0
кожагулов	0	0	0
кожакулов	0	0	0
кожамбердиев	0	0	0
кожамкулов	0	0	0
кожантаев	0	0	0
кожасов	0	0	0
кожатаев	0	0	0
кожебаев	0	0	0
кожиков	0	0	0
кожин	0	0	0
козбаков	0	0	0
козыбеков	0	0	0
койайдаров	0	0	0
койбаков	0	0	0
койчубаев	0	0	0
койшекенов	0	0	0
койшибаев	0	0	0
койшибай	0	0	0
койшибеков	0	0	0
койшигулов	0	0	0
койшиев	0	0	0
койшин	0	0	0
койшубаев	0	0	0
койшыгулов	0	0	0
кокаев	0	0	0
коканбаев	0	0	0
кокин	0	0	0
кокишев	0	0	0
коккозов	0	0	0
кокумбаев	0	0	0
кокушев	0	0	0
кокымбаев	0	0	0
колачева	0	0	0
колганатов	0	0	0
колдасов	0	0	0
колесникова	0	0	0
кольбаев	0	0	0
комила	0	0	0
конгресске	0	0	0
конебаев	0	0	0
конирбаев	0	0	0
конисбаев	0	0	0
конкабаев	0	0	0
конкаев	0	0	0
конкашев	0	0	0
конратбаев	0	0	0
конституциямыз	0	0	0
конституцияны	0	1	1
конурбаев	0	0	0
конуров	0	0	0
конусбаев	0	0	0
конусов	0	0	0
конуспаев	0	0	0
конысбеков	0	0	0
копабаев	0	0	0
копжанов	0	0	0
копитар	0	0	0
коппаев	0	0	0
коптлеу	0	0	0
коптлеуов	0	0	0
корбин	0	0	0
кореядағы	0	0	0
кореяға	0	0	0
коржумбаев	0	0	0
коркемай	0	0	0
корлыгаин	0	0	0
коровин	0	0	0
корпорейшн	0	0	0
косаков	0	0	0
косалиев	0	0	0
косбаев	0	0	0
косбол	0	0	0
косдаулетов	0	0	0
космамбетов	0	0	0
косман	0	0	0
космо	0	0	0
космополитен	0	0	0
космуратов	0	0	0
косоводанмын	0	0	0
коспаев	0	0	0
костыгов	0	0	0
косуаков	0	0	0
коханов	0	0	0
кошелевке	0	0	0
кошжанов	0	0	0
кошпанов	0	0	0
кощанов	0	0	0
кощегулов	0	0	0
крамаровская	0	0	0
красин	0	0	0
красничий	0	0	0
краснодар	0	0	0
кремльді	0	0	0
кривинка	0	0	0
кристин	0	0	0
крыкбаев	0	0	0
крыкпаев	0	0	0
куангалиев	0	0	0
куандик	0	0	0
куандиков	0	0	0
куаниш	0	0	0
куанишбек	0	0	0
куантаев	0	0	0
куантхан	0	0	0
куаншбек	0	0	0
куанышкалиев	0	0	0
куанышкул	0	0	0
куанышкуль	0	0	0
куанышпаев	0	0	0
куанышпай	0	0	0
куанышпек	0	0	0
куатбеков	0	0	0
кубайдулла	0	0	0
кубеген	0	0	0
кубегенов	0	0	0
кубеев	0	0	0
кубей	0	0	0
кубейсин	0	0	0
кубейсинов	0	0	0
кубеков	0	0	0
кубенов	0	0	0
кубентаев	0	0	0
кубесов	0	0	0
кубжасаров	0	0	0
кубиев	0	0	0
кувандик	0	0	0
кувандиков	0	0	0
кувандык	0	0	0
кувандыков	0	0	0
куванов	0	0	0
куваныш	0	0	0
куват	0	0	0
куватов	0	0	0
кудайберди	0	0	0
кудайкулов	0	0	0
кударов	0	0	0
кудасов	0	0	0
кудебаев	0	0	0
кудербаев	0	0	0
кудеринов	0	0	0
кудеров	0	0	0
кудрет	0	0	0
кудушев	0	0	0
кудьяров	0	0	0
кужабаев	0	0	0
кужагалиев	0	0	0
кужаков	0	0	0
кужаниязов	0	0	0
кужанов	0	0	0
кужахметов	0	0	0
кузбаев	0	0	0
кузбаков	0	0	0
куздеубаев	0	0	0
куздибаев	0	0	0
кузербаев	0	0	0
куканов	0	0	0
кукеев	0	0	0
кукенов	0	0	0
куккузов	0	0	0
кукушкин	0	0	0
кулазия	0	0	0
кулаим	0	0	0
кулайм	0	0	0
кулайна	0	0	0
куламанов	0	0	0
куланов	0	0	0
кулбагира	0	0	0
кулбан	0	0	0
кулбану	0	0	0
кулбаран	0	0	0
кулбаршин	0	0	0
кулбатыров	0	0	0
кулбиби	0	0	0
кулбуби	0	0	0
кулдарай	0	0	0
кулдари	0	0	0
кулдарига	0	0	0
кулдариха	0	0	0
кулдария	0	0	0
кулдархан	0	0	0
кулдыбаев	0	0	0
кулжазира	0	0	0
кулжакан	0	0	0
кулжанат	0	0	0
кулжахан	0	0	0
кулжиян	0	0	0
кулзабира	0	0	0
кулзагира	0	0	0
кулзада	0	0	0
кулзакира	0	0	0
кулзат	0	0	0
кулзахира	0	0	0
кулзейнет	0	0	0
кулзина	0	0	0
кулзинат	0	0	0
кулзипаш	0	0	0
кулзира	0	0	0
кулибаев	0	0	0
кулиза	0	0	0
кулизат	0	0	0
кулима	0	0	0
кулимбетов	0	0	0
кулимкан	0	0	0
кулихан	0	0	0
кулкаев	0	0	0
кулмагамбетов	0	0	0
кулмаганбетов	0	0	0
кулмайра	0	0	0
кулманбетов	0	0	0
кулмарам	0	0	0
кулмараш	0	0	0
кулмария	0	0	0
кулмахан	0	0	0
кулмаханбетов	0	0	0
кулмаш	0	0	0
кулмира	0	0	0
кулмуратов	0	0	0
кулмурзаев	0	0	0
кулмурзин	0	0	0
кулназаров	0	0	0
кулназия	0	0	0
кулнар	0	0	0
кулнара	0	0	0
кулпараш	0	0	0
кулпаршин	0	0	0
кулпаршын	0	0	0
кулсимхан	0	0	0
кулсинай	0	0	0
култаев	0	0	0
култанов	0	0	0
култасов	0	0	0
култышевтар	0	0	0
кулумбаев	0	0	0
кулумбетов	0	0	0
кулумхан	0	0	0
кулушев	0	0	0
кулхан	0	0	0
кулчат	0	0	0
кулшаруан	0	0	0
кулшахар	0	0	0
кульбаги	0	0	0
кульбагила	0	0	0
кульбагира	0	0	0
кульбадан	0	0	0
кульбаев	0	0	0
кульбайра	0	0	0
кульбайрам	0	0	0
кульбакыт	0	0	0
кульбан	0	0	0
кульбану	0	0	0
кульбара	0	0	0
кульбарам	0	0	0
кульбаран	0	0	0
кульбараш	0	0	0
кульбаршин	0	0	0
кульбаршын	0	0	0
кульбеков	0	0	0
кульбуби	0	0	0
кульгайша	0	0	0
кульдан	0	0	0
кульдана	0	0	0
кульдар	0	0	0
кульдарай	0	0	0
кульдарига	0	0	0
кульдария	0	0	0
кульдархан	0	0	0
кульджанов	0	0	0
кульдрайхан	0	0	0
кульжабаев	0	0	0
кульжазира	0	0	0
кульжакан	0	0	0
кульжамал	0	0	0
кульжамила	0	0	0
кульжамиля	0	0	0
кульжан	0	0	0
кульжанат	0	0	0
кульжанов	0	0	0
кульжахан	0	0	0
кульжиан	0	0	0
кульжиян	0	0	0
кульзабира	0	0	0
кульзагира	0	0	0
кульзада	0	0	0
кульзайра	0	0	0
кульзара	0	0	0
кульзат	0	0	0
кульзахира	0	0	0
кульзейнеп	0	0	0
кульзига	0	0	0
кульзина	0	0	0
кульзинат	0	0	0
кульзипа	0	0	0
кульзира	0	0	0
кульзия	0	0	0
кулькен	0	0	0
кульмагамбетов	0	0	0
кульмаганбетов	0	0	0
кульмайра	0	0	0
кульман	0	0	0
кульманов	0	0	0
кульмара	0	0	0
кульмария	0	0	0
кульмаш	0	0	0
кульмира	0	0	0
кульмухамбетов	0	0	0
кульназаров	0	0	0
кульназия	0	0	0
кульнар	0	0	0
кульнара	0	0	0
кульниязов	0	0	0
кульпан	0	0	0
кульпану	0	0	0
кульпара	0	0	0
кульпаршин	0	0	0
кульпаршын	0	0	0
кульпаш	0	0	0
кульсагат	0	0	0
кульсара	0	0	0
кульсим	0	0	0
кульсимхан	0	0	0
кульсин	0	0	0
кульсум	0	0	0
кульсун	0	0	0
кульсын	0	0	0
культаев	0	0	0
культай	0	0	0
кульхан	0	0	0
кульчат	0	0	0
кульчиков	0	0	0
кульчиков	0	0	0
кульшара	0	0	0
кульшат	0	0	0
кульше	0	0	0
кульшира	0	0	0
куляим	0	0	0
куляй	0	0	0
куляйм	0	0	0
куляйхан	0	0	0
куляйша	0	0	0
кулян	0	0	0
кулянда	0	0	0
куляра	0	0	0
кулятай	0	0	0
кумарбаев	0	0	0
кумарбеков	0	0	0
кумаргали	0	0	0
кумаргалиев	0	0	0
кумаркан	0	0	0
кумашев	0	0	0
кумбасар	0	0	0
кумекбаев	0	0	0
кумеков	0	0	0
кумискан	0	0	0
кумискул	0	0	0
кумискуль	0	0	0
кумусай	0	0	0
кумусжан	0	0	0
кумыс	0	0	0
кумысай	0	0	0
кумысбек	0	0	0
кумысжан	0	0	0
кумыскан	0	0	0
кумыскуль	0	0	0
кунаев	0	0	0
кунаим	0	0	0
кунакбаев	0	0	0
кунаков	0	0	0
кунафин	0	0	0
кундакбаев	0	0	0
кундузай	0	0	0
кундузой	0	0	0
кундызбаев	0	0	0
кунжамила	0	0	0
кунзада	0	0	0
кунзипа	0	0	0
кунзира	0	0	0
кунзия	0	0	0
кунимкул	0	0	0
кунимхан	0	0	0
куннур	0	0	0
кунсауле	0	0	0
кунслу	0	0	0
кунсулув	0	0	0
кунтуаров	0	0	0
кунтубаев	0	0	0
купан	0	0	0
купеев	0	0	0
купенов	0	0	0
купжасаров	0	0	0
куптлеуов	0	0	0
куракбаев	0	0	0
куракбай	0	0	0
куралбеков	0	0	0
курбанай	0	0	0
курбанали	0	0	0
курбаналиев	0	0	0
курбанбек	0	0	0
курбанбеков	0	0	0
курбангул	0	0	0
курбангуль	0	0	0
курбаниязов	0	0	0
курбанкул	0	0	0
курбанкуль	0	0	0
курбиев	0	0	0
курганбаев	0	0	0
курганбеков	0	0	0
куренбаев	0	0	0
куренкеев	0	0	0
курлан	0	0	0
курляндиясын	0	0	0
курмамбаев	0	0	0
курманали	0	0	0
курманалиев	0	0	0
курманбеков	0	0	0
курманбике	0	0	0
курмангазиев	0	0	0
курмангазин	0	0	0
курмангали	0	0	0
курмангалиев	0	0	0
курмангалий	0	0	0
курмангожин	0	0	0
курманиязов	0	0	0
курманказы	0	0	0
курманкул	0	0	0
курманкулов	0	0	0
курманкуль	0	0	0
курмансеитов	0	0	0
курмантаев	0	0	0
курмашов	0	0	0
курпебаев	0	0	0
курсинов	0	0	0
курумбаев	0	0	0
кусаев	0	0	0
кусаин	0	0	0
кусаинов	0	0	0
кусайн	0	0	0
кусанов	0	0	0
кусбеков	0	0	0
кусепов	0	0	0
кусманов	0	0	0
куспангалиев	0	0	0
куспеков	0	0	0
кустанов	0	0	0
кусто	0	0	0
кутанов	0	0	0
куттибай	0	0	0
куттикиз	0	0	0
куттыбеков	0	0	0
куттыгыз	0	0	0
куттыкыз	0	0	0
куттымурат	0	0	0
куттымуратов	0	0	0
кутубаев	0	0	0
кутыбаев	0	0	0
кучербаев	0	0	0
кучик	0	0	0
кучкаров	0	0	0
кушалиев	0	0	0
кушанов	0	0	0
кушбаев	0	0	0
кушекбаев	0	0	0
кушеков	0	0	0
кушенов	0	0	0
кушербаев	0	0	0
кушербай	0	0	0
кушеров	0	0	0
кушимов	0	0	0
кушкенов	0	0	0
кушкимбаев	0	0	0
кушкинбаев	0	0	0
кушкумбаев	0	0	0
кушманов	0	0	0
кушумбаев	0	0	0
кущанов	0	0	0
кыдырали	0	0	0
кыдырманов	0	0	0
кызболган	0	0	0
кызгалдак	0	0	0
кыздарбеков	0	0	0
кыздаркул	0	0	0
кыздаркуль	0	0	0
кыздархан	0	0	0
кыздыгой	0	0	0
кызжан	0	0	0
кызылгуль	0	0	0
кызылкуль	0	0	0
кылышбеков	0	0	0
кыпшакбаев	0	0	0
кырбасованың	0	0	0
кюршат	0	0	0
кішкенекөл	0	0	0
күйгенжар	0	0	0
күлайым	0	0	0
күлаш	0	0	0
күлжахан	0	0	0
күлпан	0	0	0
күлпаршын	0	0	0
күлсара	0	0	0
күлімхан	0	0	0
күләйхан	0	0	0
күләйша	0	0	0
күміскүл	0	0	0
күмісхан	0	0	0
күнсулу	0	0	0
күнсәуле	0	0	0
күнімай	0	0	0
күршімде	0	0	0
күрішбаев	0	0	0
күрішбаева	0	0	0
кұралай	0	0	0
кәдірбеков	0	0	0
кәдірхан	0	0	0
кәкімов	0	0	0
кәлетаев	0	0	0
кәмиля	0	0	0
кәмәси	0	0	0
кәрібаева	0	0	0
кәсіподақтар	0	0	0
кәсіпқорған	0	0	0
кәукенова	0	0	0
кәусәр	0	1	1
көкенайұлы	0	0	0
көкжайлау	0	0	0
көкжайлауда	0	0	0
көксай	0	0	0
көктөбенің	0	0	0
көкшетаулық	0	1	1
көкішевтердің	0	0	0
көкқайнар	0	0	0
көлгінов	0	0	0
көлгіновке	0	0	0
көленқызы	0	0	0
көлсай	0	0	0
көлсайға	0	0	0
көліктегі	0	2	1
көпберген	0	0	0
көпбосын	0	0	0
көпбосынұлының	0	0	0
көпейқызы	0	0	0
көптілеу	0	0	0
көптілеуов	0	0	0
көптілеуов	0	0	0
көркемай	0	0	0
көшенов	0	0	0
көшкінбай	0	0	0
лагард	0	0	0
лазар	0	0	0
лазат	0	0	0
лаззет	0	0	0
лазира	0	0	0
лазят	0	0	0
лаила	0	0	0
лайло	0	0	0
лайля	0	0	0
лайчак	0	0	0
ламис	0	0	0
ламия	0	0	0
лассина	0	0	0
латипов	0	0	0
латушко	0	0	0
лаубаев	0	0	0
лаурия	0	0	0
лаяна	0	0	0
лебаев	0	0	0
левант	0	0	0
левобережная	0	0	0
лейли	0	0	0
лейля	0	0	0
лейсан	0	0	0
лепесбаев	0	0	0
лепесов	0	0	0
лесбаев	0	0	0
лесбай	0	0	0
лесбеков	0	0	0
лескен	0	0	0
лескул	0	0	0
лескуль	0	0	0
лесная	0	0	0
лесов	0	0	0
лесхан	0	0	0
летова	0	0	0
ливанға	0	0	0
лизат	0	0	0
ликеров	0	0	0
лилиана	0	0	0
лиля	0	0	0
лимара	0	0	0
линар	0	0	0
линара	0	0	0
лисицианмен	0	0	0
лисогор	0	0	0
лиссабонда	0	0	0
лиссабондағы	0	0	0
лихачёва	0	0	0
логистик	0	0	0
лоджистикс	0	0	0
лолита	0	0	0
лондондағы	0	0	0
луина	0	0	0
луйза	0	0	0
лукманов	0	0	0
лунара	0	0	0
лутцпен	0	0	0
лэззат	0	0	0
лэйла	0	0	0
лэнгстон	0	0	0
любителев	0	0	0
люксембургтегі	0	0	0
люфтганзасы	0	0	0
люция	0	0	0
лязат	0	0	0
ляззат	0	0	0
ляззат	0	0	0
ляззят	0	0	0
лязиза	0	0	0
лязят	0	0	0
ляйла	0	0	0
ляйлим	0	0	0
ляйля	0	0	0
ляйсан	0	0	0
ляля	0	1	1
ляньюнган	0	0	0
лятипа	0	0	0
лұқпанов	0	0	0
ләзат	0	0	0
ләйля	0	0	0
мавлуда	0	0	0
мавлюда	0	0	0
магамбетов	0	0	0
магамед	0	0	0
магауов	0	0	0
магжанов	0	0	0
магзия	0	0	0
магзомов	0	0	0
магиза	0	0	0
магомед	0	0	0
магрифа	0	0	0
мадалиев	0	0	0
маденов	0	0	0
мадиана	0	0	0
мадиар	0	0	0
мадибеков	0	0	0
мадий	0	0	0
мадимаров	0	0	0
мадира	0	0	0
мадиханов	0	0	0
мадиярбек	0	0	0
мадияров	0	0	0
мадиярұлы	0	0	0
мадиёр	0	0	0
мадиқызына	0	0	0
мадиұлы	0	0	0
мадьяров	0	0	0
маемиров	0	0	0
мажибаев	0	0	0
мажиев	0	0	0
мажиков	0	0	0
мажинов	0	0	0
мажитова	0	0	0
мазаеваға	0	0	0
мазбаев	0	0	0
маира	0	0	0
маия	0	0	0
майбасов	0	0	0
майгуль	0	0	0
майгүл	0	0	0
майдагуль	0	0	0
майданов	0	0	0
майдаш	0	0	0
майжанов	0	0	0
майкенов	0	0	0
майко	0	0	0
майкул	0	0	0
майкуль	0	0	0
майкөбе	0	0	0
майланов	0	0	0
майлибаев	0	0	0
маймуна	0	0	0
майндағы	0	0	0
майнура	0	0	0
майрагул	0	0	0
майрагуль	0	0	0
майрагүл	0	0	0
майрамбай	0	0	0
майрамбек	0	0	0
майрамгул	0	0	0
майрамгуль	0	0	0
майрамкул	0	0	0
майрамкуль	0	0	0
майраш	0	0	0
майраш	0	0	0
майредтің	0	0	0
майтанов	0	0	0
майханов	0	0	0
майқұдық	0	0	0
макаев	0	0	0
макашов	0	0	0
македонияда	0	0	0
макенов	0	0	0
макимов	0	0	0
макинск	0	0	0
макира	0	0	0
макпалеев	0	0	0
макрон	0	0	0
максад	0	0	0
максатбек	0	0	0
максетбай	0	0	0
максимді	0	0	0
максотов	0	0	0
максуткан	0	0	0
мактагул	0	0	0
мактагуль	0	0	0
макуза	0	0	0
макулбаев	0	0	0
малаев	0	0	0
малдыбеков	0	0	0
малибеков	0	0	0
маликайдар	0	0	0
малимбаев	0	0	0
малтабаров	0	0	0
малыбаев	0	0	0
мамадалиев	0	0	0
мамадияр	0	0	0
мамадияров	0	0	0
мамажанов	0	0	0
маманов	0	0	0
маматаев	0	0	0
маматов	0	0	0
мамбаев	0	0	0
мамбеталиев	0	0	0
мамбеталин	0	0	0
мамбетжанов	0	0	0
мамбеткулов	0	0	0
маменов	0	0	0
мамешов	0	0	0
мамиля	0	0	0
мамин	0	0	0
маминге	0	0	0
маминді	0	0	0
мамиров	0	0	0
мамитов	0	0	0
мамлютка	0	0	0
мамраев	0	0	0
мамраимов	0	0	0
мамура	0	0	0
мамутов	0	0	0
мамыков	0	0	0
мамырбаев	0	0	0
мамырбаев	0	0	0
мамырбеков	0	0	0
мамырхан	0	0	0
мамытбаев	0	0	0
мамытбек	0	0	0
мамытов	0	0	0
мамышев	0	0	0
манакбаев	0	0	0
мананбаев	0	0	0
манапбаев	0	0	0
манара	0	0	0
манарбеков	0	0	0
манарбекұлы	0	0	0
манаргул	0	0	0
манаргуль	0	0	0
манасбаев	0	0	0
манасбек	0	0	0
манасов	0	0	0
манасұлы	0	0	0
манатбек	0	0	0
манатов	0	0	0
манатұлы	0	0	0
манашев	0	0	0
манзия	0	0	0
манзоров	0	0	0
манибек	0	0	0
манира	0	0	0
манкеев	0	0	0
мансура	0	0	0
мансурбек	0	0	0
мансүр	0	0	0
мантаев	0	0	0
манура	0	0	0
манчук	0	0	0
маншүк	0	0	0
мапруза	0	0	0
маралбаев	0	0	0
маралбек	0	0	0
маралдым	0	0	0
маралов	0	0	0
маралхан	0	0	0
маралым	0	0	0
маратбек	0	0	0
маратжан	0	0	0
маратов	0	0	0
маратхан	0	0	0
маратұлы	0	0	0
мараш	0	0	0
марданов	0	0	0
марденов	0	0	0
маржана	0	0	0
маржанай	0	0	0
маржангуль	0	0	0
маржанкул	0	0	0
маржанкуль	0	0	0
маржон	0	0	0
маржона	0	0	0
мариам	0	0	0
мариаш	0	0	0
марита	0	0	0
мариякул	0	0	0
мариякуль	0	0	0
мариямгуль	0	0	0
мариямкуль	0	0	0
мариямхан	0	0	0
марияхан	0	0	0
маркабаев	0	0	0
маркизат	0	0	0
марлан	0	0	0
марпуга	0	0	0
марсел	0	0	0
мартбек	0	0	0
маруаш	0	0	0
маруса	0	0	0
мархабаев	0	0	0
мархабай	0	0	0
мархаббат	0	1	1
мархат	0	0	0
марьям	0	0	0
марьяна	0	0	0
марьяш	0	0	0
марям	0	0	0
маряш	0	0	0
марғулан	0	0	0
марқабаева	0	0	0
масабаев	0	0	0
масакбаев	0	0	0
масал	0	0	0
масалимов	0	0	0
масанов	0	0	0
масимованың	0	0	0
масленникова	0	0	0
масран	0	0	0
масура	0	0	0
матаев	0	0	0
матайбаев	0	0	0
матайға	0	0	0
матвеевті	0	0	0
матеев	0	0	0
матенов	0	0	0
маткаримов	0	0	0
матлюба	0	0	0
матов	0	0	0
маттарелла	0	0	0
маукенов	0	0	0
мауленкулов	0	0	0
мауленұлы	0	0	0
маулетов	0	0	0
маулетхан	0	0	0
маулия	0	0	0
маурер	0	0	0
маусымбаев	0	0	0
маутеева	0	0	0
маутов	0	0	0
мафтуна	0	0	0
мафура	0	0	0
махабат	0	0	0
махаев	0	0	0
махажанов	0	0	0
махамбетали	0	0	0
махамбеталиев	0	0	0
махамбетжан	0	0	0
махамбетжанов	0	0	0
махамбетов	0	0	0
махамбетов	0	0	0
махамбетова	0	0	0
махамбетұлы	0	0	0
махамбетәлі	0	0	0
маханбет	0	0	0
маханбет	0	0	0
маханбетали	0	0	0
маханбетжан	0	0	0
маханбетжанов	0	0	0
маханбетов	0	0	0
маханбетәлі	0	0	0
маханов	0	0	0
махатаев	0	0	0
махатай	0	0	0
махатов	0	0	0
махачкалаға	0	0	0
махаш	0	0	0
махашев	0	0	0
махашов	0	0	0
махбал	0	0	0
махбуба	0	0	0
махди	0	1	1
махимов	0	0	0
махин	0	0	0
махинур	0	0	0
махира	0	0	0
махметов	0	0	0
махметов	0	0	0
махмуджан	0	0	0
махпал	0	0	0
махсад	0	0	0
махсат	0	0	0
махсатбек	0	0	0
махсатұлы	0	0	0
махсет	0	0	0
махсетбай	0	0	0
махсетов	0	0	0
махсот	0	0	0
махсотов	0	0	0
махсуд	0	0	0
махсуда	0	0	0
махсут	0	0	0
махсутов	0	0	0
махсутхан	0	0	0
маххабат	0	0	0
машаев	0	0	0
машенов	0	0	0
машрапов	0	0	0
мащинская	0	0	0
маэк	0	0	0
мағди	0	0	0
мағзом	0	0	0
мақжан	0	0	0
мақсатбек	0	0	0
мақсатов	0	0	0
мақсатұлы	0	0	0
мақсотов	0	0	0
мақсут	0	0	0
мақсұтбек	0	0	0
мақсұтов	0	0	0
мақсұтхан	0	0	0
мақсұтұлы	0	0	0
мақтааралға	0	0	0
мақұлбеков	0	0	0
маңғыстаулық	0	1	1
меделбеков	0	0	0
меделхан	0	0	0
меденов	0	0	0
медер	0	0	0
медетбаев	0	0	0
медетбеков	0	0	0
медетұлы	0	0	0
медеубаев	0	0	0
медеубай	0	0	0
медеубек	0	0	0
медеубеков	0	0	0
медеуов	0	0	0
медеуов	0	0	0
медеухан	0	0	0
медешов	0	0	0
медея	0	0	0
медиация	0	0	0
медиев	0	0	0
медикал	0	0	0
медхат	0	0	0
меиз	0	0	0
меир	0	0	0
меирамбек	0	0	0
меирамкул	0	0	0
меирбек	0	0	0
меирбеков	0	0	0
меиргуль	0	0	0
меиржан	0	0	0
меиркул	0	0	0
меиркуль	0	0	0
меирлан	0	0	0
меирман	0	0	0
меирманов	0	0	0
меирхан	0	0	0
меиірбек	0	0	0
меиіржан	0	0	0
мейз	0	0	0
мейзкул	0	0	0
мейзкуль	0	0	0
мейр	0	0	0
мейрамбаев	0	0	0
мейрамбай	0	0	0
мейрамбеков	0	0	0
мейрамбеков	0	0	0
мейрамбекұлы	0	0	0
мейрамгазы	0	0	0
мейрамгалиев	0	0	0
мейрамгуль	0	0	0
мейрамжан	0	0	0
мейрамкуль	0	0	0
мейрамкүл	0	0	0
мейрамов	0	0	0
мейрамғали	0	0	0
мейрамұлы	0	0	0
мейранбек	0	0	0
мейрас	0	0	0
мейрат	0	0	0
мейраш	0	0	0
мейрбек	0	0	0
мейрбеков	0	0	0
мейрбекұлы	0	0	0
мейргул	0	0	0
мейргуль	0	0	0
мейрембаев	0	0	0
мейремхан	0	0	0
мейржан	0	0	0
мейримжан	0	0	0
мейримхан	0	0	0
мейркул	0	0	0
мейркуль	0	0	0
мейрлан	0	0	0
мейрман	0	0	0
мейрманов	0	0	0
мейрхан	0	0	0
мейрханов	0	0	0
мейрхат	0	0	0
мейрімжан	0	0	0
мейрімхан	0	0	0
мейірбекұлы	0	0	0
мейіргүл	0	0	0
мейіркүл	0	0	0
мейірлан	0	0	0
мейірлан	0	0	0
мейірхан	0	0	0
мейірхат	0	0	0
мейірімжан	0	0	0
мекебай	0	0	0
мекеев	0	0	0
мекембай	0	0	0
мекенбаев	0	0	0
мекенбай	0	0	0
мелдебеков	0	0	0
мелдехан	0	0	0
мелдеханов	0	0	0
мелдешов	0	0	0
мелек	0	0	0
меликовтің	0	0	0
мелиса	0	1	1
мелисса	0	0	0
мельс	0	0	0
меліс	0	0	0
мендибек	0	0	0
мендигалиев	0	0	0
мендиганым	0	0	0
мендигул	0	0	0
мендигуль	0	0	0
мендикулов	0	0	0
мендыбаев	0	0	0
мендыбай	0	0	0
мендыгали	0	0	0
мендыгалиев	0	0	0
мендыгуль	0	0	0
менешов	0	0	0
мензипа	0	0	0
менлибаев	0	0	0
менлибеков	0	0	0
менслу	0	0	0
мералиев	0	0	0
мерболат	0	0	0
мерболат	0	0	0
мерверт	0	0	0
мервет	0	0	0
мергембаев	0	0	0
мергенов	0	0	0
мергуль	0	0	0
мергүл	0	0	0
мереев	0	0	0
мерейбек	0	0	0
мерейгүл	0	0	0
мерейлим	0	0	0
мерейлім	0	0	0
мерейхан	0	0	0
мерейұлы	0	0	0
мерекеев	0	0	0
мерекенов	0	0	0
мерекеұлы	0	0	0
мержан	0	0	0
мерлан	0	0	0
меруэрт	0	0	0
мерхан	0	0	0
мерхат	0	0	0
мерғали	0	0	0
мехмет	0	0	0
мехран	0	0	0
мехрибан	0	0	0
мешелов	0	0	0
мещеркина	0	0	0
меңдібаев	0	0	0
меңдіғали	0	0	0
меңдіғалиев	0	0	0
мидина	0	0	0
мизамбаев	0	0	0
мизамов	0	0	0
мизамхан	0	0	0
микаил	0	0	0
милена	0	0	0
минада	0	0	0
минаим	0	0	0
минайдаров	0	0	0
минар	0	0	0
минара	0	0	0
минбаев	0	0	0
минжасаров	0	0	0
минниагзам	0	0	0
минслу	0	0	0
минуара	0	0	0
минура	0	0	0
мирагул	0	0	0
мирагуль	0	0	0
мираз	0	0	0
мирай	0	0	0
мирали	0	0	0
миралиев	0	0	0
мирам	0	0	0
мирамбай	0	0	0
мирамбек	0	0	0
мирамбеков	0	0	0
мирамбекұлы	0	0	0
мирамгали	0	0	0
мирамгул	0	0	0
мирамгуль	0	0	0
мирамгүл	0	0	0
мирамкул	0	0	0
мирамкуль	0	0	0
мирамкүл	0	0	0
мирамов	0	0	0
мирамхан	0	0	0
миран	0	0	0
мирана	0	0	0
миранбек	0	0	0
мирасбек	0	0	0
мирасхан	0	0	0
мирасұлы	0	0	0
мираш	0	0	0
мирбек	0	0	0
мирбол	0	0	0
мирболат	0	0	0
мирбулат	0	0	0
миргали	0	0	0
миргул	0	0	0
миргуль	0	0	0
миргүл	0	0	0
мирзабаев	0	0	0
мирзабай	0	0	0
мирзабек	0	0	0
мирзабеков	0	0	0
мирзагали	0	0	0
мирзаев	0	0	0
мирзакулов	0	0	0
мирзалиев	0	0	0
мирзахан	0	0	0
мирзаханов	0	0	0
мирзахмедов	0	0	0
мирзахметов	0	0	0
мирзиёев	0	0	0
мирлан	0	0	0
мирлан	0	0	0
мирманов	0	0	0
миромонович	0	0	0
мирослав	0	0	0
мирослава	0	0	0
мирхан	0	0	0
мирхат	0	0	0
мифтахова	0	0	0
михал	0	0	0
михаэль	0	0	0
мичурино	0	0	0
мишениннің	0	0	0
мишустин	0	0	0
миятбек	0	0	0
мнайдаров	0	0	0
мнаура	0	0	0
мобиус	0	0	0
мозер	0	0	0
молбаев	0	0	0
молдабергенов	0	0	0
молдажан	0	0	0
молдакулов	0	0	0
молдалиев	0	0	0
молдамуратов	0	0	0
молдатаев	0	0	0
молдахан	0	0	0
молдаханов	0	0	0
молдашев	0	0	0
молдашов	0	0	0
молдағасымованың	0	0	0
молдақұлов	0	0	0
молдер	0	0	0
молдияр	0	0	0
молдияров	0	0	0
молдован	0	0	0
молдыбаев	0	0	0
молдыр	0	0	0
молдың	0	0	0
молдір	0	0	0
молжигитов	0	0	0
молл	0	0	0
мольдир	0	0	0
мольдр	0	0	0
мольдыр	0	0	0
момбаев	0	0	0
моминов	0	0	0
момынкулов	0	0	0
момынов	0	0	0
момышев	0	0	0
моноқалаларды	0	0	0
монтаев	0	0	0
монтаев	0	0	0
монтайдың	0	0	0
монтайтас	0	0	0
морозова	0	0	0
моторс	0	0	0
мохинур	0	0	0
мохира	0	0	0
моңғолияға	0	0	0
мубараков	0	0	0
мубина	0	0	0
мугалов	0	0	0
мугилсин	0	0	0
мугульсум	0	0	0
мудряк	0	0	0
музапаров	0	0	0
мукангалиев	0	0	0
мукеев	0	0	0
мукушев	0	0	0
мукушов	0	0	0
мулдабеков	0	0	0
мулдагалиев	0	0	0
мулдашев	0	0	0
мулдир	0	0	0
мульдир	0	0	0
мумина	0	0	0
муминов	0	0	0
муналбаев	0	0	0
мунарбаев	0	0	0
мунбаев	0	0	0
муниса	0	0	0
мунлык	0	0	0
муратали	0	0	0
муратказы	0	0	0
мураткали	0	0	0
мураткалиев	0	0	0
муратханов	0	0	0
муратұлы	0	0	0
мурзабаев	0	0	0
мурзабай	0	0	0
мурзабек	0	0	0
мурзабеков	0	0	0
мурзагали	0	0	0
мурзагалиев	0	0	0
мурзагулов	0	0	0
мурзаканов	0	0	0
мурзакулов	0	0	0
мурзалиев	0	0	0
мурзалин	0	0	0
мурзатаев	0	0	0
мурзатай	0	0	0
мурзахметов	0	0	0
мурзашев	0	0	0
мурзин	0	0	0
мурзинов	0	0	0
мурманскіге	0	0	0
мурод	0	0	0
муродбек	0	0	0
мурсалиев	0	0	0
мурсалимов	0	0	0
мурсалов	0	0	0
мусагулов	0	0	0
мусаинов	0	0	0
мусаипов	0	0	0
мусаканов	0	0	0
мусакулов	0	0	0
мусалимов	0	0	0
мусанов	0	0	0
мусапиров	0	0	0
мусағали	0	0	0
мусенов	0	0	0
мусиев	0	0	0
мусилим	0	0	0
мусилимов	0	0	0
мусинов	0	0	0
мусирали	0	0	0
мусиралиев	0	0	0
мусиров	0	0	0
муслимов	0	0	0
муслимхан	0	0	0
мусралиев	0	0	0
мусралинов	0	0	0
мустафинов	0	0	0
мустахима	0	0	0
мустахимов	0	0	0
муталип	0	0	0
муталипов	0	0	0
мутиев	0	0	0
мутынов	0	0	0
мухагали	0	0	0
мухаев	0	0	0
мухажанов	0	0	0
мухамад	0	0	0
мухамади	0	0	0
мухамбетали	0	0	0
мухамбеталин	0	0	0
мухамедали	0	0	0
мухамедгалиев	0	0	0
мухамедкалиев	0	0	0
мухамедрахим	0	0	0
мухамедрахимов	0	0	0
мухамедьяр	0	0	0
мухамедьяров	0	0	0
мухамедәли	0	0	0
мухамедәлі	0	0	0
мухаметали	0	0	0
мухаметгали	0	0	0
мухаметгалиев	0	0	0
мухаметкалий	0	0	0
мухаметкан	0	0	0
мухаметкарим	0	0	0
мухаметкаримов	0	0	0
мухаметов	0	0	0
мухаметрахимов	0	0	0
мухаметшин	0	0	0
мухаметқали	0	0	0
мухаммадали	0	0	0
мухаммадамин	0	0	0
мухаммедали	0	0	0
мухаммедамин	0	0	0
мухаммедәли	0	0	0
мухаммедәлі	0	0	0
муханбетали	0	0	0
муханбетжанов	0	0	0
муханбеткали	0	0	0
муханбеткалиев	0	0	0
мухангалиев	0	0	0
мухат	0	0	0
мухатаев	0	0	0
мухатай	0	0	0
мухашев	0	0	0
мухашов	0	0	0
мухиддин	0	0	0
мухидин	0	0	0
мухитжан	0	0	0
мухтарханов	0	0	0
мухтарұлы	0	0	0
мухтор	0	0	0
муқағали	0	0	0
мыктыбеков	0	0	0
мылтыкбаев	0	0	0
мылтықбай	0	0	0
мынжасаров	0	0	0
мырат	0	0	0
мырзабаев	0	0	0
мырзабекұлы	0	0	0
мырзагалий	0	0	0
мырзагелдиев	0	0	0
мырзагуль	0	0	0
мырзаев	0	0	0
мырзаканов	0	0	0
мырзакелді	0	0	0
мырзакент	0	0	0
мырзакерім	0	0	0
мырзакуль	0	0	0
мырзали	0	0	0
мырзалин	0	0	0
мырзамуратов	0	0	0
мырзамұрат	0	0	0
мырзанов	0	0	0
мырзатайұлы	0	0	0
мырзаханов	0	0	0
мырзашев	0	0	0
мырзашов	0	0	0
мырзашоқы	0	0	0
мырзағұлов	0	0	0
мырзақасым	0	0	0
мырзақұлов	0	0	0
мысаев	0	0	0
мықтыбек	0	0	0
мыңжасаров	0	0	0
мэлс	0	0	0
мэльс	0	0	0
мээрим	0	0	0
мюнхенге	0	0	0
міниғұлов	0	0	0
мініғұлов	0	0	0
мініғұловты	0	0	0
міржан	0	0	0
мүйтенбаев	0	0	0
мүслим	0	3	1
мүсілімов	0	0	0
мүтәлі	0	0	0
мұзаффар	0	0	0
мұнайгаз	0	4	1
мұрал	0	0	0
мұратбекұлы	0	0	0
мұратхан	0	0	0
мұратхан	0	0	0
мұратханов	0	0	0
мұратханқызы	0	0	0
мұратханұлы	0	0	0
мұратқали	0	0	0
мұратұлы	0	0	0
мұратұлы	0	0	0
мұртазин	0	0	0
мұсабеков	0	0	0
мұсаев	0	0	0
мұсатов	0	0	0
мұсаходжаева	0	0	0
мұстафина	0	0	0
мұстахим	0	0	0
мұхамадиеваның	0	0	0
мұхамбеталин	0	0	0
мұхамбетқали	0	0	0
мұхамбетәли	0	0	0
мұхамедали	0	0	0
мұхамеджанова	0	0	0
мұхамедиұлы	0	0	0
мұхамедқали	0	0	0
мұхамедқызы	0	0	0
мұхамедұлы	0	0	0
мұхамедәли	0	0	0
мұхамедәлі	0	0	0
мұхаметали	0	0	0
мұхаметалин	0	0	0
мұхаметхан	0	0	0
мұхаметқали	0	0	0
мұхаметәли	0	0	0
мұхаметәлі	0	0	0
мұхаммедали	0	0	0
мұхаммедамин	0	0	0
мұхаммедияр	0	0	0
мұхаммедхан	0	0	0
мұхаммедқали	0	0	0
мұхаммедәли	0	0	0
мұхаммедәлі	0	0	0
мұхаммедәмин	0	0	0
мұхан	0	0	0
мұханбет	0	0	0
мұханбеталин	0	0	0
мұханбетжан	0	0	0
мұханбетов	0	0	0
мұханбетқали	0	0	0
мұханов	0	0	0
мұхасан	0	0	0
мұхат	0	0	0
мұхатай	0	0	0
мұхағали	0	0	0
мұхитов	0	0	0
мұхитқызының	0	0	0
мұхитұлы	0	0	0
мұхтарбек	0	0	0
мұхтаров	0	0	0
мұхтарұлы	0	0	0
мұқажанов	0	0	0
мұқасан	0	0	0
мұқатаев	0	0	0
мұқтархан	0	0	0
мәдиев	0	0	0
мәдихан	0	0	0
мәдияр	0	0	0
мәдиұлы	0	0	0
мәжитов	0	0	0
мәжілісі	0	18	6
мәжілісіндегі	0	1	1
мәжіт	0	0	0
мәлібеков	0	0	0
мәлікұлы	0	0	0
мәмбетованың	0	0	0
мәмбетоваға	0	0	0
мәмс	0	0	0
мәнсия	0	0	0
мәнсүр	0	0	0
мәншук	0	0	0
мәрияш	0	0	0
мәриәм	0	0	0
мәрлен	0	0	0
мәтенов	0	0	0
мәштексай	0	0	0
мөлдир	0	0	0
набатов	0	0	0
набия	0	0	0
нават	0	0	0
наврузбаев	0	0	0
наврузбек	0	0	0
нагашбаев	0	0	0
нагашбай	0	0	0
нагашбек	0	0	0
нагашибаев	0	0	0
нагашибай	0	0	0
нагашыбаев	0	0	0
нагиев	0	0	0
нагимаш	0	0	0
нагиметов	0	0	0
нагимов	0	0	0
нагипа	0	0	0
нагира	0	0	0
нагия	0	0	0
нагманов	0	0	0
нагметов	0	0	0
нагуманов	0	0	0
надеждин	0	0	0
надина	0	0	0
надира	0	0	0
надирбеков	0	0	0
надыр	0	0	0
надырбаев	0	0	0
надырбеков	0	0	0
надыров	0	0	0
наженов	0	0	0
нажимов	0	0	0
нажия	0	0	0
нажмадинов	0	0	0
назарали	0	0	0
назаралиев	0	0	0
назаралиев	0	0	0
назарбаева	0	0	0
назарбаеваға	0	0	0
назарбаевқа	0	0	0
назарбековтер	0	0	0
назарбекұлы	0	0	0
назаркулов	0	0	0
назарова	0	0	0
назарханов	0	0	0
назбек	0	0	0
назгуль	0	0	0
наздана	0	10	1
назерке	0	1	1
назеркем	0	0	0
назигуль	0	0	0
назигүл	0	0	0
назикул	0	0	0
назикуль	0	0	0
назила	0	0	0
назиля	0	0	0
назима	0	0	0
назимгуль	0	0	0
назимкуль	0	0	0
назиров	0	0	0
назифа	0	0	0
назлы	0	0	0
назмина	0	0	0
назугум	0	0	0
назыгуль	0	0	0
назыгүл	0	3	2
назыкен	0	0	0
назылы	0	0	0
назымбеков	0	0	0
назымгул	0	0	0
назымгуль	0	0	0
назымгүл	0	0	0
назымкул	0	0	0
назымкуль	0	0	0
назымкүл	0	0	0
назымхан	0	0	0
назыров	0	0	0
наила	0	0	0
наиль	0	0	0
наиля	0	0	0
наима	0	0	0
наина	0	0	0
наира	0	0	0
найзабаев	0	0	0
найзабеков	0	0	0
найля	0	0	0
найманбаев	0	0	0
найманов	0	0	0
наймантаев	0	0	0
найра	0	0	0
накенов	0	0	0
накипбеков	0	0	0
накипов	0	0	0
накисбеков	0	0	0
накупов	0	0	0
накыпбек	0	0	0
накыпбеков	0	0	0
налибаев	0	0	0
налобин	0	0	0
налтаев	0	0	0
намазалы	0	0	0
намазбаев	0	0	0
намазбай	0	0	0
намазбеков	0	0	0
намазов	0	0	0
наметкулов	0	0	0
наметов	0	0	0
напиза	0	0	0
написа	0	0	0
нарбаев	0	0	0
нарбеков	0	0	0
нарбол	0	0	0
нарботаев	0	0	0
наргиз	0	0	0
наргиза	0	0	0
наргис	0	0	0
наргиса	0	0	0
наргуль	0	0	0
наргүл	0	0	0
наренов	0	0	0
наржанов	0	0	0
нарзангуль	0	0	0
нарима	0	0	0
нариманұлы	0	0	0
наримбетов	0	0	0
нарина	0	0	0
наркен	0	0	0
наркенже	0	0	0
наркиз	0	0	0
наркиза	0	0	0
наркулов	0	0	0
нармагамбетов	0	0	0
нарманов	0	0	0
нарметов	0	0	0
нармин	0	0	0
нармина	0	0	0
нартаев	0	0	0
нартайұлы	0	0	0
нартбаев	0	0	0
нарул	0	0	0
нарухито	0	0	0
нарухитоны	0	0	0
нарымбаев	0	0	0
нарынбаев	0	0	0
нарынбек	0	0	0
нарынбек	0	0	0
нарұл	0	0	0
насдак	0	0	0
насенов	0	0	0
насиба	0	0	0
насибуллин	0	0	0
насиев	0	0	0
насипа	0	0	0
насипжан	0	0	0
насипкали	0	0	0
насипкалиев	0	0	0
насипканым	0	0	0
насипкул	0	0	0
насипкуль	0	0	0
насипов	0	0	0
насира	0	0	0
насиров	0	0	0
насыров	0	0	0
натан	0	0	0
науанов	0	0	0
науаткуль	0	0	0
науатхан	0	0	0
наукенов	0	0	0
науразбаев	0	0	0
наурзалиев	0	0	0
наурзалин	0	0	0
наурзбаев	0	0	0
наурзбай	0	0	0
наурзбек	0	0	0
наурзбеков	0	0	0
наурзгалиев	0	0	0
наурузбаев	0	0	0
наурузбай	0	0	0
наурузов	0	0	0
наурызбайұлы	0	0	0
наурызбек	0	0	0
наурызбеков	0	0	0
наурызбекұлы	0	0	0
наурызгуль	0	0	0
наурызгүл	0	1	1
наурызов	0	0	0
наурызхан	0	0	0
наурызы	0	2	2
наурызымға	0	0	0
наурызғали	0	0	0
наушабаев	0	0	0
наханов	0	0	0
нахипов	0	0	0
нахчыван	0	0	0
нахчыванда	0	0	0
нағашбай	0	0	0
нағашбек	0	0	0
нағашыбаев	0	0	0
нағашыбай	0	0	0
нағашыбек	0	0	0
нағашыбекұлы	0	0	0
нақыпқызы	0	0	0
наһаянды	0	0	0
негметжанов	0	0	0
негметов	0	0	0
нейла	0	0	0
нейля	0	0	0
нелли	0	0	0
нелля	0	0	0
неля	0	0	0
неля	0	0	0
несбели	0	0	0
несибелды	0	0	0
несибельды	0	0	0
несипбеков	0	0	0
несипгуль	0	0	0
несипжамал	0	0	0
несипкан	0	0	0
несипкуль	0	0	0
несипхан	0	0	0
несіпкүл	0	0	0
нетфликс	0	0	0
нива	0	1	1
нигара	0	0	0
нигина	0	0	0
нигматуллин	0	0	0
нигметов	0	0	0
нигора	0	0	0
ниетбаев	0	0	0
ниетбай	0	0	0
ниетжан	0	0	0
низамхан	0	0	0
никкэй	0	0	0
никол	0	0	0
нилуфар	0	0	0
нисанбаев	0	0	0
ницекті	0	0	0
ницыкке	0	0	0
ничкова	0	0	0
нишанбаев	0	0	0
нишанбай	0	0	0
нишанов	0	0	0
ниязалиев	0	0	0
ниязбаев	0	0	0
ниязбай	0	0	0
ниязхан	0	0	0
ниязымбетов	0	0	0
нияра	0	0	0
новицкий	0	0	0
новоалексеевкада	0	0	0
новожилов	0	0	0
новолинов	0	0	0
новосібір	0	0	0
новочерноярка	0	0	0
новрузбай	0	0	0
ногайбеков	0	0	0
нодира	0	0	0
нодирбек	0	0	0
нозима	0	0	0
нонна	0	0	0
ноғайбек	0	0	0
нсанбаев	0	0	0
нсанов	0	0	0
нугербеков	0	0	0
нугуманов	0	0	0
нугумаров	0	0	0
нукеев	0	0	0
нукушев	0	0	0
нурадил	0	0	0
нурадиль	0	0	0
нурадинов	0	0	0
нурайдар	0	0	0
нурайна	0	0	0
нурайым	0	0	0
нуралим	0	0	0
нуралинов	0	0	0
нуралхан	0	0	0
нуранов	0	0	0
нурасил	0	0	0
нурасилов	0	0	0
нуратдин	0	0	0
нуратдинов	0	0	0
нурахмед	0	0	0
нурахов	0	0	0
нурахунов	0	0	0
нурашев	0	0	0
нурашов	0	0	0
нурбагила	0	0	0
нурбану	0	0	0
нурбатима	0	0	0
нурбахыт	0	0	0
нурбақыт	0	0	0
нурберди	0	0	0
нурби	0	0	0
нурбибі	0	0	0
нурбига	0	0	0
нурболатов	0	0	0
нурболсын	0	0	0
нурбуби	0	0	0
нурбуви	0	0	0
нурбулат	0	0	0
нургази	0	0	0
нургалий	0	0	0
нургалым	0	0	0
нургелды	0	0	0
нургелді	0	0	0
нургельды	0	0	0
нургиза	0	0	0
нургужин	0	0	0
нургуль	0	0	0
нургүл	0	0	0
нурдавлат	0	0	0
нурдавлет	0	0	0
нурдавлетов	0	0	0
нурджамал	0	0	0
нурджан	0	0	0
нурдилда	0	0	0
нурдилла	0	0	0
нурдин	0	1	1
нурдина	0	0	0
нурдос	0	0	0
нурдулла	0	0	0
нурдәулет	0	0	0
нурекеев	0	0	0
нурекешов	0	0	0
нуржайна	0	0	0
нуржамиля	0	0	0
нуржамол	0	0	0
нуржанар	0	0	0
нуржанат	0	0	0
нуржанұлы	0	0	0
нуржас	0	0	0
нуржаубай	0	0	0
нуржахан	0	0	0
нуржибек	0	0	0
нуржигит	0	0	0
нуржигитов	0	0	0
нуржиян	0	0	0
нуржол	0	0	0
нуржон	0	0	0
нуржігіт	0	0	0
нурзада	0	0	0
нурзиля	0	0	0
нурзипа	0	0	0
нурзия	0	0	0
нуриден	0	0	0
нуридин	0	0	0
нуридинов	0	0	0
нуриев	0	0	0
нуриза	0	0	0
нуризат	0	0	0
нурикамал	0	0	0
нурилла	0	0	0
нуриля	0	0	0
нуримбетов	0	0	0
нуримов	0	0	0
нурислам	0	0	0
нуритдин	0	0	0
нурияш	0	0	0
нуркабыл	0	0	0
нурказы	0	0	0
нуркалиев	0	0	0
нуркасимов	0	0	0
нуркат	0	0	0
нуркебаев	0	0	0
нуркеев	0	0	0
нуркелды	0	0	0
нуркелді	0	0	0
нуркельды	0	0	0
нуркиса	0	0	0
нуркия	0	0	0
нуркуат	0	0	0
нуркул	0	0	0
нуркуль	0	0	0
нурлайым	0	0	0
нурланов	0	0	0
нурланулы	0	0	0
нурланұлы	0	0	0
нурлат	0	0	0
нурлибаев	0	0	0
нурлибай	0	0	0
нурлибек	0	0	0
нурлубек	0	0	0
нурлыайым	0	0	0
нурлыгул	0	0	0
нурлыгуль	0	0	0
нурлыжан	0	0	0
нурлыкан	0	0	0
нурлыкыз	0	0	0
нурмат	0	0	0
нурмахамбетов	0	0	0
нурмаханбетов	0	0	0
нурмашев	0	0	0
нурметов	0	0	0
нурмира	0	0	0
нурмукан	0	0	0
нурмуканов	0	0	0
нурмурат	0	0	0
нурмухаметов	0	0	0
нурмухаммад	0	0	0
нурмышев	0	0	0
нурпану	0	0	0
нурпатша	0	0	0
нурпеис	0	0	0
нурпейс	0	0	0
нурпейсов	0	0	0
нурпиисов	0	0	0
нурполат	0	0	0
нурпулат	0	0	0
нурсагила	0	0	0
нурсадыков	0	0	0
нурсаид	0	0	0
нурсаин	0	0	0
нурсайын	0	0	0
нурсалим	0	0	0
нурсана	0	0	0
нурсара	0	0	0
нурсая	0	0	0
нурсаят	0	0	0
нурсезим	0	0	0
нурсеит	0	0	0
нурсеитов	0	0	0
нурсейтов	0	0	0
нурсерик	0	0	0
нурсила	0	0	0
нурсипа	0	0	0
нурсипат	0	0	0
нурсия	0	0	0
нурслан	0	0	0
нурслу	0	0	0
нурсолтан	0	0	0
нурсолтанов	0	0	0
нурсултон	0	0	0
нурсулув	0	0	0
нурсулыу	0	0	0
нурсұлтан	0	0	0
нуртазаев	0	0	0
нуртазинов	0	0	0
нурталап	0	0	0
нуртасов	0	0	0
нуртилек	0	0	0
нуртлек	0	0	0
нуртлеу	0	0	0
нуртлеуов	0	0	0
нуртілеу	0	0	0
нурулла	0	0	0
нуруллаев	0	0	0
нурум	0	0	0
нурумбетов	0	0	0
нурумжан	0	0	0
нурумов	0	0	0
нурушев	0	0	0
нурханым	0	0	0
нурхия	0	0	0
нурходжаев	0	0	0
нурхожа	0	0	0
нурхожаев	0	0	0
нуршабаев	0	0	0
нуршаш	0	0	0
нурымбетов	0	0	0
нурғазы	0	0	0
нурғали	0	0	0
нурғиса	0	0	0
нурқанат	0	0	0
нусипбаев	0	0	0
нусупбаев	0	0	0
нусупбеков	0	0	0
нусупов	0	0	0
ныгманов	0	0	0
ныгыметов	0	0	0
нысамбаев	0	0	0
нысанбеков	0	0	0
нысанов	0	0	0
нышанали	0	0	0
нышанбаев	0	0	0
нышанбай	0	0	0
нышанбек	0	0	0
нышанкул	0	0	0
нышанкуль	0	0	0
нышанкүл	0	0	0
нышанов	0	0	0
нышанәлі	0	0	0
нығматулин	0	0	0
нығматулинді	0	0	0
нэйла	0	0	0
нэйля	0	0	0
нэлли	0	0	0
нэля	0	0	0
нэшэнл	0	0	0
нүкіс	0	0	0
нүрбек	0	0	0
нүргүл	0	0	0
нүрдәулет	0	0	0
нүрия	0	0	0
нүрия	0	0	0
нүрәлі	0	0	0
нүсіпжан	0	0	0
нүсіповтер	0	0	0
нүсіпәлиева	0	0	0
нұрадин	0	0	0
нұразиз	0	0	0
нұрайдар	0	0	0
нұрайдын	0	0	0
нұрайлы	0	0	0
нұрайлым	0	0	0
нұрайна	0	0	0
нұрайым	0	0	0
нұрали	0	0	0
нұралиев	0	0	0
нұралин	0	0	0
нұралхан	0	0	0
нұралханованың	0	0	0
нұралыұлы	0	0	0
нұраман	0	0	0
нұран	0	0	0
нұрару	0	0	0
нұрарыс	0	0	0
нұрас	0	0	0
нұрасхан	0	0	0
нұрасқан	0	0	0
нұрахмед	0	0	0
нұраш	0	0	0
нұраян	0	0	0
нұраят	0	0	0
нұрбала	0	0	0
нұрбану	0	0	0
нұрбатыр	0	0	0
нұрбах	0	0	0
нұрбахыт	0	0	0
нұрбағым	0	0	0
нұрбақ	0	0	0
нұрбақыт	0	0	0
нұрбақыт	0	0	0
нұрбеков	0	0	0
нұрбеков	0	0	0
нұрбекұлы	0	0	0
нұрберген	0	0	0
нұрбергенов	0	0	0
нұрберді	0	0	0
нұрбина	0	0	0
нұрболатов	0	0	0
нұрболатұлы	0	0	0
нұрболсын	0	0	0
нұрболхан	0	0	0
нұрболұлы	0	0	0
нұрбосын	0	0	0
нұрбұлан	0	0	0
нұргул	0	0	0
нұргүл	0	0	0
нұргүл	0	0	0
нұрдана	0	0	0
нұрдария	0	0	0
нұрдастан	0	0	0
нұрдаулет	0	0	0
нұрдидар	0	0	0
нұрдина	0	0	0
нұрдияр	0	0	0
нұрдос	0	0	0
нұрдын	0	0	0
нұрділдә	0	0	0
нұрдәулетұлы	0	0	0
нұрдәурен	0	0	0
нұрерке	0	0	0
нұржайна	0	0	0
нұржалғас	0	0	0
нұржанар	0	0	0
нұржанат	0	0	0
нұржанұлы	0	0	0
нұржас	0	0	0
нұржасар	0	0	0
нұржаубай	0	0	0
нұржаусын	0	0	0
нұржауған	0	0	0
нұржауған	0	0	0
нұржол	0	0	0
нұржұма	0	0	0
нұрзада	0	0	0
нұрзаман	0	0	0
нұрзат	0	0	0
нұрзере	0	0	0
нұриддин	0	0	0
нұриддин	0	0	0
нұриден	0	0	0
нұридин	0	0	0
нұризат	0	0	0
нұрикамал	0	0	0
нұрилла	0	0	0
нұриля	0	0	0
нұрилә	0	0	0
нұриман	0	0	0
нұрислам	0	0	0
нұрислам	0	0	0
нұрисламбек	0	0	0
нұркелді	0	0	0
нұркенұлы	0	0	0
нұрланбек	0	0	0
нұрланов	0	0	0
нұрланұлы	0	0	0
нұрлат	0	0	0
нұрлыай	0	0	0
нұрлыайым	0	0	0
нұрлыбеков	0	0	0
нұрлыбекұлы	0	0	0
нұрлыгүл	0	0	0
нұрлыжан	0	0	0
нұрлытаң	0	0	0
нұрлыхан	0	0	0
нұрлықыз	0	0	0
нұрмат	0	0	0
нұрмахан	0	0	0
нұрмахан	0	0	0
нұрмаханбет	0	0	0
нұрмағамбетова	0	0	0
нұрмағанбетов	0	0	0
нұрмағанбетов	0	0	0
нұрмерей	0	0	0
нұрмухамед	0	0	0
нұрмухамет	0	0	0
нұрмухаммед	0	0	0
нұрмұрат	0	0	0
нұрмұхамед	0	0	0
нұрмұхамет	0	0	0
нұрмұхаммад	0	0	0
нұрмұхаммет	0	0	0
нұрмұхан	0	0	0
нұрмұхан	0	0	0
нұрмұханбет	0	0	0
нұрмұханов	0	0	0
нұрмұханов	0	0	0
нұрмұқанова	0	0	0
нұрмұқасан	0	0	0
нұрназар	0	0	0
нұролла	0	0	0
нұррахман	0	0	0
нұрсадық	0	0	0
нұрсаид	0	0	0
нұрсайын	0	0	0
нұрсана	0	0	0
нұрсанат	0	0	0
нұрсара	0	0	0
нұрсауле	0	0	0
нұрсая	0	0	0
нұрсая	0	0	0
нұрсаян	0	0	0
нұрсаят	0	0	0
нұрсағат	0	0	0
нұрсезім	0	0	0
нұрсеит	0	0	0
нұрсері	0	0	0
нұрсерік	0	0	0
нұрсила	0	0	0
нұрсипат	0	0	0
нұрсолтан	0	0	0
нұрсултан	0	0	0
нұрсулу	0	0	0
нұрсыйла	0	0	0
нұрсүлтан	0	0	0
нұрсұлтанов	0	0	0
нұрсұлтанұлы	0	0	0
нұрсәт	0	0	0
нұрсәуле	0	0	0
нұрсәулет	0	0	0
нұртазаев	0	0	0
нұртазинов	0	0	0
нұрталап	0	0	0
нұртасұлы	0	0	0
нұртлеу	0	0	0
нұртілек	0	0	0
нұртілеу	0	0	0
нұртөре	0	0	0
нұртөре	0	0	0
нұрханым	0	0	0
нұрханұлы	0	0	0
нұрхат	0	0	0
нұрхаят	0	0	0
нұршапағат	0	0	0
нұршапағат	0	0	0
нұршат	0	0	0
нұршах	0	0	0
нұршаш	0	0	0
нұршуақ	0	0	0
нұрымбетов	0	0	0
нұрымбетов	0	0	0
нұрымжан	0	0	0
нұрымхан	0	0	0
нұрымұлы	0	0	0
нұрғабыл	0	0	0
нұрғазиев	0	0	0
нұрғазыұлы	0	0	0
нұрғалиевті	0	0	0
нұрғалиұлы	0	0	0
нұрғалым	0	0	0
нұрғанат	0	0	0
нұрғани	0	0	0
нұрғасыр	0	0	0
нұрқабыл	0	0	0
нұрқадам	0	0	0
нұрқадыр	0	0	0
нұрқаділ	0	0	0
нұрқадір	0	0	0
нұрқазы	0	0	0
нұрқанат	0	0	0
нұрқиса	0	0	0
нұрқожа	0	0	0
нұрқуат	0	0	0
нұрәлем	0	0	0
нұрәли	0	0	0
нұрәлин	0	0	0
нұрәлім	0	0	0
нұрәмір	0	0	0
нұрәсем	0	0	0
нұсқабай	0	1	1
нұғманов	0	0	0
нұғыманов	0	0	0
нұғыманова	0	0	0
нұғымаров	0	0	0
нәдира	0	0	0
нәзгүл	0	0	0
нәзерке	0	0	0
нәзигүл	0	0	0
нәзия	0	0	0
нәйлә	0	0	0
нәлібаев	0	0	0
нәлібай	0	0	0
нәсіпқали	0	0	0
огневтер	0	0	0
одилбек	0	0	0
одина	0	0	0
ожанов	0	0	0
озода	0	0	0
озодбек	0	0	0
озёрное	0	0	0
ойбек	0	0	0
ойгул	0	0	0
ойдин	0	0	0
ойнур	0	0	0
ойсулув	0	0	0
ойқала	0	0	0
окапов	0	0	0
окасов	0	0	0
окенов	0	0	0
оксикбаев	0	0	0
октябрина	0	0	0
олеся	0	0	0
олеся	0	0	0
олжабаев	0	0	0
олжабеков	0	0	0
олжаев	0	0	0
олжасбек	0	0	0
олжасұлы	0	0	0
олжатаев	0	0	0
олжатай	0	0	0
оливия	0	0	0
оливье	0	0	0
олимпиадасы	0	0	0
олимпикс	0	0	0
олмагул	0	0	0
олтиной	0	0	0
ольгинка	0	0	0
ольгинко	0	0	0
омарали	0	0	0
омаргалиев	0	0	0
омаркулов	0	0	0
омарғалиев	0	0	0
омарқұлов	0	0	0
омарұлы	0	0	0
омаха	0	0	0
омашев	0	0	0
омашев	0	0	0
омашқызы	0	0	0
омашұлы	0	0	0
омбаев	0	0	0
омельницкий	0	0	0
омербек	0	0	0
омина	0	0	0
омирали	0	0	0
омиралиев	0	0	0
омиргали	0	0	0
омиргул	0	0	0
омиргуль	0	0	0
омирзак	0	0	0
омирзаков	0	0	0
омирсерик	0	0	0
омиртаев	0	0	0
омурбек	0	0	0
омурзак	0	0	0
омурзаков	0	0	0
омырбек	0	0	0
онаев	0	0	0
онайкул	0	0	0
оналбеков	0	0	0
онбаев	0	0	0
онгарбеков	0	0	0
онласынов	0	0	0
онталап	0	0	0
опабеков	0	0	0
опен	0	0	0
оперейтинг	0	0	0
оразаев	0	0	0
оразалинова	0	0	0
оразбайұлы	0	0	0
оразбеков	0	0	0
оразбиби	0	0	0
оразбике	0	0	0
оразгалий	0	0	0
оразгуль	0	0	0
оразкулов	0	0	0
оразкуль	0	0	0
оразкүл	0	0	0
оразтай	0	0	0
оразханов	0	0	0
оразымбет	0	0	0
оразқан	0	0	0
оразәлі	0	0	0
оракбаев	0	0	0
оралай	0	0	0
оралбеков	0	0	0
оралбекұлы	0	0	0
оралгазы	0	0	0
оралгайша	0	0	0
оралкан	0	0	0
оралкул	0	0	0
оралкуль	0	0	0
оралсын	0	9	2
оралханов	0	0	0
оралғазы	0	0	0
оранғай	0	0	0
орақбаев	0	0	0
орбан	0	0	0
ордабеков	0	0	0
оринбаев	0	0	0
оринбасар	0	0	0
орманбеков	0	0	0
ортаев	0	0	0
орумбаев	0	0	0
орунбаев	0	0	0
орунбай	0	0	0
орунбасар	0	0	0
орунбасаров	0	0	0
орхан	0	0	0
орымбек	0	0	0
орымбеков	0	0	0
орынай	0	0	0
орынбала	0	0	0
орынбасаров	0	0	0
орынбасарұлы	0	0	0
орынбекұлы	0	0	0
орынбике	0	0	0
орынгайша	0	0	0
орынгалиев	0	0	0
орынганым	0	0	0
орынгуль	0	0	0
орынгүл	0	0	0
орынжан	0	0	0
орынкуль	0	0	0
орынов	0	0	0
орынтаев	0	0	0
орынхан	0	0	0
орынғалиев	0	0	0
орысбаев	0	0	0
орысбай	0	0	0
осакаров	0	0	0
осинский	0	0	0
османов	0	0	0
османәлиев	0	0	0
осмс	0	0	0
оспанали	0	0	0
оспаналиев	0	0	0
оспаналы	0	0	0
оспанбаев	0	0	0
оспанбеков	0	0	0
оспангалиев	0	0	0
оспанкулов	0	0	0
оспановты	0	0	0
отабек	0	0	0
отанбек	0	0	0
отарбаев	0	0	0
отарбаеваға	0	0	0
отарбеков	0	0	0
отаров	0	0	0
оторбаев	0	0	0
отпантау	0	0	0
отызбаев	0	0	0
отыншиев	0	0	0
ошанов	0	0	0
оғыздардың	0	2	1
оңайбай	0	0	0
оңалбаев	0	0	0
оңалханның	0	0	0
оңласын	0	0	0
оңталап	0	0	0
оңғарбаев	0	0	0
оңғарбек	0	0	0
оңғаров	0	0	0
павлодардағы	0	0	0
павлодарлық	0	0	0
падида	0	0	0
паеек	0	0	0
пазилбеков	0	0	0
пазилов	0	0	0
пазылбеков	0	0	0
пазылов	0	0	0
пазылхан	0	0	0
пайзулла	0	0	0
палжан	0	0	0
палманов	0	0	0
палуанов	0	0	0
палымбетов	0	0	0
панабек	0	0	0
пания	0	0	0
пану	0	0	0
панфиловшылар	0	0	0
панченкодан	0	0	0
панченконың	0	0	0
парахат	0	2	1
парахатов	0	0	0
парвиз	0	0	0
парида	0	0	0
паридаш	0	0	0
париза	0	0	0
паримбеков	0	0	0
парманкулов	0	0	0
парманов	0	0	0
парменов	0	0	0
парпиев	0	0	0
паруза	0	0	0
пархат	0	0	0
паскуале	0	0	0
патма	0	0	0
патыма	0	0	0
паузия	0	0	0
пацукевич	0	0	0
пашинян	0	0	0
педиатр	0	0	0
пекинда	0	0	0
пекинде	0	0	0
пекинді	0	0	0
пенжім	0	0	0
первомай	0	0	0
пердебаев	0	0	0
пердебай	0	0	0
пердебеков	0	0	0
пердегул	0	0	0
пердегуль	0	0	0
пердекул	0	0	0
пердехан	0	0	0
пердеш	0	0	0
перезат	0	0	0
периза	0	0	0
перизад	0	0	0
пернебаев	0	0	0
пернебеков	0	0	0
пернегул	0	0	0
пернегуль	0	0	0
пернегүл	0	0	0
пернеев	0	0	0
пернекуль	0	0	0
пернекүл	0	0	0
пернехан	0	0	0
перуашев	0	0	0
петропавлдағы	0	0	0
петропавлдық	0	0	0
петропавлға	0	0	0
пиржанов	0	0	0
пирназаров	0	0	0
плаг	0	0	0
плэй	0	0	0
погорелов	0	0	0
поже	0	0	0
полатбай	0	0	0
полатбек	0	0	0
полатбеков	0	0	0
полатов	0	0	0
полатхан	0	0	0
полянный	0	0	0
помпео	0	0	0
попкова	0	0	0
порошенко	0	0	0
пошанов	0	0	0
пралиев	0	0	0
пржанов	0	0	0
примбетов	0	0	0
примжанов	0	0	0
примжаров	0	0	0
примкулов	0	0	0
примов	0	0	0
принцес	0	0	0
прманов	0	0	0
прназаров	0	0	0
проджект	0	0	0
прёл	0	0	0
пуид	0	0	0
пулат	0	0	0
пулатбек	0	0	0
пулатов	0	0	0
пусурманов	0	0	0
пуччинидің	0	0	0
пшембаев	0	0	0
пшенбаев	0	0	0
пыхтин	0	0	0
пётрді	0	0	0
пәрида	0	0	0
рабаев	0	0	0
рабатов	0	0	0
раббия	0	0	0
рабина	0	0	0
рава	0	0	0
равза	0	0	0
равиль	0	0	0
равиля	0	0	0
равшан	0	0	0
равшанбек	0	0	0
раджан	0	0	0
раджапов	0	0	0
радик	0	0	0
радик	0	0	0
радина	0	0	0
радион	0	1	1
радия	0	0	0
радмила	0	0	0
радмир	0	0	0
радмира	0	0	0
радомир	0	0	0
разахов	0	0	0
разбеков	0	0	0
разиев	0	0	0
разила	0	0	0
разиля	0	0	0
разима	0	0	0
разипа	0	0	0
разихан	0	0	0
раиана	0	0	0
раида	0	0	0
раиль	0	0	0
раиля	0	0	0
раим	0	0	0
раимбаев	0	0	0
раимбек	0	0	0
раимбеков	0	0	0
раимжан	0	0	0
раимжанов	0	0	0
раимкулов	0	0	0
раимов	0	0	0
раимханов	0	0	0
раина	0	0	0
раис	0	0	0
раисов	0	0	0
раихан	0	0	0
раиымбек	0	0	0
райан	0	0	0
райана	0	0	0
райбек	0	0	0
райгуль	0	0	0
райда	0	4	2
райза	0	0	0
райиан	0	0	0
райиана	0	0	0
раййан	0	0	0
раййана	0	0	0
райкулов	0	0	0
райкуль	0	0	0
райла	0	0	0
райля	0	0	0
райма	0	0	0
раймбаев	0	0	0
раймбек	0	0	0
раймбеков	0	0	0
раймкулов	0	0	0
раймов	0	0	0
райсов	0	0	0
райхана	0	0	0
райхангуль	0	0	0
райхангүл	0	2	1
райханов	0	0	0
райхон	0	0	0
райхона	0	0	0
райша	0	0	0
райымбаев	0	0	0
райымбеков	0	0	0
райымбекұлы	0	0	0
райымхан	0	0	0
райымқұл	0	0	0
райымқұлова	0	0	0
райян	0	0	0
райяна	0	0	0
ракимжан	0	0	0
ракишев	0	0	0
ралан	0	0	0
ралина	0	0	0
рамазановты	0	0	0
рамазанұлы	0	0	0
раман	0	0	0
раманов	0	0	0
раметов	0	0	0
рамзан	0	0	0
рамзат	0	0	0
рамзия	0	0	0
рамиль	0	0	0
рамиля	0	0	0
рамин	0	0	0
рамина	0	0	0
рамина	0	0	0
рамир	0	0	0
рамис	0	0	0
рамия	0	0	0
ранай	0	0	0
ранида	0	0	0
рания	0	0	0
рано	0	0	0
ранов	0	0	0
рапия	0	0	0
расилов	0	0	0
расима	0	0	0
расима	0	0	0
рассул	0	0	0
расулбек	0	0	0
расулжан	0	0	0
расулиев	0	0	0
расулов	0	0	0
расулхан	0	0	0
расулұлы	0	0	0
расылхан	0	0	0
ратаев	0	0	0
раткуль	0	0	0
ратмир	0	0	0
ратникова	0	0	0
ратов	0	0	0
рауана	0	1	1
рауанұлы	0	0	0
рауила	0	0	0
раукен	0	0	0
рауф	0	0	0
рауфа	0	0	0
раухан	0	0	0
раухат	0	0	0
раушана	0	0	0
раушангуль	0	0	0
рауя	0	0	0
рафаил	0	0	0
рафаиль	0	0	0
рафил	0	0	0
рафхат	0	0	0
раханов	0	0	0
рахатов	0	0	0
рахатұлы	0	0	0
рахиев	0	0	0
рахиля	0	0	0
рахимаш	0	0	0
рахимбаев	0	0	0
рахимбай	0	0	0
рахимбек	0	0	0
рахимбеков	0	0	0
рахимберди	0	0	0
рахимбердиев	0	0	0
рахимбердин	0	0	0
рахимберлин	0	0	0
рахимгали	0	0	0
рахимгалиев	0	0	0
рахимжан	0	0	0
рахимжанов	0	0	0
рахимова	0	0	0
рахишев	0	0	0
рахманали	0	0	0
рахманбек	0	0	0
рахманбердиев	0	0	0
рахманбердиев	0	0	0
рахманберді	0	0	0
рахманқұл	0	0	0
рахматилла	0	0	0
рахматов	0	0	0
рахматулин	0	0	0
рахматулла	0	0	0
рахматуллаев	0	0	0
рахметжан	0	0	0
рахметжанов	0	0	0
рахметкалиев	0	0	0
рахметоллаев	0	0	0
рахметулла	0	0	0
рахметуллаев	0	0	0
рахметуллин	0	0	0
рахметуллин	0	0	0
рахметұлы	0	0	0
рахмон	0	0	0
рахов	0	0	0
рахымбеков	0	0	0
рахымбердиев	0	0	0
рахымбердиевтің	0	0	0
рахымбердин	0	0	0
рахымжанов	0	0	0
рахымжанұлы	0	0	0
рашат	0	0	0
рашидов	0	0	0
рашидұлы	0	0	0
рашила	0	0	0
рашиля	0	0	0
рашитов	0	0	0
рашов	0	0	0
раъно	0	0	0
раяана	0	0	0
раян	0	0	0
раяна	0	0	0
раянна	0	0	0
рақымбеков	0	0	0
режепов	0	0	0
реймов	0	0	0
религия	0	0	0
ренад	0	0	0
ренатұлы	0	0	0
рехимям	0	0	0
решат	0	0	0
ржев	0	0	0
рзабаев	0	0	0
рзабек	0	0	0
рзабеков	0	0	0
рзагул	0	0	0
рзагуль	0	0	0
рзаев	0	0	0
риана	0	0	0
рианна	0	0	0
риат	0	0	0
ригина	0	0	0
ризабек	0	0	0
ризабеков	0	0	0
ризагул	0	0	0
ризагуль	0	0	0
ризагүл	0	0	0
ризана	0	0	0
ризат	0	0	0
ризван	0	0	0
ризвангуль	0	0	0
ризонинг	0	0	0
рима	0	0	0
римма	0	0	0
рина	0	0	0
ринад	0	0	0
ринат	0	0	0
ринат	0	0	0
рината	0	0	0
ринатов	0	0	0
ринатұлы	0	0	0
рисбаев	0	0	0
рисбек	0	0	0
рисгул	0	0	0
рискул	0	0	0
рифат	0	0	0
рифхат	0	0	0
робия	0	0	0
родион	0	0	0
родителев	0	0	0
розагул	0	0	0
розагуль	0	0	0
розалина	0	0	0
розалия	0	0	0
розия	0	0	0
розметова	0	0	0
рокина	0	0	0
ролан	0	0	0
ролланұлы	0	0	0
рольф	0	0	0
ромазан	0	0	0
ромазанов	0	0	0
романкулов	0	0	0
романовская	0	0	0
романұлы	0	0	0
ромина	0	0	0
росавиацияның	0	0	0
ростислав	0	0	0
рсаев	0	0	0
рсалды	0	0	0
рсалиев	0	0	0
рсалин	0	0	0
рсалы	0	0	0
рста	0	0	0
рсты	0	0	0
рсымбетов	0	0	0
руана	0	1	1
рубежка	0	0	0
рубен	0	0	0
рубина	0	0	0
рудныйдағы	0	0	0
рузана	0	0	0
рузанна	0	0	0
рузвельтті	0	0	0
рузиев	0	0	0
рузия	0	0	0
рукайя	0	0	0
рулан	0	0	0
румейса	0	0	0
румиля	0	0	0
румина	0	0	0
румиса	0	0	0
румия	0	0	0
рунар	0	0	0
русак	0	0	0
русалиева	0	0	0
русалина	0	0	0
русафа	0	0	0
русланбек	0	0	0
русланов	0	0	0
русланұлы	0	0	0
рустамбек	0	0	0
рустамбеков	0	0	0
рустамов	0	0	0
рустамұлы	0	0	0
рустемұлы	0	0	0
рустэм	0	0	0
руфат	0	0	0
руфина	0	0	0
руфия	0	0	0
рухшона	0	0	0
рушана	0	0	0
руқайя	0	0	0
руқия	0	0	0
рымбаев	0	0	0
рымбаева	0	0	0
рымбаеваға	0	0	0
рымбай	0	0	0
рымбала	0	0	0
рымбек	0	0	0
рымбеков	0	0	0
рымбике	0	0	0
рымгайша	0	0	0
рымгул	0	0	0
рымгуль	0	0	0
рымжан	0	0	0
рымжанов	0	0	0
рымкеш	0	0	0
рымкул	0	0	0
рымкулов	0	0	0
рымкуль	0	0	0
рымтай	0	0	0
рымхан	0	0	0
рысай	0	0	0
рысалды	0	0	0
рысалиев	0	0	0
рысалы	0	0	0
рысбаев	0	0	0
рысбала	0	0	0
рысбеков	0	0	0
рысбековтің	0	0	0
рысбекұлы	0	0	0
рысбиби	0	0	0
рысбуби	0	0	0
рысгул	0	0	0
рысгуль	0	0	0
рысгүл	0	0	0
рысдаулетов	0	0	0
рысжамал	0	0	0
рысжанов	0	0	0
рыскайша	0	0	0
рысканым	0	0	0
рыскелдиев	0	0	0
рыскелды	0	0	0
рыскелді	0	0	0
рыскельды	0	0	0
рыскен	0	0	0
рыскуль	0	0	0
рыскүл	0	0	0
рысмаганбетов	0	0	0
рысмендиев	0	0	0
рысов	0	0	0
рыспаев	0	0	0
рыспай	0	0	0
рыспанбетов	0	0	0
рыспек	0	0	0
рыспеков	0	0	0
рыста	0	0	0
рыстай	0	0	0
рысты	0	0	0
рыстыбала	0	0	0
рыстыгуль	0	0	0
рысхан	0	0	0
рысханым	0	0	0
рысқали	0	0	0
рүстемұлы	0	0	0
рәбия	0	0	0
рәтбек	0	0	0
сабаев	0	0	0
сабазов	0	0	0
сабанбаев	0	0	0
сабденбеков	0	0	0
сабденов	0	0	0
сабеков	0	0	0
сабенов	0	0	0
сабиля	0	0	0
сабиржан	0	0	0
сабиржанов	0	0	0
сабитхан	0	0	0
сабитұлы	0	0	0
сабралиев	0	0	0
сабржан	0	0	0
сабрина	0	0	0
сабуров	0	0	0
сабындыкөл	0	0	0
сабырбаев	0	0	0
сабырбек	0	0	0
сабырбеков	0	0	0
сабыргалиев	0	0	0
сабыржанов	0	0	0
сабыржанұлы	0	0	0
сабыров	0	0	0
сабырхан	0	0	0
сабырханов	0	0	0
сабырғали	0	0	0
сабырұлы	0	0	0
савелий	0	0	0
савет	0	0	0
савиля	0	0	0
савит	0	0	0
савкин	0	0	0
савле	0	0	0
сагадатов	0	0	0
саганаев	0	0	0
сагандык	0	0	0
сагандыков	0	0	0
сагатбеков	0	0	0
сагаткул	0	0	0
сагаткуль	0	0	0
сагдиана	0	0	0
сагиданов	0	0	0
сагидуллаев	0	0	0
сагизбаев	0	0	0
сагиля	0	0	0
сагима	0	0	0
сагимбаев	0	0	0
сагимбай	0	0	0
сагимбек	0	0	0
сагимбеков	0	0	0
сагимов	0	0	0
сагин	0	0	0
сагинаев	0	0	0
сагинай	0	0	0
сагинбаев	0	0	0
сагинбай	0	0	0
сагинбек	0	0	0
сагинбеков	0	0	0
сагингали	0	0	0
сагингалиев	0	0	0
сагиндик	0	0	0
сагиндиков	0	0	0
сагиндык	0	0	0
сагиндыков	0	0	0
сагинов	0	0	0
сагинтаев	0	0	0
сагинтай	0	0	0
сагираш	0	0	0
сагнаев	0	0	0
сагнай	0	0	0
сагынбеков	0	0	0
сагындиков	0	0	0
сагынкуль	0	0	0
садвакас	0	0	0
садиев	0	0	0
садиков	0	0	0
садирбаев	0	0	0
садирмеков	0	0	0
садия	0	0	0
садриддин	0	0	0
садуахас	0	0	0
садуахасов	0	0	0
садуев	0	0	0
садуллаев	0	0	0
садыбаев	0	0	0
садыбек	0	0	0
садыбеков	0	0	0
садыгулов	0	0	0
садыканов	0	0	0
садырбеков	0	0	0
садыхан	0	0	0
садыханов	0	0	0
садықбек	0	0	0
сазанбаев	0	0	0
сазонова	0	0	0
саидов	0	0	0
саидовтың	0	0	0
саимов	0	0	0
саин	0	0	0
саин	0	0	0
саина	0	0	0
саинов	0	0	0
саипов	0	0	0
саиров	0	0	0
саит	0	0	0
саитов	0	0	0
сайбеков	0	0	0
сайд	0	0	0
сайдалиев	0	0	0
сайдалин	0	0	0
сайдахметов	0	0	0
сайдулла	0	0	0
сайдуллаев	0	0	0
сайера	0	0	0
сайида	0	0	0
сайлаубаев	0	0	0
сайлаубай	0	1	1
сайлаубеков	0	0	0
сайлаугул	0	0	0
сайлаугуль	0	0	0
сайлаукуль	0	0	0
сайлаукүл	0	0	0
сайлауов	0	0	0
сайлаухан	0	0	0
сайлауханов	0	0	0
сайлауұлы	0	0	0
сайлыбаев	0	0	0
сайлыбай	0	0	0
сайманов	0	0	0
саймасаев	0	0	0
саймов	0	0	0
сайн	0	0	0
сайнов	0	0	0
сайора	0	0	0
сайрагул	0	0	0
сайрагуль	0	0	0
сайрагүл	0	0	0
сайрамбаев	0	0	0
сайрамбек	0	0	0
сайранбек	0	0	0
сайрангул	0	0	0
сайрангуль	0	0	0
сайрангүл	0	0	0
сайранов	0	0	0
сайфолла	0	0	0
сайфулин	0	0	0
сайфулла	0	0	0
сайфуллаев	0	0	0
сайфуллин	0	0	0
сайынов	0	0	0
сайыпжамал	0	0	0
сайя	0	0	0
сайёра	0	0	0
сайқынға	0	0	0
сакаев	0	0	0
саканов	0	0	0
сакбаев	0	0	0
сакеев	0	0	0
сакенұлы	0	0	0
сакипжамал	0	0	0
сакипов	0	0	0
сакиш	0	0	0
сакралды	0	1	1
сактапбергенов	0	0	0
салават	0	0	0
салаватов	0	0	0
саламатұлы	0	0	0
салауатов	0	0	0
салдарбек	0	0	0
салибеков	0	0	0
салидат	0	0	0
саликбаев	0	0	0
саликов	0	0	0
салимаш	0	0	0
салимжанов	0	0	0
салимхан	0	0	0
салкимбаев	0	0	0
салманов	0	0	0
салмина	0	0	0
саломат	0	0	0
салтаев	0	0	0
салыбаев	0	0	0
салыбек	0	0	0
салыбеков	0	0	0
салыхов	0	0	0
салықбай	0	0	0
сальма	0	0	0
сальменов	0	0	0
сальсабиль	0	0	0
саляхитдин	0	0	0
самаев	0	0	0
самалгуль	0	0	0
самалхан	0	0	0
самандар	0	0	0
саманта	0	0	0
самараға	0	0	0
самарканов	0	0	0
самаров	0	0	0
саматбек	0	0	0
самбаев	0	0	0
самбетбаев	0	0	0
самбетов	0	0	0
самигулла	0	0	0
самигуллин	0	0	0
самида	0	0	0
самиев	0	0	0
самийя	0	0	0
самина	0	0	0
самира	0	0	0
самия	0	0	0
самиғолла	0	0	0
самос	0	0	0
самофалова	0	0	0
самратов	0	0	0
самуратов	0	0	0
самылтыров	0	0	0
самғар	0	3	1
санатбек	0	0	0
санатов	0	0	0
санатұлы	0	0	0
санатұлы	0	0	0
санбиби	0	0	0
сангуль	0	0	0
сандеш	0	0	0
санджар	0	0	0
сандибеков	0	0	0
сандигул	0	0	0
сандигуль	0	0	0
сандикул	0	0	0
сандикуль	0	0	0
сандина	0	0	0
сандира	0	0	0
сандыбек	0	0	0
сандыбеков	0	0	0
сандыгаш	0	0	0
сандыгуль	0	0	0
сандыкуль	0	0	0
санжарбек	0	0	0
санжархан	0	0	0
санимгул	0	0	0
санимгуль	0	0	0
санимжан	0	0	0
санимкул	0	0	0
санимкуль	0	0	0
санира	0	0	0
санияз	0	1	1
саниям	0	0	0
саният	0	0	0
санкибаев	0	0	0
санобар	0	0	0
сансизбай	0	0	0
сансызбаев	0	0	0
сансызбайұлы	0	0	0
саньлитунь	0	0	0
санья	0	0	0
саодат	0	0	0
сапабеков	0	0	0
сапаев	0	0	0
сапанов	0	0	0
сапарай	0	0	0
сапарайым	0	0	0
сапарали	0	0	0
сапаралиев	0	0	0
сапаралы	0	0	0
сапарбеков	0	0	0
сапаргалий	0	0	0
сапаргул	0	0	0
сапаргуль	0	0	0
сапаргүл	0	0	0
сапаржан	0	0	0
сапаркул	0	0	0
сапаркулов	0	0	0
сапаркуль	0	0	0
сапаркүл	0	0	0
сапархан	0	0	0
сапархан	0	0	0
сапарханов	0	0	0
сапарәлі	0	0	0
сапахов	0	0	0
сапашев	0	0	0
сапенов	0	0	0
сапин	0	0	0
сапия	0	0	0
сапуанов	0	0	0
сапура	0	0	0
сарагуль	0	0	0
сарагүл	0	0	0
сарайшықтан	0	0	0
саракуль	0	0	0
сарахан	0	0	0
сараш	0	0	0
сарбаев	0	0	0
сарбай	0	0	0
сарбалин	0	0	0
сарбалин	0	0	0
сарбиназ	0	0	0
сарвар	0	0	0
сарвиназ	0	0	0
сарвиноз	0	0	0
сардарбеков	0	0	0
сардаров	0	0	0
сардор	0	0	0
сардорбек	0	0	0
саржанов	0	0	0
сарибаев	0	0	0
саримов	0	0	0
сарин	0	0	0
саринов	0	0	0
саркеев	0	0	0
саркисян	0	0	0
саркит	0	0	0
саркытбаев	0	0	0
саркытбек	0	0	0
сармантаев	0	0	0
сармолдаев	0	0	0
сармурзаев	0	0	0
сарра	0	0	0
сарсебаев	0	0	0
сарсебеков	0	0	0
сарсекенов	0	0	0
сарсекул	0	0	0
сарсекуль	0	0	0
сарсембек	0	0	0
сарсембеков	0	0	0
сарсембиев	0	0	0
сарсембин	0	0	0
сарсембинов	0	0	0
сарсенбеков	0	0	0
сарсенбиби	0	0	0
сарсенбиев	0	0	0
сарсенбинов	0	0	0
сарсенгул	0	0	0
сарсенгуль	0	0	0
сарсенкуль	0	0	0
сарсенхан	0	0	0
сарсенғали	0	0	0
сартаев	0	0	0
сартбаев	0	0	0
сартбай	0	0	0
сартов	0	0	0
саруаров	0	0	0
сархыт	0	0	0
саршаев	0	0	0
сарыбасов	0	0	0
сарыбеков	0	0	0
сарыбұлақ	0	0	0
сарыев	0	0	0
сарымбетов	0	0	0
сарыпбек	0	0	0
сарыпбеков	0	0	0
сарырақа	0	0	0
сарытерек	0	0	0
сарытөбе	0	0	0
сарыөзендік	0	0	0
сарқан	0	3	1
сарқытбай	0	0	0
сарқытбек	0	0	0
сасанов	0	0	0
сатайұлына	0	0	0
сатанов	0	0	0
сатбеков	0	0	0
сатвалдинов	0	0	0
сатеков	0	0	0
сатибалдиев	0	0	0
сатима	0	0	0
сатканбаев	0	0	0
саткулов	0	0	0
сатмагамбетов	0	0	0
сатмаганбетов	0	0	0
сатпек	0	0	0
саттархан	0	0	0
саттарханов	0	0	0
саттыбаев	0	0	0
сатубалдин	0	0	0
сатханов	0	0	0
сатыбай	0	0	0
сатыбалдинов	0	0	0
сатыбалдыев	0	0	0
сатыбалдыұлына	0	0	0
сатылганов	0	0	0
сатылхан	0	0	0
сатылхановпен	0	0	0
сатымбаев	0	0	0
сатымбеков	0	0	0
сатымов	0	0	0
сатыпалды	0	0	0
сауданбеков	0	0	0
сауия	0	0	0
саулебаев	0	0	0
саулебеков	0	0	0
саулегул	0	0	0
саулегуль	0	0	0
саулекул	0	0	0
саулекуль	0	0	0
саулемай	0	0	0
саулетбек	0	0	0
саулетхан	0	0	0
саулехан	0	0	0
саурамбаев	0	0	0
сауранбек	0	0	0
сауранов	0	0	0
саурбаев	0	0	0
саурбай	0	0	0
саурбек	0	0	0
саутбаев	0	0	0
саутбек	0	0	0
саутбеков	0	0	0
саутов	0	0	0
сауырбаев	0	0	0
сауытбаев	0	0	0
сауя	0	0	0
сафарали	0	0	0
сафаргул	0	0	0
сафаров	0	0	0
сафиа	0	0	0
сафийа	0	0	0
сафийя	0	0	0
сафина	0	0	0
сафиназ	0	0	0
сафинұр	0	0	0
сафира	0	0	0
сафия	0	0	0
сафиянұр	0	0	0
сафият	0	0	0
сахаев	0	0	0
сахан	0	0	0
саханов	0	0	0
сахари	0	0	0
сахариев	0	0	0
сахибжамал	0	0	0
сахид	0	0	0
сахиев	0	0	0
сахимов	0	0	0
сахипжамал	0	0	0
сахипов	0	0	0
сахитжан	0	0	0
сахметов	0	0	0
сахов	0	0	0
сахыпжамал	0	0	0
саябаев	0	0	0
саябек	0	0	0
саягуль	0	0	0
саягүл	0	0	0
саяков	0	0	0
саянұлы	0	0	0
саянұр	0	0	0
саяра	0	0	0
саясатов	0	0	0
саясаттағы	0	2	1
саятбек	0	0	0
саятбек	0	0	0
саятжан	0	0	0
саятов	0	0	0
саятхан	0	0	0
саятұлы	0	0	0
саяш	0	0	0
саёра	0	0	0
сағатбеков	0	0	0
сағатов	0	0	0
сағатханұлы	0	0	0
сағдат	0	0	0
сағидоллаев	0	0	0
сағидулла	0	0	0
сағиев	0	0	0
сағинұр	0	0	0
сағитжан	0	0	0
сағыздың	0	0	0
сағымбаев	0	0	0
сағымбеков	0	0	0
сағымгүл	0	0	0
сағынаев	0	0	0
сағынбек	0	0	0
сағынбеков	0	0	0
сағынжан	0	0	0
сағынов	0	0	0
сақтапберген	0	0	0
сақтағанов	0	0	0
сбербанк	0	0	0
сванбаев	0	0	0
сванкулов	0	0	0
сваровски	0	0	0
светкуль	0	0	0
себепов	0	0	0
севара	0	0	0
севда	0	0	0
севиль	0	0	0
севинч	0	0	0
сезым	0	0	0
сезімай	0	0	0
сеил	0	0	0
сеилбек	0	0	0
сеилов	0	0	0
сеилхан	0	0	0
сеилханов	0	0	0
сеильбек	0	0	0
сеит	0	0	0
сеитбек	0	0	0
сеитбеков	0	0	0
сеитжан	0	0	0
сеиткали	0	0	0
сеитхан	0	0	0
сейдазимов	0	0	0
сейдазым	0	0	0
сейдали	0	0	0
сейдалиев	0	0	0
сейдалин	0	0	0
сейдан	0	0	0
сейдана	0	0	0
сейданов	0	0	0
сейдахан	0	0	0
сейдахметов	0	0	0
сейдахынов	0	0	0
сейдехан	0	0	0
сейдилдаев	0	0	0
сейдоллаұлы	0	0	0
сейдуали	0	0	0
сейдуалиев	0	0	0
сейдуалы	0	0	0
сейдулла	0	0	0
сейдуллаев	0	0	0
сейдуллаұлы	0	0	0
сейл	0	0	0
сейлбек	0	0	0
сейлбеков	0	0	0
сейлжан	0	0	0
сейлов	0	0	0
сейлхан	0	0	0
сейлханов	0	0	0
сейльбек	0	0	0
сейсебаев	0	0	0
сейсекенов	0	0	0
сейсекул	0	0	0
сейсекуль	0	0	0
сейсембаев	0	0	0
сейсембай	0	0	0
сейсембек	0	0	0
сейсембеков	0	0	0
сейсенбаев	0	0	0
сейсенбеков	0	0	0
сейсенкул	0	0	0
сейсенкуль	0	0	0
сейсенов	0	0	0
сейталиев	0	0	0
сейтахметов	0	0	0
сейтбаев	0	0	0
сейтбек	0	0	0
сейтбеков	0	0	0
сейтеков	0	0	0
сейтжанов	0	0	0
сейтжапар	0	0	0
сейтжапаров	0	0	0
сейтжаппаров	0	0	0
сейтимов	0	0	0
сейтказин	0	0	0
сейтказинов	0	0	0
сейткалиев	0	0	0
сейткан	0	0	0
сейтканов	0	0	0
сейткарим	0	0	0
сейткаримов	0	0	0
сейткасимов	0	0	0
сейткасымов	0	0	0
сейткереев	0	0	0
сейткулов	0	0	0
сейткәрім	0	0	0
сейтмагамбетов	0	0	0
сейтмуратов	0	0	0
сейтмұрат	0	0	0
сейтназаров	0	0	0
сейтхан	0	0	0
сейтханов	0	0	0
сейтқазы	0	0	0
сейтқалиев	0	0	0
сейтқасым	0	0	0
сейтқұл	0	0	0
сейфулиннің	0	0	0
сейілханұлы	0	0	0
сейітовтың	0	0	0
сейітханов	0	0	0
сейітханұлы	0	0	0
сейітқазы	0	0	0
сейітқұлұлы	0	0	0
секенов	0	0	0
секербаев	0	0	0
секербеков	0	0	0
секеров	0	0	0
секерхан	0	0	0
сексембаев	0	0	0
сексенбаев	0	0	0
сексенов	0	0	0
селевин	0	0	0
селеубаев	0	0	0
селимжан	0	0	0
селина	0	0	0
сельбаев	0	0	0
семанұр	0	0	0
сембек	0	0	0
сембек	0	0	0
сембекке	0	0	0
сембеков	0	0	0
сембиев	0	0	0
сембин	0	0	0
сембинов	0	0	0
семейлік	0	0	0
семейхан	0	0	0
семизбаев	0	0	0
семён	0	0	0
сенбай	0	0	0
сенбек	0	1	1
сентрал	0	0	0
сералы	0	0	0
серамик	0	0	0
сербаев	0	0	0
сергазинов	0	0	0
сергалий	0	0	0
сердалиев	0	0	0
сердалин	0	0	0
сердалы	0	0	0
сердар	0	0	0
серджо	0	0	0
серебрянск	0	0	0
серекбай	0	0	0
сержанов	0	0	0
сержанұлы	0	0	0
серижан	0	0	0
серикбеков	0	0	0
серикболат	0	0	0
серикболов	0	0	0
серикбосын	0	0	0
серикгали	0	0	0
серикгул	0	0	0
серикгуль	0	0	0
серикжанов	0	0	0
сериккайша	0	0	0
сериккалий	0	0	0
сериккан	0	0	0
сериккул	0	0	0
сериккуль	0	0	0
серикпаев	0	0	0
серикпай	0	0	0
сериктай	0	0	0
серикхан	0	0	0
серикұлы	0	0	0
серимбетов	0	0	0
серимов	0	0	0
серкбай	0	0	0
сермагамбетов	0	0	0
сермаханов	0	0	0
сертай	0	0	0
серхан	0	0	0
серык	0	0	0
серікбаев	0	0	0
серікбайұлы	0	0	0
серікбеков	0	0	0
серікбекұлы	0	0	0
серікболат	0	0	0
серікболов	0	0	0
серікболұлы	0	0	0
серікболұлы	0	0	0
серікгүл	0	0	0
серікжанұлы	0	0	0
серіккүл	0	0	0
серікхан	0	0	0
серікқазы	0	0	0
серікқалиұлы	0	0	0
серікқалиұлы	0	0	0
серікқан	0	0	0
серікұлы	0	0	0
серікұлы	0	0	0
серғазин	0	0	0
серғазыұлы	0	0	0
сеулдегі	0	0	0
сибу	0	0	0
сидагалиев	0	0	0
сидиков	0	0	0
симбаев	0	0	0
симбат	0	0	0
сингапурда	0	0	0
сингапурде	0	0	0
сингапурға	0	0	0
синдзо	0	0	0
синявино	0	0	0
сиргебаев	0	0	0
сириядағы	0	0	0
сисекенов	0	0	0
сисембаев	0	0	0
сисембай	0	0	0
сисен	0	0	0
сисенбаев	0	0	0
сисенбай	0	0	0
сисенгалиев	0	0	0
сисенов	0	0	0
сисенғали	0	0	0
сити	0	0	0
ситкалиев	0	0	0
ситнер	0	0	0
ситора	0	0	0
сихимбаев	0	0	0
сихымбаев	0	0	0
сиэнписи	0	0	0
сиязбек	0	0	0
скай	0	0	0
скаков	0	0	0
скат	0	0	0
скендиров	0	0	0
скендір	0	0	0
скляр	0	0	0
скутер	0	0	0
сламбеков	0	0	0
сламжан	0	0	0
сламжанов	0	0	0
сламов	0	0	0
сламхан	0	0	0
сланбек	0	0	0
слектор	0	0	0
слупан	0	0	0
слухан	0	0	0
слухия	0	0	0
слушаш	0	0	0
слям	0	0	0
слямбек	0	0	0
слямбеков	0	0	0
слямов	0	0	0
слямхан	0	0	0
слямханов	0	0	0
смадияр	0	0	0
смадияров	0	0	0
смадьяров	0	0	0
смаил	0	0	0
смаиловты	0	0	0
смайл	0	0	0
смайлов	0	0	0
смайыловты	0	0	0
сманов	0	0	0
смарт	0	1	1
смат	0	0	0
сматаев	0	0	0
сматов	0	0	0
сматулла	0	0	0
смаханов	0	0	0
смағұлова	0	0	0
сметов	0	0	0
смирнова	0	0	0
смитских	0	0	0
снегирёв	0	0	0
снежана	0	0	0
снежанна	0	0	0
собир	0	0	0
советбек	0	0	0
советбеков	0	0	0
советжан	0	0	0
советкали	0	0	0
советкан	0	0	0
советкул	0	0	0
советкуль	0	0	0
советов	0	0	0
советхан	0	0	0
советханов	0	0	0
согра	0	0	0
солих	0	0	0
солиха	0	0	0
солнышко	0	0	0
солтанаев	0	0	0
солтанат	0	0	0
солтанбаев	0	0	0
солтанбек	0	0	0
солтанбеков	0	0	0
солтангазы	0	0	0
солтанкулов	0	0	0
солтанов	0	0	0
солтүстікқазақстандық	0	0	0
солянка	0	1	1
сооронбай	0	0	0
сопбеков	0	0	0
сопиев	0	0	0
сопыжанов	0	0	0
сопыжановқа	0	0	0
сормов	0	0	0
софиевка	0	0	0
социалов	0	0	0
союзхан	0	0	0
спабек	0	0	0
спабеков	0	0	0
спандияров	0	0	0
спанов	0	0	0
спатаев	0	0	0
спатай	0	0	0
спешл	0	0	0
спэйс	0	0	0
сраил	0	0	0
сраилов	0	0	0
срайл	0	0	0
срым	0	0	0
срымов	0	0	0
стамбеков	0	0	0
стамкулов	0	0	0
станбеков	0	0	0
старбакс	0	0	0
стартапс	0	0	0
степногорск	0	0	0
стефания	0	0	0
стокгольмдегі	0	0	0
стыбаев	0	0	0
суанбеков	0	0	0
сугиралиев	0	0	0
сугралиев	0	0	0
сугурбаев	0	0	0
сугурбеков	0	0	0
сугуров	0	0	0
суиндик	0	0	0
суиндиков	0	0	0
суиндык	0	0	0
суиндыков	0	0	0
суйндик	0	0	0
суйндиков	0	0	0
сулайемді	0	0	0
сулайманов	0	0	0
султамуратов	0	0	0
султана	0	1	1
султанали	0	0	0
султаналиев	0	0	0
султанбейбарыс	0	0	0
султангазиев	0	0	0
султангереев	0	0	0
султанкулов	0	0	0
султашев	0	0	0
сулуай	0	0	0
сулужан	0	0	0
сума	0	1	1
сумайя	0	0	0
сумая	0	0	0
сунгатов	0	0	0
сундетали	0	0	0
сундетбаев	0	0	0
сундетбай	0	0	0
сундетбек	0	0	0
сундеткали	0	0	0
сундеткалиев	0	0	0
суният	0	0	0
суннатилла	0	0	0
суннатулла	0	0	0
суперджет	0	0	0
сураганов	0	0	0
сурайя	0	0	0
суранчиев	0	0	0
сурая	0	0	0
сурия	0	0	0
суртаев	0	0	0
сутемгенов	0	0	0
суттибаев	0	0	0
сухой	0	0	0
суюмбаев	0	0	0
суюнбаев	0	0	0
суюндик	0	0	0
суюндиков	0	0	0
суюндук	0	0	0
суюндуков	0	0	0
суюндык	0	0	0
суюндыков	0	0	0
суюнов	0	0	0
съезбек	0	0	0
сыбанбаев	0	0	0
сыдыкбаев	0	0	0
сыдықбек	0	0	0
сыздиков	0	0	0
сыздыкбаев	0	0	0
сыздыкбеков	0	0	0
сымбатұлы	0	0	0
сымтасты	0	0	0
сырбаев	0	0	0
сырбойылық	0	0	0
сыргабаев	0	0	0
сыргакул	0	0	0
сыргакуль	0	0	0
сыргаш	0	0	0
сырлыбаев	0	0	0
сырлыбек	0	0	0
сырманов	0	0	0
сырымбаев	0	0	0
сырымбек	0	0	0
сырымжан	0	0	0
сырымов	0	0	0
сырымұлы	0	0	0
сырғалым	0	0	0
сюрмене	0	0	0
сянь	0	1	1
сқақ	0	0	0
сқақов	0	0	0
сүйіндіков	0	0	0
сүлейман	0	0	0
сүлейманов	0	0	0
сүндетбай	0	0	0
сүндетбек	0	0	0
сүндетхан	0	0	0
сүндетәлиев	0	0	0
сүндетәлі	0	0	0
сұлтана	0	0	0
сұлтанали	0	0	0
сұлтанбейбарыс	0	0	0
сұлтанбекұлы	0	0	0
сұлтанби	0	0	0
сұлтановқа	0	0	0
сұлтанхан	0	0	0
сұлтанғазиев	0	0	0
сұлтанғалиев	0	0	0
сұлтанұлы	0	0	0
сұлтанұлы	0	0	0
сұлтанәли	0	0	0
сұлтанәлі	0	0	0
сұлуай	0	0	0
сұлуайым	0	0	0
сұлужан	0	0	0
сұнғат	0	0	0
сұнқар	0	0	0
сұпығалиевқа	0	0	0
сәбина	0	0	0
сәбинұр	0	0	0
сәбитбек	0	0	0
сәбитов	0	0	0
сәбитов	0	0	0
сәбитұлы	0	0	0
сәден	0	0	0
сәдібек	0	0	0
сәдібек	0	0	0
сәкенов	0	0	0
сәлсәбил	0	0	0
сәметов	0	0	0
сәндібай	0	0	0
сәндібек	0	0	0
сәнімгүл	0	0	0
сәнімкүл	0	0	0
сәнімхан	0	0	0
сәрсенбаева	0	0	0
сәрсенбеков	0	0	0
сәрсенкүл	0	0	0
сәрсенғали	0	0	0
сәрсенғалиев	0	0	0
сәуелхан	0	0	0
сәулегүл	0	0	0
сәуірбай	0	0	0
сәуіржан	0	0	0
сәфия	0	0	0
табалдиев	0	0	0
табанов	0	0	0
табулдинов	0	0	0
табынбаев	0	0	0
табынбай	0	1	1
табысбек	0	0	0
тагабаев	0	0	0
тагабай	0	0	0
тагабек	0	0	0
тагайбек	0	0	0
тагиберген	0	0	0
тагибергенов	0	0	0
таджибаев	0	0	0
таджиев	0	0	0
таджикулов	0	0	0
таев	0	0	0
тажбаев	0	0	0
тажбенов	0	0	0
тажибеков	0	0	0
тажигалиев	0	0	0
тажигул	0	0	0
тажигулов	0	0	0
тажигуль	0	0	0
тажикенов	0	0	0
тажиков	0	0	0
тажикул	0	0	0
тажикулов	0	0	0
тажикуль	0	0	0
тажимбетов	0	0	0
тажимуратов	0	0	0
тажиханов	0	0	0
тажмагамбетов	0	0	0
тазабай	0	0	0
тазагуль	0	0	0
тазагүл	0	0	0
тазакул	0	0	0
тазакуль	0	0	0
таипов	0	0	0
таир	0	0	0
таира	0	0	0
таиржан	0	0	0
таиров	0	0	0
таирхан	0	0	0
таис	0	0	0
таисия	0	0	0
тайбеков	0	0	0
тайваньда	0	0	0
тайгулов	0	0	0
тайжанов	0	0	0
тайкенов	0	0	0
тайлаков	0	0	0
тайландқа	0	0	0
тайр	0	0	0
тайров	0	0	0
тайсон	0	0	0
тайтелиев	0	0	0
тайшиков	0	0	0
тайшыбаев	0	0	0
тайырхан	0	0	0
тайқазанымыздың	0	0	0
такатов	0	0	0
такеев	0	0	0
такиров	0	0	0
такишев	0	0	0
талантұлы	0	0	0
талапбек	0	0	0
талапкали	0	0	0
талапов	0	0	0
талапхан	0	0	0
талапұлы	0	0	0
таласбаев	0	0	0
таласбек	0	0	0
таласов	0	0	0
таласпаев	0	0	0
талгатбеков	0	0	0
талгатов	0	0	0
талдыапан	0	0	0
талдыбаев	0	0	0
талдыбай	0	0	0
талдықорғанда	0	0	0
талдықорғандық	0	0	0
талдықорғанға	0	0	0
талент	0	0	0
талжан	0	0	0
талипбаев	0	0	0
талипбай	0	0	0
талипов	0	0	0
талипов	0	0	0
талканбаев	0	0	0
таллон	0	0	0
талшин	0	0	0
талғатбек	0	0	0
талғатов	0	0	0
талғатұлы	0	0	0
талғатұлы	0	0	0
тамабай	0	0	0
тамаев	0	0	0
тамарахан	0	0	0
таменов	0	0	0
тамерис	0	0	0
тамерлан	0	0	0
тамила	0	0	0
тамила	0	0	0
тамилла	0	0	0
тамина	0	0	0
тамир	0	0	0
тамира	0	0	0
тамирис	0	0	0
тамирлан	0	0	0
танабаев	0	0	0
танабергенов	0	0	0
танаев	0	0	0
танатбек	0	0	0
танатканов	0	0	0
танашев	0	0	0
тангатаров	0	0	0
тангирбергенов	0	0	0
танжар	0	0	0
танжариков	0	0	0
танжарыков	0	0	0
танзиля	0	0	0
танзира	0	0	0
таниберген	0	0	0
таниев	0	0	0
танир	0	0	0
танирберген	0	0	0
танирбергенов	0	0	0
тания	0	0	0
танкаев	0	0	0
танкеев	0	0	0
танкеев	0	0	0
танкибаев	0	0	0
таннур	0	0	0
танслу	0	0	0
тансу	0	0	0
танырберген	0	0	0
танырбергенов	0	0	0
тапаев	0	0	0
тапалов	0	0	0
тапанов	0	0	0
тапенов	0	0	0
таразда	0	0	0
тараздағы	0	0	0
тарасевич	0	0	0
тасанов	0	0	0
тасбаев	0	0	0
тасбауов	0	0	0
тасбергенов	0	0	0
тасбулат	0	0	0
тасбулатов	0	0	0
тасеменов	0	0	0
тасжанов	0	0	0
тасибеков	0	0	0
тасимов	0	0	0
таскалиев	0	0	0
таскарин	0	0	0
таскент	0	0	0
таскескен	0	0	0
таскимбаев	0	0	0
таскинбаев	0	0	0
таскулов	0	0	0
таслима	0	0	0
тасмин	0	0	0
тасним	0	0	0
таснима	0	0	0
тасов	0	0	0
таспаев	0	0	0
таспихов	0	0	0
тасполат	0	0	0
тасполатов	0	0	0
тассай	0	0	0
тастаев	0	0	0
тастамат	0	0	0
тастамбеков	0	0	0
тастанбекова	0	0	0
тастанов	0	0	0
тастенов	0	0	0
тастыбаев	0	0	0
тастыбай	0	0	0
тасубаев	0	0	0
тасыбаев	0	0	0
тасыбай	0	0	0
тасыбек	0	0	0
тасыбеков	0	0	0
тасымов	0	0	0
тасқұл	0	0	0
татаев	0	0	0
татарстандағы	0	0	0
татибеков	0	0	0
татиев	0	0	0
таттибек	0	0	0
таттигул	0	0	0
таттигуль	0	0	0
таттикул	0	0	0
таттикуль	0	0	0
таттимбетов	0	0	0
таттыбаев	0	0	0
таттыгуль	0	0	0
татыбаев	0	0	0
таубаев	0	0	0
таубаев	0	0	0
таубалдиев	0	0	0
таубалды	0	0	0
таужанов	0	0	0
таукебаев	0	0	0
таукеев	0	0	0
таукелов	0	0	0
таукехан	0	0	0
тауманов	0	0	0
таурбаев	0	0	0
таурбеков	0	0	0
тауржан	0	0	0
таутанов	0	0	0
таутенов	0	0	0
таушықта	0	0	0
таханов	0	0	0
тахира	0	0	0
тахиров	0	0	0
тахмазовты	0	0	0
тахмина	0	0	0
ташанов	0	0	0
ташбаев	0	0	0
ташев	0	0	0
ташетов	0	0	0
ташибаев	0	0	0
ташимбетов	0	0	0
ташкараев	0	0	0
ташкенбай	0	0	0
ташкенов	0	0	0
ташкенттегі	0	0	0
ташмагамбетов	0	0	0
ташмаганбетов	0	0	0
ташманов	0	0	0
ташметов	0	0	0
ташпенов	0	0	0
ташпулатов	0	0	0
тащанов	0	0	0
тағабай	0	0	0
тағаев	0	0	0
тағайбек	0	0	0
тағанұлы	0	0	0
тағыберген	0	0	0
тақауов	0	0	0
таңатов	0	0	0
таңбай	0	1	1
таңбол	0	0	0
таңнұр	0	0	0
таңнұры	0	0	0
таңнұрым	0	0	0
таңсамал	0	0	0
таңсу	0	0	0
твиттер	0	0	0
твиттерге	0	0	0
твиттерде	0	0	0
твиттердегі	0	0	0
тебериков	0	0	0
тегеранда	0	0	0
тедрос	0	0	0
тезекбаев	0	0	0
тезекбаев	0	0	0
тезеков	0	0	0
тейлормен	0	0	0
текебаев	0	0	0
текеев	0	0	0
текелінің	0	0	0
текенов	0	0	0
текесбаев	0	0	0
телевизиялық	0	9	2
телегенов	0	0	0
телеграм	0	1	1
телемисов	0	0	0
телеубаев	0	0	0
телеуов	0	0	0
телибаев	0	0	0
тельбаев	0	0	0
тельжан	0	0	0
тельманов	0	0	0
тельтаев	0	0	0
тембаев	0	0	0
темербаев	0	0	0
темербаева	0	0	0
темербек	0	0	0
темербеков	0	0	0
темергалиев	0	0	0
темерлан	0	0	0
темерхан	0	0	0
темерханов	0	0	0
темешев	0	0	0
темешов	0	0	0
темирали	0	0	0
темирболатов	0	0	0
темирбулат	0	0	0
темирбулатов	0	0	0
темиргалий	0	0	0
темиргалин	0	0	0
темиркулов	0	0	0
темурбек	0	0	0
темурлан	0	0	0
темурхан	0	0	0
темірбекұлы	0	0	0
теміржолшылар	0	2	1
темірханов	0	0	0
темірханұлы	0	0	0
темірғалиев	0	0	0
темірұлан	0	0	0
тенгекул	0	0	0
тенгеш	0	0	0
тендык	0	0	0
тенді	0	1	1
тенелбаев	0	0	0
тенелов	0	0	0
теона	0	0	0
терекбаев	0	0	0
теректілік	0	0	0
тернов	0	0	0
теслаға	0	0	0
тешебай	0	0	0
теңелбай	0	0	0
теңізбаев	0	0	0
тиана	0	0	0
тиара	0	0	0
тигран	0	0	0
тикетон	0	0	0
тиллабек	0	0	0
тимерлан	0	0	0
тимошенконы	0	0	0
тимурбек	0	0	0
тимурлан	0	0	0
тимуров	0	0	0
тимурхан	0	0	0
тимурұлы	0	0	0
тиржанов	0	0	0
тишбала	0	0	0
тиштык	0	0	0
тлебалдиев	0	0	0
тлебалды	0	0	0
тлеген	0	0	0
тлегенов	0	0	0
тлек	0	0	0
тлекбай	0	0	0
тлекеев	0	0	0
тлекжан	0	0	0
тлеккабыл	0	0	0
тлеккабылов	0	0	0
тлеков	0	0	0
тлектес	0	0	0
тлектесов	0	0	0
тлекши	0	0	0
тлекқабыл	0	0	0
тлемисов	0	0	0
тленов	0	0	0
тленчиев	0	0	0
тлепбаев	0	0	0
тлепберген	0	0	0
тлепбергенов	0	0	0
тлепиев	0	0	0
тлепов	0	0	0
тлесов	0	0	0
тлеу	0	0	0
тлеубаев	0	0	0
тлеубай	0	0	0
тлеубек	0	0	0
тлеубеков	0	0	0
тлеуберген	0	0	0
тлеубергенов	0	0	0
тлеуберди	0	0	0
тлеубердиев	0	0	0
тлеубердин	0	0	0
тлеубердинов	0	0	0
тлеуберды	0	0	0
тлеуберді	0	0	0
тлеугабыл	0	0	0
тлеугабылов	0	0	0
тлеугазы	0	0	0
тлеугайша	0	0	0
тлеугали	0	0	0
тлеугалиев	0	0	0
тлеужан	0	0	0
тлеужанов	0	0	0
тлеукабыл	0	0	0
тлеукабылов	0	0	0
тлеукан	0	0	0
тлеукеев	0	0	0
тлеукен	0	0	0
тлеукенов	0	0	0
тлеукулов	0	0	0
тлеукуль	0	0	0
тлеуленов	0	0	0
тлеулес	0	0	0
тлеулесов	0	0	0
тлеулиев	0	0	0
тлеулин	0	0	0
тлеулинов	0	0	0
тлеумагамбетов	0	0	0
тлеумбетов	0	0	0
тлеумуратов	0	0	0
тлеуов	0	0	0
тлеутай	0	0	0
тлеухан	0	0	0
тлеуханов	0	0	0
тлеухор	0	0	0
тлеуғабыл	0	0	0
тлеуқабыл	0	0	0
тлеш	0	0	0
тлешев	0	0	0
тлешов	0	0	0
тналиев	0	0	0
тогайбаев	0	0	0
тогайбеков	0	0	0
тоганбаев	0	0	0
тогизбаев	0	0	0
тогузбаев	0	0	0
тойбаев	0	0	0
тойбазаров	0	0	0
тойбек	0	0	0
тойбеков	0	0	0
тойганбаев	0	0	0
тойгулов	0	0	0
тойгуль	0	0	0
тойжан	0	0	0
тойжанов	0	0	0
тойкул	0	0	0
тойкуль	0	0	0
тойлыбаев	0	0	0
тойлыбай	0	0	0
тойлыбек	0	0	0
тойота	0	0	0
тойчиев	0	0	0
тойшибеков	0	0	0
тойшиев	0	0	0
тойшыбаев	0	0	0
тойшыбай	0	0	0
токабаев	0	0	0
токамак	0	0	0
токамакты	0	0	0
токанов	0	0	0
токбулатов	0	0	0
токеев	0	0	0
токжигитов	0	0	0
токиоға	0	0	0
токишев	0	0	0
токкулиев	0	0	0
токмурзин	0	0	0
токсабаев	0	0	0
токсамбаев	0	0	0
токсеитов	0	0	0
токсейтов	0	0	0
токтагулов	0	0	0
токтарбаев	0	0	0
токубаев	0	0	0
токушев	0	0	0
толгат	0	0	0
толенды	0	0	0
толеугайша	0	0	0
толеуханов	0	0	0
толкин	0	0	0
толкун	0	0	0
толкынбек	0	0	0
толтаев	0	0	0
толхын	0	0	0
толыбаев	0	0	0
толыбаева	0	0	0
толыкбаев	0	0	0
толымбек	0	0	0
толымбеков	0	0	0
толысбаев	0	0	0
томанов	0	0	0
томашев	0	0	0
томерис	0	0	0
топаев	0	0	0
тораңғылық	0	0	0
торбаев	0	0	0
торбай	0	0	0
торгаутов	0	0	0
торгун	0	0	0
торекулов	0	0	0
торстен	0	0	0
тортаев	0	0	0
тортбаев	0	0	0
торыбаев	0	0	0
тотаев	0	0	0
тохан	0	0	0
тохтар	0	0	0
тохтарбаев	0	0	0
тохтарбай	0	0	0
тохтарбек	0	0	0
тохтаров	0	0	0
тохтасын	0	0	0
тохтахунов	0	0	0
тохтиев	0	0	0
тоғызбаев	0	0	0
тоқаевты	0	0	0
тоқаевқа	0	0	0
тоқайұлы	0	0	0
тоқанов	0	0	0
тоқбай	0	0	0
тоқмырза	0	0	0
тоқмәди	0	0	0
тоқмәдиді	0	0	0
тоқтамұрат	0	0	0
тоқтарбаев	0	0	0
тоқтарбек	0	0	0
тоқтарбеков	0	0	0
тоқтархан	0	0	0
тоқтасынов	0	0	0
тоқтағұлов	0	0	0
трабзон	0	0	0
трабзонға	0	0	0
трамп	0	0	0
транскаспий	0	0	0
трахтенберг	0	0	0
трекин	0	0	0
трухачёв	0	0	0
трюдо	0	0	0
тубекбаев	0	0	0
тугаев	0	0	0
тугамбаев	0	0	0
тугелов	0	0	0
тугельбаев	0	0	0
тугельбай	0	0	0
туебаев	0	0	0
тузелбаев	0	0	0
тузелов	0	0	0
туйешиев	0	0	0
туймегул	0	0	0
туймекул	0	0	0
туймекуль	0	0	0
тукаев	0	0	0
туканов	0	0	0
тукебаев	0	0	0
тукеев	0	0	0
тукенов	0	0	0
тукешев	0	0	0
тукешов	0	0	0
туктибаев	0	0	0
туктубаев	0	0	0
тукубаев	0	0	0
тукушев	0	0	0
тулаганов	0	0	0
тулакбаев	0	0	0
тулақбаева	0	0	0
тулбасиев	0	0	0
тулебаев	0	0	0
тулебек	0	0	0
тулебеков	0	0	0
тулебике	0	0	0
тулегенов	0	0	0
тулеев	0	0	0
тулекбаев	0	0	0
тулеков	0	0	0
тулемис	0	0	0
тулемисов	0	0	0
туленбаев	0	0	0
тулендиев	0	0	0
тулендинов	0	0	0
туленды	0	0	0
туленов	0	0	0
тулентаев	0	0	0
тулепбаев	0	0	0
тулепбеков	0	0	0
тулепберген	0	0	0
тулепбергенов	0	0	0
тулепов	0	0	0
тулесинов	0	0	0
тулетаев	0	0	0
тулеубаев	0	0	0
тулеубай	0	0	0
тулеубек	0	0	0
тулеубеков	0	0	0
тулеугайша	0	0	0
тулеугали	0	0	0
тулеугалиев	0	0	0
тулеуов	0	0	0
тулеутаев	0	0	0
тулеутай	0	0	0
тулеухан	0	0	0
тулеуханов	0	0	0
тулеушев	0	0	0
тулеушов	0	0	0
тулешев	0	0	0
тулешов	0	0	0
тулешованы	0	0	0
тулиген	0	0	0
тултаев	0	0	0
тулубаев	0	0	0
тульбаев	0	0	0
тулькибаев	0	0	0
тультаев	0	0	0
тумабаев	0	0	0
туманбаев	0	0	0
туманов	0	0	0
тумарбаев	0	0	0
тумарбек	0	0	0
тумарис	0	0	0
тумаркул	0	0	0
тумаркуль	0	0	0
туматаев	0	0	0
туменов	0	0	0
тумышев	0	0	0
тунгатаров	0	0	0
тунгатов	0	0	0
тунгишбаев	0	0	0
тунгушбаев	0	0	0
тунгушпаев	0	0	0
тунгышбаев	0	0	0
тунгышбай	0	0	0
тунгышбек	0	0	0
турабеков	0	0	0
тураев	0	0	0
туракулов	0	0	0
турали	0	0	0
туралин	0	0	0
турапбаев	0	0	0
турапов	0	0	0
тураркуль	0	0	0
турахан	0	0	0
тураханов	0	0	0
турашев	0	0	0
турбаев	0	0	0
турбеков	0	0	0
тургаев	0	0	0
тургалиев	0	0	0
тургамбаев	0	0	0
тургамбеков	0	0	0
турганай	0	0	0
турганалиев	0	0	0
турганкул	0	0	0
турганкуль	0	0	0
тургенбаев	0	0	0
тургинбаев	0	0	0
тургумбаев	0	0	0
тургун	0	0	0
тургунбаев	0	0	0
тургунбай	0	0	0
тургунов	0	0	0
тургынбаев	0	0	0
турдали	0	0	0
турдалиев	0	0	0
турдалин	0	0	0
турдиев	0	0	0
турдыбеков	0	0	0
турдыгул	0	0	0
турдыкулов	0	0	0
туребаев	0	0	0
туребай	0	0	0
туребек	0	0	0
туребеков	0	0	0
турегали	0	0	0
турегалиев	0	0	0
турегелдиев	0	0	0
турегельдиев	0	0	0
туреев	0	0	0
турежан	0	0	0
турежанов	0	0	0
турекулов	0	0	0
туремурат	0	0	0
туремуратов	0	0	0
туретаев	0	0	0
турехан	0	0	0
туреханов	0	0	0
турешов	0	0	0
туризмді	0	0	0
туркменбаев	0	0	0
туркпенбаев	0	0	0
турксат	0	0	0
турланов	0	0	0
турлибеков	0	0	0
турлин	0	0	0
турлубаев	0	0	0
турлубек	0	0	0
турлубеков	0	0	0
турманов	0	0	0
турмаханбет	0	0	0
турмаханбетов	0	0	0
турмаханов	0	0	0
турмеш	0	0	0
турмухамбетов	0	0	0
турсинай	0	0	0
турсинбаев	0	0	0
турсинбай	0	0	0
турсинов	0	0	0
турсумбаев	0	0	0
турсумбеков	0	0	0
турсунай	0	0	0
турсунали	0	0	0
турсунбаев	0	0	0
турсунбай	0	0	0
турсунбек	0	0	0
турсунбеков	0	0	0
турсунгазы	0	0	0
турсунгали	0	0	0
турсунгалиев	0	0	0
турсунгул	0	0	0
турсунгуль	0	0	0
турсункан	0	0	0
турсункул	0	0	0
турсункулов	0	0	0
турсункуль	0	0	0
турсунов	0	0	0
турсуной	0	0	0
турсунхан	0	0	0
турсунханов	0	0	0
турсымбаев	0	0	0
турсынали	0	0	0
турсыналиев	0	0	0
турсыналы	0	0	0
турсынбуби	0	0	0
турсынгалиев	0	0	0
турсынгул	0	0	0
турсынгуль	0	0	0
турсынкан	0	0	0
турсынкул	0	0	0
турсынкулов	0	0	0
турсынкуль	0	0	0
турсынханов	0	0	0
туртаев	0	0	0
туртбаев	0	0	0
туртулов	0	0	0
турумбетов	0	0	0
турумов	0	0	0
турусбеков	0	0	0
турусов	0	0	0
туруспеков	0	0	0
турымхан	0	0	0
турысбаев	0	0	0
тусенов	0	0	0
туспеков	0	0	0
тустикбаев	0	0	0
тусупбаев	0	0	0
тусупбеков	0	0	0
тусупжанов	0	0	0
тусупов	0	0	0
туткабаев	0	0	0
туткабеков	0	0	0
туткушев	0	0	0
туткышбаев	0	0	0
туякпаев	0	0	0
туғанай	0	0	0
туғанай	0	0	0
тыныбаев	0	0	0
тыныбеков	0	0	0
тынымбаев	0	0	0
тынымбай	0	0	0
тынымкул	0	0	0
тынымкуль	0	0	0
тынымкүл	0	0	0
тынысбаев	0	0	0
тынысбай	0	0	0
тынышкул	0	0	0
тынышкуль	0	0	0
тыныштыкбаев	0	0	0
тыныштыков	0	0	0
тыныштықбай	0	0	0
тыныштықов	0	0	0
тыштыбаев	0	0	0
тэгу	0	0	0
тюлебаев	0	0	0
тюлеген	0	0	0
тюлегенов	0	0	0
тюлеев	0	0	0
тюлюбаев	0	0	0
тютебаев	0	0	0
тілегенов	0	0	0
тілекжан	0	0	0
тілекқабыл	0	0	0
тілекұлы	0	0	0
тілепбаев	0	0	0
тілепберген	0	0	0
тілеуов	0	0	0
тілеухан	0	0	0
тілеухан	0	0	0
тілләгүл	0	0	0
түгелбайұлы	0	0	0
түзелбай	0	0	0
түзелбек	0	0	0
түймебай	0	0	0
түймебек	0	0	0
түктібаев	0	0	0
түпқараған	0	0	0
түргенбаев	0	0	0
түркменбай	0	0	0
түркпа	0	0	0
түрксой	0	0	0
түрікменстандағы	0	0	0
түсіпбек	0	0	0
түсіпхан	0	0	0
тұмарым	0	0	0
тұнғыш	0	0	0
тұрабай	0	0	0
тұрарұлы	0	0	0
тұрақбай	0	0	0
тұрдалы	0	0	0
тұрдыбай	0	0	0
тұрдыгүл	0	0	0
тұрдықұл	0	0	0
тұрлан	0	0	0
тұрлыбеков	0	0	0
тұрлыхан	0	0	0
тұрлыхан	0	0	0
тұрманов	0	0	0
тұрмахан	0	0	0
тұрмаханбет	0	0	0
тұрсыналы	0	0	0
тұрсынбаева	0	0	0
тұрсынбаеваны	0	0	0
тұрсынбеков	0	0	0
тұрсынбекұлы	0	0	0
тұрсынгүл	0	0	0
тұрсынхан	0	0	0
тұрсынхан	0	0	0
тұрсынханов	0	0	0
тұрсынғазы	0	0	0
тұрсынғалиев	0	0	0
тұрсынқұл	0	0	0
тұрсынәлі	0	0	0
тұрысбеков	0	0	0
тұрғали	0	0	0
тұрғалиев	0	0	0
тұрғанай	0	0	0
тұрғанбаев	0	0	0
тұрғанбеков	0	0	0
тұрғанов	0	0	0
тұрғанәлі	0	0	0
тұрғымбаев	0	0	0
тұрғымбаевқа	0	0	0
тұтынушылар	0	16	1
тұтқабай	0	0	0
тұяқбаев	0	0	0
тұңғышбаев	0	0	0
тұңғышбай	0	0	0
тәжбенов	0	0	0
тәжікстанға	0	0	0
тәжіхан	0	0	0
тәліпбай	0	0	0
тәпенов	0	0	0
тәсним	0	0	0
тәттібек	0	0	0
тәтішев	0	0	0
тәтішевті	0	0	0
тәубәхан	0	0	0
тәуекелов	0	0	0
тәуелсіздігіне	0	2	2
тәуелсіздікке	0	3	2
тәукехан	0	0	0
тәуіржан	0	0	0
тәңірхан	0	0	0
төкенов	0	0	0
төлебек	0	0	0
төлеби	0	0	0
төлеби	0	0	0
төлебилік	0	0	0
төлегенова	0	0	0
төлегенұлы	0	0	0
төлеміс	0	0	0
төлеміс	0	0	0
төлемісов	0	0	0
төленбай	0	0	0
төленбек	0	0	0
төлендиев	0	0	0
төленов	0	0	0
төлепбай	0	0	0
төлепберген	0	0	0
төлепбергенов	0	0	0
төлепбергенов	0	0	0
төлепов	0	0	0
төлепов	0	0	0
төлеубеков	0	0	0
төлеуов	0	0	0
төлеуханов	0	0	0
төлеуғазы	0	0	0
төлеуғали	0	0	0
төлеуғали	0	0	0
төлеуғалиев	0	0	0
төлешов	0	0	0
төлжанұлы	0	0	0
төреали	0	0	0
төребеков	0	0	0
төреби	0	0	0
төремұратов	0	0	0
төренұр	0	0	0
төреханов	0	0	0
төреханұлы	0	0	0
төреш	0	0	0
төреғали	0	0	0
төреғали	0	0	0
төреғалиев	0	0	0
төреқожа	0	0	0
төреәли	0	0	0
төреәлі	0	0	0
төреәлі	0	0	0
төртқұдық	0	0	0
төрәлі	0	0	0
уазира	0	0	0
уаисов	0	0	0
уайдиди	0	0	0
уайсов	0	0	0
уакасов	0	0	0
уакпаев	0	0	0
уалиева	0	0	0
уалиханұлы	0	0	0
уалханов	0	0	0
уапов	0	0	0
уасиля	0	0	0
уатаев	0	0	0
уатхан	0	0	0
уахит	0	0	0
уахитов	0	0	0
убайдуллаев	0	0	0
уваисов	0	0	0
увалиев	0	0	0
угилой	0	0	0
уголовный	0	0	0
узбаев	0	0	0
узбекбаев	0	0	0
узбеков	0	0	0
узенбаев	0	0	0
узилдик	0	0	0
узилхан	0	0	0
узипа	0	0	0
уивер	0	0	0
уйсимбаев	0	0	0
уйтолган	0	0	0
укасов	0	0	0
укенов	0	0	0
украинадағы	0	0	0
украинский	0	0	0
уксикбаев	0	0	0
уксукбаев	0	0	0
укубаев	0	0	0
укубасов	0	0	0
улана	0	1	1
уланбек	0	0	0
уланов	0	0	0
уласбек	0	0	0
улбазар	0	0	0
улбиби	0	0	0
улболган	0	0	0
улболсин	0	0	0
улболсун	0	0	0
улбосин	0	0	0
улбулсин	0	0	0
улбусин	0	0	0
улганым	0	0	0
улдана	0	0	0
улданай	0	0	0
улдаркуль	0	0	0
улдархан	0	0	0
улдаш	0	0	0
улдыкыз	0	0	0
улжабаев	0	0	0
улжалгас	0	0	0
улжалғас	0	0	0
улжамал	0	0	0
улжанай	0	0	0
улжаркин	0	0	0
улжаркын	0	0	0
улзада	0	0	0
улзира	0	0	0
улзия	0	0	0
улия	0	0	0
улмес	0	0	0
улмира	0	0	0
улпаш	0	0	0
улсара	0	0	0
улсерик	0	0	0
ултараков	0	0	0
улту	0	0	0
ултуаш	0	0	0
ултусын	0	0	0
улугбек	0	0	0
улукбек	0	0	0
улуғбек	0	0	0
улшат	0	0	0
улылбаев	0	0	0
улыров	0	0	0
ульжан	0	0	0
ульзана	0	0	0
ульмекен	0	0	0
ульяна	0	0	0
ульяна	0	0	0
умаралиев	0	0	0
умарбек	0	0	0
умарбеков	0	0	0
умаргалиев	0	0	0
умаров	0	0	0
умбетали	0	0	0
умбетжанов	0	0	0
умбеткалиев	0	0	0
умбеткулов	0	0	0
умербаев	0	0	0
умербек	0	0	0
умербеков	0	0	0
умерзаков	0	0	0
умида	0	0	0
умиджан	0	0	0
умиджон	0	0	0
умирали	0	0	0
умиралиев	0	0	0
умирбаев	0	0	0
умирбай	0	0	0
умирбек	0	0	0
умирбеков	0	0	0
умиргали	0	0	0
умиргалиев	0	0	0
умиржан	0	0	0
умиржанов	0	0	0
умирзак	0	0	0
умирзаков	0	0	0
умирзах	0	0	0
умирзахов	0	0	0
умирзақ	0	0	0
умиркулов	0	0	0
умиров	0	0	0
умирсерик	0	0	0
умиртаев	0	0	0
умиртай	0	0	0
умирхан	0	0	0
умитгул	0	0	0
умитгуль	0	0	0
умиткан	0	0	0
умиткул	0	0	0
умиткуль	0	0	0
умралиев	0	0	0
умсун	0	0	0
умурзак	0	0	0
умут	0	0	0
умутай	0	0	0
умутбаев	0	0	0
умутжан	0	0	0
умуткан	0	0	0
умуткуль	0	0	0
умытжан	0	0	0
уміт	0	0	0
унаев	0	0	0
унайбаев	0	0	0
унайбеков	0	0	0
унгарбаев	0	0	0
унгарбай	0	0	0
унгаров	0	0	0
ундаганов	0	0	0
унербаев	0	0	0
унербек	0	0	0
унзила	0	0	0
университеті	0	8	4
университетіне	0	2	1
ураз	0	0	0
уразаев	0	0	0
уразай	0	0	0
уразаков	0	0	0
уразали	0	0	0
уразалиев	0	0	0
уразалин	0	0	0
уразалинов	0	0	0
уразалы	0	0	0
уразбаев	0	0	0
уразбай	0	0	0
уразбек	0	0	0
уразбеков	0	0	0
уразбике	0	0	0
уразгали	0	0	0
уразгалиев	0	0	0
уразгалий	0	0	0
уразгул	0	0	0
уразгулов	0	0	0
уразгуль	0	0	0
уразимбетов	0	0	0
уразкул	0	0	0
уразкуль	0	0	0
уразов	0	0	0
уразымбетов	0	0	0
уракбаев	0	0	0
ураков	0	0	0
уралбаев	0	0	0
уралбай	0	0	0
уралбек	0	0	0
уралбеков	0	0	0
уралов	0	0	0
уральск	0	0	0
урашев	0	0	0
урбиби	0	0	0
урбигул	0	0	0
урбисинов	0	0	0
урдабаев	0	0	0
уржамал	0	0	0
урзада	0	0	0
урзия	0	0	0
уримхан	0	0	0
уринбаев	0	0	0
уринбай	0	0	0
уринбасар	0	0	0
уринбасаров	0	0	0
урингул	0	0	0
урипа	0	0	0
урисбаев	0	0	0
уристемов	0	0	0
уркен	0	0	0
уркинбаев	0	0	0
уркумбаев	0	0	0
урманов	0	0	0
урпатша	0	0	0
урстем	0	0	0
урумбаев	0	0	0
урунбаев	0	0	0
урхия	0	0	0
урынбаев	0	0	0
урынбасар	0	0	0
урынбасаров	0	0	0
урынгали	0	0	0
урынгалиев	0	0	0
урынша	0	0	0
усабаев	0	0	0
усаев	0	0	0
усанов	0	0	0
усеинов	0	0	0
усейнов	0	0	0
усенбек	0	0	0
усенбеков	0	0	0
усентаев	0	0	0
усенхан	0	0	0
усер	0	0	0
усербаев	0	0	0
усербай	0	0	0
усербек	0	0	0
усеров	0	0	0
усибалиев	0	0	0
усипбаев	0	0	0
усипбеков	0	0	0
усипов	0	0	0
ускембаев	0	0	0
ускенбаев	0	0	0
ускенбай	0	0	0
ускенов	0	0	0
ускумбаев	0	0	0
услуадам	0	0	0
усман	0	0	0
усманов	0	0	0
успанов	0	0	0
успен	0	0	0
устемиров	0	0	0
устенов	0	0	0
уталиев	0	0	0
утаралиев	0	0	0
утарбаев	0	0	0
утаров	0	0	0
утебаев	0	0	0
утебай	0	0	0
утебалиев	0	0	0
утебеков	0	0	0
утебике	0	0	0
утегали	0	0	0
утегалиев	0	0	0
утеген	0	0	0
утегенов	0	0	0
утегулов	0	0	0
утеев	0	0	0
утежанов	0	0	0
утеков	0	0	0
утелбаев	0	0	0
утелов	0	0	0
утельбаев	0	0	0
утембаев	0	0	0
утемис	0	0	0
утемурат	0	0	0
утемуратов	0	0	0
утениязов	0	0	0
утенов	0	0	0
утеп	0	0	0
утепбаев	0	0	0
утепберген	0	0	0
утепбергенов	0	0	0
утепкалиев	0	0	0
утепов	0	0	0
утесин	0	0	0
утетлеуов	0	0	0
утеубаев	0	0	0
утеулиев	0	0	0
утеулин	0	0	0
утеуов	0	0	0
утешев	0	0	0
утешкалиев	0	0	0
утешов	0	0	0
уткелбаев	0	0	0
уткельбаев	0	0	0
уткирбек	0	0	0
ухань	0	0	0
ухов	0	0	0
ушуров	0	0	0
фабианның	0	0	0
фазилов	0	0	0
фазылжан	0	0	0
фазылхан	0	0	0
фаиза	0	0	0
фаина	0	0	0
фаинаны	0	0	0
файв	0	0	0
файерпауэр	0	0	0
файза	0	0	0
файзиев	0	0	0
файзулин	0	0	0
файзуллаев	0	0	0
файзуллин	0	0	0
файруза	0	0	0
факиза	0	0	0
факизат	0	0	0
фания	0	0	0
фарангиз	0	0	0
фарзана	0	0	0
фаридаш	0	0	0
фаризат	0	0	0
фарит	0	0	0
фариха	0	0	0
фаррух	0	0	0
фаруза	0	0	0
фарух	0	0	0
фархат	0	0	0
фархатұлы	0	0	0
фарход	0	0	0
фатма	0	0	0
фатыма	0	0	0
фахриддин	0	0	0
федерациясына	0	0	0
фейсбук	0	0	0
фейсбукта	0	0	0
фейсбукте	0	0	0
фейсбуктегі	0	0	0
фемида	0	0	0
фериде	0	0	0
феризат	0	0	0
фирдавс	0	0	0
фирюза	0	0	0
флайарыстан	0	0	0
флюра	0	0	0
фоккер	0	0	0
фоккерге	0	0	0
фотима	0	0	0
фримантл	0	0	0
фудс	0	0	0
футболдан	0	0	0
фёдор	0	0	0
фёдоров	0	0	0
фәриза	0	0	0
фәтима	0	0	0
хабарда	0	4	3
хаби	0	0	0
хабибулин	0	0	0
хабибуллаев	0	0	0
хабибуллин	0	0	0
хабидулла	0	0	0
хабиев	0	0	0
хабира	0	0	0
хабит	0	0	0
хабта	0	0	0
хабтағы	0	0	0
хава	0	1	1
хавьер	0	0	0
хаджимурат	0	0	0
хадиджа	0	0	0
хадижа	0	0	0
хадича	0	0	0
хазиза	0	0	0
хазима	0	0	0
хазира	0	0	0
хазрет	0	3	3
хаиров	0	0	0
хайдаров	0	0	0
хайдарқызы	0	0	0
хайквижн	0	0	0
хайратбек	0	0	0
хайрбек	0	0	0
хайрлиев	0	0	0
хайров	0	0	0
хайрулин	0	0	0
хайрулла	0	0	0
хайруллаев	0	0	0
хайруллин	0	0	0
хайрушев	0	0	0
хайтбаев	0	0	0
хайша	0	0	0
хакимжанов	0	0	0
халбаев	0	0	0
халбай	0	0	0
халбиби	0	0	0
халбике	0	0	0
халелов	0	0	0
халенов	0	0	0
халидуллин	0	0	0
халиев	0	0	0
халилаев	0	0	0
халилов	0	0	0
халилулла	0	0	0
халимаш	0	0	0
халимов	0	0	0
халипа	0	0	0
халиса	0	0	0
халит	0	0	0
халит	0	0	0
халитов	0	0	0
халия	0	0	0
халметов	0	0	0
халмуратов	0	0	0
халмурзаев	0	0	0
халықов	0	0	0
хамар	0	1	1
хамария	0	0	0
хамбар	0	0	0
хаметов	0	0	0
хаметчина	0	0	0
хамзаев	0	0	0
хамзат	0	0	0
хамзе	0	0	0
хамзеұлы	0	0	0
хамидов	0	0	0
хамидулла	0	0	0
хамидуллаев	0	0	0
хамидуллин	0	0	0
хамиев	0	0	0
хамитжан	0	0	0
хамитжанов	0	0	0
хамитов	0	0	0
хамитов	0	0	0
хамитұлы	0	0	0
хамия	0	0	0
хамраев	0	0	0
ханали	0	0	0
ханат	0	0	0
ханафиев	0	0	0
ханболат	0	0	0
хангерей	0	0	0
ханжазов	0	0	0
ханзат	0	0	0
ханзира	0	0	0
ханипа	0	0	0
хания	0	0	0
ханкелді	0	0	0
ханкерей	0	0	0
ханнұр	0	0	0
ханой	0	0	0
хансұлтан	0	0	0
хантөре	0	0	0
ханшаим	0	0	0
ханымай	0	0	0
ханәли	0	0	0
хапиза	0	0	0
харесов	0	0	0
харлыгаш	0	0	0
хасангали	0	0	0
хасанов	0	0	0
хасе	0	0	0
хасиет	0	0	0
хасият	0	1	1
хатира	0	1	1
хафизов	0	0	0
хафса	0	0	0
хафтар	0	0	0
хилола	0	0	0
химиктер	0	8	2
хисметов	0	0	0
хисомиддиновке	0	0	0
хиуаз	0	0	0
хиуаз	0	0	0
ходжабаев	0	0	0
ходжабеков	0	0	0
ходжаназаров	0	0	0
хожабаев	0	0	0
хожабай	0	0	0
хожаев	0	0	0
хожамуратов	0	0	0
хожанов	0	0	0
хожахметов	0	0	0
холида	0	0	0
хоум	0	0	0
хуанбай	0	0	0
хуанган	0	0	0
хуандаг	0	0	0
хуанцю	0	0	0
хуаныш	0	0	0
хуаньцю	0	0	0
хуатбек	0	0	0
хубэй	0	0	0
худайберганов	0	0	0
худайберген	0	0	0
худайбергенов	0	0	0
хумарбек	0	0	0
хуралай	0	0	0
хурметбек	0	0	0
хуршид	0	0	0
хусан	0	0	0
хусанов	0	0	0
хымбат	0	0	0
хэнкс	0	0	0
хэфэй	0	0	0
хёндэ	0	0	0
церн	0	0	0
цзиньпин	0	0	0
цукуба	0	0	0
цюрихтен	0	0	0
чавкина	0	0	0
чайзада	0	0	0
чакенов	0	0	0
чакрабарти	0	0	0
чалабаев	0	0	0
чалышкан	0	0	0
чарос	0	0	0
чермашев	0	0	0
черниязов	0	0	0
черновцы	0	0	0
чечулин	0	0	0
чжаньшу	0	0	0
чинар	0	0	0
чинара	0	0	0
чингиз	0	0	0
чингизхан	0	0	0
чингис	0	0	0
чингисов	0	0	0
чингисхан	0	0	0
чинибеков	0	0	0
чокан	0	0	0
чолпан	0	0	0
чоршанбе	0	0	0
чукаев	0	0	0
чукеев	0	0	0
чукенов	0	0	0
чулпан	0	0	0
чханвон	0	0	0
чханвонда	0	0	0
шабаев	0	0	0
шабанбаев	0	0	0
шабанов	0	0	0
шабаров	0	0	0
шабданов	0	0	0
шабденов	0	0	0
шабнам	0	0	0
шавкат	0	0	0
шавкат	0	0	0
шавкатов	0	0	0
шагаев	0	0	0
шагиев	0	0	0
шагирбаев	0	0	0
шагиров	0	0	0
шадаев	0	0	0
шаденов	0	0	0
шадияров	0	0	0
шадманов	0	0	0
шаимов	0	0	0
шаихов	0	0	0
шайбалы	0	4	2
шайбеков	0	0	0
шайгуль	0	0	0
шайдаров	0	0	0
шайдолла	0	0	0
шайдулла	0	0	0
шайдуллин	0	0	0
шайжанов	0	0	0
шайзадаев	0	0	0
шайзат	0	0	0
шайзат	0	0	0
шайкуль	0	0	0
шаймагамбетов	0	0	0
шайманов	0	0	0
шаймардан	0	0	0
шаймарданов	0	0	0
шаймаханов	0	0	0
шайменов	0	0	0
шаймергенов	0	0	0
шаймердинов	0	0	0
шаймұрат	0	0	0
шайсултанов	0	0	0
шайханов	0	0	0
шайхиев	0	0	0
шайхимов	0	0	0
шайхин	0	0	0
шайхислам	0	0	0
шайхов	0	0	0
шакаев	0	0	0
шакарим	0	0	0
шакаримов	0	0	0
шакаров	0	0	0
шакеров	0	0	0
шакиза	0	0	0
шакимов	0	0	0
шакиржанов	0	0	0
шакиртов	0	0	0
шакуов	0	0	0
шакура	0	0	0
шалабаев	0	0	0
шалабаев	0	0	0
шалаев	0	0	0
шалбаев	0	0	0
шалбаев	0	0	0
шалгимбаев	0	0	0
шалгинбаев	0	0	0
шалданбаев	0	0	0
шалдарбек	0	0	0
шалдыбаев	0	0	0
шалкарбек	0	0	0
шалов	0	0	0
шалтаев	0	0	0
шалхар	0	0	0
шалхаров	0	0	0
шалқарбай	0	0	0
шалқарұлы	0	0	0
шамалғанда	0	0	0
шаманов	0	0	0
шамаров	0	0	0
шамбилов	0	0	0
шамбулов	0	0	0
шамгунов	0	0	0
шаметов	0	0	0
шамиев	0	0	0
шамилов	0	0	0
шамишев	0	0	0
шамов	0	0	0
шамсуди	0	0	0
шамуратов	0	0	0
шамшагул	0	0	0
шамшагуль	0	0	0
шамшадин	0	0	0
шамшадинов	0	0	0
шамшаев	0	0	0
шамшатов	0	0	0
шамшетов	0	0	0
шамшиденов	0	0	0
шамшидин	0	0	0
шамшидинов	0	0	0
шамширак	0	0	0
шамұрат	0	0	0
шанаев	0	0	0
шанаққа	0	1	1
шангереев	0	0	0
шанжархан	0	0	0
шаншаров	0	0	0
шаншархан	0	0	0
шапатов	0	0	0
шапенов	0	0	0
шапиев	0	0	0
шарапатов	0	0	0
шарапиев	0	0	0
шарафутдинов	0	0	0
шарбұлақ	0	0	0
шардарбек	0	0	0
шардарбеков	0	0	0
шаригул	0	0	0
шаригуль	0	0	0
шариза	0	0	0
шаризада	0	0	0
шаризат	0	0	0
шаримов	0	0	0
шарипбай	0	0	0
шарипбеков	0	0	0
шарипханов	0	0	0
шарифа	0	3	2
шария	0	0	0
шариякуль	0	0	0
шаркул	0	0	0
шаркуль	0	0	0
шархан	0	0	0
шархат	0	0	0
шатаев	0	0	0
шатанов	0	0	0
шатырбаев	0	0	0
шаукенов	0	0	0
шауменов	0	0	0
шаухаров	0	0	0
шафаг	0	0	0
шахабаев	0	0	0
шахаев	0	0	0
шахарбану	0	0	0
шахаризада	0	0	0
шахаров	0	0	0
шахатов	0	0	0
шахдияр	0	0	0
шахерезада	0	0	0
шахзат	0	0	0
шахзод	0	0	0
шахзода	0	0	0
шахида	0	0	0
шахиза	0	0	0
шахизада	0	0	0
шахизат	0	0	0
шахислам	0	0	0
шахкерім	0	0	0
шахкәрім	0	0	0
шахло	0	0	0
шахманов	0	0	0
шахмардан	0	0	0
шахметов	0	0	0
шахмина	0	0	0
шахмұрат	0	0	0
шахназ	0	0	0
шахназа	0	0	0
шахназар	0	0	0
шахнияз	0	0	0
шахноза	0	0	0
шахнур	0	0	0
шахнұр	0	0	0
шахризада	0	0	0
шахризат	0	0	0
шахрияр	0	0	0
шахриёр	0	0	0
шахсанам	0	0	0
шахсұлтан	0	0	0
шаһкерім	0	0	0
швейкин	0	0	0
швейцарияны	0	0	0
шевцов	0	0	0
шевцовты	0	0	0
шегебаев	0	0	0
шегенов	0	0	0
шегірбаева	0	0	0
шежін	0	0	0
шейхислам	0	0	0
шекенов	0	0	0
шекербек	0	0	0
шекербеков	0	0	0
шекеркул	0	0	0
шекеркуль	0	0	0
шекеров	0	0	0
шекерхан	0	0	0
шектибаев	0	0	0
шектыбаев	0	0	0
шелл	0	0	0
шенгелбаев	0	0	0
шенгельбаев	0	0	0
шенген	0	0	0
шералиев	0	0	0
шералы	0	0	0
шереметьево	0	0	0
шерехан	0	0	0
шерзад	0	0	0
шерзат	0	0	0
шерзод	0	0	0
шериев	0	0	0
шеримбетов	0	0	0
шеримов	0	0	0
шериязданов	0	0	0
шерниязов	0	0	0
шертаев	0	0	0
шерубаев	0	0	0
шерубайнұра	0	0	0
шерьязданов	0	0	0
шетпедегі	0	0	0
шехризат	0	0	0
шидерті	0	0	0
шиелідегі	0	0	0
шильдебаев	0	0	0
шиналиев	0	0	0
шинар	0	0	0
шинарай	0	0	0
шинаркуль	0	0	0
шинасилов	0	0	0
шингис	0	0	0
шингисов	0	0	0
шингисхан	0	0	0
шинибеков	0	0	0
шинкаренко	0	0	0
шинтаев	0	0	0
шинтасов	0	0	0
шинтемиров	0	0	0
ширинбек	0	0	0
ширинбеков	0	0	0
ширингул	0	0	0
ширингуль	0	0	0
ширинкул	0	0	0
ширинкуль	0	0	0
шишигиналар	0	0	0
шманов	0	0	0
шналиев	0	0	0
шнар	0	0	0
шнара	0	0	0
шодиёна	0	0	0
шодиёр	0	0	0
шойбек	0	0	0
шойбеков	0	0	0
шойынбаев	0	0	0
шойынбет	0	0	0
шоканов	0	0	0
шоланов	0	0	0
шолпанай	0	0	0
шолпанбаев	0	0	0
шолпанкулов	0	0	0
шолпанкуль	0	0	0
шоманов	0	0	0
шонаев	0	0	0
шони	0	0	0
шонов	0	0	0
шонтаев	0	0	0
шопанов	0	0	0
шорабаев	0	0	0
шорабек	0	0	0
шорабеков	0	0	0
шораев	0	0	0
шораев	0	0	0
шорин	0	0	0
шортанбаев	0	0	0
шортандыдағы	0	0	0
шотабаев	0	0	0
шотанов	0	0	0
шохаев	0	0	0
шохан	0	0	0
шоханов	0	0	0
шохрух	0	0	0
шохсанам	0	0	0
шпаковский	0	0	0
шпекбаев	0	0	0
шубаев	0	0	0
шудабаев	0	0	0
шукаев	0	0	0
шуканов	0	0	0
шукеев	0	0	0
шукирбаев	0	0	0
шукурбаев	0	0	0
шукуров	0	0	0
шулаков	0	0	0
шулембаев	0	0	0
шуленов	0	0	0
шулпан	0	0	0
шуменов	0	0	0
шунаев	0	0	0
шураев	0	0	0
шуренов	0	0	0
шурин	0	0	0
шурманов	0	0	0
шутьев	0	0	0
шухрат	0	0	0
шушаев	0	0	0
шуғыла	0	0	0
шымболат	0	0	0
шымкенттік	0	0	0
шымшаһарда	0	0	0
шымырбаев	0	0	0
шымқалада	0	0	0
шынайым	0	0	0
шыналиев	0	0	0
шынара	0	0	0
шынарай	0	0	0
шынарбек	0	0	0
шынаргул	0	0	0
шынаргуль	0	0	0
шынаргүл	0	0	0
шынаркул	0	0	0
шынаркуль	0	0	0
шынаркүл	0	0	0
шынберген	0	0	0
шынбергенов	0	0	0
шынгис	0	0	0
шынгисхан	0	0	0
шынгысбаев	0	0	0
шындалиев	0	0	0
шындос	0	0	0
шындәулет	0	0	0
шынтаев	0	0	0
шынтаев	0	0	0
шынтасов	0	0	0
шыныбаев	0	0	0
шыныбеков	0	0	0
шынғыс	0	0	0
шынғысхан	0	0	0
шырайкул	0	0	0
шырынбек	0	0	0
шырынбеков	0	0	0
шырынгуль	0	0	0
шырынкуль	0	0	0
шырынхан	0	0	0
шыңтас	0	0	0
шыңғысұлы	0	0	0
шүкежанова	0	0	0
шүкенов	0	0	0
шүкірбай	0	0	0
шүлбі	0	0	0
шұбайқызыл	0	0	0
шұбайқызылым	0	0	0
шұқырбұлақ	0	0	0
шәкеновтың	0	0	0
шәмшиденова	0	0	0
шәмшиева	0	0	0
шәмшия	0	0	0
шәріпбай	0	0	0
шәріпбек	0	0	0
шәріпұлының	0	0	0
ыбраев	0	0	0
ыбрай	0	0	0
ыбырайұлы	0	0	0
ылғар	0	0	0
ырзабек	0	0	0
ырысай	0	0	0
ырысбай	0	0	0
ырысгул	0	0	0
ырысгуль	0	0	0
ырысгүл	0	0	0
ырысдаулет	0	0	0
ырысдәулет	0	0	0
ырыскуль	0	0	0
ырыскүл	0	0	0
ырысхан	0	0	0
ырысқали	0	0	0
ысқақова	0	0	0
ыхлас	0	0	0
эвелина	0	0	0
эвордс	0	0	0
эвордске	0	0	0
эгамбердиев	0	0	0
эгиева	0	0	0
эдгар	0	0	0
эдик	0	0	0
эдиль	0	0	0
эйжас	0	0	0
эйжэ	0	0	0
эйрбас	0	0	0
элана	0	0	0
элбек	0	0	0
элвира	0	0	0
элдар	0	0	0
элдор	0	0	0
элеанора	0	0	0
элиана	0	0	0
элизат	0	0	0
элимханов	0	0	0
элина	0	0	0
элиф	0	0	0
элия	0	0	0
эллина	0	0	0
элмира	0	0	0
элмурод	0	0	0
элнур	0	0	0
элнура	0	0	0
эльанора	0	0	0
эльвина	0	0	0
эльдана	0	0	0
эльдар	0	0	0
эльдарұлы	0	0	0
эльдияр	0	0	0
эльдос	0	0	0
эльенора	0	0	0
эльжан	0	0	0
эльзада	0	0	0
эльзана	0	0	0
эльзара	0	0	0
эльзира	0	0	0
эльман	0	0	0
эльмар	0	0	0
эльмир	0	0	0
эльмира	0	0	0
эльмира	0	0	0
эльмурат	0	0	0
эльназ	0	0	0
эльнар	0	0	0
эльнара	0	0	0
эльнора	0	0	0
эльнур	0	0	0
эльнура	0	0	0
эльонора	0	0	0
эльтон	0	0	0
эльтондағы	0	0	0
эльхан	0	0	0
эльянора	0	0	0
элянора	0	0	0
элёр	0	0	0
эмджи	0	0	0
эмина	0	0	0
эмир	0	0	0
эмира	0	0	0
эмирлан	0	0	0
эмирхан	0	0	0
эмманюэль	0	0	0
эмомали	0	0	0
эндира	0	0	0
эпине	0	0	0
эрали	0	0	0
эрбол	0	0	0
эргаш	0	0	0
эргашев	0	0	0
эргашов	0	0	0
эржан	0	0	0
эржигит	0	0	0
эркин	0	0	0
эркинбек	0	0	0
эркинов	0	0	0
эрлан	0	0	0
эрмек	0	0	0
эрмитаждан	0	0	0
эрнар	0	0	0
эсма	0	0	0
эсманур	0	0	0
эсманұр	0	0	0
эсмира	0	0	0
эфиопиядағы	0	0	0
эфтехар	0	0	0
юбилейный	0	0	0
югра	0	0	0
юделькис	0	0	0
юкия	0	0	0
юлдаш	0	0	0
юлдашев	0	0	0
юлдашева	0	0	0
юлдашов	0	0	0
юлдуз	0	0	0
юлиана	0	0	0
юлианна	0	0	0
юниверсити	0	0	0
юнусов	0	0	0
юсуп	0	0	0
юсуп	0	0	0
юсупбаев	0	0	0
юсупбеков	0	0	0
ютьюб	0	0	0
ютьюбта	0	0	0
ямина	0	0	0
ямур	0	0	0
янайкин	0	0	0
янгибаев	0	0	0
яркова	0	0	0
яромир	0	0	0
ярослава	0	0	0
ясина	0	0	0
ясира	0	0	0
ясмин	0	0	0
ясмина	0	0	0
яссина	0	0	0
ясын	0	4	2
яхияев	0	0	0
ідіріс	0	0	0
ідірісов	0	0	0
ізбасаров	0	0	0
ізбасқан	0	0	0
ізберген	0	0	0
ізтай	0	0	0
ізтелеу	0	0	0
ізтілеу	0	0	0
ізтұрған	0	0	0
ізтұрғанов	0	0	0
ізімов	0	0	0
ізғали	0	0	0
ілесбай	0	0	0
ілесбек	0	0	0
ілиас	0	0	0
ільяс	0	0	0
іляс	0	0	0
інжумаржан	0	0	0
інкар	0	0	0
іргебаеваның	0	0	0
іңкар	0	0	0
іңкәрім	0	5	2
іңкәрға	0	1	1
ғабдулла	0	0	0
ғабидулла	0	0	0
ғабитов	0	0	0
ғабитов	0	0	0
ғабитұлы	0	0	0
ғаділбек	0	0	0
ғаділжан	0	0	0
ғазезов	0	0	0
ғазизов	0	0	0
ғазизхан	0	0	0
ғазизұлы	0	0	0
ғазинұр	0	0	0
ғайникамал	0	0	0
ғалима	0	0	0
ғалымбекұлы	0	0	0
ғалымжанов	0	0	0
ғалымжанұлы	0	0	0
ғалымов	0	0	0
ғалымқызының	0	0	0
ғалымұлы	0	0	0
ғамзат	0	0	0
ғанибек	0	0	0
ғаниев	0	0	0
ғания	0	0	0
ғаниұлы	0	0	0
ғарифулла	0	0	0
ғарышкерлер	0	1	1
ғасырбек	0	0	0
ғасыржан	0	0	0
қабден	0	0	0
қабденов	0	0	0
қабдол	0	0	0
қабдрахман	0	0	0
қабдраш	0	0	0
қабдулла	0	0	0
қабдығали	0	0	0
қабиден	0	0	0
қабидолла	0	0	0
қабиев	0	0	0
қаблан	0	1	1
қабланбек	0	0	0
қабылбеков	0	0	0
қабылет	0	0	0
қадесов	0	0	0
қадылбеков	0	0	0
қадырбеков	0	0	0
қадырқұл	0	0	0
қадырәлі	0	0	0
қадіржан	0	0	0
қажиденовтер	0	0	0
қажмұхан	0	0	0
қажыгелді	0	0	0
қажыкелді	0	0	0
қажымухан	0	0	0
қажымұхан	0	0	0
қажытай	0	0	0
қазавиаатқару	0	0	0
қазавиаспас	0	0	0
қазавтожол	0	0	0
қазавтоөндірістің	0	0	0
қазагро	0	0	0
қазагроқаржы	0	0	0
қазарсенал	0	0	0
қазарсеналда	0	0	0
қазақавтодор	0	0	0
қазақавтожол	0	0	0
қазақстандықтарды	0	0	0
қазақстанымызда	0	0	0
қазақстанымыздағы	0	0	0
қазақстанымызды	0	0	0
қазбекұлы	0	0	0
қазгидромет	0	0	0
қазез	0	0	0
қазиева	0	0	0
қазихан	0	0	0
қазкен	0	0	0
қазмаркет	0	0	0
қазмедиа	0	0	0
қазсушар	0	0	0
қазфосфат	0	0	0
қазыбекби	0	0	0
қазыбеков	0	0	0
қазынагүл	0	0	0
қазэкспорт	0	0	0
қаирбек	0	0	0
қаиржан	0	0	0
қайназар	0	0	0
қайнарбек	0	0	0
қайратов	0	0	0
қайратұлы	0	0	0
қайрбай	0	0	0
қайрбек	0	0	0
қайржан	0	0	0
қайролла	0	0	0
қайрулла	0	0	0
қайрғали	0	0	0
қайсарбек	0	0	0
қайсарұлы	0	0	0
қайшақұдық	0	0	0
қайырболат	0	0	0
қайырденұлы	0	0	0
қайыржанов	0	0	0
қайыржанұлы	0	0	0
қайырғазы	0	0	0
қайырғалиев	0	0	0
қалабаев	0	0	0
қалбатау	0	0	0
қалбибі	0	0	0
қалдарбеков	0	0	0
қалдаров	0	0	0
қалдыбаев	0	0	0
қалдыбеков	0	0	0
қалдыбеков	0	0	0
қалдыбекұлы	0	0	0
қалдыгүл	0	0	0
қалдыкүл	0	0	0
қалжанов	0	0	0
қалжігіт	0	0	0
қалиасқаров	0	0	0
қалиақпар	0	0	0
қалибай	0	0	0
қалибеков	0	0	0
қалида	0	0	0
қалиева	0	0	0
қалимаш	0	0	0
қалиолла	0	0	0
қалиұлы	0	0	0
қалмахан	0	0	0
қалмаханбет	0	0	0
қалмағанбет	0	0	0
қалмағанбетов	0	0	0
қалтаев	0	0	0
қалыбаев	0	0	0
қалыбеков	0	0	0
қалымбек	0	0	0
қалымбет	0	0	0
қалымбетов	0	0	0
қалымжан	0	0	0
қалымтай	0	0	0
қалықұл	0	0	0
қамарсұлу	0	0	0
қаматаев	0	0	0
қамбарата	0	0	0
қамбаш	0	0	0
қами	0	0	0
қамит	0	0	0
қамшыбек	0	0	0
қамшыбек	0	0	0
қанапин	0	0	0
қанапияұлы	0	0	0
қанатбаев	0	0	0
қанатбек	0	0	0
қанатбек	0	0	0
қанатбеков	0	0	0
қанатбекұлы	0	0	0
қанатов	0	0	0
қанатқали	0	0	0
қанатұлы	0	0	0
қанағатов	0	0	0
қанжарбек	0	0	0
қанзада	0	0	0
қани	0	0	0
қанибай	0	0	0
қанибек	0	0	0
қаниев	0	0	0
қансұлу	0	0	0
қаныбеков	0	0	0
қанымкүл	0	0	0
қапанов	0	0	0
қапаров	0	0	0
қаппар	0	0	0
қапшағайда	0	0	0
қапшағайға	0	0	0
қарабеков	0	0	0
қаражыра	0	0	0
қаракөзайым	0	0	0
қараманұлы	0	0	0
қарасаев	0	0	0
қарасудағы	0	0	0
қаратеңіздік	0	0	0
қаратүп	0	0	0
қарахат	0	0	0
қарашығанаққа	0	0	0
қарағандылық	0	0	0
қарақия	0	0	0
қарақойшиев	0	0	0
қарақұлов	0	0	0
қараөзен	0	0	0
қараөзенге	0	0	0
қаржаубаев	0	0	0
қарин	0	0	0
қарлыбай	0	0	0
қарлыгаш	0	0	0
қарсыбек	0	0	0
қарталыдан	0	0	0
қарылғаш	0	0	0
қасенов	0	0	0
қасиетова	0	0	0
қаскелеңде	0	0	0
қаскелеңдегі	0	0	0
қасымжанов	0	0	0
қасымжомарт	0	0	0
қасымханов	0	0	0
қасымханұлы	0	0	0
қасымұлы	0	0	0
қахарман	0	0	0
қашқынбай	0	0	0
қизат	0	0	0
қинаят	0	0	0
қиясов	0	0	0
қобылова	0	0	0
қожаахмет	0	0	0
қожабаев	0	0	0
қожабеков	0	0	0
қожамберлиеваның	0	0	0
қожамұрат	0	0	0
қожанова	0	0	0
қожантай	0	0	0
қожасай	0	0	0
қожахан	0	0	0
қожахметованың	0	0	0
қозыбаев	0	0	0
қойташ	0	0	0
қойшыбек	0	0	0
қойшыман	0	0	0
қойшығұл	0	0	0
қонарбай	0	0	0
қонысбаев	0	0	0
қонысбай	0	0	0
қонысбай	0	0	0
қонысбек	0	0	0
қонысбек	0	0	0
қонысбеков	0	0	0
қонысов	0	0	0
қорғанбаев	0	0	0
қосаев	0	0	0
қосжанов	0	0	0
қосмамбетов	0	0	0
қостанайдағы	0	0	0
қостанайлық	0	0	0
қосшыда	0	0	0
қосшығұлов	0	0	0
қошанов	0	0	0
қошанов	0	0	0
қошқаров	0	0	0
қошқаровқа	0	0	0
қоқымов	0	0	0
қоңырбаев	0	0	0
қоңырбаев	0	0	0
қоңқабаевқа	0	0	0
қуанбай	0	3	2
қуанбек	0	0	0
қуандықұлы	0	0	0
қуанов	0	0	0
қуанов	0	0	0
қуантаев	0	0	0
қуанышбеков	0	0	0
қуанышбекұлы	0	0	0
қуанышкүл	0	0	0
қуанышов	0	0	0
қуанышқали	0	0	0
қуанышқалиев	0	0	0
қуанышқалиев	0	0	0
қуанышқызы	0	0	0
қуанышұлы	0	0	0
қуанғали	0	0	0
қуатбай	0	0	0
қуатбайқызы	0	0	0
қуатбеков	0	0	0
қуатжан	0	0	0
қуатов	0	0	0
қуатұлы	0	0	0
қудайберген	0	0	0
қулыкөл	0	0	0
қундыз	0	0	0
қуралай	0	0	0
қыдыржан	0	0	0
қыдыров	0	0	0
қыдырхан	0	0	0
қызайбек	0	0	0
қыздаргүлмен	0	0	0
қызжібек	0	0	0
қызылгүл	0	0	0
қызылдала	0	0	0
қызылжарлық	0	0	0
қызылкесік	0	0	0
қызылордадағы	0	0	0
қызылордалық	0	0	0
қызылтұран	0	0	0
қызырбек	0	0	0
қылшақты	0	0	0
қылышбек	0	0	0
қырғызстанды	0	0	0
қырғызстанға	0	0	0
құбайдолла	0	0	0
құдайбергенұлы	0	0	0
құдрет	0	0	0
құдықбаев	0	0	0
құлажан	0	0	0
құлбай	0	0	0
құлмахан	0	0	0
құлмаханбет	0	0	0
құлмұхаммед	0	0	0
құлыкөл	0	0	0
құлымбет	0	0	0
құмарбек	0	0	0
құмарбеков	0	0	0
құмаров	0	0	0
құмархан	0	0	0
құмарғали	0	0	0
құмарғали	0	0	0
құралбаев	0	0	0
құралов	0	0	0
құранбек	0	0	0
құрасбек	0	0	0
құрақбаев	0	0	0
құрақов	0	0	0
құрбанай	0	0	0
құрбанбай	0	0	0
құрбанбек	0	0	0
құрбанәлі	0	0	0
құрлыққа	0	12	1
құрманай	0	0	0
құрманалиев	0	0	0
құрманалиев	0	0	0
құрманалы	0	0	0
құрманбайұлы	0	0	0
құрманбеков	0	0	0
құрманбекұлы	0	0	0
құрманжан	0	0	0
құрманиязды	0	0	0
құрманиязов	0	0	0
құрманкүл	0	0	0
құрманғазыұлы	0	0	0
құрмашев	0	0	0
құсаин	0	0	0
құсаинов	0	0	0
құсайн	0	0	0
құсайнов	0	0	0
құсанбек	0	0	0
құсанбеков	0	0	0
құсдәулетов	0	0	0
құсманов	0	0	0
құспаев	0	0	0
құспанов	0	0	0
құттыбаев	0	0	0
құттымұрат	0	0	0
құттықыз	0	0	0
үкілай	0	0	0
үкілімай	0	0	0
үкіметте	0	1	1
үкіметін	0	6	3
үлбі	0	0	0
үмбеталина	0	0	0
үмітгүл	0	0	0
үмітжанды	0	0	0
үмітжанға	0	0	0
үміткүл	0	0	0
үмітхан	0	0	0
үрзада	0	0	0
үсенбаев	0	0	0
үсенбай	0	0	0
үсенбек	0	0	0
үсенұлы	0	0	0
үсіпбек	0	0	0
үшкемпір	0	0	0
үшқоңыр	0	0	0
ұзабаев	0	0	0
ұзақбаев	0	0	0
ұзақбайұлы	0	0	0
ұзынкөл	0	0	0
ұлана	0	0	0
ұланбек	0	0	0
ұланұлы	0	0	0
ұларбек	0	0	0
ұласбек	0	0	0
ұлбазар	0	0	0
ұлбану	0	0	0
ұлбибі	0	0	0
ұлболған	0	0	0
ұлдан	0	23	5
ұлдана	0	0	0
ұлдана	0	0	0
ұлданай	0	0	0
ұлдар	0	18	3
ұлдария	0	0	0
ұлжалғас	0	0	0
ұлжамал	0	0	0
ұлжанай	0	0	0
ұлжанат	0	0	0
ұлжарқын	0	0	0
ұлзада	0	0	0
ұлзат	0	0	0
ұлзира	0	0	0
ұлзия	0	0	0
ұлман	0	0	0
ұлмерей	0	0	0
ұлмира	0	0	0
ұлназ	0	0	0
ұлнар	0	0	0
ұлнұр	0	0	0
ұлсана	0	0	0
ұлсара	0	0	0
ұлсая	0	0	0
ұлсезім	0	0	0
ұлсерік	0	0	0
ұлтусын	0	0	0
ұлшат	0	0	0
ұлыбританиядағы	0	0	0
ұлыр	0	0	0
ұлырбек	0	0	0
ұлырхан	0	0	0
ұлысбек	0	0	0
ұрымханов	0	0	0
ұрғарыновтың	0	0	0
әбдиев	0	0	0
әбдиева	0	0	0
әбдрахман	0	0	0
әбдрахманов	0	0	0
әбдуахит	0	0	0
әбдулхамит	0	0	0
әбдурахман	0	0	0
әбдуәлі	0	0	0
әбдібеков	0	0	0
әбдібеков	0	0	0
әбдіжанова	0	0	0
әбдімансұр	0	0	0
әбдімомын	0	0	0
әбдімүтәліп	0	0	0
әбдімұрат	0	0	0
әбдімәжит	0	0	0
әбдіразақов	0	0	0
әбдіразақов	0	0	0
әбдірайым	0	0	0
әбдірайымовтар	0	0	0
әбдіраманов	0	0	0
әбдірасилов	0	0	0
әбдірасул	0	0	0
әбдірахим	0	0	0
әбдірахманованың	0	0	0
әбдірахым	0	0	0
әбдірешев	0	0	0
әбдіуахит	0	0	0
әбдіхалықов	0	0	0
әбдіхалықова	0	0	0
әбдіхан	0	0	0
әбдіғалиев	0	0	0
әбдіғани	0	0	0
әбдіқадыров	0	0	0
әбдіқалық	0	0	0
әбдіқалықова	0	0	0
әбдіқанов	0	0	0
әбдіқожаева	0	0	0
әбдіқұл	0	0	0
әбдіәшім	0	0	0
әбдәлі	0	0	0
әбжанов	0	0	0
әбжанов	0	0	0
әбжаппар	0	0	0
әбибулла	0	0	0
әбиев	0	0	0
әблязов	0	0	0
әбләзовтың	0	0	0
әбләзовтің	0	0	0
әбсадық	0	0	0
әбсеметов	0	0	0
әбумансұр	0	0	0
әбілда	0	0	0
әбілдин	0	0	0
әбілжан	0	0	0
әбілмансур	0	0	0
әбілмансүр	0	0	0
әбілмәнсүр	0	0	0
әбілмәнсұр	0	0	0
әбілхаир	0	0	0
әбілхасым	0	0	0
әбілғазиннің	0	0	0
әбілқайырхан	0	0	0
әбішева	0	0	0
әбішов	0	0	0
әбішов	0	0	0
әдел	0	0	0
әделия	0	0	0
әдема	0	0	0
әдемай	0	0	0
әдемау	0	0	0
әдеміай	0	0	0
әден	0	0	0
әдила	0	0	0
әдина	0	0	0
әдлет	0	0	0
әділбаев	0	0	0
әділбеков	0	0	0
әділбекұлы	0	0	0
әділби	0	0	0
әділер	0	1	1
әділетхан	0	0	0
әділетұлы	0	0	0
әділжанұлы	0	0	0
әділкерей	0	0	0
әділнұр	0	0	0
әділова	0	0	0
әділханов	0	0	0
әділұлы	0	0	0
әжібаев	0	0	0
әзизхан	0	0	0
әзімбаева	0	0	0
әзімқұлов	0	0	0
әзірбайжанға	0	0	0
әзіретханов	0	0	0
әйкерім	0	0	0
әйтенов	0	0	0
әйтімова	0	0	0
әкімхан	0	0	0
әкімшілігіне	0	3	3
әлайдар	0	0	0
әлбина	0	0	0
әлдибек	0	0	0
әлемгүл	0	0	0
әлемхан	0	0	0
әлиайдар	0	0	0
әлиакбар	0	0	0
әлиахмет	0	0	0
әлиби	0	0	0
әлижан	0	0	0
әлимансұр	0	0	0
әлимұрат	0	0	0
әлина	0	0	0
әлинур	0	0	0
әлинұр	0	0	0
әлирахым	0	0	0
әлисұлтан	0	0	0
әлиханованың	0	0	0
әлишер	0	0	0
әлияр	0	0	0
әлиқан	0	0	0
әлмансұр	0	0	0
әлмахан	0	0	0
әлмағанбетова	0	0	0
әлмира	0	0	0
әлмұрат	0	0	0
әлмұрат	0	0	0
әлмұхаммед	0	0	0
әлнұр	0	0	0
әлпиевтер	0	0	0
әлтаев	0	0	0
әлтаир	0	0	0
әлтайр	0	0	0
әлтайыр	0	0	0
әлфараби	0	0	0
әлхайдар	0	0	0
әлшер	0	0	0
әльтаир	0	0	0
әльфия	0	0	0
әлібаев	0	0	0
әліжан	0	0	0
әлікеев	0	0	0
әлімбекова	0	0	0
әлімжанұлы	0	0	0
әлімханов	0	0	0
әлімғазы	0	0	0
әлімқұловты	0	0	0
әлінұр	0	0	0
әліпбаев	0	0	0
әліпбаев	0	0	0
әліпбек	0	0	0
әліхан	0	0	0
әліқұл	0	0	0
әлқуат	0	0	0
әмзебек	0	0	0
әмзеев	0	0	0
әминат	0	0	0
әминә	0	0	0
әмира	0	0	0
әмит	0	0	0
әмиша	0	0	0
әмре	0	0	0
әмірали	0	0	0
әмірбеков	0	0	0
әміржанов	0	0	0
әмірлан	0	0	0
әмірлігі	0	0	0
әмірліктер	0	0	0
әмірліктері	0	0	0
әмірсұлтан	0	0	0
әмірханов	0	0	0
әмірханұлы	0	0	0
әмірғалиевтар	0	0	0
әмірқұл	0	0	0
әмірәли	0	0	0
әмірәлі	0	0	0
әнел	0	0	0
әниса	0	1	1
әния	0	0	0
әнуарбеков	0	0	0
әрсен	0	0	0
әрсен	0	0	0
әріпов	0	0	0
әріпхан	0	0	0
әселай	0	0	0
әсель	0	0	0
әселя	0	0	0
әселім	0	0	0
әсема	0	0	0
әсемай	0	0	0
әсембек	0	0	0
әсемгул	0	0	0
әсемжан	0	0	0
әсемкүл	0	0	0
әсетов	0	0	0
әсетұлы	0	0	0
әсият	0	0	0
әскербай	0	0	0
әскербеков	0	0	0
әскербекұлы	0	0	0
әскеров	0	0	0
әсілбек	0	0	0
әсілхан	0	0	0
әтіркүл	0	0	0
әубәкірұлы	0	0	0
әуезхан	0	0	0
әуелбеков	0	0	0
әуелбеков	0	0	0
әуелбекова	0	0	0
әуелхан	0	0	0
әуеорманқорғау	0	0	0
әуесбай	0	0	0
әуесбек	0	0	0
әуесхан	0	0	0
әулиеаталық	0	0	0
әшкенұлы	0	0	0
әшімбаевқа	0	0	0
әшімбек	0	0	0
әшірбаев	0	0	0
әшірбеков	0	0	0
әшіркүл	0	0	0
әшіров	0	0	0
әшірәлі	0	0	0
өзбекбай	0	0	0
өзбекстандағы	0	0	0
өкен	0	0	0
өксікбаев	0	0	0
өлкетану	0	2	2
өмешова	0	0	0
өмірбайқызы	0	0	0
өмірбеков	0	0	0
өмірбекұлы	0	0	0
өміргүл	0	0	0
өмірзах	0	0	0
өмірзақұлы	0	0	0
өміртаев	0	0	0
өміртаев	0	0	0
өмірхан	0	0	0
өмірханов	0	0	0
өмірханқызы	0	0	0
өмірғазиева	0	0	0
өмірқұл	0	0	0
өмірұзақ	0	0	0
өнербаев	0	0	0
өргебас	0	0	0
өркембаевадан	0	0	0
өркембаевнаның	0	0	0
өркенұлы	0	0	0
өрісбай	0	0	0
өсербаев	0	0	0
өскеменге	0	0	0
өскемендегі	0	0	0
өскеменді	0	0	0
өскемендік	0	0	0
өскімбаев	0	0	0
өтебек	0	0	0
өтебеков	0	0	0
өтепбаев	0	0	0
өтепбергенов	0	0	0
өтепбергенованың	0	0	0
өтеуов	0	0	0
өтешов	0	0	0
өтешова	0	0	0
өткелбай	0	0	0
өңіраралық	0	0	0
өңірлерді	0	3	1
