# form	sources	reason — refused by tools/build_lexicon.py
,	apertium	outside-alphabet:,
-ақ	apertium	edge-punctuation
.	apertium	outside-alphabet:.
0	apertium	outside-alphabet:0
00	apertium	outside-alphabet:0
000	apertium	outside-alphabet:0
1	apertium	outside-alphabet:1
10	apertium	outside-alphabet:01
2	apertium	outside-alphabet:2
20	apertium	outside-alphabet:02
3	apertium	outside-alphabet:3
30	apertium	outside-alphabet:03
4	apertium	outside-alphabet:4
40	apertium	outside-alphabet:04
5	apertium	outside-alphabet:5
50	apertium	outside-alphabet:05
6	apertium	outside-alphabet:6
60	apertium	outside-alphabet:06
7	apertium	outside-alphabet:7
70	apertium	outside-alphabet:07
8	apertium	outside-alphabet:8
80	apertium	outside-alphabet:08
9	apertium	outside-alphabet:9
90	apertium	outside-alphabet:09
[жағының	kazdict	outside-alphabet:[
[көктен	kazdict	outside-alphabet:[
a	apertium	not-cyrillic
aar	kazdict	not-cyrillic
abba	apertium	not-cyrillic
abc	apertium,kazdict	not-cyrillic
abi	kazdict	not-cyrillic
acd	kazdict	not-cyrillic
acia	kazdict	not-cyrillic
aclu	apertium	not-cyrillic
acms	kazdict	not-cyrillic
acs	kazdict	not-cyrillic
activemovie	kazdict	not-cyrillic
activex	kazdict	not-cyrillic
adb	kazdict	not-cyrillic
adf	kazdict	not-cyrillic
adl	kazdict	not-cyrillic
admd	kazdict	not-cyrillic
adobe	apertium	not-cyrillic
adsl	kazdict	not-cyrillic
aec	kazdict	not-cyrillic
aes	kazdict	not-cyrillic
afn	kazdict	not-cyrillic
afp	apertium	not-cyrillic
aiff	kazdict	not-cyrillic
airbnb	kazdict	not-cyrillic
airbus	apertium	not-cyrillic
ajax	apertium	not-cyrillic
alias	kazdict	not-cyrillic
alias-file	kazdict	not-cyrillic
all-in-one	kazdict	not-cyrillic
alm	kazdict	not-cyrillic
alma	apertium	not-cyrillic
althea	apertium	not-cyrillic
amazon.com	kazdict	not-cyrillic
amd	apertium	not-cyrillic
amiga	apertium	not-cyrillic
amis	kazdict	not-cyrillic
amlcd	kazdict	not-cyrillic
amnesty%	apertium	not-cyrillic
amp	kazdict	not-cyrillic
amps	kazdict	not-cyrillic
amway	apertium	not-cyrillic
anchor	kazdict	not-cyrillic
andf	kazdict	not-cyrillic
ani	kazdict	not-cyrillic
anp	apertium	not-cyrillic
ansi	kazdict	not-cyrillic
aoce	kazdict	not-cyrillic
aol	apertium	not-cyrillic
aon	apertium	not-cyrillic
apertium	apertium	not-cyrillic
api	kazdict	not-cyrillic
apm	kazdict	not-cyrillic
appc	kazdict	not-cyrillic
applets	kazdict	not-cyrillic
application	kazdict	not-cyrillic
appn	kazdict	not-cyrillic
apt	kazdict	not-cyrillic
archie	kazdict	not-cyrillic
arl	kazdict	not-cyrillic
art	kazdict	not-cyrillic
article	kazdict	not-cyrillic
asa	kazdict	not-cyrillic
ascii	apertium,kazdict	not-cyrillic
asd	kazdict	not-cyrillic
ase	kazdict	not-cyrillic
asf	kazdict	not-cyrillic
asr	kazdict	not-cyrillic
atari	apertium	not-cyrillic
atdm	kazdict	not-cyrillic
atm	kazdict	not-cyrillic
atp	apertium	not-cyrillic
audi	apertium	not-cyrillic
aui	kazdict	not-cyrillic
authentication	kazdict	not-cyrillic
autodesk	apertium	not-cyrillic
avi	kazdict	not-cyrillic
avnp	kazdict	not-cyrillic
avr	kazdict	not-cyrillic
aбб	apertium	mixed-script
aйтғали	apertium	mixed-script
aманжол	baseline	mixed-script
b	apertium	not-cyrillic
b2в-басылымдар	kazdict	mixed-script
b2с-басылымдар	kazdict	mixed-script
back-office	kazdict	not-cyrillic
backbone	kazdict	not-cyrillic
backstage	kazdict	not-cyrillic
bae	apertium	not-cyrillic
bbs	kazdict	not-cyrillic
bcs	kazdict	not-cyrillic
bdc	kazdict	not-cyrillic
beatles	apertium	not-cyrillic
bfs	kazdict	not-cyrillic
bft	kazdict	not-cyrillic
bg	apertium	not-cyrillic
bind	kazdict	not-cyrillic
binhex	kazdict	not-cyrillic
bitcoin	kazdict	not-cyrillic
bitnet	kazdict	not-cyrillic
blockchain	kazdict	not-cyrillic
bna	kazdict	not-cyrillic
bookmarks	kazdict	not-cyrillic
boolean	kazdict	not-cyrillic
bop	kazdict	not-cyrillic
bounce	kazdict	not-cyrillic
bp	apertium	not-cyrillic
bpr	kazdict	not-cyrillic
bps	kazdict	not-cyrillic
brim	kazdict	not-cyrillic
btac	kazdict	not-cyrillic
btoa	kazdict	not-cyrillic
busy	kazdict	not-cyrillic
c	apertium	not-cyrillic
cam	apertium,kazdict	not-cyrillic
camus	apertium	not-cyrillic
cas	kazdict	not-cyrillic
case	kazdict	not-cyrillic
categories	kazdict	not-cyrillic
cav	kazdict	not-cyrillic
ccia	kazdict	not-cyrillic
cctv	apertium,kazdict	not-cyrillic
cd	apertium	not-cyrillic
cd-rom	kazdict	not-cyrillic
cddi	kazdict	not-cyrillic
cde	kazdict	not-cyrillic
cdfs	kazdict	not-cyrillic
cdi	kazdict	not-cyrillic
cdma	kazdict	not-cyrillic
cdpd	kazdict	not-cyrillic
cee	kazdict	not-cyrillic
cem	kazdict	not-cyrillic
ceo	kazdict	not-cyrillic
cez	apertium	not-cyrillic
cgi	apertium,kazdict	not-cyrillic
cgm	kazdict	not-cyrillic
chevron%	apertium	not-cyrillic
christie	apertium	not-cyrillic
cic	kazdict	not-cyrillic
cidr	kazdict	not-cyrillic
cif	kazdict	not-cyrillic
cio	kazdict	not-cyrillic
cit	kazdict	not-cyrillic
cli	kazdict	not-cyrillic
clnp	kazdict	not-cyrillic
clut	kazdict	not-cyrillic
clv	kazdict	not-cyrillic
cm	kazdict	not-cyrillic
cma	kazdict	not-cyrillic
cmip	kazdict	not-cyrillic
cms	kazdict	not-cyrillic
cmvc	kazdict	not-cyrillic
cmw	kazdict	not-cyrillic
cnd	kazdict	not-cyrillic
cnlp	kazdict	not-cyrillic
cnm	kazdict	not-cyrillic
cnpc	apertium	not-cyrillic
cnx	kazdict	not-cyrillic
code	kazdict	not-cyrillic
columbia	apertium	not-cyrillic
compact	kazdict	not-cyrillic
company	apertium	not-cyrillic
conoco	apertium	not-cyrillic
consolidated%	apertium	not-cyrillic
content	kazdict	not-cyrillic
cop	kazdict	not-cyrillic
cor	kazdict	not-cyrillic
corba	kazdict	not-cyrillic
cose	kazdict	not-cyrillic
cpi	kazdict	not-cyrillic
crc	kazdict	not-cyrillic
crm	kazdict	not-cyrillic
crs	kazdict	not-cyrillic
cru	kazdict	not-cyrillic
csdn	kazdict	not-cyrillic
csma/cd	kazdict	not-cyrillic
csta	kazdict	not-cyrillic
cty	kazdict	not-cyrillic
cu	kazdict	not-cyrillic
cua	kazdict	not-cyrillic
cul	kazdict	not-cyrillic
cvf	kazdict	not-cyrillic
cvi	kazdict	not-cyrillic
cybermall	kazdict	not-cyrillic
cәуір	apertium	mixed-script
d	apertium	not-cyrillic
da	kazdict	not-cyrillic
dae	kazdict	not-cyrillic
dama	kazdict	not-cyrillic
dans	kazdict	not-cyrillic
dap	kazdict	not-cyrillic
das	kazdict	not-cyrillic
dasd	kazdict	not-cyrillic
dbcl	kazdict	not-cyrillic
dbms	kazdict	not-cyrillic
dbr	kazdict	not-cyrillic
dc	apertium	not-cyrillic
dcb	kazdict	not-cyrillic
dcc	kazdict	not-cyrillic
dce	kazdict	not-cyrillic
ddb	kazdict	not-cyrillic
ddbms	kazdict	not-cyrillic
ddcmp	kazdict	not-cyrillic
ddcs	kazdict	not-cyrillic
dde	kazdict	not-cyrillic
ddl	kazdict	not-cyrillic
ddm	kazdict	not-cyrillic
ddos	kazdict	not-cyrillic
ddp	kazdict	not-cyrillic
demarc	kazdict	not-cyrillic
den	kazdict	not-cyrillic
des	kazdict	not-cyrillic
detailed	kazdict	not-cyrillic
dfs)	kazdict	not-cyrillic
dhcp	kazdict	not-cyrillic
dial-up	kazdict	not-cyrillic
dip	kazdict	not-cyrillic
disa	kazdict	not-cyrillic
distribution	kazdict	not-cyrillic
dl	kazdict	not-cyrillic
dlci	kazdict	not-cyrillic
dlcp	kazdict	not-cyrillic
dll	kazdict	not-cyrillic
dlms	kazdict	not-cyrillic
dlsw	kazdict	not-cyrillic
dmd	kazdict	not-cyrillic
dme	kazdict	not-cyrillic
dmi	kazdict	not-cyrillic
dms	kazdict	not-cyrillic
dmtf	kazdict	not-cyrillic
dns	kazdict	not-cyrillic
dns)	kazdict	not-cyrillic
doapi	kazdict	not-cyrillic
document	kazdict	not-cyrillic
doe	kazdict	not-cyrillic
doms	kazdict	not-cyrillic
down	kazdict	not-cyrillic
download	kazdict	not-cyrillic
downloading	kazdict	not-cyrillic
dpm	kazdict	not-cyrillic
dpp	kazdict	not-cyrillic
dps	kazdict	not-cyrillic
dram	kazdict	not-cyrillic
draw	kazdict	not-cyrillic
drda	kazdict	not-cyrillic
dropbox	kazdict	not-cyrillic
dsa	kazdict	not-cyrillic
dsdd	kazdict	not-cyrillic
dsom	kazdict	not-cyrillic
dssd	kazdict	not-cyrillic
dtp	kazdict	not-cyrillic
dv	kazdict	not-cyrillic
dvd	apertium	not-cyrillic
dve	kazdict	not-cyrillic
dxi	kazdict	not-cyrillic
dxs	kazdict	not-cyrillic
e	apertium	not-cyrillic
e-mail	kazdict	not-cyrillic
ead	kazdict	not-cyrillic
ease	kazdict	not-cyrillic
ebb	kazdict	not-cyrillic
ebr	kazdict	not-cyrillic
ecc	kazdict	not-cyrillic
ecma	kazdict	not-cyrillic
ecne	kazdict	not-cyrillic
ecs	kazdict	not-cyrillic
edcc	kazdict	not-cyrillic
edd	kazdict	not-cyrillic
edi	kazdict	not-cyrillic
edms	kazdict	not-cyrillic
edp	kazdict	not-cyrillic
efe	apertium	not-cyrillic
ein	kazdict	not-cyrillic
eis	kazdict	not-cyrillic
eisa	kazdict	not-cyrillic
eiti	apertium	not-cyrillic
em	kazdict	not-cyrillic
emmi	kazdict	not-cyrillic
emx	kazdict	not-cyrillic
en	kazdict	not-cyrillic
endesa	apertium	not-cyrillic
enms	kazdict	not-cyrillic
eom	kazdict	not-cyrillic
epo	apertium	not-cyrillic
er	apertium	not-cyrillic
erasmus	apertium	not-cyrillic
ericsson	apertium	not-cyrillic
es	kazdict	not-cyrillic
escon	kazdict	not-cyrillic
esd	kazdict	not-cyrillic
esdl	kazdict	not-cyrillic
esl	kazdict	not-cyrillic
esm	kazdict	not-cyrillic
etc	kazdict	not-cyrillic
ethernet	apertium	not-cyrillic
etsi	kazdict	not-cyrillic
eudora	kazdict	not-cyrillic
eunet	kazdict	not-cyrillic
eurovision	apertium	not-cyrillic
expo	apertium	not-cyrillic
exxon	apertium	not-cyrillic
exxon%	apertium	not-cyrillic
f	apertium	not-cyrillic
facebook	apertium	not-cyrillic
farc	apertium	not-cyrillic
favorites	kazdict	not-cyrillic
fbi	apertium	not-cyrillic
fido	kazdict	not-cyrillic
finger	kazdict	not-cyrillic
flamer	kazdict	not-cyrillic
followup	kazdict	not-cyrillic
fossil	kazdict	not-cyrillic
frame	kazdict	not-cyrillic
freedom%	apertium	not-cyrillic
freeware	kazdict	not-cyrillic
freeze	kazdict	not-cyrillic
freq	kazdict	not-cyrillic
friendfeed	apertium	not-cyrillic
ftp	kazdict	not-cyrillic
ftp-clients	kazdict	not-cyrillic
ftp-server	kazdict	not-cyrillic
fтр	kazdict	mixed-script
fтр-алаңқай	kazdict	mixed-script
g	apertium	not-cyrillic
gappn	kazdict	not-cyrillic
gdmo	kazdict	not-cyrillic
gfs	kazdict	not-cyrillic
gif	kazdict	not-cyrillic
gis	kazdict	not-cyrillic
global	apertium	not-cyrillic
glop	kazdict	not-cyrillic
gm	kazdict	not-cyrillic
google	apertium	not-cyrillic
goop	kazdict	not-cyrillic
gopher	kazdict	not-cyrillic
gosip	kazdict	not-cyrillic
gp	apertium	not-cyrillic
gps	apertium	not-cyrillic
grok	kazdict	not-cyrillic
group	apertium	not-cyrillic
guardian	apertium	not-cyrillic
gui	kazdict	not-cyrillic
h	apertium	not-cyrillic
hacker	kazdict	not-cyrillic
hada	kazdict	not-cyrillic
hal	kazdict	not-cyrillic
halal	apertium	not-cyrillic
ham	kazdict	not-cyrillic
handshake	kazdict	not-cyrillic
hang	kazdict	not-cyrillic
has	apertium	not-cyrillic
hci	kazdict	not-cyrillic
hdl	kazdict	not-cyrillic
hdlc	kazdict	not-cyrillic
hdms	kazdict	not-cyrillic
hdtv	kazdict	not-cyrillic
header	kazdict	not-cyrillic
headlines	kazdict	not-cyrillic
helpers	kazdict	not-cyrillic
hft	kazdict	not-cyrillic
hi	kazdict	not-cyrillic
hiv	apertium	not-cyrillic
hll	kazdict	not-cyrillic
hllapi	kazdict	not-cyrillic
hls	kazdict	not-cyrillic
host	kazdict	not-cyrillic
hotjava	kazdict	not-cyrillic
hpfs	kazdict	not-cyrillic
hpr	kazdict	not-cyrillic
hpsn	kazdict	not-cyrillic
hrh	apertium	not-cyrillic
hsb	kazdict	not-cyrillic
hsdl	kazdict	not-cyrillic
hsm	kazdict	not-cyrillic
hsrp	kazdict	not-cyrillic
hssi	kazdict	not-cyrillic
hsv	kazdict	not-cyrillic
html	kazdict	not-cyrillic
http	apertium,kazdict	not-cyrillic
hyperlink	kazdict	not-cyrillic
i	apertium	not-cyrillic
i3еттілік	kazdict	mixed-script
iberdrola	apertium	not-cyrillic
ibm	apertium	not-cyrillic
ibn	kazdict	not-cyrillic
ic	apertium	not-cyrillic
icda	kazdict	not-cyrillic
icfa	kazdict	not-cyrillic
ici	kazdict	not-cyrillic
icts	kazdict	not-cyrillic
icu	apertium	not-cyrillic
idapi	kazdict	not-cyrillic
idde	kazdict	not-cyrillic
idf	apertium	not-cyrillic
idl	kazdict	not-cyrillic
idms	kazdict	not-cyrillic
ien	kazdict	not-cyrillic
ietf	kazdict	not-cyrillic
ih	kazdict	not-cyrillic
ii	apertium	not-cyrillic
iii	apertium	not-cyrillic
ile	kazdict	not-cyrillic
ilmi	kazdict	not-cyrillic
imac	kazdict	not-cyrillic
image-map	kazdict	not-cyrillic
imap	kazdict	not-cyrillic
imd	apertium	not-cyrillic
ime	apertium	not-cyrillic
imr	kazdict	not-cyrillic
ims	kazdict	not-cyrillic
inc	apertium	not-cyrillic
independent	apertium	not-cyrillic
inm	kazdict	not-cyrillic
inpex	apertium	not-cyrillic
insee	apertium	not-cyrillic
instagram	kazdict	not-cyrillic
instructables	apertium	not-cyrillic
internet	kazdict	not-cyrillic
investment	apertium	not-cyrillic
ios	kazdict	not-cyrillic
ip	apertium,kazdict	not-cyrillic
ipad	apertium	not-cyrillic
iphone	apertium,kazdict	not-cyrillic
ipi	kazdict	not-cyrillic
ipod	apertium	not-cyrillic
ips	kazdict	not-cyrillic
ipx	kazdict	not-cyrillic
irc	kazdict	not-cyrillic
irq	kazdict	not-cyrillic
irs	kazdict	not-cyrillic
isa	kazdict	not-cyrillic
isam	kazdict	not-cyrillic
isdn	kazdict	not-cyrillic
iso	apertium,kazdict	not-cyrillic
isp	kazdict	not-cyrillic
isr	kazdict	not-cyrillic
issa	kazdict	not-cyrillic
isv	kazdict	not-cyrillic
iv	apertium	not-cyrillic
ix	apertium	not-cyrillic
iс	apertium	mixed-script
iсмет	baseline	mixed-script
iш%	apertium	mixed-script
j	apertium	not-cyrillic
jad	kazdict	not-cyrillic
java	kazdict	not-cyrillic
javascript	apertium,kazdict	not-cyrillic
jcl	kazdict	not-cyrillic
jenington	apertium	not-cyrillic
jit	kazdict	not-cyrillic
jpeg	kazdict	not-cyrillic
juice	kazdict	not-cyrillic
k	apertium	not-cyrillic
kanip	kazdict	not-cyrillic
karachaganak%	apertium	not-cyrillic
kaz	apertium	not-cyrillic
kazakhgold	apertium	not-cyrillic
kazakhmys	apertium	not-cyrillic
kazakhmys%	apertium	not-cyrillic
kazakhstan	apertium	not-cyrillic
kbms	kazdict	not-cyrillic
kbs	kazdict	not-cyrillic
kepi	kazdict	not-cyrillic
kepic	kazdict	not-cyrillic
keyword	kazdict	not-cyrillic
knowbot	kazdict	not-cyrillic
kpa	apertium	not-cyrillic
kpo	apertium	not-cyrillic
kz	apertium	not-cyrillic
l	apertium	not-cyrillic
l8r	kazdict	not-cyrillic
lan	kazdict	not-cyrillic
lap	kazdict	not-cyrillic
lapm	kazdict	not-cyrillic
lat	kazdict	not-cyrillic
lata	kazdict	not-cyrillic
lau	kazdict	not-cyrillic
leaks	apertium	not-cyrillic
lec	kazdict	not-cyrillic
led	kazdict	not-cyrillic
lel	kazdict	not-cyrillic
limited	apertium	not-cyrillic
link	kazdict	not-cyrillic
linux	apertium	not-cyrillic
listserv	kazdict	not-cyrillic
live	kazdict	not-cyrillic
llc	kazdict	not-cyrillic
lmi	kazdict	not-cyrillic
lnm	kazdict	not-cyrillic
location	kazdict	not-cyrillic
login	kazdict	not-cyrillic
lon	kazdict	not-cyrillic
lq	kazdict	not-cyrillic
ls	kazdict	not-cyrillic
lsapi	kazdict	not-cyrillic
ltd	apertium	not-cyrillic
lu	kazdict	not-cyrillic
lug	kazdict	not-cyrillic
lurk	kazdict	not-cyrillic
lvm	kazdict	not-cyrillic
lynx	kazdict	not-cyrillic
m	apertium	not-cyrillic
magellan	kazdict	not-cyrillic
man	kazdict	not-cyrillic
mapi	kazdict	not-cyrillic
marquee	kazdict	not-cyrillic
mas	kazdict	not-cyrillic
massmedia	kazdict	not-cyrillic
mau	kazdict	not-cyrillic
mdc	kazdict	not-cyrillic
mdi	kazdict	not-cyrillic
metallica	apertium	not-cyrillic
mfc	kazdict	not-cyrillic
mgm	apertium	not-cyrillic
mh	kazdict	not-cyrillic
mhs	kazdict	not-cyrillic
mi	kazdict	not-cyrillic
mib	kazdict	not-cyrillic
midi	kazdict	not-cyrillic
mif	kazdict	not-cyrillic
mii	kazdict	not-cyrillic
mime	kazdict	not-cyrillic
mitm	kazdict	not-cyrillic
mlid	kazdict	not-cyrillic
mls	kazdict	not-cyrillic
mmpm	kazdict	not-cyrillic
mms	kazdict	not-cyrillic
mni	kazdict	not-cyrillic
mnp	kazdict	not-cyrillic
mo	kazdict	not-cyrillic
mob	kazdict	not-cyrillic
mobil	apertium	not-cyrillic
mod	kazdict	not-cyrillic
modem	kazdict	not-cyrillic
mom	kazdict	not-cyrillic
mospf	kazdict	not-cyrillic
mozilla	apertium	not-cyrillic
mp	kazdict	not-cyrillic
mpc	kazdict	not-cyrillic
mpeg	kazdict	not-cyrillic
mpp	kazdict	not-cyrillic
mpr	kazdict	not-cyrillic
mptn	kazdict	not-cyrillic
mqi	kazdict	not-cyrillic
mrci	kazdict	not-cyrillic
mri	apertium	not-cyrillic
msh	kazdict	not-cyrillic
msl	kazdict	not-cyrillic
mtf	kazdict	not-cyrillic
mtnt	kazdict	not-cyrillic
mvs	kazdict	not-cyrillic
myspace	apertium	not-cyrillic
n	apertium	not-cyrillic
nacse	kazdict	not-cyrillic
nap	kazdict	not-cyrillic
napi	kazdict	not-cyrillic
nas	kazdict	not-cyrillic
nasa	apertium	not-cyrillic
nauryz	apertium	not-cyrillic
nba	apertium	not-cyrillic
nbc	apertium	not-cyrillic
ncd	kazdict	not-cyrillic
ncl	kazdict	not-cyrillic
ncs	kazdict	not-cyrillic
ncsa	kazdict	not-cyrillic
ndis	kazdict	not-cyrillic
ndm	kazdict	not-cyrillic
ndms	kazdict	not-cyrillic
nds	apertium,kazdict	not-cyrillic
nep	kazdict	not-cyrillic
net	kazdict	not-cyrillic
net_personality	kazdict	not-cyrillic
net_police	kazdict	not-cyrillic
netiquette	kazdict	not-cyrillic
netscape	kazdict	not-cyrillic
network	kazdict	not-cyrillic
new%	apertium	not-cyrillic
newbee	kazdict	not-cyrillic
news%	apertium	not-cyrillic
newsgroup	kazdict	not-cyrillic
nfs	kazdict	not-cyrillic
ngc	apertium	not-cyrillic
ngo	apertium	not-cyrillic
nic	kazdict	not-cyrillic
nif	kazdict	not-cyrillic
nii	kazdict	not-cyrillic
nike	apertium	not-cyrillic
nitc	kazdict	not-cyrillic
nl	kazdict	not-cyrillic
nlm	kazdict	not-cyrillic
nlq	kazdict	not-cyrillic
nms	kazdict	not-cyrillic
nmvt	kazdict	not-cyrillic
nn	kazdict	not-cyrillic
nncp	kazdict	not-cyrillic
nni	kazdict	not-cyrillic
nntp	kazdict	not-cyrillic
nokia	apertium	not-cyrillic
nos	kazdict	not-cyrillic
nps	kazdict	not-cyrillic
nse	kazdict	not-cyrillic
nstl	kazdict	not-cyrillic
o	apertium	not-cyrillic
o&m	kazdict	not-cyrillic
oc	kazdict	not-cyrillic
oce	kazdict	not-cyrillic
oda	kazdict	not-cyrillic
odapi	kazdict	not-cyrillic
odl	kazdict	not-cyrillic
odma	kazdict	not-cyrillic
oem	kazdict	not-cyrillic
off-line	kazdict	not-cyrillic
off-topic	kazdict	not-cyrillic
ohl	apertium	not-cyrillic
omlt	apertium	not-cyrillic
on-air	kazdict	not-cyrillic
on-line	kazdict	not-cyrillic
openssl	kazdict	not-cyrillic
operating	apertium	not-cyrillic
ours	kazdict	not-cyrillic
oномастикалық	apertium	mixed-script
p	apertium	not-cyrillic
pack	kazdict	not-cyrillic
pad	kazdict	not-cyrillic
patches	kazdict	not-cyrillic
pax	kazdict	not-cyrillic
pay-per-click	kazdict	not-cyrillic
pc	kazdict	not-cyrillic
pcb	kazdict	not-cyrillic
pcl	kazdict	not-cyrillic
pcm	kazdict	not-cyrillic
pcmcia	kazdict	not-cyrillic
pct	kazdict	not-cyrillic
pda	apertium	not-cyrillic
pdn	kazdict	not-cyrillic
petroleum	apertium	not-cyrillic
pfm	kazdict	not-cyrillic
pgp	kazdict	not-cyrillic
pics	kazdict	not-cyrillic
pif	kazdict	not-cyrillic
piggybacking	kazdict	not-cyrillic
pim	kazdict	not-cyrillic
pine	kazdict	not-cyrillic
ping	kazdict	not-cyrillic
pita	kazdict	not-cyrillic
pkk	apertium	not-cyrillic
pl	kazdict	not-cyrillic
plc	apertium	not-cyrillic
ple	kazdict	not-cyrillic
plug-in	kazdict	not-cyrillic
pma	kazdict	not-cyrillic
point	kazdict	not-cyrillic
pop3	kazdict	not-cyrillic
posix	kazdict	not-cyrillic
post	kazdict	not-cyrillic
pots	kazdict	not-cyrillic
pov	kazdict	not-cyrillic
ppl	kazdict	not-cyrillic
ppm	apertium	not-cyrillic
ppp	kazdict	not-cyrillic
pps	kazdict	not-cyrillic
primos	kazdict	not-cyrillic
prompt	kazdict	not-cyrillic
protocol	kazdict	not-cyrillic
provider	kazdict	not-cyrillic
psm	apertium	not-cyrillic
psp	apertium	not-cyrillic
pvc	kazdict	not-cyrillic
q	apertium	not-cyrillic
qbe	kazdict	not-cyrillic
qbm	kazdict	not-cyrillic
qic	kazdict	not-cyrillic
quoted-printable	kazdict	not-cyrillic
r	apertium	not-cyrillic
racf	kazdict	not-cyrillic
raf	apertium	not-cyrillic
raid)	kazdict	not-cyrillic
read.me	kazdict	not-cyrillic
relcom	kazdict	not-cyrillic
reply	kazdict	not-cyrillic
retroactive	apertium	not-cyrillic
rmon	kazdict	not-cyrillic
rot13	kazdict	not-cyrillic
rotfl	kazdict	not-cyrillic
router	kazdict	not-cyrillic
rqbe	kazdict	not-cyrillic
rqs	kazdict	not-cyrillic
rsa	kazdict	not-cyrillic
rss	apertium,kazdict	not-cyrillic
rtl	apertium	not-cyrillic
rtm	kazdict	not-cyrillic
rtos	kazdict	not-cyrillic
s	apertium	not-cyrillic
saa	kazdict	not-cyrillic
safe	kazdict	not-cyrillic
sam	kazdict	not-cyrillic
sas	apertium	not-cyrillic
scat	apertium	not-cyrillic
server	kazdict	not-cyrillic
sfor	apertium	not-cyrillic
shareware	kazdict	not-cyrillic
shell	apertium,kazdict	not-cyrillic
shutdown	kazdict	not-cyrillic
sic	kazdict	not-cyrillic
sig	kazdict	not-cyrillic
signal-to-noise	kazdict	not-cyrillic
signature	kazdict	not-cyrillic
slip	kazdict	not-cyrillic
sme	apertium	not-cyrillic
sms	apertium	not-cyrillic
smtp	kazdict	not-cyrillic
snap	kazdict	not-cyrillic
snarky	kazdict	not-cyrillic
socks	kazdict	not-cyrillic
spam	kazdict	not-cyrillic
ssl	kazdict	not-cyrillic
subject	kazdict	not-cyrillic
substring	kazdict	not-cyrillic
superzap	kazdict	not-cyrillic
sysadmin	kazdict	not-cyrillic
sysop	kazdict	not-cyrillic
t	apertium	not-cyrillic
tanj	kazdict	not-cyrillic
tanstaafl	kazdict	not-cyrillic
tapi	kazdict	not-cyrillic
tar	kazdict	not-cyrillic
tcp/ip	kazdict	not-cyrillic
telnet	kazdict	not-cyrillic
thread	kazdict	not-cyrillic
tiff	kazdict	not-cyrillic
time	apertium	not-cyrillic
times	apertium	not-cyrillic
tls	kazdict	not-cyrillic
tlu	kazdict	not-cyrillic
tnt	apertium	not-cyrillic
top	kazdict	not-cyrillic
tp	kazdict	not-cyrillic
tpc	kazdict	not-cyrillic
ttbomk	kazdict	not-cyrillic
ttfn	kazdict	not-cyrillic
ttul	kazdict	not-cyrillic
twitter	apertium	not-cyrillic
u	apertium	not-cyrillic
udf	apertium	not-cyrillic
uefa	apertium	not-cyrillic
unix	kazdict	not-cyrillic
upload	kazdict	not-cyrillic
url	kazdict	not-cyrillic
usb	apertium	not-cyrillic
usenet	kazdict	not-cyrillic
utc	apertium	not-cyrillic
utilities	kazdict	not-cyrillic
uucp	kazdict	not-cyrillic
uudecode	kazdict	not-cyrillic
uuencode	kazdict	not-cyrillic
v	apertium	not-cyrillic
vac	kazdict	not-cyrillic
vbscript	kazdict	not-cyrillic
veronica	kazdict	not-cyrillic
vi	apertium	not-cyrillic
vii	apertium	not-cyrillic
viii	apertium	not-cyrillic
vmb	kazdict	not-cyrillic
vms	kazdict	not-cyrillic
vrml	kazdict	not-cyrillic
w	apertium	not-cyrillic
wais	kazdict	not-cyrillic
wan	kazdict	not-cyrillic
warner	apertium	not-cyrillic
wats	kazdict	not-cyrillic
whatsapp	kazdict	not-cyrillic
whiteboard	kazdict	not-cyrillic
wiki	apertium,kazdict	not-cyrillic
wikileaks	apertium	not-cyrillic
witness	apertium	not-cyrillic
wordpress	apertium,kazdict	not-cyrillic
workstation	kazdict	not-cyrillic
wrigley	apertium	not-cyrillic
www	kazdict	not-cyrillic
www-бет	kazdict	mixed-script
wysiwyg	kazdict	not-cyrillic
wев-браузер	kazdict	mixed-script
wев-мекенжай	kazdict	mixed-script
wев-сервер	kazdict	mixed-script
wев-торап	kazdict	mixed-script
x	apertium	not-cyrillic
xcoff	kazdict	not-cyrillic
xdp	kazdict	not-cyrillic
xe	kazdict	not-cyrillic
xi	apertium	not-cyrillic
xii	apertium	not-cyrillic
xiii	apertium	not-cyrillic
xiv	apertium	not-cyrillic
xix	apertium	not-cyrillic
xor	kazdict	not-cyrillic
xss	kazdict	not-cyrillic
xv	apertium	not-cyrillic
xvi	apertium	not-cyrillic
xvii	apertium	not-cyrillic
xviii	apertium	not-cyrillic
xx	apertium	not-cyrillic
xxi	apertium	not-cyrillic
y	apertium	not-cyrillic
y/n	kazdict	not-cyrillic
yahoo	apertium	not-cyrillic
youtube	apertium,kazdict	not-cyrillic
yгседі	kazdict	mixed-script
yгітседі	kazdict	mixed-script
yгүрленді	kazdict	mixed-script
yдзленді	kazdict	mixed-script
yдзретті	kazdict	mixed-script
yжімленді	kazdict	mixed-script
yзседі	kazdict	mixed-script
yзүмленді	kazdict	mixed-script
yйүкті	kazdict	mixed-script
yкекледі	kazdict	mixed-script
yкілетті	kazdict	mixed-script
yпледі	kazdict	mixed-script
yплелді	kazdict	mixed-script
yпленді	kazdict	mixed-script
yплетті	kazdict	mixed-script
yркітті	kazdict	mixed-script
yснеді	kazdict	mixed-script
yсүгледі	kazdict	mixed-script
yтті	kazdict	mixed-script
yшікледі	kazdict	mixed-script
yңужін	kazdict	mixed-script
z	apertium	not-cyrillic
zdf	apertium	not-cyrillic
zif	kazdict	not-cyrillic
«авеста»	kazdict	outside-alphabet:«»
«арзандату»	kazdict	outside-alphabet:«»
«ағыл-тегіл»	kazdict	outside-alphabet:«»
«аққұм»	kazdict	outside-alphabet:«»
«дубровский»-	kazdict	outside-alphabet:«»
«е»деді	kazdict	outside-alphabet:«»
«еділ-жайық»-	kazdict	outside-alphabet:«»
«елес»	kazdict	outside-alphabet:«»
«жанар»	kazdict	outside-alphabet:«»
«жанбота»-	kazdict	outside-alphabet:«»
«жандықтар»	kazdict	outside-alphabet:«»
«жігіттер	kazdict	outside-alphabet:«
«жүсіп-зылиқа»-	kazdict	outside-alphabet:«»
«жәрдем»	kazdict	outside-alphabet:«»
«имампос»	kazdict	outside-alphabet:«»
«иузи-раушан»-	kazdict	outside-alphabet:«»
«күз»-	kazdict	outside-alphabet:«»
«күзем»	kazdict	outside-alphabet:«»
«күзен»	kazdict	outside-alphabet:«»
«көжекбайға»-	kazdict	outside-alphabet:«»
«көзжақсым»-	kazdict	outside-alphabet:«»
«көкқаулан»-	kazdict	outside-alphabet:«»
«көрұғлы»-	kazdict	outside-alphabet:«»
«медғат-қасым»-	kazdict	outside-alphabet:«»
«москвич»	kazdict	outside-alphabet:«»
«ол»	kazdict	outside-alphabet:«»
«сана»	kazdict	outside-alphabet:«»
«сап-сап	kazdict	outside-alphabet:«
«сират-ул-мустақим»	kazdict	outside-alphabet:«»
«сәуле»	kazdict	outside-alphabet:«»
«талап»	kazdict	outside-alphabet:«»
«таң»	kazdict	outside-alphabet:«»
«тиянағым	kazdict	outside-alphabet:«
«топайкөк»-	kazdict	outside-alphabet:«»
«тәржіман»	kazdict	outside-alphabet:«»
«уа	kazdict	outside-alphabet:«
«шура-и-улема»	kazdict	outside-alphabet:«»
«шырайлым»-	kazdict	outside-alphabet:«»
«юманите»-	kazdict	outside-alphabet:«»
«я	kazdict	outside-alphabet:«
«қарагөз»-	kazdict	outside-alphabet:«»
«қаратаяқ»-	kazdict	outside-alphabet:«»
«қараша	kazdict	outside-alphabet:«
«қозыкөш»-	kazdict	outside-alphabet:«»
«қуаныш	kazdict	outside-alphabet:«
«үміт»	kazdict	outside-alphabet:«»
«өлсем	kazdict	outside-alphabet:«
ýар	kazdict	outside-alphabet:ý
ýасл	kazdict	outside-alphabet:ý
ýахданийат	kazdict	outside-alphabet:ý
ýаһм	kazdict	outside-alphabet:ý
ýирд	kazdict	outside-alphabet:ý
ýисал	kazdict	outside-alphabet:ý
ýужуд	kazdict	outside-alphabet:ý
ýужудийат	kazdict	outside-alphabet:ý
ýәли	kazdict	outside-alphabet:ý
əріпті-санды	apertium	outside-alphabet:ə
а.	apertium	outside-alphabet:.
а`за	kazdict	outside-alphabet:`
а`заз	kazdict	outside-alphabet:`
а`ина	kazdict	outside-alphabet:`
а`ла	kazdict	outside-alphabet:`
а`ламу	kazdict	outside-alphabet:`
а`табарлық	kazdict	outside-alphabet:`
а`тазара	kazdict	outside-alphabet:`
абай%	apertium	outside-alphabet:%
абақоңыр//әбеқоңыр	kazdict	outside-alphabet:/
абетай	kazdict	translit-of:әбетай
абетай//әбетай	kazdict	outside-alphabet:/
абжылан//апжылан//әпжылап	kazdict	outside-alphabet:/
абзел	apertium,kazdict	translit-of:әбзел
абын	baseline,kazdict	translit-of:абың
абыройын%	apertium	outside-alphabet:%
авантюрист%	apertium	outside-alphabet:%
авг.	apertium	outside-alphabet:.
автокөлік%	apertium	outside-alphabet:%
автология-	kazdict	edge-punctuation
адалзада//алалзада	kazdict	outside-alphabet:/
адам%	apertium	outside-alphabet:%
адыра%	apertium	outside-alphabet:%
адыран	kazdict	translit-of:адыраң
ажма`ин	kazdict	outside-alphabet:`
ажьі-	kazdict	edge-punctuation
азап%	apertium	outside-alphabet:%
азат%	apertium	outside-alphabet:%
аздап%	apertium	outside-alphabet:%
азу%	apertium	outside-alphabet:%
азулы%	apertium	outside-alphabet:%
азына//азна	kazdict	outside-alphabet:/
азғырушы%	apertium	outside-alphabet:%
ай%	apertium	outside-alphabet:%
айбалта-	kazdict	edge-punctuation
айганша	baseline	translit-of:айғанша
айдап%	apertium	outside-alphabet:%
айландыру%	apertium	outside-alphabet:%
аймаққа%	apertium	outside-alphabet:%
аймаңдай-	kazdict	edge-punctuation
айнагул	baseline	translit-of:айнагүл
айнала%	apertium	outside-alphabet:%
айналаны%	apertium	outside-alphabet:%
айналдыра%	apertium	outside-alphabet:%
айналып%	apertium	outside-alphabet:%
айнур	baseline	translit-of:айнұр
айсауле	apertium	translit-of:айсәуле
айт-	kazdict	edge-punctuation
айта%	apertium	outside-alphabet:%
айтып%	apertium	outside-alphabet:%
айтқанды%	apertium	outside-alphabet:%
айтқаны%	apertium	outside-alphabet:%
айтқанын%	apertium	outside-alphabet:%
айуанаттар%	apertium	outside-alphabet:%
айып%	apertium	outside-alphabet:%
айып-	kazdict	edge-punctuation
айыппұл%	apertium	outside-alphabet:%
айыптау%	apertium	outside-alphabet:%
айырылып%	apertium	outside-alphabet:%
айғайлап%	apertium	outside-alphabet:%
айқай%	apertium	outside-alphabet:%
айқайлап%	apertium	outside-alphabet:%
айқасып%	apertium	outside-alphabet:%
айқын%	apertium	outside-alphabet:%
акад.	apertium	outside-alphabet:.
акас	kazdict	translit-of:ақас
акцион.	apertium	outside-alphabet:.
акционерлік%	apertium	outside-alphabet:%
акысыз	apertium	translit-of:ақысыз
алаша-	kazdict	edge-punctuation
алақан%	apertium	outside-alphabet:%
алақолсы3	kazdict	outside-alphabet:3
алдажар//алдамжар	kazdict	outside-alphabet:/
алданып%	apertium	outside-alphabet:%
алдап%	apertium	outside-alphabet:%
алдар%	apertium	outside-alphabet:%
алдын%	apertium	outside-alphabet:%
алдын-ала%	apertium	outside-alphabet:%
алдында%	apertium	outside-alphabet:%
алдыңғы%	apertium	outside-alphabet:%
алжуаз	kazdict	translit-of:әлжуаз
алла[-ның	kazdict	outside-alphabet:[
аллаһ%	apertium	outside-alphabet:%
аллитерация-	kazdict	edge-punctuation
алма%	apertium	outside-alphabet:%
алмас%	apertium	outside-alphabet:%
алмастырып%	apertium	outside-alphabet:%
алмұрт%	apertium	outside-alphabet:%
алогизм-	kazdict	edge-punctuation
алты%	apertium	outside-alphabet:%
алтыбақан-	kazdict	edge-punctuation
алтын%	apertium	outside-alphabet:%
алым-салық%	apertium	outside-alphabet:%
алына%	apertium	outside-alphabet:%
алып%	apertium	outside-alphabet:%
алып-сатумен%	apertium	outside-alphabet:%
алыстан%	apertium	outside-alphabet:%
аль%	apertium	outside-alphabet:%
алюмосиликатты%	apertium	outside-alphabet:%
алғаш%	apertium	outside-alphabet:%
алғы//алғи	kazdict	outside-alphabet:/
алғыс%	apertium	outside-alphabet:%
алқалы%	apertium	outside-alphabet:%
алқынды%	apertium	outside-alphabet:%
амал[қане	kazdict	outside-alphabet:[
аман%	apertium	outside-alphabet:%
амнести%	apertium	outside-alphabet:%
ана%	apertium	outside-alphabet:%
аналық%	apertium	outside-alphabet:%
анис%	apertium	outside-alphabet:%
ансат	kazdict	translit-of:аңсат
ант%	apertium	outside-alphabet:%
антигуа%	apertium	outside-alphabet:%
антиль%	apertium	outside-alphabet:%
антоним-	kazdict	edge-punctuation
анық%	apertium	outside-alphabet:%
анықтап%	apertium	outside-alphabet:%
апарып%	apertium	outside-alphabet:%
апжылан	kazdict	translit-of:әпжылан
апке	kazdict	translit-of:әпке
апо%	apertium	outside-alphabet:%
апр.	apertium	outside-alphabet:.
апсана	kazdict	translit-of:әпсана
апта%	apertium	outside-alphabet:%
ара%	apertium	outside-alphabet:%
аралап%	apertium	outside-alphabet:%
аралық%	apertium	outside-alphabet:%
арам%	apertium	outside-alphabet:%
арамен%	apertium	outside-alphabet:%
арамеялық%	apertium	outside-alphabet:%
аребек	kazdict	translit-of:әребек
ариғ/арығ	kazdict	outside-alphabet:/
аркук	apertium	translit-of:арқұқ
арс%	apertium	outside-alphabet:%
арт%	apertium	outside-alphabet:%
артып%	apertium	outside-alphabet:%
артығырақ%	apertium	outside-alphabet:%
артық%	apertium	outside-alphabet:%
артқы%	apertium	outside-alphabet:%
аруана3	kazdict	outside-alphabet:3
архетиптер-	kazdict	edge-punctuation
арыз%	apertium	outside-alphabet:%
арыздасу-	kazdict	edge-punctuation
арыс-	kazdict	edge-punctuation
арғы%	apertium	outside-alphabet:%
арғын-	kazdict	edge-punctuation
арқа%	apertium	outside-alphabet:%
арқа1	kazdict	outside-alphabet:1
арқа2	kazdict	outside-alphabet:2
арқанды%	apertium	outside-alphabet:%
арқау%	apertium	outside-alphabet:%
ас%	apertium	outside-alphabet:%
ас`ат	kazdict	outside-alphabet:`
аса%	apertium	outside-alphabet:%
асма`и	kazdict	outside-alphabet:`
асмалдық//аспалдақ	kazdict	outside-alphabet:/
асман//асмен	kazdict	outside-alphabet:/
аспалы%	apertium	outside-alphabet:%
аспан%	apertium	outside-alphabet:%
аспетте	kazdict	translit-of:әспетте
ассонанс-	kazdict	edge-punctuation
ассоциация-	kazdict	edge-punctuation
астан-кестен%	apertium	outside-alphabet:%
астын%	apertium	outside-alphabet:%
астық%	apertium	outside-alphabet:%
асулы1	kazdict	outside-alphabet:1
асфальтпен%	apertium	outside-alphabet:%
асфандияр//спандияр	kazdict	outside-alphabet:/
асыл%	apertium	outside-alphabet:%
асып%	apertium	outside-alphabet:%
асыра%	apertium	outside-alphabet:%
асыра1	kazdict	outside-alphabet:1
асырып%	apertium	outside-alphabet:%
асық%	apertium	outside-alphabet:%
асықты%	apertium	outside-alphabet:%
асқынып%	apertium	outside-alphabet:%
ат%	apertium	outside-alphabet:%
ата`ат	kazdict	outside-alphabet:`
атап%	apertium	outside-alphabet:%
атағын%	apertium	outside-alphabet:%
атақ%	apertium	outside-alphabet:%
аттап%	apertium	outside-alphabet:%
атшабар-	kazdict	edge-punctuation
атшу	baseline,kazdict	translit-of:әтшу
атын%	apertium	outside-alphabet:%
атына%	apertium	outside-alphabet:%
атып%	apertium	outside-alphabet:%
атыс%	apertium	outside-alphabet:%
ауа%	apertium	outside-alphabet:%
аударып%	apertium	outside-alphabet:%
аузы%	apertium	outside-alphabet:%
аузын%	apertium	outside-alphabet:%
аукционда%	apertium	outside-alphabet:%
аулап%	apertium	outside-alphabet:%
аулийа`и	kazdict	outside-alphabet:`
аум.	apertium	outside-alphabet:.
ауруға%	apertium	outside-alphabet:%
ауыз%	apertium	outside-alphabet:%
ауыздық-	kazdict	edge-punctuation
ауызғы%	apertium	outside-alphabet:%
ауыл%	apertium	outside-alphabet:%
ауылдық%	apertium	outside-alphabet:%
ауып%	apertium	outside-alphabet:%
ауыр%	apertium	outside-alphabet:%
ауыртпалық%	apertium	outside-alphabet:%
ауыруды%	apertium	outside-alphabet:%
ауыстырып%	apertium	outside-alphabet:%
аш%	apertium	outside-alphabet:%
ашмүке//әшмүке	kazdict	outside-alphabet:/
ашу%	apertium	outside-alphabet:%
ашуланып%	apertium	outside-alphabet:%
ашуын%	apertium	outside-alphabet:%
ашылып%	apertium	outside-alphabet:%
ашылып-ж¥мылу	kazdict	outside-alphabet:¥
ашып%	apertium	outside-alphabet:%
ашыған//ашытпа	kazdict	outside-alphabet:/
ашық%	apertium	outside-alphabet:%
ащы%	apertium	outside-alphabet:%
ащы-тұ3	kazdict	outside-alphabet:3
аю%	apertium	outside-alphabet:%
аят-	kazdict	edge-punctuation
аяқ%	apertium	outside-alphabet:%
аяқ-киім%	apertium	outside-alphabet:%
аяқтама-	kazdict	edge-punctuation
аяқты%	apertium	outside-alphabet:%
аяқшы//жәрдемші	kazdict	outside-alphabet:/
ағаттық%	apertium	outside-alphabet:%
ағаш%	apertium	outside-alphabet:%
ағаштағы%	apertium	outside-alphabet:%
ағын%	apertium	outside-alphabet:%
ағып%	apertium	outside-alphabet:%
ағыспен%	apertium	outside-alphabet:%
ағұз/ағұж	kazdict	outside-alphabet:/
ақ%	apertium	outside-alphabet:%
ақа2//ақас	kazdict	outside-alphabet:/2
ақбала—боздақ-	kazdict	outside-alphabet:—
ақеспе-	kazdict	edge-punctuation
ақлақ-	kazdict	edge-punctuation
ақмарту-	kazdict	edge-punctuation
ақпа3	kazdict	outside-alphabet:3
ақпарат%	apertium	outside-alphabet:%
ақсай%	apertium	outside-alphabet:%
ақсап%	apertium	outside-alphabet:%
ақсон//ақсүн	kazdict	outside-alphabet:/
ақсүйек-	kazdict	edge-punctuation
ақтабан-	kazdict	edge-punctuation
ақтүү...ш	kazdict	outside-alphabet:.
ақша%	apertium	outside-alphabet:%
ақшалы%	apertium	outside-alphabet:%
ақшаға%	apertium	outside-alphabet:%
ақшыл%	apertium	outside-alphabet:%
ақыл%	apertium	outside-alphabet:%
ақылдан%	apertium	outside-alphabet:%
ақылы%	apertium	outside-alphabet:%
ақылға%	apertium	outside-alphabet:%
ақымақ%	apertium	outside-alphabet:%
ақыр%	apertium	outside-alphabet:%
ақырын%	apertium	outside-alphabet:%
ақырындай%	apertium	outside-alphabet:%
аққайың-	kazdict	edge-punctuation
аққұйрық-	kazdict	edge-punctuation
аң%	apertium	outside-alphabet:%
аңдау//аңлау	kazdict	outside-alphabet:/
аңшы-	kazdict	edge-punctuation
аңшылық-	kazdict	edge-punctuation
аңыз%	apertium	outside-alphabet:%
аңқау%	apertium	outside-alphabet:%
б.%	apertium	outside-alphabet:%.
б.з.б.	apertium	outside-alphabet:.
б.з.д.	apertium	outside-alphabet:.
б.т.	apertium	outside-alphabet:.
б.э.д.	apertium	outside-alphabet:.
бiл	apertium	mixed-script
бiр	apertium	mixed-script
бiрi	apertium	mixed-script
бiрауыздан	apertium	mixed-script
ба`да	kazdict	outside-alphabet:`
ба`зы	kazdict	outside-alphabet:`
ба`ис	kazdict	outside-alphabet:`
бабаның%	apertium	outside-alphabet:%
багай	kazdict	translit-of:бағай
багам%	apertium	outside-alphabet:%
бадыраң//бәдірең	kazdict	outside-alphabet:/
бай%	apertium	outside-alphabet:%
байбосын//байболсын	kazdict	outside-alphabet:/
байер%	apertium	outside-alphabet:%
байланыс%	apertium	outside-alphabet:%
байланған%	apertium	outside-alphabet:%
байлап%	apertium	outside-alphabet:%
байсейiтов	apertium	mixed-script
байтал-	kazdict	edge-punctuation
байырғы%	apertium	outside-alphabet:%
байғұш//байғыс	kazdict	outside-alphabet:/
байқамай%	apertium	outside-alphabet:%
байқап%	apertium	outside-alphabet:%
бакизат	baseline	translit-of:бәкизат
бактияр	baseline	translit-of:бақтияр
бал%	apertium	outside-alphabet:%
бал-б¥лда	kazdict	outside-alphabet:¥
бала%	apertium	outside-alphabet:%
балапан%	apertium	outside-alphabet:%
балауса%	apertium	outside-alphabet:%
балдыз-	kazdict	edge-punctuation
балпақ//балпық	kazdict	outside-alphabet:/
балташылық%	apertium	outside-alphabet:%
балтық%	apertium	outside-alphabet:%
балық%	apertium	outside-alphabet:%
балықты%	apertium	outside-alphabet:%
балқаймақ//сеппе	kazdict	outside-alphabet:/
бандан/бенден	kazdict	outside-alphabet:/
бап2	kazdict	outside-alphabet:2
бап3	kazdict	outside-alphabet:3
бапкер1	kazdict	outside-alphabet:1
бапкер2	kazdict	outside-alphabet:2
бар%	apertium	outside-alphabet:%
бардамдырақ//пардамырақ	kazdict	outside-alphabet:/
барий%	apertium	outside-alphabet:%
барлық%	apertium	outside-alphabet:%
барылдақ%	apertium	outside-alphabet:%
барымта-	kazdict	edge-punctuation
барымташы-	kazdict	edge-punctuation
барып%	apertium	outside-alphabet:%
бас%	apertium	outside-alphabet:%
баспаға%	apertium	outside-alphabet:%
бассы3	kazdict	outside-alphabet:3
бассы3дық	kazdict	outside-alphabet:3
бассыздық%	apertium	outside-alphabet:%
бассүйексі3дер	kazdict	outside-alphabet:3
баста=	kazdict	outside-alphabet:=
бастамашылық%	apertium	outside-alphabet:%
бастапқы%	apertium	outside-alphabet:%
бастау3	kazdict	outside-alphabet:3
бастаңғьі-	kazdict	edge-punctuation
басты%	apertium	outside-alphabet:%
бастырып%	apertium	outside-alphabet:%
бастық1	kazdict	outside-alphabet:1
бастықсын=	kazdict	outside-alphabet:=
басын%	apertium	outside-alphabet:%
басып%	apertium	outside-alphabet:%
басқа%	apertium	outside-alphabet:%
басқарып%	apertium	outside-alphabet:%
басқаша%	apertium	outside-alphabet:%
бата%	apertium	outside-alphabet:%
баталасу-	kazdict	edge-punctuation
батес	baseline	translit-of:бәтес
батыл%	apertium	outside-alphabet:%
батырлар%	apertium	outside-alphabet:%
батыс%	apertium	outside-alphabet:%
батысқа%	apertium	outside-alphabet:%
бауалақ//бағалақ	kazdict	outside-alphabet:/
башай//бақай	kazdict	outside-alphabet:/
баян%	apertium	outside-alphabet:%
баға%	apertium	outside-alphabet:%
бағана5	kazdict	outside-alphabet:5
бағаны%	apertium	outside-alphabet:%
бағдарла3	kazdict	outside-alphabet:3
бағдарламалық%	apertium	outside-alphabet:%
бағынбай%	apertium	outside-alphabet:%
бағындырып%	apertium	outside-alphabet:%
бағып%	apertium	outside-alphabet:%
бағыт%	apertium	outside-alphabet:%
бақанақ//сөгілме	kazdict	outside-alphabet:/
бақанақ/бақайақ	kazdict	outside-alphabet:/
бақанұқ/бақайұқ	kazdict	outside-alphabet:/
бақса-қушыпас//бақсы-қушшы	kazdict	outside-alphabet:/
бақтажар-	kazdict	edge-punctuation
бақташы%	apertium	outside-alphabet:%
бақылау%	apertium	outside-alphabet:%
бақылау-өткізу%	apertium	outside-alphabet:%
бақыршы-	kazdict	edge-punctuation
бақытын%	apertium	outside-alphabet:%
бақытқа%	apertium	outside-alphabet:%
беделін%	apertium	outside-alphabet:%
бедеу-	kazdict	edge-punctuation
бейiмбет	baseline	mixed-script
бейапа//биапа	kazdict	outside-alphabet:/
бейшора//бейчора	kazdict	outside-alphabet:/
бейқұт//бейғүт	kazdict	outside-alphabet:/
бек/бики	kazdict	outside-alphabet:/
бекіліп%	apertium	outside-alphabet:%
бекітіліп%	apertium	outside-alphabet:%
бекітіп%	apertium	outside-alphabet:%
бел%	apertium	outside-alphabet:%
белбеу%	apertium	outside-alphabet:%
белгі%	apertium	outside-alphabet:%
белгілі%	apertium	outside-alphabet:%
белдеу-	kazdict	edge-punctuation
белдік-	kazdict	edge-punctuation
белсенді%	apertium	outside-alphabet:%
бензин%	apertium	outside-alphabet:%
бергек-	kazdict	edge-punctuation
беркілеу//беркігу	kazdict	outside-alphabet:/
бес%	apertium	outside-alphabet:%
бескем//бешкем	kazdict	outside-alphabet:/
бет%	apertium	outside-alphabet:%
бетон%	apertium	outside-alphabet:%
бетін%	apertium	outside-alphabet:%
би%	apertium	outside-alphabet:%
би-	kazdict	edge-punctuation
би`адид	kazdict	outside-alphabet:`
би`илим	kazdict	outside-alphabet:`
би`узур	kazdict	outside-alphabet:`
бибижамал	apertium	translit-of:бибіжамал
бибинур	baseline	translit-of:бибінұр
бизнес%	apertium	outside-alphabet:%
билетсіз%	apertium	outside-alphabet:%
бинопа//бейопа	kazdict	outside-alphabet:/
биол.	apertium	outside-alphabet:.
биологиялық%	apertium	outside-alphabet:%
биржа%	apertium	outside-alphabet:%
биікт.	apertium	outside-alphabet:.
божей	baseline	translit-of:бөжей
бой%	apertium	outside-alphabet:%
бойды%	apertium	outside-alphabet:%
бокес	kazdict	translit-of:бөкес
болдыру//болғызу	kazdict	outside-alphabet:/
болжам%	apertium	outside-alphabet:%
болып%	apertium	outside-alphabet:%
болыс-	kazdict	edge-punctuation
борай%	apertium	outside-alphabet:%
борбас//борпас	kazdict	outside-alphabet:/
борсықтың%	apertium	outside-alphabet:%
боруссия%	apertium	outside-alphabet:%
боршау/боршы	kazdict	outside-alphabet:/
бос%	apertium	outside-alphabet:%
босанып%	apertium	outside-alphabet:%
босап%	apertium	outside-alphabet:%
боғажам//боғжам//боғжама//боғжамай	kazdict	length
боқырау-	kazdict	edge-punctuation
бригад//бригат	kazdict	outside-alphabet:/
бритиш%	apertium	outside-alphabet:%
бу%	apertium	outside-alphabet:%
буа//бауа	kazdict	outside-alphabet:/
буби	kazdict	translit-of:бүбі
бумен%	apertium	outside-alphabet:%
буркина%	apertium	outside-alphabet:%
бурт	kazdict	translit-of:бұрт
бурьілтай-	kazdict	edge-punctuation
бутан`ан	kazdict	outside-alphabet:`
бутил	apertium	translit-of:бүтіл
бухгалтерлік%	apertium	outside-alphabet:%
буыз//бұзы	kazdict	outside-alphabet:/
буызы//пуызы	kazdict	outside-alphabet:/
буыны%	apertium	outside-alphabet:%
буэнос%	apertium	outside-alphabet:%
буға%	apertium	outside-alphabet:%
быжы‘	kazdict	outside-alphabet:‘
былш%	apertium	outside-alphabet:%
бық‘	kazdict	outside-alphabet:‘
білезік-	kazdict	edge-punctuation
бір%	apertium	outside-alphabet:%
бірге%	apertium	outside-alphabet:%
бірдей%	apertium	outside-alphabet:%
бірлескен%	apertium	outside-alphabet:%
біртұқымды%	apertium	outside-alphabet:%
біріккен%	apertium	outside-alphabet:%
біріктіріп%	apertium	outside-alphabet:%
бірқанша//бірқаншама	kazdict	outside-alphabet:/
бітеп%	apertium	outside-alphabet:%
бүйір%	apertium	outside-alphabet:%
бүкпелеу-	kazdict	edge-punctuation
бүлдiрушілік	apertium	mixed-script
бүлдірге-	kazdict	edge-punctuation
бүлдіріп%	apertium	outside-alphabet:%
бүлік%	apertium	outside-alphabet:%
бүркітші-	kazdict	edge-punctuation
бүріктір‘	kazdict	outside-alphabet:‘
бүткіл//бүтіл	kazdict	outside-alphabet:/
бүтін%	apertium	outside-alphabet:%
бұ3а-жар	kazdict	outside-alphabet:3
бұ3а-жару	kazdict	outside-alphabet:3
бұ3ау	kazdict	outside-alphabet:3
бұ3ау-торпақ	kazdict	outside-alphabet:3
бұ3аубалық	kazdict	outside-alphabet:3
бұ3аубас	kazdict	outside-alphabet:3
бұ3аудай	kazdict	outside-alphabet:3
бұ3аула	kazdict	outside-alphabet:3
бұ3аулат	kazdict	outside-alphabet:3
бұ3аулату	kazdict	outside-alphabet:3
бұ3аулау	kazdict	outside-alphabet:3
бұ3аулы	kazdict	outside-alphabet:3
бұ3аулық	kazdict	outside-alphabet:3
бұ3аусы3	kazdict	outside-alphabet:3
бұ3аутаз	kazdict	outside-alphabet:3
бұ3аутіс	kazdict	outside-alphabet:3
бұ3аухана	kazdict	outside-alphabet:3
бұ3ауша	kazdict	outside-alphabet:3
бұ3аушы	kazdict	outside-alphabet:3
бұ3аушылық	kazdict	outside-alphabet:3
бұ3аушық	kazdict	outside-alphabet:3
бұ3аушықтай	kazdict	outside-alphabet:3
бұ3ауқан	kazdict	outside-alphabet:3
бұ3ауқанша	kazdict	outside-alphabet:3
бұ3ауөрме	kazdict	outside-alphabet:3
бұ3ауөрім	kazdict	outside-alphabet:3
бұ3ақар	kazdict	outside-alphabet:3
бұ3ақы	kazdict	outside-alphabet:3
бұ3ақы-бүлік	kazdict	outside-alphabet:3
бұ3ақылау	kazdict	outside-alphabet:3
бұ3ақылық	kazdict	outside-alphabet:3
бұ3бастай	kazdict	outside-alphabet:3
бұ3баша	kazdict	outside-alphabet:3
бұ3дай	kazdict	outside-alphabet:3
бұ3дыр	kazdict	outside-alphabet:3
бұ3дырт	kazdict	outside-alphabet:3
бұ3дырту	kazdict	outside-alphabet:3
бұ3дыру	kazdict	outside-alphabet:3
бұ3дыған	kazdict	outside-alphabet:3
бұ3у	kazdict	outside-alphabet:3
бұ3усы3	kazdict	outside-alphabet:3
бұ3ушы	kazdict	outside-alphabet:3
бұ3ушылық	kazdict	outside-alphabet:3
бұ3ыл	kazdict	outside-alphabet:3
бұ3ылмалы	kazdict	outside-alphabet:3
бұ3ылу	kazdict	outside-alphabet:3
бұ3ылып-жарыл	kazdict	outside-alphabet:3
бұ3ылып-жарылу	kazdict	outside-alphabet:3
бұ3ылыс	kazdict	outside-alphabet:3
бұ3ылыңқы	kazdict	outside-alphabet:3
бұ3ылыңқыра	kazdict	outside-alphabet:3
бұ3ылыңқырау	kazdict	outside-alphabet:3
бұ3ылған	kazdict	outside-alphabet:3
бұ3ылғыш	kazdict	outside-alphabet:3
бұ3ымпа3дық	kazdict	outside-alphabet:3
бұ3ып-жар	kazdict	outside-alphabet:3
бұ3ып-жару	kazdict	outside-alphabet:3
бұ3ыс	kazdict	outside-alphabet:3
бұ3ысу	kazdict	outside-alphabet:3
бұ3ық	kazdict	outside-alphabet:3
бұ3ық-түзік	kazdict	outside-alphabet:3
бұ3ық-түзіктік	kazdict	outside-alphabet:3
бұ3ықтық	kazdict	outside-alphabet:3
бұ3ықшылық	kazdict	outside-alphabet:3
бұ3ықшөп	kazdict	outside-alphabet:3
бұ3ыңқыра	kazdict	outside-alphabet:3
бұ3ғы3	kazdict	outside-alphabet:3
бұ3ғы3у	kazdict	outside-alphabet:3
бұ3ғын	kazdict	outside-alphabet:3
бұ3ғынша	kazdict	outside-alphabet:3
бұ3ғыншы	kazdict	outside-alphabet:3
бұ3ғыш	kazdict	outside-alphabet:3
бұдан%	apertium	outside-alphabet:%
бұжығұн//бұжығын	kazdict	outside-alphabet:/
бұзақылық%	apertium	outside-alphabet:%
бұзылмай%	apertium	outside-alphabet:%
бұзып%	apertium	outside-alphabet:%
бұйраланған%	apertium	outside-alphabet:%
бұйрық%	apertium	outside-alphabet:%
бұл%	apertium	outside-alphabet:%
бұндай//бындай	kazdict	outside-alphabet:/
бұрап%	apertium	outside-alphabet:%
бұршақ‘	kazdict	outside-alphabet:‘
бұрылыс%	apertium	outside-alphabet:%
бұрыш%	apertium	outside-alphabet:%
бұғау%	apertium	outside-alphabet:%
бұғы%	apertium	outside-alphabet:%
бұқар%	apertium	outside-alphabet:%
бұқаралық%	apertium	outside-alphabet:%
бұқтырылған%	apertium	outside-alphabet:%
бәйбіше-	kazdict	edge-punctuation
бәйге-	kazdict	edge-punctuation
бәйгежирен-	kazdict	edge-punctuation
бәлек//пәрек	kazdict	outside-alphabet:/
бәрекелді//бәрекелде	kazdict	outside-alphabet:/
бәс%	apertium	outside-alphabet:%
бәсекеге%	apertium	outside-alphabet:%
бәске%	apertium	outside-alphabet:%
бәтер//бәтір	kazdict	outside-alphabet:/
бәңгі//банка	kazdict	outside-alphabet:/
бөгеп%	apertium	outside-alphabet:%
бөгет%	apertium	outside-alphabet:%
бөкенші-	kazdict	edge-punctuation
бөлiк	apertium	mixed-script
бөлшектеп%	apertium	outside-alphabet:%
бөлшекті%	apertium	outside-alphabet:%
бөліп%	apertium	outside-alphabet:%
бөрік-	kazdict	edge-punctuation
бөстек-	kazdict	edge-punctuation
ван%	apertium	outside-alphabet:%
веб%	apertium	outside-alphabet:%
велосипедте%	apertium	outside-alphabet:%
виқе-	kazdict	edge-punctuation
газ%	apertium	outside-alphabet:%
газдалған%	apertium	outside-alphabet:%
гала-	kazdict	edge-punctuation
галат	kazdict	translit-of:ғалат
гальваникалық%	apertium	outside-alphabet:%
гарамат//гәрәмат	kazdict	outside-alphabet:/
гармонияны%	apertium	outside-alphabet:%
гауһартас-	kazdict	edge-punctuation
гель%	apertium	outside-alphabet:%
генерал-губернатор-	kazdict	edge-punctuation
гензел//гензіл//кенсіл	kazdict	outside-alphabet:/
геогр.	apertium	outside-alphabet:.
геол.	apertium	outside-alphabet:.
гешір//гешкірт	kazdict	outside-alphabet:/
ги%	apertium	outside-alphabet:%
гипертимд1к	kazdict	outside-alphabet:1
гои	kazdict	translit-of:ғои
голос%	apertium	outside-alphabet:%
горхана//қабірстан	kazdict	outside-alphabet:/
гулайым	baseline	translit-of:гүлайым
гуәлә//гуәлек	kazdict	outside-alphabet:/
гып	kazdict	translit-of:ғып
гіләс//плес	kazdict	outside-alphabet:/
гүл%	apertium	outside-alphabet:%
гүлнар//гүлнара	kazdict	outside-alphabet:/
гүн//гүңгелек//дүңгене	kazdict	outside-alphabet:/
гүпілеу//гүпілдеу	kazdict	outside-alphabet:/
гүрбік//гүрбек	kazdict	outside-alphabet:/
гәллехана//дәнхана	kazdict	outside-alphabet:/
гәуірт//геуірт	kazdict	outside-alphabet:/
гөләгір//гөлегір	kazdict	outside-alphabet:/
гөшт/гушт	kazdict	outside-alphabet:/
д/з	kazdict	outside-alphabet:/
да%	apertium	outside-alphabet:%
дабыл%	apertium	outside-alphabet:%
дакка	apertium	translit-of:даққа
далалық%	apertium	outside-alphabet:%
далдала‘	kazdict	outside-alphabet:‘
далди	baseline,kazdict	translit-of:дәлді
далдың-дүлдүң//далдың-дұлдұң	kazdict	outside-alphabet:/
даму%	apertium	outside-alphabet:%
дамыл%	apertium	outside-alphabet:%
дандаку	kazdict	translit-of:дәндәку
данеш	apertium,baseline,kazdict	translit-of:дәнеш
дара%	apertium	outside-alphabet:%
дарағаш//тарағаш	kazdict	outside-alphabet:/
дастархан%	apertium	outside-alphabet:%
даула‘	kazdict	outside-alphabet:‘
дауыс%	apertium	outside-alphabet:%
дауыссыз%	apertium	outside-alphabet:%
дауысты%	apertium	outside-alphabet:%
даярлап%	apertium	outside-alphabet:%
дағ¥р	kazdict	outside-alphabet:¥
дағдарысқа%	apertium	outside-alphabet:%
дағды%	apertium	outside-alphabet:%
дақ%	apertium	outside-alphabet:%
дек.	apertium	outside-alphabet:.
декан%	apertium	outside-alphabet:%
декеперен//дәкәпаран	kazdict	outside-alphabet:/
дем%	apertium	outside-alphabet:%
демалыс%	apertium	outside-alphabet:%
демалысты%	apertium	outside-alphabet:%
дембі//дәмбі	kazdict	outside-alphabet:/
дембілеу//дәмбілеу	kazdict	outside-alphabet:/
демде‘	kazdict	outside-alphabet:‘
демон-	kazdict	edge-punctuation
демі%	apertium	outside-alphabet:%
денгел	kazdict	translit-of:деңгел
денсаулық%	apertium	outside-alphabet:%
дені%	apertium	outside-alphabet:%
деп%	apertium	outside-alphabet:%
деңбіт//деңбет//деңмент	kazdict	outside-alphabet:/
де–факто	kazdict	outside-alphabet:–
де‘	kazdict	outside-alphabet:‘
диалог-	kazdict	edge-punctuation
диверсиялық%	apertium	outside-alphabet:%
дилбар	kazdict	translit-of:ділбар
дипломатиялық%	apertium	outside-alphabet:%
диспетчер[	kazdict	outside-alphabet:[
диқаншы-	kazdict	edge-punctuation
документальді%	apertium	outside-alphabet:%
домалан	apertium,baseline,kazdict	translit-of:домалаң
домалақ%	apertium	outside-alphabet:%
домбыра-	kazdict	edge-punctuation
домбықтырып%	apertium	outside-alphabet:%
дорбит	baseline,kazdict	translit-of:дөрбіт
дормет//дөрмет	kazdict	outside-alphabet:/
дос%	apertium	outside-alphabet:%
дос-жар//дос-жаран	kazdict	outside-alphabet:/
досмат//досмұқан	kazdict	outside-alphabet:/
доғара//тоғара	kazdict	outside-alphabet:/
ду`а	kazdict	outside-alphabet:`
дуан-	kazdict	edge-punctuation
дурия	apertium,baseline	translit-of:дүрия
душар%	apertium	outside-alphabet:%
дыбыс%	apertium	outside-alphabet:%
дыбыстық%	apertium	outside-alphabet:%
дым%	apertium	outside-alphabet:%
дімкес//дімкәс	kazdict	outside-alphabet:/
дін%	apertium	outside-alphabet:%
дінбасылар-	kazdict	edge-punctuation
дүбірән//дүбірәнә	kazdict	outside-alphabet:/
дүбәрәндік//декабіріс	kazdict	outside-alphabet:/
дүлей//түлей	kazdict	outside-alphabet:/
дүние%	apertium	outside-alphabet:%
дүниеге%	apertium	outside-alphabet:%
дүшпәрә//тұшпара	kazdict	outside-alphabet:/
дүңгіршек//дүңгірчек	kazdict	outside-alphabet:/
дұрыстап%	apertium	outside-alphabet:%
дәйді//дәйдігүл	kazdict	outside-alphabet:/
дәйек%	apertium	outside-alphabet:%
дәйекті%	apertium	outside-alphabet:%
дәкі//деке	kazdict	outside-alphabet:/
дәл%	apertium	outside-alphabet:%
дәм-т¥здас	kazdict	outside-alphabet:¥
дәмбілше//жәмбілше	kazdict	outside-alphabet:/
дәмт¥здық	kazdict	outside-alphabet:¥
дәмтатымдық'	kazdict	edge-punctuation
дәмі%	apertium	outside-alphabet:%
дәрдісар//дердісар	kazdict	outside-alphabet:/
дәреже%	apertium	outside-alphabet:%
дәрежеге%	apertium	outside-alphabet:%
дәрежелi	apertium	mixed-script
дәрру//дәррәу	kazdict	outside-alphabet:/
дәрте//тәрте	kazdict	outside-alphabet:/
дәріиіс//дәріс	kazdict	outside-alphabet:/
дәупірім//дәуперім	kazdict	outside-alphabet:/
дөдеге-	kazdict	edge-punctuation
дөрекі%	apertium	outside-alphabet:%
дөрмет//дүрбет	kazdict	outside-alphabet:/
дөңес%	apertium	outside-alphabet:%
егін%	apertium	outside-alphabet:%
ежелгі%	apertium	outside-alphabet:%
езу%	apertium	outside-alphabet:%
екі%	apertium	outside-alphabet:%
екібетті//екібеткей	kazdict	outside-alphabet:/
екіге%	apertium	outside-alphabet:%
екінші%	apertium	outside-alphabet:%
елді%	apertium	outside-alphabet:%
елубасы-	kazdict	edge-punctuation
емдеп%	apertium	outside-alphabet:%
емел//эмиль	kazdict	outside-alphabet:/
емик	kazdict	translit-of:емік
емтихан%	apertium	outside-alphabet:%
емшек%	apertium	outside-alphabet:%
ене-	kazdict	edge-punctuation
енші-	kazdict	edge-punctuation
еншілес%	apertium	outside-alphabet:%
ер%	apertium	outside-alphabet:%
ер-	kazdict	edge-punctuation
ер-тоқымын%	apertium	outside-alphabet:%
ер-тұрман-	kazdict	edge-punctuation
ер//йир	kazdict	outside-alphabet:/
ере%	apertium	outside-alphabet:%
ересек%	apertium	outside-alphabet:%
ереуіл-	kazdict	edge-punctuation
ерте%	apertium	outside-alphabet:%
ертіп%	apertium	outside-alphabet:%
ерулік-	kazdict	edge-punctuation
ерік2	kazdict	outside-alphabet:2
ес%	apertium	outside-alphabet:%
есе%	apertium	outside-alphabet:%
есептен%	apertium	outside-alphabet:%
есептеп%	apertium	outside-alphabet:%
еске%	apertium	outside-alphabet:%
ескек1	kazdict	outside-alphabet:1
ескелді%	apertium	outside-alphabet:%
ескере%	apertium	outside-alphabet:%
ескерткіш%	apertium	outside-alphabet:%
ескерту%	apertium	outside-alphabet:%
ескертіп%	apertium	outside-alphabet:%
ескі%	apertium	outside-alphabet:%
есте%	apertium	outside-alphabet:%
естен%	apertium	outside-alphabet:%
естіліп%	apertium	outside-alphabet:%
естіп%	apertium	outside-alphabet:%
есі%	apertium	outside-alphabet:%
есік%	apertium	outside-alphabet:%
есінен%	apertium	outside-alphabet:%
есітіп%	apertium	outside-alphabet:%
еш%	apertium	outside-alphabet:%
ең%	apertium	outside-alphabet:%
еңбегі%	apertium	outside-alphabet:%
еңбек%	apertium	outside-alphabet:%
еңбекпен%	apertium	outside-alphabet:%
ж.	apertium	outside-alphabet:.
жа3айым	kazdict	outside-alphabet:3
жабайы%	apertium	outside-alphabet:%
жабыса%	apertium	outside-alphabet:%
жагыпар	baseline	translit-of:жағыпар
жадан	baseline	translit-of:жадаң
жадигер	baseline	translit-of:жәдігер
жаза%	apertium	outside-alphabet:%
жазылау//жадылау	kazdict	outside-alphabet:/
жазылы//жадылы	kazdict	outside-alphabet:/
жазып%	apertium	outside-alphabet:%
жазық2	kazdict	outside-alphabet:2
жазғы%	apertium	outside-alphabet:%
жазғызып%	apertium	outside-alphabet:%
жай%	apertium	outside-alphabet:%
жайма%	apertium	outside-alphabet:%
жайсанбек	apertium	translit-of:жайсаңбек
жала%	apertium	outside-alphabet:%
жалап%	apertium	outside-alphabet:%
жалатылған%	apertium	outside-alphabet:%
жалақы%	apertium	outside-alphabet:%
жалаң%	apertium	outside-alphabet:%
жалп%	apertium	outside-alphabet:%
жалпақ%	apertium	outside-alphabet:%
жалпы%	apertium	outside-alphabet:%
жалпыға%	apertium	outside-alphabet:%
жалын%	apertium	outside-alphabet:%
жалға%	apertium	outside-alphabet:%
жалған%	apertium	outside-alphabet:%
жалғыз%	apertium	outside-alphabet:%
жама`ат	kazdict	outside-alphabet:`
жаман%	apertium	outside-alphabet:%
жамбас%	apertium	outside-alphabet:%
жамига	baseline	translit-of:жамиға
жан%	apertium	outside-alphabet:%
жанабил	baseline	translit-of:жанәбіл
жаназа-	kazdict	edge-punctuation
жангали	baseline	translit-of:жанғали
жанды%	apertium	outside-alphabet:%
жаннет	apertium	translit-of:жәннет
жансыз-	kazdict	edge-punctuation
жаншып%	apertium	outside-alphabet:%
жаны%	apertium	outside-alphabet:%
жанып%	apertium	outside-alphabet:%
жаппа-	kazdict	edge-punctuation
жаппай%	apertium	outside-alphabet:%
жапырақ%	apertium	outside-alphabet:%
жар`а	kazdict	outside-alphabet:`
жара%	apertium	outside-alphabet:%
жаралап%	apertium	outside-alphabet:%
жарамсыз%	apertium	outside-alphabet:%
жареуке	kazdict	translit-of:жәреуке
жария3	kazdict	outside-alphabet:3
жаркелеш	kazdict	translit-of:жәркелеш
жаркеш	kazdict	translit-of:жәркеш
жарлауыт-	kazdict	edge-punctuation
жармаса%	apertium	outside-alphabet:%
жарнама%	apertium	outside-alphabet:%
жарты%	apertium	outside-alphabet:%
жартылай%	apertium	outside-alphabet:%
жарылкасын	baseline	translit-of:жарылқасын
жарылып%	apertium	outside-alphabet:%
жарым%	apertium	outside-alphabet:%
жарым-жарты%	apertium	outside-alphabet:%
жарысқа%	apertium	outside-alphabet:%
жарық%	apertium	outside-alphabet:%
жарыққа%	apertium	outside-alphabet:%
жарғақ-	kazdict	edge-punctuation
жарқ%	apertium	outside-alphabet:%
жас%	apertium	outside-alphabet:%
жасалып%	apertium	outside-alphabet:%
жасап%	apertium	outside-alphabet:%
жасау-	kazdict	edge-punctuation
жасауыл-	kazdict	edge-punctuation
жастық%	apertium	outside-alphabet:%
жастықты%	apertium	outside-alphabet:%
жасулан	kazdict	translit-of:жасұлан
жасыл%	apertium	outside-alphabet:%
жасырын%	apertium	outside-alphabet:%
жасырынып%	apertium	outside-alphabet:%
жасырып%	apertium	outside-alphabet:%
жат%	apertium	outside-alphabet:%
жатақ-	kazdict	edge-punctuation
жатыс%	apertium	outside-alphabet:%
жауап%	apertium	outside-alphabet:%
жауб/жауап	kazdict	outside-alphabet:/
жаубүйрек-	kazdict	edge-punctuation
жаукемде	kazdict	translit-of:жәукемде
жаулап%	apertium	outside-alphabet:%
жаулық-	kazdict	edge-punctuation
жауып%	apertium	outside-alphabet:%
жаяу%	apertium	outside-alphabet:%
жағдай%	apertium	outside-alphabet:%
жағыл1	kazdict	outside-alphabet:1
жағылаң//жағыдан	kazdict	outside-alphabet:/
жағымсыз%	apertium	outside-alphabet:%
жағып%	apertium	outside-alphabet:%
жақ%	apertium	outside-alphabet:%
жақсы%	apertium	outside-alphabet:%
жақын%	apertium	outside-alphabet:%
жаңа%	apertium	outside-alphabet:%
жаңадан%	apertium	outside-alphabet:%
жаңылтпаш-	kazdict	edge-punctuation
жаңылыс%	apertium	outside-alphabet:%
жезде%	apertium	outside-alphabet:%
жезөкшелер%	apertium	outside-alphabet:%
жек%	apertium	outside-alphabet:%
жеке%	apertium	outside-alphabet:%
жекеше%	apertium	outside-alphabet:%
жел%	apertium	outside-alphabet:%
желденген%	apertium	outside-alphabet:%
желек-	kazdict	edge-punctuation
желпен	kazdict	translit-of:желпең
желі-	kazdict	edge-punctuation
желімдеп%	apertium	outside-alphabet:%
желқұйын-	kazdict	edge-punctuation
жеміс%	apertium	outside-alphabet:%
жент-	kazdict	edge-punctuation
жеп%	apertium	outside-alphabet:%
жер%	apertium	outside-alphabet:%
жер-жерде%	apertium	outside-alphabet:%
жерасты%	apertium	outside-alphabet:%
жерге%	apertium	outside-alphabet:%
жергілікті%	apertium	outside-alphabet:%
жерден%	apertium	outside-alphabet:%
жерді%	apertium	outside-alphabet:%
жерорта%	apertium	outside-alphabet:%
жесір%	apertium	outside-alphabet:%
жесір-	kazdict	edge-punctuation
жетiсу	apertium	mixed-script
жете%	apertium	outside-alphabet:%
жеткізу%	apertium	outside-alphabet:%
жеті%	apertium	outside-alphabet:%
жетіліп%	apertium	outside-alphabet:%
жетіп%	apertium	outside-alphabet:%
жеңiс	apertium	mixed-script
жеңсіз%	apertium	outside-alphabet:%
жеңіл%	apertium	outside-alphabet:%
жеңіп%	apertium	outside-alphabet:%
жж.	apertium	outside-alphabet:.
жиен-	kazdict	edge-punctuation
жинап%	apertium	outside-alphabet:%
жиыстырушы%	apertium	outside-alphabet:%
жиһаз%	apertium	outside-alphabet:%
жобалан	apertium,baseline,kazdict	translit-of:жобалаң
жойылып%	apertium	outside-alphabet:%
жойып%	apertium	outside-alphabet:%
жол%	apertium	outside-alphabet:%
жолы%	apertium	outside-alphabet:%
жолүсті%	apertium	outside-alphabet:%
жонбай//жоңбай	kazdict	outside-alphabet:/
жорғалап%	apertium	outside-alphabet:%
жоғалып%	apertium	outside-alphabet:%
жоғалған%	apertium	outside-alphabet:%
жоғары%	apertium	outside-alphabet:%
жоғарыда%	apertium	outside-alphabet:%
жоғарыдан%	apertium	outside-alphabet:%
жоғарғы%	apertium	outside-alphabet:%
жоқ%	apertium	outside-alphabet:%
жоқтау-	kazdict	edge-punctuation
жоққа%	apertium	outside-alphabet:%
жуан%	apertium	outside-alphabet:%
жуантаяқ-	kazdict	edge-punctuation
жуармек	kazdict	translit-of:жуәрмек
жулан	kazdict	translit-of:жұлаң
жум`а	kazdict	outside-alphabet:`
жумабике	baseline	translit-of:жұмабике
жунис	baseline	translit-of:жүніс
журият	kazdict	translit-of:жұрият
жур‘а	kazdict	outside-alphabet:‘
жуғыш%	apertium	outside-alphabet:%
жыбырлатып%	apertium	outside-alphabet:%
жыл%	apertium	outside-alphabet:%
жылмың%	apertium	outside-alphabet:%
жылт%	apertium	outside-alphabet:%
жылу%	apertium	outside-alphabet:%
жылумен%	apertium	outside-alphabet:%
жылынатын%	apertium	outside-alphabet:%
жымиып%	apertium	outside-alphabet:%
жыныстық%	apertium	outside-alphabet:%
жыртыс-	kazdict	edge-punctuation
жібек%	apertium	outside-alphabet:%
жіберіп%	apertium	outside-alphabet:%
жіті%	apertium	outside-alphabet:%
жіңішке%	apertium	outside-alphabet:%
жүгері%	apertium	outside-alphabet:%
жүгіріп%	apertium	outside-alphabet:%
жүгірісіп%	apertium	outside-alphabet:%
жүдең%	apertium	outside-alphabet:%
жүз%	apertium	outside-alphabet:%
жүз-	kazdict	edge-punctuation
жүзеге%	apertium	outside-alphabet:%
жүзік%	apertium	outside-alphabet:%
жүзім%	apertium	outside-alphabet:%
жүзіп%	apertium	outside-alphabet:%
жүйеге%	apertium	outside-alphabet:%
жүйелік%	apertium	outside-alphabet:%
жүк%	apertium	outside-alphabet:%
жүкті%	apertium	outside-alphabet:%
жүктілікке%	apertium	outside-alphabet:%
жүктіліккке%	apertium	outside-alphabet:%
жүн%	apertium	outside-alphabet:%
жүргізе%	apertium	outside-alphabet:%
жүргіншінің%	apertium	outside-alphabet:%
жүрек%	apertium	outside-alphabet:%
жүру%	apertium	outside-alphabet:%
жүріп%	apertium	outside-alphabet:%
жұбату-	kazdict	edge-punctuation
жұлдыз%	apertium	outside-alphabet:%
жұлып%	apertium	outside-alphabet:%
жұлқып%	apertium	outside-alphabet:%
жұмсап%	apertium	outside-alphabet:%
жұмыр%	apertium	outside-alphabet:%
жұмыртқа%	apertium	outside-alphabet:%
жұмыс%	apertium	outside-alphabet:%
жұмыспен%	apertium	outside-alphabet:%
жұмыстан%	apertium	outside-alphabet:%
жұмысшы%	apertium	outside-alphabet:%
жұрт%	apertium	outside-alphabet:%
жұт-	kazdict	edge-punctuation
жұтып%	apertium	outside-alphabet:%
жұқа%	apertium	outside-alphabet:%
жәдікеш//жәдіркеш	kazdict	outside-alphabet:/
жәкiшев	apertium	mixed-script
жәрдем%	apertium	outside-alphabet:%
жәуріш//жәуріс	kazdict	outside-alphabet:/
жөн%	apertium	outside-alphabet:%
жөнге%	apertium	outside-alphabet:%
за`иг	kazdict	outside-alphabet:`
за`иф	kazdict	outside-alphabet:`
заhар	kazdict	mixed-script
зайил	kazdict	translit-of:зәйіл
зайи‘	kazdict	outside-alphabet:‘
закар	kazdict	translit-of:зақар
заки//зәки	kazdict	outside-alphabet:/
заккі//зәккі	kazdict	outside-alphabet:/
залыш//зәліш	kazdict	outside-alphabet:/
занбил	kazdict	translit-of:зәнбіл
занжир	kazdict	translit-of:зәнжір
занталақ//зәнталақ	kazdict	outside-alphabet:/
занток//зәнтөк	kazdict	outside-alphabet:/
зардап%	apertium	outside-alphabet:%
зарре	kazdict	translit-of:зәрре
зат%	apertium	outside-alphabet:%
зауде	kazdict	translit-of:зәуде
зағипты//зағыпты	kazdict	outside-alphabet:/
зақым%	apertium	outside-alphabet:%
заң%	apertium	outside-alphabet:%
заңды%	apertium	outside-alphabet:%
заңнамалық%	apertium	outside-alphabet:%
за‘иф	kazdict	outside-alphabet:‘
за‘фаран	kazdict	outside-alphabet:‘
зембил	apertium	translit-of:зембіл
зер%	apertium	outside-alphabet:%
зип	kazdict	translit-of:зіп
зиян%	apertium	outside-alphabet:%
зиянсыз%	apertium	outside-alphabet:%
зор%	apertium	outside-alphabet:%
зорға%	apertium	outside-alphabet:%
зубайра	apertium	translit-of:зүбайра
зулкарнай	baseline	translit-of:зұлқарнай
зулфия	baseline	translit-of:зүлфия
зумруд	kazdict	translit-of:зүмруд
зылика	baseline	translit-of:зылиқа
зымқайым//зымқұйым	kazdict	outside-alphabet:/
зығырданы%	apertium	outside-alphabet:%
зілмауырдай//зілмендей	kazdict	outside-alphabet:/
зәр%	apertium	outside-alphabet:%
зәредей//зәрредей	kazdict	outside-alphabet:/
зәресі%	apertium	outside-alphabet:%
зәресін%	apertium	outside-alphabet:%
зәуде//зәуеде	kazdict	outside-alphabet:/
зәңгу//зеңгу	kazdict	outside-alphabet:/
и.	apertium	outside-alphabet:.
и`тибар	kazdict	outside-alphabet:`
и»рішді	kazdict	outside-alphabet:»
иа3лыңды	kazdict	outside-alphabet:3
иафұ3ланды	kazdict	outside-alphabet:3
ибн%	apertium	outside-alphabet:%
идеологиялық%	apertium	outside-alphabet:%
идиома-	kazdict	edge-punctuation
идіру//идірту	kazdict	outside-alphabet:/
ие%	apertium	outside-alphabet:%
иектік%	apertium	outside-alphabet:%
иетсіктt	kazdict	mixed-script
ик//йик	kazdict	outside-alphabet:/
илесу	kazdict	translit-of:ілесу
илтипат	kazdict	translit-of:ілтипат
имам-	kazdict	edge-punctuation
иман-	kazdict	edge-punctuation
инвестиция%	apertium	outside-alphabet:%
индустриялық%	apertium	outside-alphabet:%
инемен%	apertium	outside-alphabet:%
интернет-2)	kazdict	outside-alphabet:)2
интернетті%	apertium	outside-alphabet:%
ин‘ам	kazdict	outside-alphabet:‘
иог	kazdict	translit-of:иоғ
иран%	apertium	outside-alphabet:%
иреу	kazdict	translit-of:іреу
исти`анат	kazdict	outside-alphabet:`
ит%	apertium	outside-alphabet:%
итарқа-	kazdict	edge-punctuation
итепе//итпе	kazdict	outside-alphabet:/
итжеккен-	kazdict	edge-punctuation
ихтийар)а)	kazdict	outside-alphabet:)
иыд3лаңды	kazdict	outside-alphabet:3
иылды3ланды	kazdict	outside-alphabet:3
иықағаш//иікағаш	kazdict	outside-alphabet:/
иіліп%	apertium	outside-alphabet:%
иінді%	apertium	outside-alphabet:%
иіс%	apertium	outside-alphabet:%
иү3ленді	kazdict	outside-alphabet:3
иүkүлды	kazdict	mixed-script
иұлд^і	kazdict	outside-alphabet:^
и‘тиқад	kazdict	outside-alphabet:‘
йа`ни	kazdict	outside-alphabet:`
йаңлығ/йәңиғ	kazdict	outside-alphabet:/
ка`ба	kazdict	outside-alphabet:`
кавказ%	apertium	outside-alphabet:%
кагат	apertium,kazdict	translit-of:қағат
казак%	apertium	outside-alphabet:%
казап	kazdict	translit-of:қазап
калмакша	apertium	translit-of:қалмақша
камария	baseline	translit-of:қамария
камераға%	apertium	outside-alphabet:%
кампит	kazdict	translit-of:қампит
каноэмен%	apertium	outside-alphabet:%
капиталға%	apertium	outside-alphabet:%
капитан%	apertium	outside-alphabet:%
каракалпак%	apertium	outside-alphabet:%
карзенке//кәрзеңке	kazdict	outside-alphabet:/
каршөндік//кәршеунік	kazdict	outside-alphabet:/
каса`ан	kazdict	outside-alphabet:`
касиман	baseline	translit-of:қасиман
кател	kazdict	translit-of:кәтел
каш//кашаған	kazdict	outside-alphabet:/
кашаба	kazdict	translit-of:қашаба
кашак	kazdict	translit-of:қашақ
кашауа	kazdict	translit-of:қашауа
кашек	kazdict	translit-of:кәшек
каяк	apertium,kazdict	translit-of:қаяқ
ке//кеп	kazdict	outside-alphabet:/
кебеже-	kazdict	edge-punctuation
кедергі%	apertium	outside-alphabet:%
кедергіден%	apertium	outside-alphabet:%
кездесу1	kazdict	outside-alphabet:1
кездесу2	kazdict	outside-alphabet:2
кезекте%	apertium	outside-alphabet:%
кезесінде//кезе	kazdict	outside-alphabet:/
кезіп%	apertium	outside-alphabet:%
кейки	baseline,kazdict	translit-of:кейкі
кейінге%	apertium	outside-alphabet:%
кек%	apertium	outside-alphabet:%
кекеп%	apertium	outside-alphabet:%
кекет=	kazdict	outside-alphabet:=
келемеж%	apertium	outside-alphabet:%
келим	kazdict	translit-of:келім
келін-	kazdict	edge-punctuation
келіп%	apertium	outside-alphabet:%
кембағал//кембағыл	kazdict	outside-alphabet:/
кеме%	apertium	outside-alphabet:%
кемеге%	apertium	outside-alphabet:%
кеміріп%	apertium	outside-alphabet:%
кенич/кенч	kazdict	outside-alphabet:/
кепкен%	apertium	outside-alphabet:%
кепіл%	apertium	outside-alphabet:%
кепілдік%	apertium	outside-alphabet:%
керди	baseline	translit-of:керді
кереге-	kazdict	edge-punctuation
керей-	kazdict	edge-punctuation
керек%	apertium	outside-alphabet:%
керең%	apertium	outside-alphabet:%
керме-	kazdict	edge-punctuation
керуен%	apertium	outside-alphabet:%
кері%	apertium	outside-alphabet:%
керіп%	apertium	outside-alphabet:%
кеспе%	apertium	outside-alphabet:%
кесте%	apertium	outside-alphabet:%
кесте-	kazdict	edge-punctuation
кесіп%	apertium	outside-alphabet:%
кесір%	apertium	outside-alphabet:%
кесірін%	apertium	outside-alphabet:%
кетіп%	apertium	outside-alphabet:%
кеугім//кеуім	kazdict	outside-alphabet:/
кеуде%	apertium	outside-alphabet:%
кеуін:иткеуін	kazdict	outside-alphabet::
кеуіп%	apertium	outside-alphabet:%
кешегі%	apertium	outside-alphabet:%
кешкі%	apertium	outside-alphabet:%
кешірім%	apertium	outside-alphabet:%
кең%	apertium	outside-alphabet:%
кеңес%	apertium	outside-alphabet:%
кеңесші%	apertium	outside-alphabet:%
кибернетика-	kazdict	edge-punctuation
киви%	apertium	outside-alphabet:%
кимешек-	kazdict	edge-punctuation
кинофильмдік%	apertium	outside-alphabet:%
кит%	apertium	outside-alphabet:%
китаби-ал-масалик%	apertium	outside-alphabet:%
киіз%	apertium	outside-alphabet:%
киім%	apertium	outside-alphabet:%
киіп%	apertium	outside-alphabet:%
киіт-	kazdict	edge-punctuation
км²	apertium	outside-alphabet:²
км³	apertium	outside-alphabet:³
команданың%	apertium	outside-alphabet:%
коммент%	apertium	outside-alphabet:%
компьютерде%	apertium	outside-alphabet:%
конькимен%	apertium	outside-alphabet:%
координата%	apertium	outside-alphabet:%
корда	kazdict	translit-of:қорда
кордалы	kazdict	translit-of:қордалы
косарландыру	apertium	translit-of:қосарландыру
кошти	kazdict	translit-of:көшті
кресттік%	apertium	outside-alphabet:%
куагер	baseline	translit-of:куәгер
кургат	apertium	translit-of:құрғат
курып	baseline	translit-of:құрып
куә%	apertium	outside-alphabet:%
куәлік%	apertium	outside-alphabet:%
куәнің%	apertium	outside-alphabet:%
кызмет%	apertium	outside-alphabet:%
кілем-	kazdict	edge-punctuation
кілт%	apertium	outside-alphabet:%
кіндік%	apertium	outside-alphabet:%
кір%	apertium	outside-alphabet:%
кіре%	apertium	outside-alphabet:%
кірен//крен	kazdict	outside-alphabet:/
кіржім//кержім	kazdict	outside-alphabet:/
кіріп%	apertium	outside-alphabet:%
кіріске%	apertium	outside-alphabet:%
кісе-	kazdict	edge-punctuation
кісі%	apertium	outside-alphabet:%
кітап%	apertium	outside-alphabet:%
кішкене%	apertium	outside-alphabet:%
кішкентай%	apertium	outside-alphabet:%
кішіпейіл%	apertium	outside-alphabet:%
күзет%	apertium	outside-alphabet:%
күзеттік%	apertium	outside-alphabet:%
күй%	apertium	outside-alphabet:%
күй-	kazdict	edge-punctuation
күйеу%	apertium	outside-alphabet:%
күйме-	kazdict	edge-punctuation
күйметас-	kazdict	edge-punctuation
күйіне%	apertium	outside-alphabet:%
күйіп%	apertium	outside-alphabet:%
күйіс%	apertium	outside-alphabet:%
күкіртті%	apertium	outside-alphabet:%
күл-талқанын%	apertium	outside-alphabet:%
күлгін%	apertium	outside-alphabet:%
күлкі%	apertium	outside-alphabet:%
күлкісін%	apertium	outside-alphabet:%
күләпара-	kazdict	edge-punctuation
күләт//кіләт	kazdict	outside-alphabet:/
күміс%	apertium	outside-alphabet:%
күн%	apertium	outside-alphabet:%
күнге%	apertium	outside-alphabet:%
күндес-	kazdict	edge-punctuation
күндізгі%	apertium	outside-alphabet:%
күнжақты%	apertium	outside-alphabet:%
күншығыс%	apertium	outside-alphabet:%
күні%	apertium	outside-alphabet:%
күнәлі%	apertium	outside-alphabet:%
күпі-	kazdict	edge-punctuation
күр//гүр	kazdict	outside-alphabet:/
күрделі%	apertium	outside-alphabet:%
күрлеу1	kazdict	outside-alphabet:1
күрте2	kazdict	outside-alphabet:2
күстана//күстәнә	kazdict	outside-alphabet:/
күстаналау//күстәналау	kazdict	outside-alphabet:/
күттай//кіттай	kazdict	outside-alphabet:/
күтіп%	apertium	outside-alphabet:%
күш%	apertium	outside-alphabet:%
күштеп%	apertium	outside-alphabet:%
күшті%	apertium	outside-alphabet:%
күшімен%	apertium	outside-alphabet:%
күшін%	apertium	outside-alphabet:%
күшіне%	apertium	outside-alphabet:%
күң-	kazdict	edge-punctuation
күңк%	apertium	outside-alphabet:%
кәдеге%	apertium	outside-alphabet:%
кәйнік//кәйнек	kazdict	outside-alphabet:/
кәрие//кәриә	kazdict	outside-alphabet:/
кәрәкәт//кәрекет	kazdict	outside-alphabet:/
кәсіп%	apertium	outside-alphabet:%
кәсіподақ%	apertium	outside-alphabet:%
кәтелешке//каталажка	kazdict	outside-alphabet:/
кәтта//кәттә	kazdict	outside-alphabet:/
кәуір//кеуір	kazdict	outside-alphabet:/
кәуә//кәуе	kazdict	outside-alphabet:/
кәшәба//кәшеуе	kazdict	outside-alphabet:/
көбірген//көмірген	kazdict	outside-alphabet:/
көгілдір%	apertium	outside-alphabet:%
көз%	apertium	outside-alphabet:%
көзге%	apertium	outside-alphabet:%
көзден%	apertium	outside-alphabet:%
көзді%	apertium	outside-alphabet:%
көзі%	apertium	outside-alphabet:%
көзін%	apertium	outside-alphabet:%
көк%	apertium	outside-alphabet:%
көкбұталы%	apertium	outside-alphabet:%
көлмек//көлшімек	kazdict	outside-alphabet:/
көлік%	apertium	outside-alphabet:%
көмек%	apertium	outside-alphabet:%
көмекей%	apertium	outside-alphabet:%
көмекші%	apertium	outside-alphabet:%
көмескі%	apertium	outside-alphabet:%
көмір%	apertium	outside-alphabet:%
көндігіп%	apertium	outside-alphabet:%
көне%	apertium	outside-alphabet:%
көп%	apertium	outside-alphabet:%
көпаналау//көпенелеу	kazdict	outside-alphabet:/
көпе//көпеке	kazdict	outside-alphabet:/
көпжылдық%	apertium	outside-alphabet:%
көпше%	apertium	outside-alphabet:%
көпір%	apertium	outside-alphabet:%
көр/гөр	kazdict	outside-alphabet:/
көркем%	apertium	outside-alphabet:%
көрмей%	apertium	outside-alphabet:%
көрпе1	kazdict	outside-alphabet:1
көрпе2	kazdict	outside-alphabet:2
көрпелдес//көрпелдеш	kazdict	outside-alphabet:/
көрсeткіш	apertium	mixed-script
көршін//бақыраш	kazdict	outside-alphabet:/
көрімдік-	kazdict	edge-punctuation
көрінбей%	apertium	outside-alphabet:%
көрінген%	apertium	outside-alphabet:%
көрініп%	apertium	outside-alphabet:%
көріп%	apertium	outside-alphabet:%
көтек//көтік	kazdict	outside-alphabet:/
көтерме%	apertium	outside-alphabet:%
көтеріліп%	apertium	outside-alphabet:%
көтеріп%	apertium	outside-alphabet:%
көтібақ-	kazdict	edge-punctuation
көше-	kazdict	edge-punctuation
көшелі-	kazdict	edge-punctuation
көшіп%	apertium	outside-alphabet:%
көшіріп%	apertium	outside-alphabet:%
көңіл%	apertium	outside-alphabet:%
көңілде%	apertium	outside-alphabet:%
көңілі%	apertium	outside-alphabet:%
көңілін%	apertium	outside-alphabet:%
лoрбрульгруд	apertium	mixed-script
ла`ил	kazdict	outside-alphabet:`
ла`ин	kazdict	outside-alphabet:`
ла`наткар	kazdict	outside-alphabet:`
ла`һат	kazdict	outside-alphabet:`
ла`һат-ул-лаһи	kazdict	outside-alphabet:`
лабақты//абақты	kazdict	outside-alphabet:/
лабзам//лаузам	kazdict	outside-alphabet:/
лагерьге%	apertium	outside-alphabet:%
лакта	apertium,baseline,kazdict	translit-of:лақта
лампа//лампы	kazdict	outside-alphabet:/
ланч%	apertium	outside-alphabet:%
лат.	apertium	outside-alphabet:.
лауазымға%	apertium	outside-alphabet:%
лақап%	apertium	outside-alphabet:%
лақтырылып%	apertium	outside-alphabet:%
лақтырып%	apertium	outside-alphabet:%
лаққы//лаққа	kazdict	outside-alphabet:/
леген//ілеген	kazdict	outside-alphabet:/
лексикон%	apertium	outside-alphabet:%
лесбияндық%	apertium	outside-alphabet:%
либидо%	apertium	outside-alphabet:%
линиядағы%	apertium	outside-alphabet:%
лордтық%	apertium	outside-alphabet:%
лукма	kazdict	translit-of:луқма
лумкесе//лүмкесе	kazdict	outside-alphabet:/
лық%	apertium	outside-alphabet:%
ләýх	kazdict	outside-alphabet:ý
ләбләбі//ләблебі	kazdict	outside-alphabet:/
ләмбон//ләмпен	kazdict	outside-alphabet:/
лә‘ин	kazdict	outside-alphabet:‘
м.	apertium	outside-alphabet:.
м²	apertium	outside-alphabet:²
м³	apertium	outside-alphabet:³
ма%	apertium	outside-alphabet:%
ма`ани	kazdict	outside-alphabet:`
ма`аси	kazdict	outside-alphabet:`
ма`асийат	kazdict	outside-alphabet:`
ма`аш	kazdict	outside-alphabet:`
ма`да	kazdict	outside-alphabet:`
ма`зум	kazdict	outside-alphabet:`
ма`ин	kazdict	outside-alphabet:`
ма`лум	kazdict	outside-alphabet:`
ма`на	kazdict	outside-alphabet:`
ма`рифат	kazdict	outside-alphabet:`
ма`сум	kazdict	outside-alphabet:`
ма`уа	kazdict	outside-alphabet:`
ма`шуқ	kazdict	outside-alphabet:`
маýаддәт	kazdict	outside-alphabet:ý
мавыт//навыт	kazdict	outside-alphabet:/
магнитті%	apertium	outside-alphabet:%
мадақ%	apertium	outside-alphabet:%
мажуси//мажус	kazdict	outside-alphabet:/
маза%	apertium	outside-alphabet:%
мазақ%	apertium	outside-alphabet:%
май%	apertium	outside-alphabet:%
май.	apertium	outside-alphabet:.
майек	baseline,kazdict	translit-of:мәйек
майысқан%	apertium	outside-alphabet:%
мал%	apertium	outside-alphabet:%
мал`ун	kazdict	outside-alphabet:`
мала`ик	kazdict	outside-alphabet:`
мала`йла	kazdict	outside-alphabet:`
малай-	kazdict	edge-punctuation
малаку-л-маýт	kazdict	outside-alphabet:ý
малшы%	apertium	outside-alphabet:%
мальдив%	apertium	outside-alphabet:%
мамат//мамыт	kazdict	outside-alphabet:/
мамну`а	kazdict	outside-alphabet:`
мангра%	apertium	outside-alphabet:%
мандам//мандом	kazdict	outside-alphabet:/
мансап/мансиб	kazdict	outside-alphabet:/
манты//мәнті	kazdict	outside-alphabet:/
манчестер%	apertium	outside-alphabet:%
маршалл%	apertium	outside-alphabet:%
маршпен%	apertium	outside-alphabet:%
масиýа	kazdict	outside-alphabet:ý
масуек	kazdict	translit-of:мәсуек
матiби	baseline	mixed-script
материалдық%	apertium	outside-alphabet:%
мау`ун	kazdict	outside-alphabet:`
маула	kazdict	translit-of:мәула
махамбет//мұхамбет	kazdict	outside-alphabet:/
махраб//махыраб	kazdict	outside-alphabet:/
маху//махы	kazdict	outside-alphabet:/
мақал-мәтел-	kazdict	edge-punctuation
мақсат%	apertium	outside-alphabet:%
мақсатқа%	apertium	outside-alphabet:%
мақұрым%	apertium	outside-alphabet:%
маңдайша%	apertium	outside-alphabet:%
ма‘рифат	kazdict	outside-alphabet:‘
ма‘шуқ	kazdict	outside-alphabet:‘
мезі%	apertium	outside-alphabet:%
мейил	kazdict	translit-of:мейіл
мейлінше%	apertium	outside-alphabet:%
мейілінше%	apertium	outside-alphabet:%
мектепке%	apertium	outside-alphabet:%
мемлекеттiк	apertium	mixed-script
мемлекеттік%	apertium	outside-alphabet:%
мензеу	kazdict	translit-of:меңзеу
меншігі%	apertium	outside-alphabet:%
меншік%	apertium	outside-alphabet:%
месел%	apertium	outside-alphabet:%
металл%	apertium	outside-alphabet:%
метастазиc	apertium	mixed-script
метафора-	kazdict	edge-punctuation
механикалық%	apertium	outside-alphabet:%
мешіт-	kazdict	edge-punctuation
меңдахмет//меңліахмет	kazdict	outside-alphabet:/
мина%	apertium	outside-alphabet:%
минералдық%	apertium	outside-alphabet:%
минот	kazdict	translit-of:минөт
миф%	apertium	outside-alphabet:%
млн.	apertium	outside-alphabet:.
мм.	apertium	outside-alphabet:.
мойын%	apertium	outside-alphabet:%
мойынға%	apertium	outside-alphabet:%
монах%	apertium	outside-alphabet:%
монополияға%	apertium	outside-alphabet:%
му`аса	kazdict	outside-alphabet:`
му`ат	kazdict	outside-alphabet:`
му`мин	kazdict	outside-alphabet:`
муýафиқ	kazdict	outside-alphabet:ý
мубтала	kazdict	translit-of:мүбтала
мугалжар	apertium	translit-of:мұғалжар
мударрис	kazdict	translit-of:мүдәррис
мудир	kazdict	translit-of:мүдір
мукамал	kazdict	translit-of:мүкәмал
мулайим	kazdict	translit-of:мүләйім
муназ`ат	kazdict	outside-alphabet:`
мунша`йб	kazdict	outside-alphabet:`
муп	apertium	translit-of:мұп
мусiралi	baseline	mixed-script
мусiреп	baseline	mixed-script
мустажаб	kazdict	translit-of:мұстажаб
мутаба`ат	kazdict	outside-alphabet:`
мутаби‘ат	kazdict	outside-alphabet:‘
муталiп	baseline	mixed-script
мути‘	kazdict	outside-alphabet:‘
мухаммас	kazdict	translit-of:мұхаммас
мухтарима	kazdict	translit-of:мұхтарима
мушк	kazdict	translit-of:мүшк
мызғып%	apertium	outside-alphabet:%
мылтықтың%	apertium	outside-alphabet:%
мырс%	apertium	outside-alphabet:%
мыс.	apertium	outside-alphabet:.
мысал%	apertium	outside-alphabet:%
мыстан%	apertium	outside-alphabet:%
мысқыл%	apertium	outside-alphabet:%
мықтап%	apertium	outside-alphabet:%
мықтау//мықтан	kazdict	outside-alphabet:/
мықын%	apertium	outside-alphabet:%
міí	kazdict	outside-alphabet:í
мін%	apertium	outside-alphabet:%
міндетті%	apertium	outside-alphabet:%
місе%	apertium	outside-alphabet:%
мүйіз%	apertium	outside-alphabet:%
мүк%	apertium	outside-alphabet:%
мүлт%	apertium	outside-alphabet:%
мүмкін%	apertium	outside-alphabet:%
мүмкіндік%	apertium	outside-alphabet:%
мүмкіндіктерін%	apertium	outside-alphabet:%
мүрдем%	apertium	outside-alphabet:%
мүрид-	kazdict	edge-punctuation
мүсiрепов	apertium	mixed-script
мұз%	apertium	outside-alphabet:%
мұнай%	apertium	outside-alphabet:%
мұрагер-	kazdict	edge-punctuation
мұрасыз%	apertium	outside-alphabet:%
мұраға%	apertium	outside-alphabet:%
мұрын-	kazdict	edge-punctuation
мұсақұл-	kazdict	edge-punctuation
мұғалiм	apertium	mixed-script
мұғалім%	apertium	outside-alphabet:%
мұқамбет//мұқамет	kazdict	outside-alphabet:/
мұқамәди//мұхамәди	kazdict	outside-alphabet:/
мұқтаж%	apertium	outside-alphabet:%
мұңды%	apertium	outside-alphabet:%
мәýлим	kazdict	outside-alphabet:ý
мәжбүр%	apertium	outside-alphabet:%
мәз%	apertium	outside-alphabet:%
мәлік-	kazdict	edge-punctuation
мәлімет%	apertium	outside-alphabet:%
мәнерлеп%	apertium	outside-alphabet:%
мәскеулік%	apertium	outside-alphabet:%
мәсі-	kazdict	edge-punctuation
мәта‘ин	kazdict	outside-alphabet:‘
мәтелі-	kazdict	edge-punctuation
мәңгі%	apertium	outside-alphabet:%
мәңгілік%	apertium	outside-alphabet:%
мөшке//мүшке	kazdict	outside-alphabet:/
н`ам	kazdict	outside-alphabet:`
на`ам	kazdict	outside-alphabet:`
на`им	kazdict	outside-alphabet:`
наýмид	kazdict	outside-alphabet:ý
нажис	kazdict	translit-of:нәжіс
назар%	apertium	outside-alphabet:%
назарда%	apertium	outside-alphabet:%
найза-	kazdict	edge-punctuation
найман-	kazdict	edge-punctuation
найманкөк-	kazdict	edge-punctuation
накып	baseline	translit-of:нақып
намаздигер	kazdict	translit-of:намаздігер
наразылық%	apertium	outside-alphabet:%
нармағамбет//нармұқамбет	kazdict	outside-alphabet:/
нарша3	kazdict	outside-alphabet:3
насыбай-	kazdict	edge-punctuation
натаýан	kazdict	outside-alphabet:ý
наф‘а	kazdict	outside-alphabet:‘
нағашы-	kazdict	edge-punctuation
нақтылап%	apertium	outside-alphabet:%
нақыш%	apertium	outside-alphabet:%
не%	apertium	outside-alphabet:%
негізгі%	apertium	outside-alphabet:%
негізін%	apertium	outside-alphabet:%
неке%	apertium	outside-alphabet:%
немере%	apertium	outside-alphabet:%
несін//несіне	kazdict	outside-alphabet:/
ни`мат	kazdict	outside-alphabet:`
нидерландтық%	apertium	outside-alphabet:%
ноиль//ноэль	kazdict	outside-alphabet:/
нонивент-	kazdict	edge-punctuation
норвегиялық%	apertium	outside-alphabet:%
норма%	apertium	outside-alphabet:%
нояб.	apertium	outside-alphabet:.
ноқта-	kazdict	edge-punctuation
ну`ут	kazdict	outside-alphabet:`
нурпейiс	baseline	mixed-script
нуқат`ан	kazdict	outside-alphabet:`
нысан%	apertium	outside-alphabet:%
нысанаға%	apertium	outside-alphabet:%
нью%	apertium	outside-alphabet:%
нью-йорк%	apertium	outside-alphabet:%
нүктелі%	apertium	outside-alphabet:%
нұр%	apertium	outside-alphabet:%
нұсқа3	kazdict	outside-alphabet:3
нәýбат	kazdict	outside-alphabet:ý
нәжіспен%	apertium	outside-alphabet:%
нәзіктендіріп%	apertium	outside-alphabet:%
нәтиже%	apertium	outside-alphabet:%
нә‘ра	kazdict	outside-alphabet:‘
нөкер-	kazdict	edge-punctuation
нөмір%	apertium	outside-alphabet:%
оба-	kazdict	edge-punctuation
обл.	apertium	outside-alphabet:.
одан%	apertium	outside-alphabet:%
одағай-	kazdict	edge-punctuation
оза%	apertium	outside-alphabet:%
озбырлық%	apertium	outside-alphabet:%
озып%	apertium	outside-alphabet:%
ой%	apertium	outside-alphabet:%
ойгән-/ойған	kazdict	outside-alphabet:/
ойда%	apertium	outside-alphabet:%
ойлап%	apertium	outside-alphabet:%
ойнап%	apertium	outside-alphabet:%
ойран%	apertium	outside-alphabet:%
ойт	baseline	translit-of:өйт
ойтамақ-	kazdict	edge-punctuation
ойын%	apertium	outside-alphabet:%
ойып%	apertium	outside-alphabet:%
ойға%	apertium	outside-alphabet:%
ок//оғ	kazdict	outside-alphabet:/
окт.	apertium	outside-alphabet:.
олай%	apertium	outside-alphabet:%
олжай-	kazdict	edge-punctuation
олимпиада%	apertium	outside-alphabet:%
омыртқалы%	apertium	outside-alphabet:%
он%	apertium	outside-alphabet:%
ондай%	apertium	outside-alphabet:%
онк	baseline	translit-of:өңк
опалан	baseline,kazdict	translit-of:опалаң
операция%	apertium	outside-alphabet:%
ор%	apertium	outside-alphabet:%
орап%	apertium	outside-alphabet:%
оркестрге%	apertium	outside-alphabet:%
орман%	apertium	outside-alphabet:%
орманбай//орманбек	kazdict	outside-alphabet:/
орманды%	apertium	outside-alphabet:%
орналасып%	apertium	outside-alphabet:%
орналасқан%	apertium	outside-alphabet:%
орны%	apertium	outside-alphabet:%
орнын%	apertium	outside-alphabet:%
орта%	apertium	outside-alphabet:%
орталық%	apertium	outside-alphabet:%
орташа%	apertium	outside-alphabet:%
ортақ%	apertium	outside-alphabet:%
оршу	baseline,kazdict	translit-of:өршу
орын%	apertium	outside-alphabet:%
орындап%	apertium	outside-alphabet:%
орып%	apertium	outside-alphabet:%
осер	baseline	translit-of:өсер
осы%	apertium	outside-alphabet:%
осып%	apertium	outside-alphabet:%
отамалы-	kazdict	edge-punctuation
отанды%	apertium	outside-alphabet:%
отанға%	apertium	outside-alphabet:%
отар-	kazdict	edge-punctuation
отау-	kazdict	edge-punctuation
отставкаға%	apertium	outside-alphabet:%
отыз%	apertium	outside-alphabet:%
отыра%	apertium	outside-alphabet:%
отырықты%	apertium	outside-alphabet:%
ояз-	kazdict	edge-punctuation
оқ%	apertium	outside-alphabet:%
оқу%	apertium	outside-alphabet:%
оқушы%	apertium	outside-alphabet:%
оқып%	apertium	outside-alphabet:%
оқырман%	apertium	outside-alphabet:%
оңт.	apertium	outside-alphabet:.
оңтүстік%	apertium	outside-alphabet:%
пайда%	apertium	outside-alphabet:%
пайдалана%	apertium	outside-alphabet:%
панжара	baseline,kazdict	translit-of:пәнжара
папуа%	apertium	outside-alphabet:%
парақорлық-	kazdict	edge-punctuation
партизандық%	apertium	outside-alphabet:%
паруардигар/па-руардигара	kazdict	outside-alphabet:/
патшалық%	apertium	outside-alphabet:%
патшаны%	apertium	outside-alphabet:%
паш%	apertium	outside-alphabet:%
пед.	apertium	outside-alphabet:.
пейіл[-ін	kazdict	outside-alphabet:[
пенхан/панһан	kazdict	outside-alphabet:/
перýа	kazdict	outside-alphabet:ý
перифраз-	kazdict	edge-punctuation
перізат/перизат	kazdict	outside-alphabet:/
пленарлық%	apertium	outside-alphabet:%
портрет-	kazdict	edge-punctuation
пошталық%	apertium	outside-alphabet:%
премьера%	apertium	outside-alphabet:%
псалмдардың%	apertium	outside-alphabet:%
психикалык	kazdict	translit-of:психикалық
підия-	kazdict	edge-punctuation
пікір%	apertium	outside-alphabet:%
піл%	apertium	outside-alphabet:%
пісіп%	apertium	outside-alphabet:%
пішен%	apertium	outside-alphabet:%
пұтқа%	apertium	outside-alphabet:%
пәрýаз	kazdict	outside-alphabet:ý
пәрýана	kazdict	outside-alphabet:ý
пәртәý	kazdict	outside-alphabet:ý
пәруайсыздық-	kazdict	edge-punctuation
пәуеске/пауеске	kazdict	outside-alphabet:/
р.	apertium	outside-alphabet:.
раýан	kazdict	outside-alphabet:ý
раýза	kazdict	outside-alphabet:ý
рака`ат	kazdict	outside-alphabet:`
ракетаға%	apertium	outside-alphabet:%
ранда`а	kazdict	outside-alphabet:`
рафик//рафих	kazdict	outside-alphabet:/
рахметі%	apertium	outside-alphabet:%
реýаж	kazdict	outside-alphabet:ý
реактивті%	apertium	outside-alphabet:%
реал%	apertium	outside-alphabet:%
революцияға%	apertium	outside-alphabet:%
ред.	apertium	outside-alphabet:.
редакциялық%	apertium	outside-alphabet:%
редукцияланғанa	apertium	mixed-script
рейтинг-	kazdict	edge-punctuation
ректор%	apertium	outside-alphabet:%
ресми%	apertium	outside-alphabet:%
ретке%	apertium	outside-alphabet:%
реттеп%	apertium	outside-alphabet:%
реттік%	apertium	outside-alphabet:%
реформаға%	apertium	outside-alphabet:%
ризалық%	apertium	outside-alphabet:%
римдік%	apertium	outside-alphabet:%
риф%	apertium	outside-alphabet:%
роликті%	apertium	outside-alphabet:%
руýй	kazdict	outside-alphabet:ý
рулетка%	apertium	outside-alphabet:%
рух%	apertium	outside-alphabet:%
рұқсат%	apertium	outside-alphabet:%
с.	apertium	outside-alphabet:.
с.%	apertium	outside-alphabet:%.
сəтбаев	apertium	outside-alphabet:ə
са/се	kazdict	outside-alphabet:/
са`акс	kazdict	outside-alphabet:`
са`ат	kazdict	outside-alphabet:`
са`и	kazdict	outside-alphabet:`
саýда	kazdict	outside-alphabet:ý
саýур	kazdict	outside-alphabet:ý
саба-	kazdict	edge-punctuation
сабан%	apertium	outside-alphabet:%
сабақтан%	apertium	outside-alphabet:%
сабын%	apertium	outside-alphabet:%
садақа-	kazdict	edge-punctuation
садық//сыдык	kazdict	outside-alphabet:/
садық//сыдық	kazdict	outside-alphabet:/
сазауар)саз-гар)	kazdict	outside-alphabet:)
сай%	apertium	outside-alphabet:%
сайир	kazdict	translit-of:сәйір
сайлау%	apertium	outside-alphabet:%
сакина	kazdict	translit-of:сақина
сал%	apertium	outside-alphabet:%
салмақ%	apertium	outside-alphabet:%
салпанбай	baseline	translit-of:салпаңбай
салт%	apertium	outside-alphabet:%
салып%	apertium	outside-alphabet:%
салыстырмалы%	apertium	outside-alphabet:%
салық%	apertium	outside-alphabet:%
салют%	apertium	outside-alphabet:%
салқын%	apertium	outside-alphabet:%
самат//сәмет	kazdict	outside-alphabet:/
сами‘	kazdict	outside-alphabet:‘
сан%	apertium	outside-alphabet:%
сан-	kazdict	edge-punctuation
сан-томе%	apertium	outside-alphabet:%
саналы%	apertium	outside-alphabet:%
санап%	apertium	outside-alphabet:%
санау%	apertium	outside-alphabet:%
сап%	apertium	outside-alphabet:%
сап/саф	kazdict	outside-alphabet:/
сапа//сафа	kazdict	outside-alphabet:/
сапи//сафи	kazdict	outside-alphabet:/
сапы-	kazdict	edge-punctuation
сарбұға-	kazdict	edge-punctuation
саркаш	kazdict	translit-of:сарқаш
сарп%	apertium	outside-alphabet:%
сарсу//сарысу	kazdict	outside-alphabet:/
сарт%	apertium	outside-alphabet:%
сары%	apertium	outside-alphabet:%
сары-ақ%	apertium	outside-alphabet:%
сарысулы%	apertium	outside-alphabet:%
сасып%	apertium	outside-alphabet:%
сасық%	apertium	outside-alphabet:%
сатып%	apertium	outside-alphabet:%
сауатсыз%	apertium	outside-alphabet:%
сауд%	apertium	outside-alphabet:%
сауда%	apertium	outside-alphabet:%
саудалық%	apertium	outside-alphabet:%
саума`а	kazdict	outside-alphabet:`
саумал-	kazdict	edge-punctuation
сауық%	apertium	outside-alphabet:%
сахнаға%	apertium	outside-alphabet:%
саятшы-	kazdict	edge-punctuation
саятшылық-	kazdict	edge-punctuation
сағалдырық-	kazdict	edge-punctuation
сағат%	apertium	outside-alphabet:%
сағаттың%	apertium	outside-alphabet:%
сақ-тоғалақ-	kazdict	edge-punctuation
сақиналы%	apertium	outside-alphabet:%
са‘адат	kazdict	outside-alphabet:‘
себеп%	apertium	outside-alphabet:%
сегіз%	apertium	outside-alphabet:%
сегізаяқ-	kazdict	edge-punctuation
сезім%	apertium	outside-alphabet:%
сезіп%	apertium	outside-alphabet:%
сейiт	baseline	mixed-script
сейділда//сейдолла	kazdict	outside-alphabet:/
сейнт%	apertium	outside-alphabet:%
сейсмикалық%	apertium	outside-alphabet:%
сейшель%	apertium	outside-alphabet:%
сейітмет//сейітмәмет	kazdict	outside-alphabet:/
секунд%	apertium	outside-alphabet:%
секіріп%	apertium	outside-alphabet:%
селт%	apertium	outside-alphabet:%
сенсорлық%	apertium	outside-alphabet:%
сент-винсент%	apertium	outside-alphabet:%
сент.	apertium	outside-alphabet:.
сенше//сеніңше	kazdict	outside-alphabet:/
сенімхат%	apertium	outside-alphabet:%
сеп-	kazdict	edge-punctuation
сералi	baseline	mixed-script
серп//серпі	kazdict	outside-alphabet:/
серфинг%	apertium	outside-alphabet:%
серфингпен%	apertium	outside-alphabet:%
сес%	apertium	outside-alphabet:%
сигнал%	apertium	outside-alphabet:%
символмен%	apertium	outside-alphabet:%
синоним-	kazdict	edge-punctuation
синтез%	apertium	outside-alphabet:%
сипап%	apertium	outside-alphabet:%
сирақ%	apertium	outside-alphabet:%
сиыр%	apertium	outside-alphabet:%
словак%	apertium	outside-alphabet:%
содан%	apertium	outside-alphabet:%
сойыл-	kazdict	edge-punctuation
сол%	apertium	outside-alphabet:%
солт.	apertium	outside-alphabet:.
солтүстік%	apertium	outside-alphabet:%
солып%	apertium	outside-alphabet:%
сонар-	kazdict	edge-punctuation
сонда%	apertium	outside-alphabet:%
сонет//сонета	kazdict	outside-alphabet:/
сонымен%	apertium	outside-alphabet:%
сопақша%	apertium	outside-alphabet:%
сорайып%	apertium	outside-alphabet:%
сот%	apertium	outside-alphabet:%
соттың%	apertium	outside-alphabet:%
соғып%	apertium	outside-alphabet:%
соғыс%	apertium	outside-alphabet:%
соғыс2	kazdict	outside-alphabet:2
соғыстан%	apertium	outside-alphabet:%
соқпа%	apertium	outside-alphabet:%
соқыр%	apertium	outside-alphabet:%
соққы%	apertium	outside-alphabet:%
соңғы%	apertium	outside-alphabet:%
спартак%	apertium	outside-alphabet:%
спорт%	apertium	outside-alphabet:%
стиль-	kazdict	edge-punctuation
стражник-	kazdict	edge-punctuation
студент%	apertium	outside-alphabet:%
су%	apertium	outside-alphabet:%
сугiр	baseline	mixed-script
судан%	apertium	outside-alphabet:%
суды%	apertium	outside-alphabet:%
суйiнбай	baseline	mixed-script
сулық-	kazdict	edge-punctuation
сума‘а	kazdict	outside-alphabet:‘
сумен%	apertium	outside-alphabet:%
сур`ат	kazdict	outside-alphabet:`
сурет%	apertium	outside-alphabet:%
суретке%	apertium	outside-alphabet:%
суретін%	apertium	outside-alphabet:%
суырып%	apertium	outside-alphabet:%
суға%	apertium	outside-alphabet:%
суқаны%	apertium	outside-alphabet:%
сыбайлас%	apertium	outside-alphabet:%
сыбан-	kazdict	edge-punctuation
сыбаға-	kazdict	edge-punctuation
сыбыр%	apertium	outside-alphabet:%
сыдырма%	apertium	outside-alphabet:%
сызып%	apertium	outside-alphabet:%
сылап%	apertium	outside-alphabet:%
сын%	apertium	outside-alphabet:%
сына%	apertium	outside-alphabet:%
сынап%	apertium	outside-alphabet:%
сындырып%	apertium	outside-alphabet:%
сынып%	apertium	outside-alphabet:%
сыр%	apertium	outside-alphabet:%
сырмақ-	kazdict	edge-punctuation
сырт%	apertium	outside-alphabet:%
сырт-	kazdict	edge-punctuation
сырттқа%	apertium	outside-alphabet:%
сыртқы%	apertium	outside-alphabet:%
сырға-	kazdict	edge-punctuation
сырғанап%	apertium	outside-alphabet:%
сьерра%	apertium	outside-alphabet:%
сібір%	apertium	outside-alphabet:%
сілтеме%	apertium	outside-alphabet:%
сілтеп%	apertium	outside-alphabet:%
сіресіп%	apertium	outside-alphabet:%
сірә%	apertium	outside-alphabet:%
сіңлі-	kazdict	edge-punctuation
сіңіп%	apertium	outside-alphabet:%
сіңірі%	apertium	outside-alphabet:%
сүзгіден%	apertium	outside-alphabet:%
сүйекті%	apertium	outside-alphabet:%
сүйреп%	apertium	outside-alphabet:%
сүйретіп%	apertium	outside-alphabet:%
сүлде//сүлдер	kazdict	outside-alphabet:/
сүргі%	apertium	outside-alphabet:%
сүре-	kazdict	edge-punctuation
сүрініп%	apertium	outside-alphabet:%
сүрітті/сұрытты	kazdict	outside-alphabet:/
сүттіген%	apertium	outside-alphabet:%
сүңгуір%	apertium	outside-alphabet:%
сүңгі-	kazdict	edge-punctuation
сүңгіп%	apertium	outside-alphabet:%
сұбқан//сұбықан	kazdict	outside-alphabet:/
сұйық%	apertium	outside-alphabet:%
сұрап%	apertium	outside-alphabet:%
сұрастырып%	apertium	outside-alphabet:%
сұхбат%	apertium	outside-alphabet:%
сұңқармен%	apertium	outside-alphabet:%
сәйгүлік//сайгүлік	kazdict	outside-alphabet:/
сәрýар	kazdict	outside-alphabet:ý
сәтті%	apertium	outside-alphabet:%
сәуле%	apertium	outside-alphabet:%
сөгіп%	apertium	outside-alphabet:%
сөз%	apertium	outside-alphabet:%
сөйтсе%	apertium	outside-alphabet:%
т.	apertium	outside-alphabet:.
т.%	apertium	outside-alphabet:%.
т.б.	apertium	outside-alphabet:.
т.с.с.	apertium	outside-alphabet:.
та`адди	kazdict	outside-alphabet:`
та`аим	kazdict	outside-alphabet:`
та`ала	kazdict	outside-alphabet:`
та`ам	kazdict	outside-alphabet:`
та`ат	kazdict	outside-alphabet:`
та`зим	kazdict	outside-alphabet:`
та`ийн	kazdict	outside-alphabet:`
та`ламун	kazdict	outside-alphabet:`
та`лим	kazdict	outside-alphabet:`
та`на	kazdict	outside-alphabet:`
та`риф	kazdict	outside-alphabet:`
та`сир	kazdict	outside-alphabet:`
та`уиа	kazdict	outside-alphabet:`
таýазу‘	kazdict	outside-alphabet:ý‘
таýр	kazdict	outside-alphabet:ý
таýхид	kazdict	outside-alphabet:ý
таб`йин	kazdict	outside-alphabet:`
табан%	apertium	outside-alphabet:%
таби`ат	kazdict	outside-alphabet:`
табыс%	apertium	outside-alphabet:%
тагай	baseline	translit-of:тағай
тажик%	apertium	outside-alphabet:%
тазы-	kazdict	edge-punctuation
тай-	kazdict	edge-punctuation
тайжүзген-	kazdict	edge-punctuation
тайтері-	kazdict	edge-punctuation
тайып%	apertium	outside-alphabet:%
тайғанап%	apertium	outside-alphabet:%
талап%	apertium	outside-alphabet:%
талаптанып%	apertium	outside-alphabet:%
талти	baseline	translit-of:тәлти
талып%	apertium	outside-alphabet:%
тамақ%	apertium	outside-alphabet:%
тамып%	apertium	outside-alphabet:%
тамыр%	apertium	outside-alphabet:%
танкке%	apertium	outside-alphabet:%
тап%	apertium	outside-alphabet:%
тапсырыс%	apertium	outside-alphabet:%
таралғы-	kazdict	edge-punctuation
тарап%	apertium	outside-alphabet:%
таратып%	apertium	outside-alphabet:%
тарих%	apertium	outside-alphabet:%
тартып%	apertium	outside-alphabet:%
тарқап%	apertium	outside-alphabet:%
тас%	apertium	outside-alphabet:%
таспен%	apertium	outside-alphabet:%
тастап%	apertium	outside-alphabet:%
тасты%	apertium	outside-alphabet:%
тасып%	apertium	outside-alphabet:%
татар%	apertium	outside-alphabet:%
тау%	apertium	outside-alphabet:%
тауа`дуна	kazdict	outside-alphabet:`
тауар%	apertium	outside-alphabet:%
тауармен%	apertium	outside-alphabet:%
тауып%	apertium	outside-alphabet:%
тауыса%	apertium	outside-alphabet:%
тауық%	apertium	outside-alphabet:%
таяу%	apertium	outside-alphabet:%
тағы%	apertium	outside-alphabet:%
тақ%	apertium	outside-alphabet:%
тақия-	kazdict	edge-punctuation
тақтан%	apertium	outside-alphabet:%
тақуа-	kazdict	edge-punctuation
тақымдық%	apertium	outside-alphabet:%
таққа%	apertium	outside-alphabet:%
таң%	apertium	outside-alphabet:%
таңба%	apertium	outside-alphabet:%
таңдай1	kazdict	outside-alphabet:1
таңғы%	apertium	outside-alphabet:%
таһара`ан	kazdict	outside-alphabet:`
тебінгі-	kazdict	edge-punctuation
тежей%	apertium	outside-alphabet:%
тез%	apertium	outside-alphabet:%
текемет-	kazdict	edge-punctuation
тексеріп%	apertium	outside-alphabet:%
текіректетіп%	apertium	outside-alphabet:%
телше-	kazdict	edge-punctuation
темiртас	baseline	mixed-script
темекі%	apertium	outside-alphabet:%
темір%	apertium	outside-alphabet:%
темірқазық-	kazdict	edge-punctuation
тентектік%	apertium	outside-alphabet:%
терiске%	apertium	mixed-script
тергеусіз%	apertium	outside-alphabet:%
тереңд.	apertium	outside-alphabet:.
терме-	kazdict	edge-punctuation
тері%	apertium	outside-alphabet:%
теріс%	apertium	outside-alphabet:%
теріске%	apertium	outside-alphabet:%
тесіле%	apertium	outside-alphabet:%
тех.	apertium	outside-alphabet:.
техникалық%	apertium	outside-alphabet:%
тең%	apertium	outside-alphabet:%
теңбілкөк-	kazdict	edge-punctuation
теңдес2	kazdict	outside-alphabet:2
теңеу-	kazdict	edge-punctuation
теңіз%	apertium	outside-alphabet:%
тигізе%	apertium	outside-alphabet:%
тиесілі%	apertium	outside-alphabet:%
тимей%	apertium	outside-alphabet:%
типті%	apertium	outside-alphabet:%
тиіс%	apertium	outside-alphabet:%
тиісе%	apertium	outside-alphabet:%
тобықты-	kazdict	edge-punctuation
тойлап%	apertium	outside-alphabet:%
токарлық%	apertium	outside-alphabet:%
толып%	apertium	outside-alphabet:%
толқын%	apertium	outside-alphabet:%
топай-	kazdict	edge-punctuation
топырақ%	apertium	outside-alphabet:%
тор%	apertium	outside-alphabet:%
торгын	baseline	translit-of:торғын
торжорға-	kazdict	edge-punctuation
торлап%	apertium	outside-alphabet:%
торпақ-	kazdict	edge-punctuation
торғай-	kazdict	edge-punctuation
тостабан	baseline	translit-of:төстабан
тоғайлы%	apertium	outside-alphabet:%
тоғыз%	apertium	outside-alphabet:%
тоғызқұмалақ-	kazdict	edge-punctuation
тоқал-	kazdict	edge-punctuation
тоқып%	apertium	outside-alphabet:%
тоңа%	apertium	outside-alphabet:%
тринидад%	apertium	outside-alphabet:%
трл.	apertium	outside-alphabet:.
тропик%	apertium	outside-alphabet:%
тропикалық%	apertium	outside-alphabet:%
туbра^т	kazdict	mixed-script
туа%	apertium	outside-alphabet:%
тура%	apertium	outside-alphabet:%
туралату	baseline,kazdict	translit-of:тұралату
туркестан%	apertium	outside-alphabet:%
тутек	kazdict	translit-of:түтек
туыс%	apertium	outside-alphabet:%
туысын%	apertium	outside-alphabet:%
туған%	apertium	outside-alphabet:%
тыйым%	apertium	outside-alphabet:%
тым%	apertium	outside-alphabet:%
тыныштығын%	apertium	outside-alphabet:%
тырбан	baseline,kazdict	translit-of:тырбаң
тырбын	baseline,kazdict	translit-of:тырбың
тырнап%	apertium	outside-alphabet:%
тыртындау	kazdict	translit-of:тыртыңдау
тырысып%	apertium	outside-alphabet:%
тышқан%	apertium	outside-alphabet:%
тығылып%	apertium	outside-alphabet:%
тығып%	apertium	outside-alphabet:%
тың%	apertium	outside-alphabet:%
тыңдап%	apertium	outside-alphabet:%
тыңшы%	apertium	outside-alphabet:%
тігін%	apertium	outside-alphabet:%
тік%	apertium	outside-alphabet:%
тікенді%	apertium	outside-alphabet:%
тікірейіп%	apertium	outside-alphabet:%
тіл%	apertium	outside-alphabet:%
тіласты%	apertium	outside-alphabet:%
тілек%	apertium	outside-alphabet:%
тірек%	apertium	outside-alphabet:%
тірі%	apertium	outside-alphabet:%
тіс%	apertium	outside-alphabet:%
тістеп%	apertium	outside-alphabet:%
тісін%	apertium	outside-alphabet:%
түгендеп%	apertium	outside-alphabet:%
түзетіп%	apertium	outside-alphabet:%
түзу%	apertium	outside-alphabet:%
түн%	apertium	outside-alphabet:%
түнгі%	apertium	outside-alphabet:%
түр%	apertium	outside-alphabet:%
түргеліп%	apertium	outside-alphabet:%
түрлі-түсті%	apertium	outside-alphabet:%
түрік%	apertium	outside-alphabet:%
түрін%	apertium	outside-alphabet:%
түс%	apertium	outside-alphabet:%
түскі%	apertium	outside-alphabet:%
түсір%	apertium	outside-alphabet:%
түсіріп%	apertium	outside-alphabet:%
түтік%	apertium	outside-alphabet:%
тұра%	apertium	outside-alphabet:%
тұрақты%	apertium	outside-alphabet:%
тұраққа%	apertium	outside-alphabet:%
тұрмыстық%	apertium	outside-alphabet:%
тұрғызып%	apertium	outside-alphabet:%
тұсау-	kazdict	edge-punctuation
тұтқыш-	kazdict	edge-punctuation
тұщы%	apertium	outside-alphabet:%
тұқым%	apertium	outside-alphabet:%
тұқымдық%	apertium	outside-alphabet:%
тәби‘	kazdict	outside-alphabet:‘
тәж%	apertium	outside-alphabet:%
тәжік%	apertium	outside-alphabet:%
тәзýир	kazdict	outside-alphabet:ý
тәртіпке%	apertium	outside-alphabet:%
тәуекел%	apertium	outside-alphabet:%
тәуекелдік%	apertium	outside-alphabet:%
тәуелсіз%	apertium	outside-alphabet:%
төлем%	apertium	outside-alphabet:%
төлемдік%	apertium	outside-alphabet:%
төм.	apertium	outside-alphabet:.
төмен%	apertium	outside-alphabet:%
төменгі%	apertium	outside-alphabet:%
төрағалық%	apertium	outside-alphabet:%
төре-	kazdict	edge-punctuation
төрешілік%	apertium	outside-alphabet:%
төрт%	apertium	outside-alphabet:%
төртке%	apertium	outside-alphabet:%
төтеп%	apertium	outside-alphabet:%
уbароbиt	kazdict	mixed-script
уа3	kazdict	outside-alphabet:3
уа`да	kazdict	outside-alphabet:`
уажип	kazdict	translit-of:уәжіп
уакап	baseline	translit-of:уақап
уақыт%	apertium	outside-alphabet:%
уақытты%	apertium	outside-alphabet:%
уақытша%	apertium	outside-alphabet:%
украина%	apertium	outside-alphabet:%
улас	kazdict	translit-of:ұлас
ультра%	apertium	outside-alphabet:%
умiгулсiм	baseline	mixed-script
умаш	baseline,kazdict	translit-of:ұмаш
университеттік%	apertium	outside-alphabet:%
урдак	kazdict	translit-of:үрдәк
уық-	kazdict	edge-punctuation
уәде%	apertium	outside-alphabet:%
уәли//уәлі	kazdict	outside-alphabet:/
фа`ида	kazdict	outside-alphabet:`
фада`ат	kazdict	outside-alphabet:`
фаза`и	kazdict	outside-alphabet:`
февр.	apertium	outside-alphabet:.
федералға%	apertium	outside-alphabet:%
ферманың%	apertium	outside-alphabet:%
фермер%	apertium	outside-alphabet:%
фи`л	kazdict	outside-alphabet:`
фи`ллік	kazdict	outside-alphabet:`
фикха-	kazdict	edge-punctuation
филиграндық%	apertium	outside-alphabet:%
фильмге%	apertium	outside-alphabet:%
фирмалық%	apertium	outside-alphabet:%
фи‘л	kazdict	outside-alphabet:‘
фон%	apertium	outside-alphabet:%
фридом%	apertium	outside-alphabet:%
футпен%	apertium	outside-alphabet:%
фәрәýан	kazdict	outside-alphabet:ý
х.25	kazdict	outside-alphabet:.25
хаýа	kazdict	outside-alphabet:ý
хаýар	kazdict	outside-alphabet:ý
хабар%	apertium	outside-alphabet:%
хабардар%	apertium	outside-alphabet:%
хабарландыру%	apertium	outside-alphabet:%
хайуанаттар%	apertium	outside-alphabet:%
халық%	apertium	outside-alphabet:%
халін%	apertium	outside-alphabet:%
хасан//хасен	kazdict	outside-alphabet:/
хасил/хасыл	kazdict	outside-alphabet:/
хат%	apertium	outside-alphabet:%
хилýәт	kazdict	outside-alphabet:ý
хил‘ат	kazdict	outside-alphabet:‘
хим.	apertium	outside-alphabet:.
хо%	apertium	outside-alphabet:%
хор%	apertium	outside-alphabet:%
хош%	apertium	outside-alphabet:%
худуд-ал%	apertium	outside-alphabet:%
хьюман%	apertium	outside-alphabet:%
цирк%	apertium	outside-alphabet:%
цифрлық%	apertium	outside-alphabet:%
ча/че	kazdict	outside-alphabet:/
чашма/чешма	kazdict	outside-alphabet:/
чейз%	apertium	outside-alphabet:%
чек%	apertium	outside-alphabet:%
чемпиондар%	apertium	outside-alphabet:%
чех%	apertium	outside-alphabet:%
чұ/чү	kazdict	outside-alphabet:/
чәнгал/чингал	kazdict	outside-alphabet:/
ш.	apertium	outside-alphabet:.
ш.%	apertium	outside-alphabet:%.
ша`ин	kazdict	outside-alphabet:`
шаýқ	kazdict	outside-alphabet:ý
шабалан	baseline,kazdict	translit-of:шабалаң
шабуыл%	apertium	outside-alphabet:%
шадi	baseline	mixed-script
шай%	apertium	outside-alphabet:%
шайнау%	apertium	outside-alphabet:%
шайып%	apertium	outside-alphabet:%
шакан	kazdict	translit-of:шақан
шакарiм	baseline	mixed-script
шакарім//шәкәрім	kazdict	outside-alphabet:/
шала%	apertium	outside-alphabet:%
шалағай%	apertium	outside-alphabet:%
шалыс%	apertium	outside-alphabet:%
шалғай%	apertium	outside-alphabet:%
шам%	apertium	outside-alphabet:%
шама%	apertium	outside-alphabet:%
шама//сама//сәме//сәмбе	kazdict	outside-alphabet:/
шамадан%	apertium	outside-alphabet:%
шанақ%	apertium	outside-alphabet:%
шаншар-	kazdict	edge-punctuation
шап%	apertium	outside-alphabet:%
шапан-	kazdict	edge-punctuation
шар//шарқ//шырқ	kazdict	outside-alphabet:/
шарасыз%	apertium	outside-alphabet:%
шари`ат	kazdict	outside-alphabet:`
шариғат-	kazdict	edge-punctuation
шари‘ат	kazdict	outside-alphabet:‘
шаркей	baseline	translit-of:шәркей
шартты%	apertium	outside-alphabet:%
шарықтау%	apertium	outside-alphabet:%
шауашай//шаушай	kazdict	outside-alphabet:/
шауып%	apertium	outside-alphabet:%
шауһат//шаһуат	kazdict	outside-alphabet:/
шафа`атхаһ	kazdict	outside-alphabet:`
шафи‘	kazdict	outside-alphabet:‘
шахматты%	apertium	outside-alphabet:%
шашы%	apertium	outside-alphabet:%
шағи-	kazdict	edge-punctuation
шағым%	apertium	outside-alphabet:%
шағып%	apertium	outside-alphabet:%
шақша-	kazdict	edge-punctuation
шаң%	apertium	outside-alphabet:%
шаңырақ-	kazdict	edge-punctuation
шаһла`и	kazdict	outside-alphabet:`
шеберлік%	apertium	outside-alphabet:%
шегендеп%	apertium	outside-alphabet:%
шегерiм	apertium	mixed-script
шекпен-	kazdict	edge-punctuation
шектен%	apertium	outside-alphabet:%
шемекі//шемеңкі	kazdict	outside-alphabet:/
шеміршек%	apertium	outside-alphabet:%
шерик	kazdict	translit-of:шерік
шермаш//шермеш	kazdict	outside-alphabet:/
шертіп%	apertium	outside-alphabet:%
шерәлі//шерғали	kazdict	outside-alphabet:/
шет-жебірлеп//шет-шепірлеп	kazdict	outside-alphabet:/
шетел%	apertium	outside-alphabet:%
шеткі%	apertium	outside-alphabet:%
шинелісу//шиенелісу	kazdict	outside-alphabet:/
шифрді%	apertium	outside-alphabet:%
шифрын%	apertium	outside-alphabet:%
шолпьі-	kazdict	edge-punctuation
шомелей	kazdict	translit-of:шөмелей
шомшек	kazdict	translit-of:шөмшек
шомылу%	apertium	outside-alphabet:%
шонданай%	apertium	outside-alphabet:%
шотаяқпен%	apertium	outside-alphabet:%
шошақ%	apertium	outside-alphabet:%
шошқа%	apertium	outside-alphabet:%
шоғаяқ//шоқаяқ	kazdict	outside-alphabet:/
шоқпар-	kazdict	edge-punctuation
шоң-	kazdict	edge-punctuation
штаб-пәтер%	apertium	outside-alphabet:%
шу%	apertium	outside-alphabet:%
шу`ла`ан	kazdict	outside-alphabet:`
шуп	apertium	translit-of:шұп
шыбжық//шыбыжық	kazdict	outside-alphabet:/
шыби//шіби	kazdict	outside-alphabet:/
шылбыр-	kazdict	edge-punctuation
шылым%	apertium	outside-alphabet:%
шымшыру//шымшуыр	kazdict	outside-alphabet:/
шымылдық-	kazdict	edge-punctuation
шымқай%	apertium	outside-alphabet:%
шын%	apertium	outside-alphabet:%
шыны%	apertium	outside-alphabet:%
шынына%	apertium	outside-alphabet:%
шырын%	apertium	outside-alphabet:%
шырышты%	apertium	outside-alphabet:%
шыға%	apertium	outside-alphabet:%
шығай-	kazdict	edge-punctuation
шығайдың%	apertium	outside-alphabet:%
шығармашылық%	apertium	outside-alphabet:%
шығарып%	apertium	outside-alphabet:%
шығын%	apertium	outside-alphabet:%
шығып%	apertium	outside-alphabet:%
шығыс%	apertium	outside-alphabet:%
шікідей//шікедей	kazdict	outside-alphabet:/
шілде2	kazdict	outside-alphabet:2
шірік%	apertium	outside-alphabet:%
шіріп%	apertium	outside-alphabet:%
шіңгіршік//шіңгіршек	kazdict	outside-alphabet:/
шүбалжаң//шүбалшаң	kazdict	outside-alphabet:/
шүбын//шобын	kazdict	outside-alphabet:/
шүкей//шүкейт	kazdict	outside-alphabet:/
шүлен-	kazdict	edge-punctuation
шүрек//шөрек	kazdict	outside-alphabet:/
шұбат-	kazdict	edge-punctuation
шәкірт%	apertium	outside-alphabet:%
шәлі-	kazdict	edge-punctuation
шәрбат%	apertium	outside-alphabet:%
шәршәу//шәршеу	kazdict	outside-alphabet:/
шәңгіш//шәңкіш	kazdict	outside-alphabet:/
шөгел-	kazdict	edge-punctuation
шөгіре//шөбіре	kazdict	outside-alphabet:/
шөжіңке//шөшіңке	kazdict	outside-alphabet:/
шөншік//үшеншік	kazdict	outside-alphabet:/
щаулы//шәулі	kazdict	outside-alphabet:/
ыдырап%	apertium	outside-alphabet:%
ыксан	baseline,kazdict	translit-of:ықсан
ылғал%	apertium	outside-alphabet:%
ынтық%	apertium	outside-alphabet:%
ынтық1	kazdict	outside-alphabet:1
ырым-	kazdict	edge-punctuation
ырғызбай-	kazdict	edge-punctuation
ыс%	apertium	outside-alphabet:%
ыстан//ыштан//штан//стан	kazdict	outside-alphabet:/
ыстықтап%	apertium	outside-alphabet:%
ытпию//ыттию	kazdict	outside-alphabet:/
ышқы//ішкі	kazdict	outside-alphabet:/
ышқын//шүкір	kazdict	outside-alphabet:/
ық1	kazdict	outside-alphabet:1
ықпал%	apertium	outside-alphabet:%
ықыласты%	apertium	outside-alphabet:%
эвфемизм-	kazdict	edge-punctuation
экваторлық%	apertium	outside-alphabet:%
экон.	apertium	outside-alphabet:.
экономикалық%	apertium	outside-alphabet:%
эксперимент%	apertium	outside-alphabet:%
экспромт-	kazdict	edge-punctuation
эксцедент-s	kazdict	mixed-script
электр%	apertium	outside-alphabet:%
электрондық%	apertium	outside-alphabet:%
эллипсис-	kazdict	edge-punctuation
эль%	apertium	outside-alphabet:%
эпизод-	kazdict	edge-punctuation
эпикалық%	apertium	outside-alphabet:%
эпилог-	kazdict	edge-punctuation
эпитет-	kazdict	edge-punctuation
эпопея-	kazdict	edge-punctuation
этимология-	kazdict	edge-punctuation
этникалық%	apertium	outside-alphabet:%
я%	apertium	outside-alphabet:%
янв.	apertium	outside-alphabet:.
іnтrаnет-сеть	kazdict	mixed-script
іnтеrnет-кафе	kazdict	mixed-script
іnтеrnет-провайдер	kazdict	mixed-script
ізге%	apertium	outside-alphabet:%
ізгі%	apertium	outside-alphabet:%
ізшіл%	apertium	outside-alphabet:%
ізіне%	apertium	outside-alphabet:%
ілгері%	apertium	outside-alphabet:%
ілесе%	apertium	outside-alphabet:%
ілесіп%	apertium	outside-alphabet:%
ілу-	kazdict	edge-punctuation
ілігіп%	apertium	outside-alphabet:%
ілік%	apertium	outside-alphabet:%
іліп%	apertium	outside-alphabet:%
індігеш//індікеш	kazdict	outside-alphabet:/
ірі%	apertium	outside-alphabet:%
іс%	apertium	outside-alphabet:%
іске%	apertium	outside-alphabet:%
істей%	apertium	outside-alphabet:%
істеп%	apertium	outside-alphabet:%
ісініп%	apertium	outside-alphabet:%
ісіп%	apertium	outside-alphabet:%
іш%	apertium	outside-alphabet:%
ішке%	apertium	outside-alphabet:%
ішкі%	apertium	outside-alphabet:%
іште%	apertium	outside-alphabet:%
іші%	apertium	outside-alphabet:%
ішік-	kazdict	edge-punctuation
ішіне%	apertium	outside-alphabet:%
ғ.	apertium	outside-alphabet:.
ғ.с.	apertium	outside-alphabet:.
ғ¥лам	kazdict	outside-alphabet:¥
ғаýýас	kazdict	outside-alphabet:ý
ғаýға	kazdict	outside-alphabet:ý
ғазир//ғазирату	kazdict	outside-alphabet:/
ғайни//ғайния	kazdict	outside-alphabet:/
ғайып%	apertium	outside-alphabet:%
ғайып²	kazdict	outside-alphabet:²
ғаллім-ғаллім//һілеп-һілеп	kazdict	outside-alphabet:/
ғаппар//қаффар	kazdict	outside-alphabet:/
ғара`иб	kazdict	outside-alphabet:`
ғарыш%	apertium	outside-alphabet:%
ғафу%	apertium	outside-alphabet:%
ғашық%	apertium	outside-alphabet:%
ғаяр%	apertium	outside-alphabet:%
ғәýға	kazdict	outside-alphabet:ý
қ.	apertium	outside-alphabet:.
қ¥р¥лды	kazdict	outside-alphabet:¥
қа`ил	kazdict	outside-alphabet:`
қабақ%	apertium	outside-alphabet:%
қабыл%	apertium	outside-alphabet:%
қабылдана%	apertium	outside-alphabet:%
қабылдау%	apertium	outside-alphabet:%
қабырғалық%	apertium	outside-alphabet:%
қабырғамен%	apertium	outside-alphabet:%
қабырғаның%	apertium	outside-alphabet:%
қабық%	apertium	outside-alphabet:%
қадағалап%	apertium	outside-alphabet:%
қадыр%	apertium	outside-alphabet:%
қадірлі%	apertium	outside-alphabet:%
қажет%	apertium	outside-alphabet:%
қажетіне%	apertium	outside-alphabet:%
қажы-	kazdict	edge-punctuation
қаза%	apertium	outside-alphabet:%
қазақ%	apertium	outside-alphabet:%
қазып%	apertium	outside-alphabet:%
қазіргі%	apertium	outside-alphabet:%
қайда%	apertium	outside-alphabet:%
қайдар//хайдар	kazdict	outside-alphabet:/
қайнап%	apertium	outside-alphabet:%
қайнар%	apertium	outside-alphabet:%
қайнаға-	kazdict	edge-punctuation
қайнаған%	apertium	outside-alphabet:%
қайны-	kazdict	edge-punctuation
қайта%	apertium	outside-alphabet:%
қайтыс%	apertium	outside-alphabet:%
қайынбике-	kazdict	edge-punctuation
қайыр-шиыр1	kazdict	outside-alphabet:1
қайырлы%	apertium	outside-alphabet:%
қайғы%	apertium	outside-alphabet:%
қайғысына%	apertium	outside-alphabet:%
қал`а	kazdict	outside-alphabet:`
қала%	apertium	outside-alphabet:%
қаланың%	apertium	outside-alphabet:%
қалақайға%	apertium	outside-alphabet:%
қалмақ%	apertium	outside-alphabet:%
қалпына%	apertium	outside-alphabet:%
қалыпты%	apertium	outside-alphabet:%
қалыпқа%	apertium	outside-alphabet:%
қалыңдық-	kazdict	edge-punctuation
қалыңмал-	kazdict	edge-punctuation
қалғып%	apertium	outside-alphabet:%
қам%	apertium	outside-alphabet:%
қама%	apertium	outside-alphabet:%
қамтама%	apertium	outside-alphabet:%
қамтамасыз%	apertium	outside-alphabet:%
қамшы-	kazdict	edge-punctuation
қамын%	apertium	outside-alphabet:%
қамқор%	apertium	outside-alphabet:%
қан%	apertium	outside-alphabet:%
қанат%	apertium	outside-alphabet:%
қандауыр%	apertium	outside-alphabet:%
қанды%	apertium	outside-alphabet:%
қанжыға-	kazdict	edge-punctuation
қани‘	kazdict	outside-alphabet:‘
қанмен%	apertium	outside-alphabet:%
қапсырма%	apertium	outside-alphabet:%
қаптап%	apertium	outside-alphabet:%
қар%	apertium	outside-alphabet:%
қара%	apertium	outside-alphabet:%
қарабатыр-	kazdict	edge-punctuation
қарама-қарсы%	apertium	outside-alphabet:%
қарап%	apertium	outside-alphabet:%
қарашегір-	kazdict	edge-punctuation
қарашығын-	kazdict	edge-punctuation
қарағайлы%	apertium	outside-alphabet:%
қарақалпақ%	apertium	outside-alphabet:%
қаржыға%	apertium	outside-alphabet:%
қари-	kazdict	edge-punctuation
қарлығып%	apertium	outside-alphabet:%
қарма3	kazdict	outside-alphabet:3
қармақ%	apertium	outside-alphabet:%
қарсы%	apertium	outside-alphabet:%
қарсылық%	apertium	outside-alphabet:%
қартайып%	apertium	outside-alphabet:%
қаршыға-	kazdict	edge-punctuation
қары3	kazdict	outside-alphabet:3
қарыз%	apertium	outside-alphabet:%
қарызға%	apertium	outside-alphabet:%
қарғып%	apertium	outside-alphabet:%
қарқылдап%	apertium	outside-alphabet:%
қасиетті%	apertium	outside-alphabet:%
қастық%	apertium	outside-alphabet:%
қасында%	apertium	outside-alphabet:%
қасірет%	apertium	outside-alphabet:%
қатар%	apertium	outside-alphabet:%
қатаң%	apertium	outside-alphabet:%
қате%	apertium	outside-alphabet:%
қатерлі%	apertium	outside-alphabet:%
қатты%	apertium	outside-alphabet:%
қаттырақ%	apertium	outside-alphabet:%
қатыc	apertium	mixed-script
қатып%	apertium	outside-alphabet:%
қаулы%	apertium	outside-alphabet:%
қаурампаш//қаурапаш	kazdict	outside-alphabet:/
қауіп%	apertium	outside-alphabet:%
қауіп-қатерге%	apertium	outside-alphabet:%
қауға-	kazdict	edge-punctuation
қашама-	kazdict	edge-punctuation
қашан%	apertium	outside-alphabet:%
қашып%	apertium	outside-alphabet:%
қағаз%	apertium	outside-alphabet:%
қағушы-	kazdict	edge-punctuation
қағып%	apertium	outside-alphabet:%
қағыс%	apertium	outside-alphabet:%
қақ%	apertium	outside-alphabet:%
қимылдап%	apertium	outside-alphabet:%
қисаметдин//хисаметдин	kazdict	outside-alphabet:/
қисса-	kazdict	edge-punctuation
қисық%	apertium	outside-alphabet:%
қит%	apertium	outside-alphabet:%
қитабан-	kazdict	edge-punctuation
қиысып%	apertium	outside-alphabet:%
қия-құ3	kazdict	outside-alphabet:3
қиял-	kazdict	edge-punctuation
қиянат%	apertium	outside-alphabet:%
қиғаш%	apertium	outside-alphabet:%
қобы3	kazdict	outside-alphabet:3
қоза-	kazdict	edge-punctuation
қоза3	kazdict	outside-alphabet:3
қозғалып%	apertium	outside-alphabet:%
қозғап%	apertium	outside-alphabet:%
қойып%	apertium	outside-alphabet:%
қойып//қойұп	kazdict	outside-alphabet:/
қол%	apertium	outside-alphabet:%
қола%	apertium	outside-alphabet:%
қолдан%	apertium	outside-alphabet:%
қолма-қол%	apertium	outside-alphabet:%
қолмен%	apertium	outside-alphabet:%
қолтық%	apertium	outside-alphabet:%
қолға%	apertium	outside-alphabet:%
қолөнермен%	apertium	outside-alphabet:%
қонақ%	apertium	outside-alphabet:%
қоныс%	apertium	outside-alphabet:%
қопарылғыш%	apertium	outside-alphabet:%
қор%	apertium	outside-alphabet:%
қорапқа%	apertium	outside-alphabet:%
қоршап%	apertium	outside-alphabet:%
қорытындылаушы%	apertium	outside-alphabet:%
қорған%	apertium	outside-alphabet:%
қорғап%	apertium	outside-alphabet:%
қорқыныш%	apertium	outside-alphabet:%
қорқытып%	apertium	outside-alphabet:%
қос%	apertium	outside-alphabet:%
қос-	kazdict	edge-punctuation
қоса%	apertium	outside-alphabet:%
қосалқы%	apertium	outside-alphabet:%
қосбөлмелі%	apertium	outside-alphabet:%
қосылған%	apertium	outside-alphabet:%
қосымша%	apertium	outside-alphabet:%
қосып%	apertium	outside-alphabet:%
қош%	apertium	outside-alphabet:%
қош1	kazdict	outside-alphabet:1
қошамет%	apertium	outside-alphabet:%
қоя%	apertium	outside-alphabet:%
қоян-қолтық%	apertium	outside-alphabet:%
қоғамға%	apertium	outside-alphabet:%
қоқыс%	apertium	outside-alphabet:%
қоңыр%	apertium	outside-alphabet:%
қоңырау%	apertium	outside-alphabet:%
қурап%	apertium	outside-alphabet:%
қуып%	apertium	outside-alphabet:%
қуыр1	kazdict	outside-alphabet:1
қуырылған%	apertium	outside-alphabet:%
қуыс%	apertium	outside-alphabet:%
қыз%	apertium	outside-alphabet:%
қызарып%	apertium	outside-alphabet:%
қызмет%	apertium	outside-alphabet:%
қызметтен%	apertium	outside-alphabet:%
қызу%	apertium	outside-alphabet:%
қызыл%	apertium	outside-alphabet:%
қызылкүрең%	apertium	outside-alphabet:%
қызылша%	apertium	outside-alphabet:%
қызып%	apertium	outside-alphabet:%
қызықтырып%	apertium	outside-alphabet:%
қызғыштай%	apertium	outside-alphabet:%
қылт%	apertium	outside-alphabet:%
қылыш-	kazdict	edge-punctuation
қылқан%	apertium	outside-alphabet:%
қымыз-	kazdict	edge-punctuation
қынап1	kazdict	outside-alphabet:1
қыр1	kazdict	outside-alphabet:1
қыран1	kazdict	outside-alphabet:1
қырым1	kazdict	outside-alphabet:1
қырғы1	kazdict	outside-alphabet:1
қырғыз%	apertium	outside-alphabet:%
қырқынды1	kazdict	outside-alphabet:1
қыстау-	kazdict	edge-punctuation
қысымды%	apertium	outside-alphabet:%
қысқы%	apertium	outside-alphabet:%
қысқыш%	apertium	outside-alphabet:%
қытайбўршақ	kazdict	outside-alphabet:ў
қыша%	apertium	outside-alphabet:%
қышқыл%	apertium	outside-alphabet:%
құбылған%	apertium	outside-alphabet:%
құдайға%	apertium	outside-alphabet:%
құймақ-	kazdict	edge-punctuation
құйқылжыған%	apertium	outside-alphabet:%
құл%	apertium	outside-alphabet:%
құл-	kazdict	edge-punctuation
құлабесті-	kazdict	edge-punctuation
құлап%	apertium	outside-alphabet:%
құлатып%	apertium	outside-alphabet:%
құлақ%	apertium	outside-alphabet:%
құлақты%	apertium	outside-alphabet:%
құлаққа%	apertium	outside-alphabet:%
құлшылық%	apertium	outside-alphabet:%
құма-	kazdict	edge-punctuation
құмар%	apertium	outside-alphabet:%
құнажын-	kazdict	edge-punctuation
құныкер-	kazdict	edge-punctuation
құр%	apertium	outside-alphabet:%
құрамда%	apertium	outside-alphabet:%
құрамын%	apertium	outside-alphabet:%
құрамында%	apertium	outside-alphabet:%
құрбан%	apertium	outside-alphabet:%
құрмет%	apertium	outside-alphabet:%
құрсақ%	apertium	outside-alphabet:%
құрсақтың%	apertium	outside-alphabet:%
құртақандай%	apertium	outside-alphabet:%
құрып%	apertium	outside-alphabet:%
құс%	apertium	outside-alphabet:%
құтымсы3	kazdict	outside-alphabet:3
құтқарғыш%	apertium	outside-alphabet:%
құшақтап%	apertium	outside-alphabet:%
құшыр-	kazdict	edge-punctuation
құю%	apertium	outside-alphabet:%
үде//үдде	kazdict	outside-alphabet:/
үздік%	apertium	outside-alphabet:%
үзеңгі-	kazdict	edge-punctuation
үзіліп%	apertium	outside-alphabet:%
үзіп%	apertium	outside-alphabet:%
үй%	apertium	outside-alphabet:%
үйге%	apertium	outside-alphabet:%
үйездеу-	kazdict	edge-punctuation
үйлену%	apertium	outside-alphabet:%
үйретіп%	apertium	outside-alphabet:%
үйірмен%	apertium	outside-alphabet:%
үкі-	kazdict	edge-punctuation
үлес%	apertium	outside-alphabet:%
үлестіріп%	apertium	outside-alphabet:%
үн%	apertium	outside-alphabet:%
үндемей%	apertium	outside-alphabet:%
үнсіз%	apertium	outside-alphabet:%
үр//һүр//хор	kazdict	outside-alphabet:/
үстем%	apertium	outside-alphabet:%
үстінен%	apertium	outside-alphabet:%
үсік%	apertium	outside-alphabet:%
үш%	apertium	outside-alphabet:%
үңіле%	apertium	outside-alphabet:%
ұзап%	apertium	outside-alphabet:%
ұзақ%	apertium	outside-alphabet:%
ұзақмерзімді%	apertium	outside-alphabet:%
ұзын%	apertium	outside-alphabet:%
ұйықтап%	apertium	outside-alphabet:%
ұйқта//ұйықта	kazdict	outside-alphabet:/
ұйқы%	apertium	outside-alphabet:%
ұлт%	apertium	outside-alphabet:%
ұлы%	apertium	outside-alphabet:%
ұлықтық%	apertium	outside-alphabet:%
ұнтақ%	apertium	outside-alphabet:%
ұран-	kazdict	edge-punctuation
ұранқай-	kazdict	edge-punctuation
ұрлап%	apertium	outside-alphabet:%
ұршықтық%	apertium	outside-alphabet:%
ұрып%	apertium	outside-alphabet:%
ұста%	apertium	outside-alphabet:%
ұстап%	apertium	outside-alphabet:%
ұстаса%	apertium	outside-alphabet:%
ұстасып%	apertium	outside-alphabet:%
ұсынe	apertium	mixed-script
ұсыныс%	apertium	outside-alphabet:%
ұтып%	apertium	outside-alphabet:%
ұшу-отырыс%	apertium	outside-alphabet:%
ұшып%	apertium	outside-alphabet:%
ұшырып%	apertium	outside-alphabet:%
ұялы%	apertium	outside-alphabet:%
ұятты%	apertium	outside-alphabet:%
ұятқа%	apertium	outside-alphabet:%
ұқсас%	apertium	outside-alphabet:%
һуýа	kazdict	outside-alphabet:ý
һәýа	kazdict	outside-alphabet:ý
һәргез/һәркез	kazdict	outside-alphabet:/
әбiшев	apertium	mixed-script
әбден%	apertium	outside-alphabet:%
әбүйір//әбиүр	kazdict	outside-alphabet:/
әгәшшл//әгешшл	kazdict	outside-alphabet:/
әдемі%	apertium	outside-alphabet:%
әдет-ұрып//әдет-үріп	kazdict	outside-alphabet:/
әдеттегі%	apertium	outside-alphabet:%
әжі2	kazdict	outside-alphabet:2
әжәт//әжет	kazdict	outside-alphabet:/
әзіл%	apertium	outside-alphabet:%
әзіл-	kazdict	edge-punctuation
әзір%	apertium	outside-alphabet:%
әйбат//әйбәт	kazdict	outside-alphabet:/
әйел%	apertium	outside-alphabet:%
әйелдік%	apertium	outside-alphabet:%
әййем//әйем	kazdict	outside-alphabet:/
әйткенмен//әйткенменен	kazdict	outside-alphabet:/
әйтсе%	apertium	outside-alphabet:%
әке%	apertium	outside-alphabet:%
әке//әке-ау	kazdict	outside-alphabet:/
әкеліп%	apertium	outside-alphabet:%
әкке//әккі	kazdict	outside-alphabet:/
әкімқан%	apertium	outside-alphabet:%
әл-уида‘	kazdict	outside-alphabet:‘
әл-қари‘ат	kazdict	outside-alphabet:‘
әлей//алай	kazdict	outside-alphabet:/
әлем%	apertium	outside-alphabet:%
әлме-һәл//әлме-әл	kazdict	outside-alphabet:/
әлуөләнг//тәппәзи	kazdict	outside-alphabet:/
әлі%	apertium	outside-alphabet:%
әм//ам	kazdict	outside-alphabet:/
әмата//әмдайы	kazdict	outside-alphabet:/
әмпай//әмпәй	kazdict	outside-alphabet:/
әмір%	apertium	outside-alphabet:%
әмір//әмірә	kazdict	outside-alphabet:/
әмәже//әммама	kazdict	outside-alphabet:/
ән%	apertium	outside-alphabet:%
ән-	kazdict	edge-punctuation
әнжімә//әнжіме	kazdict	outside-alphabet:/
әнші%	apertium	outside-alphabet:%
әпкеш/апкеш	kazdict	outside-alphabet:/
әр%	apertium	outside-alphabet:%
әребек//арабек	kazdict	outside-alphabet:/
әрекет%	apertium	outside-alphabet:%
әрекеттеніп%	apertium	outside-alphabet:%
әрең%	apertium	outside-alphabet:%
әсеки//әсекі	kazdict	outside-alphabet:/
әсер%	apertium	outside-alphabet:%
әскери%	apertium	outside-alphabet:%
әскери-теңіз%	apertium	outside-alphabet:%
әскері//әскер	kazdict	outside-alphabet:/
әсірелеу-	kazdict	edge-punctuation
әтеуер//әтуйер	kazdict	outside-alphabet:/
әтешкі//әтішкі	kazdict	outside-alphabet:/
әттегенай//әттең	kazdict	outside-alphabet:/
әтчі-тұщы//әтчімә-түщі	kazdict	outside-alphabet:/
әтчі//әтші	kazdict	outside-alphabet:/
әтішкір//әтішкүр	kazdict	outside-alphabet:/
әтішқұты//әтішзат	kazdict	outside-alphabet:/
әуе%	apertium	outside-alphabet:%
әукей//әукейі	kazdict	outside-alphabet:/
әулие%	apertium	outside-alphabet:%
әуре-сәрсең//әуре-сарсаң	kazdict	outside-alphabet:/
әше//әші	kazdict	outside-alphabet:/
әшкел-дәшкел//әшкел-тәшкел	kazdict	outside-alphabet:/
әң//өң	kazdict	outside-alphabet:/
әңкүш//әңгіш	kazdict	outside-alphabet:/
өгей%	apertium	outside-alphabet:%
өзара%	apertium	outside-alphabet:%
өзбек%	apertium	outside-alphabet:%
өздігінен%	apertium	outside-alphabet:%
өзен%	apertium	outside-alphabet:%
өзі%	apertium	outside-alphabet:%
өзін-өзі%	apertium	outside-alphabet:%
өкше%	apertium	outside-alphabet:%
өкінішке%	apertium	outside-alphabet:%
өлгеннен%	apertium	outside-alphabet:%
өлке%	apertium	outside-alphabet:%
өлшем%	apertium	outside-alphabet:%
өлшеуіш%	apertium	outside-alphabet:%
өлі%	apertium	outside-alphabet:%
өлім%	apertium	outside-alphabet:%
өлімші%	apertium	outside-alphabet:%
өліп%	apertium	outside-alphabet:%
өм//үм	kazdict	outside-alphabet:/
өмір%	apertium	outside-alphabet:%
өмірдің%	apertium	outside-alphabet:%
өмір–керуен	kazdict	outside-alphabet:–
өндіріп%	apertium	outside-alphabet:%
өнер%	apertium	outside-alphabet:%
өнім%	apertium	outside-alphabet:%
өре-	kazdict	edge-punctuation
өрелеу-	kazdict	edge-punctuation
өрмек%	apertium	outside-alphabet:%
өрмекші%	apertium	outside-alphabet:%
өрмелеп%	apertium	outside-alphabet:%
өрт%	apertium	outside-alphabet:%
өртеніп%	apertium	outside-alphabet:%
өртеп%	apertium	outside-alphabet:%
өртке%	apertium	outside-alphabet:%
өріп%	apertium	outside-alphabet:%
өріс%	apertium	outside-alphabet:%
өсек%	apertium	outside-alphabet:%
өсімдік-	kazdict	edge-punctuation
өт%	apertium	outside-alphabet:%
өте%	apertium	outside-alphabet:%
өтемағамбет//өтемұхамбет	kazdict	outside-alphabet:/
өткен%	apertium	outside-alphabet:%
өткізушілік%	apertium	outside-alphabet:%
өткізіп%	apertium	outside-alphabet:%
өтініш%	apertium	outside-alphabet:%
өтіп%	apertium	outside-alphabet:%
өшіріп%	apertium	outside-alphabet:%
өң%	apertium	outside-alphabet:%
№	apertium	outside-alphabet:№
