# form	track	verbal-weight	nominal-weight — tools/tracks.py
# for entries with no part of speech. An entry not listed here keeps
# both tracks, because the books do not say which one it is on.
абайлат	v	6	0
абайлау	n	0	9
абайлағыштық	n	0	2
абайтану	n	4	41
абайым	n	3	5
абак	v	4	0
абалан	v	4	0
абалас	v	2	0
абалат	v	25	0
абан	n	0	6
абас	n	0	7
абаттандыр	v	8	0
абаттандыру	n	0	6
абдал	n	0	27
абдәсте	n	0	2
аби	n	0	6
абитуриент	n	0	14
абстракционизм	n	0	5
абстракцияла	v	15	0
абстракциялан	v	59	0
абстракциялану	n	2	5
абхаздық	n	0	2
абый	n	0	2
абыр	n	0	5
абырай	n	0	2
абыржыту	n	0	5
авантюра	n	0	41
аватар	n	0	2
автогараж	n	0	2
автограф	n	2	19
авторлары	n	0	170
авторы	n	0	223
автохтон	v	13	3
ага	n	3	40
аграфия	n	0	2
агротехника	n	0	30
ад	n	46	651
адад	n	0	2
адамбаев	n	0	6
адамдар	n	1254	5789
адамды	n	0	2
адамзатты	n	0	2
адамизат	n	0	4
адамсымақ	n	2	14
адасу	n	19	317
адасқан	n	37	403
адат	v	21	7
администрация	n	0	4
адресант	n	0	2
ады	n	0	11
адымдау	n	0	4
адын	n	0	2
ажаб	n	0	2
ажарландыру	n	0	2
ажарлану	n	0	6
ажарлау	n	0	11
ажарын	n	0	43
ажыр	v	71	0
ажырасу	n	6	80
ажырау	n	6	59
ажыраң	n	0	3
азаб	n	0	709
азабын	n	0	30
азад	n	0	105
азайтылу	n	0	4
азайып	v	29	0
азалау	n	0	2
азали	n	0	3
азаматтар	n	254	1202
азаматтары	n	0	319
азанбек	n	0	2
азапталу	n	0	2
азаптану	n	2	19
азарлан	v	11	0
азаттығы	n	0	27
азау	n	8	14
азаюы	n	0	14
азбас	n	0	15
аздырып	v	4	0
аздығы	n	0	22
азиз	n	2	11
азим	v	4	0
азимат	v	2	0
азна	v	4	0
азын	v	27	13
азыну	n	0	2
азып	v	8	0
азығ	n	9	477
азықтандыру	n	3	11
азықтану	n	0	5
азғындану	n	0	2
азғындату	n	0	6
азғырып	v	11	0
аи	n	2	14
айал	n	2	3
айат	v	2	0
айағ	n	0	7
айақ	n	2	5
айақын	n	0	2
айб	v	346	5
айбибі	n	0	2
айван	n	0	6
айдалу	n	2	37
айдарлым	v	16	0
айдарын	n	0	15
айдату	n	3	18
айдатқыз	v	4	0
айдағанымыз	n	0	2
айдағы	n	0	4
айдақ	v	2	0
айды	n	0	305
айдыны	n	0	46
айдынғали	n	0	2
айлана	v	13	0
айланба	v	8	0
айландыр	v	94	0
айлар	n	26	397
айлығын	n	0	26
айлықтар	n	0	4
айма	n	4	35
аймалау	n	0	42
аймақтарын	n	0	208
айн	v	411	25
айнакөл	n	4	28
айналас	n	9	803
айналды	n	0	2
айналдырушы	n	0	6
айналдырған	n	20	135
айналмақ	n	3	6
айналсоқтат	v	4	0
айналушы	n	0	3
айналуы	n	0	86
айналымдар	n	6	21
айналымдары	n	0	4
айналымын	n	0	19
айналып	v	273	2
айналысатын	n	0	69
айналыстыр	v	2	0
айналысушы	n	0	16
айналған	n	17	694
айнасы	n	0	27
айнаш	n	4	33
айни	v	78	14
айну	n	0	21
айнымай	v	260	2
айнымал	n	0	95
айнытпай	v	6	0
айнығыш	n	0	2
айрауық	n	2	15
айрылу	n	8	162
айрылып	v	42	10
айрылысу	n	6	39
айрылған	n	4	214
айсәуле	n	0	10
айта	v	2123	1357
айтады	n	0	5
айтайын	n	0	2
айталы	n	0	2
айтан	n	3	18
айтар	n	15	1615
айтарым	v	223	13
айтат	n	0	2
айтатын	n	29	607
айтақтау	n	0	3
айтолды	n	0	13
айтпай	v	868	108
айтпағым	v	12	6
айтса	n	0	11
айтсам	n	0	4
айтта	v	6	0
айтты	n	0	38
айттыру	n	4	72
айттырушы	n	0	4
айттырыл	v	57	0
айтушысы	n	0	7
айтыла	v	813	0
айтылатын	n	2	91
айтылатынын	n	0	2
айтылу	n	5	413
айтылуы	n	0	35
айтылым	n	10	62
айтылып	v	65	0
айтып	v	754	19
айтыса	v	185	18
айтыскер	n	0	23
айтыстар	n	37	238
айтыстыр	v	59	0
айтыстың	n	0	2
айтысу	n	14	163
айтысушы	n	0	11
айтысы	n	0	72
айтысып	v	29	0
айтысқа	n	0	57
айтысқан	n	3	147
айтық	v	2	0
айтқан	n	458	4797
айтқаны	n	2	385
айтқаным	v	438	197
айтқанын	n	2	98
айтқаң	n	0	14
айтқыш	n	4	51
айтұр	n	0	8
айуаншылық	n	0	2
айхай	n	0	2
айш	n	4	8
айшықта	v	43	0
айшықтал	v	100	0
айшықталу	n	0	3
айшықтары	n	0	11
айы	n	0	838
айыбы	n	0	49
айыппұлдар	n	2	3
айыптар	n	18	70
айыптаушылар	n	0	12
айыра	v	305	4
айырла	v	2	0
айырмаш	n	0	11
айырмашылықтарын	n	0	10
айырмақ	n	0	12
айырмыс	n	2	4
айырып	v	25	2
айырысу	n	7	28
айырысулар	n	0	2
айырықша	n	0	3
айырқалпақ	n	0	2
айыш	v	2	0
айығу	n	6	38
айықпас	n	0	10
айықпау	n	0	2
айықтыру	n	0	10
айғайлау	n	0	28
айғағы	n	0	29
айғақтар	n	50	182
айғақтау	n	4	23
айғақтылық	n	0	3
айғыздат	v	2	0
айғырлар	n	29	55
айқайлап	v	33	2
айқайласу	n	0	2
айқайлау	n	9	90
айқалас	v	15	0
айқап	n	5	58
айқастыру	n	0	6
айқындалу	n	2	71
айқындалған	n	0	11
айқындан	v	13	0
айқындау	n	39	325
айқындылығы	n	0	23
ака	n	0	21
академигі	n	0	3
акация	n	0	7
аккумуляцияла	v	3	0
аккумуляциялан	v	2	0
акрам	n	0	4
акс	v	43	0
аксар	n	0	2
активтену	n	0	4
активтер	n	6	29
актілен	v	2	0
актілер	n	21	103
актілері	n	0	30
актілерін	n	0	11
актісін	n	0	36
акупунктура	n	0	2
акушерл	v	7	0
акциденция	n	6	103
алады	n	0	13
алакеугім	n	0	3
алакөбе	n	0	12
алакөбең	n	0	8
алал	n	25	165
алалау	n	11	20
алалдық	n	2	4
алам	n	6	16
алама	n	4	29
аларту	n	3	20
аласалау	n	0	2
аласан	n	0	26
аласталу	n	0	24
алат	n	2	3
алатай	n	3	10
алатын	n	80	722
алатыны	n	0	32
алатынын	n	0	17
алақ	n	4	9
алақай	n	2	11
алақайлау	n	0	3
алақтау	n	0	10
алаңдары	n	0	31
алаңдарын	n	0	53
алаңдау	n	3	102
алаңы	n	0	111
алаңыт	v	2	0
алба	v	76	13
албыр	v	12	2
алд	n	424	4699
алдаберген	n	4	17
алдады	n	0	2
алдай	v	299	4
алдамыш	n	0	4
алданазар	n	0	9
алдандыру	n	0	5
алдап	v	41	0
алдарқату	n	4	24
алдастыр	v	9	0
алдасу	n	0	4
алдаусырат	v	122	0
алдаусырату	n	0	16
алдаш	n	0	16
алдым	n	151	1103
алдына	n	0	3
алдындағы	n	32	95
алдырмай	v	107	0
алдырту	n	0	11
алдыру	n	15	128
алдырыл	v	65	0
алдысы	n	0	4
алжастыру	n	0	2
алжасу	n	0	17
аллам	n	3	15
алло	v	4	0
алмады	n	0	7
алмай	v	2266	494
алмайды	n	0	3
алмайсың	n	0	199
алмайтын	n	20	559
алмаса	v	108	2
алмасуы	n	0	32
алмауы	n	0	59
алмаған	n	64	942
алп	n	5	16
алса	n	0	6
алсақ	n	0	3
алсаң	n	0	130
алтайы	n	0	32
алтау	n	10	308
алулар	n	5	92
алушылар	n	33	189
алуы	n	0	250
алуын	n	0	97
алшақтату	n	0	10
алшақтау	n	8	39
алшаңдау	n	0	2
алыбы	n	0	25
алынатын	n	0	40
алынбауы	n	0	3
алыну	n	4	341
алынуы	n	0	41
алынып	v	83	0
алынған	n	15	324
алынғандар	n	7	39
алыпты	n	0	2
алыстату	n	0	15
алыстау	n	4	38
алысып	v	30	0
алысқан	n	24	233
алығ	v	2	0
альтернатива	n	0	29
алғандағы	n	0	9
алғаны	n	0	243
алғанын	n	0	52
алғашқысы	n	0	54
алғырлығы	n	0	30
алғыста	v	2	0
алғыстау	n	0	2
алғышарттар	n	44	208
алқам	v	10	5
алқас	n	0	178
алқымдат	v	4	0
алқынт	v	10	0
аләйһиссалам	n	0	5
ам	v	59	9
амалдарын	n	0	7
амалдау	n	2	6
амалы	n	0	92
амандасу	n	31	136
амандау	n	0	6
аманжан	n	5	9
аманғали	n	4	19
ами	n	0	4
амнистия	n	0	2
аморф	v	25	5
амплуа	n	0	4
амс	v	3	0
анаграмма	n	0	3
анай	n	5	243
анал	v	661	35
аналар	n	159	937
анальгин	v	2	0
анарбай	n	0	6
анасы	n	0	1105
анау	n	9	86
анафора	n	0	10
анаша	n	0	7
андай	v	12	3
андас	n	0	23
андағ	n	0	107
андағы	n	0	18
ани	n	0	4
анкабин	n	0	2
анлар	n	4	24
аннал	n	0	15
аннан	n	0	20
аннас	n	0	13
анонимд	n	0	22
ансамбльдер	n	2	25
анталап	v	2	0
анталат	v	4	0
антенналар	n	0	2
антикалық	n	3	17
антиномия	n	4	54
антрепренер	n	0	2
анттасу	n	0	7
анты	n	0	23
ануар	v	2	0
аны	n	2	5
анықтай	v	325	5
анықтайтын	n	2	13
анықтала	v	338	0
анықталу	n	0	129
анықталуы	n	0	13
анықталғыш	n	0	2
анықтамалығын	n	0	6
анықтамасы	n	0	60
анықтап	v	20	0
анықтату	n	0	2
анықтауын	n	0	13
анықтылық	n	5	45
анықтығын	n	0	2
апам	n	147	288
апаратын	n	0	30
апару	n	39	243
апарылу	n	0	4
апарып	v	52	0
апарған	n	9	157
апасы	n	0	267
аполлондық	n	3	5
апологетика	n	0	6
апория	n	3	6
аптай	v	3	0
апталып	v	2	0
аптығу	n	0	7
аптықпа	v	8	3
аптықпай	v	7	0
апшыт	v	10	0
апы	n	0	6
апыр	n	44	119
апырмай	n	0	3
апырым	n	0	2
арабек	n	0	2
арабеск	v	2	0
арабеска	n	0	9
арабтандыр	v	2	0
араздастыру	n	2	6
араздасу	n	0	20
арайлану	n	0	2
арайлат	v	2	0
араластыра	v	60	0
араластыру	n	11	115
араласу	n	60	642
араласып	v	20	0
аралату	n	3	7
аралау	n	17	296
аралаш	n	0	4
аралаған	n	8	135
аралығы	n	0	48
арандау	n	0	4
арасы	n	0	686
арасындағы	n	0	30
арашалау	n	4	61
арақатынасы	n	0	33
арақатынасын	n	0	27
араң	n	13	35
арбалу	n	0	2
арбасу	n	4	66
арбаға	n	0	11
арби	v	128	4
арбитр	n	0	3
аргиллит	n	0	5
арго	n	0	6
аргонавтар	n	0	6
аргумент	n	9	69
аргументация	n	0	16
ардан	n	0	2
аренда	n	2	52
арз	v	73	20
арзандау	n	0	14
арзақ	n	0	4
ариозо	n	0	9
арис	n	0	2
аристократ	n	3	72
ариф	n	0	4
арк	v	15	5
аркадалар	n	0	2
арлану	n	2	7
арлау	n	0	2
арма	n	13	1561
армандау	n	21	109
армандаушы	n	0	2
арманы	n	0	248
арнай	n	190	1072
арналмаған	n	0	4
арналу	n	0	47
арналып	v	37	0
арнас	n	3	369
арнасын	n	0	139
арнат	v	16	0
аронұлы	n	0	3
арп	v	7	3
арпалыстыр	v	13	0
арпалысу	n	2	52
арпаң	v	4	0
арпыл	n	0	2
арсалаң	n	0	8
арсаңда	v	4	0
арси	v	19	2
арсылдас	v	8	0
арсылдат	v	14	0
арсын	n	3	16
арта	v	432	2
артады	n	0	2
артезиан	n	0	2
артефакт	n	0	8
арттағы	n	0	94
арттыра	v	151	0
арттыратын	n	0	6
арттыру	n	50	300
арттырып	v	6	0
арту	n	18	383
артуы	n	0	37
арты	n	2	262
артылдыр	v	13	0
артылу	n	0	18
артып	v	35	0
артыс	v	16	0
артықсын	v	4	0
артықтығы	n	0	6
артықша	n	0	2
аруах	v	4	0
аруақта	v	2	0
аруақтан	v	65	0
аруз	n	3	9
арула	v	27	0
арф	v	2	0
арфан	n	0	10
архетиптер	n	11	44
архивін	n	0	83
архитектоника	n	12	42
архитектурасы	n	0	27
аршындат	v	6	0
аршыс	v	5	0
арыздан	v	93	2
арызданушы	n	0	6
арыздасу	n	0	14
арызшыл	v	15	3
арызқор	n	0	2
арылда	v	18	0
арылдат	v	6	0
арылдыр	v	2	0
арылу	n	39	222
арымай	v	13	0
арындат	v	22	0
арындау	n	0	2
арып	v	14	0
арырақ	n	0	10
арығ	n	0	72
арықша	n	0	4
арың	v	141	66
арғымағым	v	3	0
арғыс	n	0	158
арқ	v	342	9
арқалану	n	0	2
арқалау	n	6	64
арқалаған	n	0	31
арқандат	v	5	0
арқандау	n	0	8
арқаулы	n	0	4
арқырат	v	29	0
асады	n	0	3
асай	v	52	0
асайыш	n	0	2
асал	n	2	11
асам	v	2	0
асанқайғы	n	0	67
асас	n	10	66
асасы	n	0	38
асаты	n	0	45
асаусы	v	5	0
аси	n	0	2
асир	n	2	10
асия	n	0	2
аскар	v	5	0
асла	n	0	10
аспай	v	425	3
аспайтын	n	0	26
аспала	v	2	0
аспандат	v	192	2
аспандау	n	0	2
аспансу	n	0	2
аспансы	v	3	0
аспас	n	0	49
аспау	n	3	105
аспауы	n	0	2
аспект	n	6	95
асрар	n	0	2
ассалаумағалейкүм	n	0	2
ассимиляциялан	v	18	0
ассимиляциялану	n	0	7
ассимиляциялау	n	0	9
ассоциациялан	v	19	0
ассоциациялану	n	0	2
аст	n	213	1914
астамсу	n	0	2
астамсы	v	24	0
астамсын	v	4	0
астан	n	8	22
астанадағы	n	0	5
астарлан	v	37	0
астарлат	v	3	0
астарын	n	0	393
астастыр	v	28	0
астастыру	n	0	2
астаулан	v	2	0
астын	n	0	2060
астындағы	n	3	112
астыр	v	94	3
асуад	n	0	4
асуы	n	0	99
асфальттал	v	15	0
асфальттан	v	8	0
асфальттау	v	2	0
асфаһан	n	2	11
асхаб	n	0	43
асылдандыр	v	71	0
асылдандыру	n	9	29
асылдыр	v	7	0
асылзат	n	16	33
асылт	v	7	0
асылтекті	n	0	2
асылу	n	5	29
асын	v	907	142
асындыр	v	20	0
асыну	n	0	12
асып	v	149	2
асырал	v	13	0
асырат	v	26	0
асыратын	n	0	28
асырмай	v	45	0
асырт	v	11	0
асыру	n	150	953
асырыл	v	795	2
асырылатын	n	0	11
асырылуы	n	0	26
асырылуын	n	0	6
асырылып	v	2	0
асырылған	n	2	20
асырған	n	6	74
асыс	v	8	2
асығ	v	1946	185
асыға	v	367	17
асығу	n	14	123
асықпау	n	8	20
асықтыру	n	0	16
асқақтату	n	2	20
асқақтау	n	3	21
асқыз	v	28	0
асқында	v	23	2
асқындау	n	0	4
асқындыру	n	0	4
асқынт	v	5	0
атады	n	0	2
аталатын	n	18	188
аталу	n	2	353
аталуы	n	0	87
аталып	v	128	0
аталған	n	4	295
атамыз	n	59	460
атандыр	v	254	0
атант	v	5	0
атану	n	6	188
атаның	v	2	0
атанған	n	2	144
атас	n	96	1205
атасақал	n	0	2
атастырыл	v	74	0
атастырылу	n	0	3
атасы	n	0	772
атат	v	24	3
ататтыр	v	4	0
атаулары	n	0	159
атаушы	n	0	10
атауы	n	0	287
атауыш	n	0	6
атаған	n	38	358
атағаны	n	0	28
атағы	n	0	179
атақтал	v	2	0
атбас	v	103	9
атбақ	v	2	0
атжалдан	v	4	0
атжарыс	n	0	2
атлары	n	0	5
атлығ	n	0	3
атлық	n	0	2
атойлас	v	5	0
атойлат	v	9	0
атойлау	n	0	2
атпай	v	125	0
аттам	v	12	2
аттанда	v	67	0
аттандас	v	7	0
аттандыру	n	15	83
аттану	n	39	342
аттар	n	405	1609
аттары	n	0	453
аттестацияла	v	6	0
аттика	n	0	36
аттың	n	0	15
атылас	n	0	3
атылатын	n	0	2
атылт	v	2	0
атылу	n	2	84
атын	n	107	216
атыр	v	305	24
атырын	v	9	0
атырған	n	0	9
атысу	n	3	66
атың	v	661	417
атқаратын	n	0	56
атқармаған	n	0	10
атқарт	v	6	0
атқару	n	65	682
атқаруын	n	0	10
атқарыл	v	507	0
атқарылмаған	n	0	4
атқарылу	n	2	59
атқарылуы	n	0	3
атқарылуын	n	0	2
атқарыс	v	26	0
атқарысу	n	0	3
атқарған	n	3	166
атқақта	v	26	0
атқызу	n	0	8
атқылас	v	10	0
атқылат	v	26	0
атқыр	n	5	24
атқыт	v	19	0
ауал	n	3	14
ауалан	v	14	0
ауд	n	64	546
ауданда	v	4	0
аудандар	n	64	543
аудандары	n	0	145
аудандастыр	v	3	0
ауданы	n	0	426
ауданындағы	n	0	2
аудара	v	491	55
аудармала	v	2	0
аударту	n	9	33
аудару	n	134	802
аударылу	n	3	116
аударылуы	n	0	10
аударылып	v	25	0
аударылған	n	0	94
аударып	v	76	0
аударыстыр	v	172	0
аударыстыру	n	0	4
аударысу	n	0	2
аударған	n	13	411
аудаң	n	0	4
аудыр	v	29	0
аузын	n	0	1070
аузындағы	v	38	8
аулад	n	0	131
аулан	n	87	136
аулас	n	8	136
аулақтату	n	0	10
аулақтатыл	v	3	0
аунап	v	10	0
аунату	n	0	6
аунау	n	4	8
аунақшыт	v	7	0
ауп	v	2	0
аурат	n	0	2
аурулар	n	136	386
аурулары	n	0	34
ауруханада	n	0	2
ауруханалар	n	8	46
ауруы	n	0	197
ауруын	n	0	3
аусарла	v	10	0
аусарлан	v	4	0
аутсайдер	n	0	2
аутсайдерлер	n	0	3
ауу	n	0	29
аууал	v	2	0
ауы	v	210	28
ауыздандыр	v	54	0
ауыздандыру	n	0	2
ауыздану	n	0	5
ауыздықтал	v	29	0
ауыздықталу	n	0	2
ауылда	n	12	65
ауылшыла	v	2	0
ауым	v	7	4
ауырлат	v	156	2
ауырлату	n	0	7
ауырмай	v	137	0
ауырсыну	n	2	20
ауырту	n	0	23
ауыру	n	9	80
ауырып	v	29	0
ауыстырт	v	2	0
ауыстырыл	v	329	0
ауыстырылуы	n	0	6
ауысуы	n	0	58
ауытқымай	v	35	0
ауытқымау	n	9	16
ауытқыт	v	25	0
ауытқыту	n	0	5
ауық	n	0	9
ауға	n	19	68
ауғанбай	n	0	2
ауғыз	v	5	2
ауқалақтат	v	2	0
ауқаттан	v	105	0
ауқаттандыр	v	13	0
ауқаттану	n	0	14
ауқаула	v	2	0
ауқымда	v	2	0
ауқымдағы	n	0	2
ауқымы	n	0	93
афақ	v	2	0
афзал	n	0	2
афоризмдер	n	2	35
афта	n	0	2
афтада	n	0	2
аха	v	55	7
ахил	n	0	3
ахират	n	0	6
ахтар	n	0	6
ахуалды	n	0	4
ахуалын	n	0	48
ахыр	n	0	3
ашалан	v	6	0
ашалы	n	0	2
ашамайла	v	2	0
ашатын	n	2	39
ашау	n	0	2
ашаңда	v	36	0
ашия	n	0	2
ашиян	n	0	4
ашна	n	0	5
ашпа	v	653	45
ашраф	v	2	0
аштыр	v	442	4
аштырмау	n	0	5
аштырып	v	6	0
аштың	n	0	8
ашуг	n	0	2
ашулана	v	152	15
ашуланбау	n	0	3
ашуландыру	n	0	7
ашулант	v	5	2
ашулану	n	6	58
ашуланыс	v	5	0
ашуы	n	0	149
ашыла	v	728	0
ашылатын	n	0	18
ашылмау	n	0	12
ашылуы	n	0	72
ашылысу	n	0	2
ашындыру	n	0	2
ашып	v	135	0
ашыр	n	50	76
ашырлық	n	0	5
ашыс	v	47	3
ашысу	n	0	3
ашыту	n	3	7
ашытыл	v	21	0
ашығ	v	310	62
ашықтан	v	2	0
ашықты	n	0	3
ашықтыр	v	48	0
ашыңқыра	v	6	0
ашқазан	n	0	2
ашқан	n	22	809
ашқарақтан	v	19	0
ашқызу	n	0	4
ашқылтым	v	2	0
ащағар	n	0	6
ащыла	v	56	0
ащылас	v	4	0
ащылат	v	2	0
ащысын	v	2	0
аэд	n	0	7
аюсы	v	2	0
аязда	v	7	2
аякс	n	0	6
аял	n	85	368
аялан	v	8	0
аялану	n	0	2
аялас	v	4	0
аялдат	v	19	3
аяну	n	2	5
аяншақта	v	2	0
аярлан	v	5	0
аярсы	v	2	0
аясы	n	0	107
аяғансы	v	2	0
аяғы	n	0	1423
аяғын	n	8	1108
аяғындағы	n	0	3
аяқсы	v	3	0
аяқсыт	v	2	0
аяқтай	v	237	3
аяқталатын	n	0	33
аяқтандыр	v	79	0
аяқтандыру	n	0	4
аяқтас	v	12	2
аяқтастыр	v	2	0
аяқтау	n	43	227
аяңдас	v	14	0
аяңдат	v	77	0
аяңдау	n	0	9
ағаз	n	0	2
ағал	v	507	184
ағалы	n	0	10
ағараң	n	0	2
ағарыңқы	n	0	2
ағашшы	n	0	6
ағраби	n	4	7
ағы	n	199	864
ағызылу	n	0	3
ағызып	v	13	0
ағыла	v	93	0
ағып	v	65	0
ағытылу	n	0	2
ағыш	n	0	3
ақабат	n	0	2
ақар	v	3	2
ақат	v	3	0
ақба	n	0	24
ақбілек	n	19	59
ақжібек	n	3	10
ақида	n	0	4
ақиқаттылық	n	5	16
ақке	n	0	21
ақпараттары	n	0	3
ақпаратты	n	0	4
ақпараты	n	0	16
ақсандық	n	0	2
ақсату	n	0	5
ақсау	n	0	7
ақсақалдар	n	64	542
ақталу	n	15	165
ақтана	v	10	0
ақтару	n	2	101
ақтарылу	n	0	24
ақтарып	v	20	0
ақтарыстыру	n	0	2
ақтарысу	n	0	2
ақтаңдақтар	n	15	41
ақуал	n	13	31
ақшасы	n	0	159
ақшасын	n	0	5
ақшақұмарлық	v	3	0
ақшит	v	8	0
ақылгөйсу	n	0	4
ақылдасу	n	16	122
ақылдылар	n	11	66
ақылжан	n	0	2
ақындар	n	195	1335
ақыны	n	0	147
ақыра	v	192	0
ақыру	n	2	22
ақыры	n	0	66
ақырып	v	35	0
аққабақ	n	0	5
аққас	n	0	10
аққы	n	0	5
аңду	n	16	161
аңдып	v	6	0
аңдысу	n	5	36
аңлаусыз	n	0	3
аңсау	n	20	279
аңыздау	n	0	2
аңыру	n	0	2
аңғартатын	n	0	5
аңғару	n	11	379
аңғары	n	0	90
аңғарылу	n	0	10
аңқаусыз	n	0	2
аңқу	n	0	2
аһа	v	5	0
аһл	n	5	12
аһыл	n	2	3
аһыла	v	7	0
бабалар	n	44	841
бабалары	n	0	269
бабамыз	n	37	378
бабақан	n	0	2
бабувизм	v	2	0
бабы	n	0	339
бады	n	0	2
бадырақ	n	3	5
бажай	n	0	5
бажайла	v	37	0
бажби	v	6	0
баждар	v	4	2
бажы	n	3	21
бажылдас	v	13	0
бажылдат	v	14	0
бажырай	v	118	6
бажырайт	v	14	0
базардағы	n	0	13
базаркан	n	0	8
базаркуар	n	0	2
базарлау	n	0	9
базаршыл	v	21	0
базасы	n	0	56
базасын	n	0	55
баздан	v	17	0
базынала	v	2	0
базыналық	n	0	4
баи	v	6	0
байан	v	2	0
байбаламда	v	5	0
байбаламдас	v	2	0
байбаламшылдық	n	0	2
байбатыр	n	0	5
байгелді	n	0	9
байкөкше	n	0	11
байлану	n	4	46
байланыса	v	88	0
байланыстар	n	138	422
байланыстыра	v	234	0
байланыстырушы	n	0	8
байланыстыруы	n	0	2
байланыстырыл	v	262	0
байланысу	n	6	58
байланысы	n	5	161
байланысын	n	0	67
байланысқа	n	0	8
байлап	v	128	0
байласу	n	3	26
байлат	v	323	4
байлауын	n	0	19
баймат	v	2	0
баймахан	n	0	2
баймолда	n	0	2
байпаңдат	v	2	0
байрам	n	2	4
байс	v	2	0
байсалдық	n	0	4
байталдық	n	0	2
байтулла	n	0	8
байтөбет	n	0	15
байшуақ	n	0	3
байшы	n	0	3
байшыгеш	v	2	0
байшыл	n	2	41
байшылдық	n	5	17
байыздау	n	0	4
байымдал	v	2	0
байымдау	n	0	12
байын	n	0	13
байыптал	v	7	0
байыптау	n	3	38
байырқа	n	0	2
байырқала	v	20	2
байырқалат	v	20	0
байырқат	v	5	0
байыс	n	3	46
байыта	v	76	0
байытыл	v	69	0
байытып	v	2	0
байғали	n	2	6
байғара	n	0	12
байқалмай	v	398	0
байқалу	n	0	73
байқалған	n	2	38
байқампаз	n	0	19
байқампаздық	n	0	7
байқас	v	71	20
байқаста	v	16	0
байқастау	n	0	2
байқасу	n	0	5
байқауын	n	0	31
балаларын	n	0	34
баламалан	v	4	0
баламалы	n	0	7
баламалылығы	n	0	4
баламалылық	n	0	4
балапанда	v	2	0
балар	n	4	21
баласы	n	2	1711
баласына	v	5	0
балаға	n	9	18
балағаттау	n	4	58
балдахан	n	0	2
балдырла	v	6	0
балиғы	n	0	2
балпай	v	2	0
балпаңда	v	7	0
балпаңдат	v	2	0
балтай	v	3	0
балталан	v	5	0
балталас	v	3	0
балталау	n	0	4
балу	n	0	3
балшылдат	v	2	0
балығ	n	0	220
балықшын	n	0	29
бальзамдал	v	7	0
бальзамдан	v	2	0
балғожа	n	0	8
балғындан	v	2	0
бан	v	191	100
банд	n	12	99
бандал	v	24	0
банкноттар	n	2	5
банктер	n	9	61
банктері	n	0	8
банкі	n	2	143
банкін	n	0	23
бапкерлер	n	0	12
баптал	v	61	0
бапталу	n	0	3
баптандыр	v	2	0
баптану	n	0	2
бара	v	2572	680
барабанда	n	0	6
барабандат	v	13	0
барайын	n	0	2
барам	n	0	2
баранда	v	3	0
баранка	n	0	19
баратын	n	16	149
бард	n	0	2850
барды	n	0	23
барк	v	7	0
барка	v	8	0
барлан	v	42	0
барлану	n	0	2
барлат	v	12	0
барлы	n	0	20
барлығ	n	53	1531
барлығы	n	0	647
барлығын	n	0	322
барлықтыр	v	2	0
бармақта	v	4	0
бармен	n	4	9
баро	n	0	12
барп	n	0	2
барпылда	v	2	0
бартер	n	0	14
барти	v	11	0
бартылдат	v	6	0
барча	n	0	2
баршасы	n	0	107
баршында	v	2	0
барылдас	v	3	0
барылдат	v	5	0
барымталан	v	22	0
барымталас	v	24	0
барымталастыр	v	2	0
барымталасу	n	0	2
барымталат	v	2	0
барымталау	n	4	6
барымташы	n	0	88
барып	v	463	5
барысу	n	0	2
барысы	n	0	225
барысын	n	0	681
барығ	n	0	2
барық	n	3	5
барың	n	241	461
барған	n	104	1987
барғыз	v	31	2
барғышта	v	2	0
барғыштау	v	2	0
барқ	n	0	15
барқа	n	0	54
барқылда	v	21	0
барқындан	v	15	0
барқыра	v	33	0
барқырас	v	3	0
барқырат	v	2	0
баспала	v	9	6
баспалат	v	13	0
баспанала	v	3	0
баспаналау	n	0	2
баспасы	n	0	100
бассауғала	v	2	0
бастады	n	0	7
бастадың	n	0	16
бастайтын	n	6	67
басталу	n	4	400
басталған	n	10	488
бастамау	n	0	15
бастандыр	v	7	0
бастап	v	559	15
бастары	n	0	187
бастарын	n	0	196
бастат	v	209	0
бастаттыр	v	2	0
бастауы	n	0	306
бастаған	n	39	1502
бастағы	n	0	33
бастырмалат	v	144	0
бастырт	v	34	0
бастырып	v	16	0
бастысы	n	0	5
бастығы	n	0	505
басшылары	n	0	578
басшылығы	n	0	412
басшысы	n	5	306
басылу	n	2	126
басылыңқыра	v	4	0
басымдығы	n	0	20
басына	v	50	2
басындағы	n	3	159
басынт	v	6	0
басыну	n	0	30
басып	v	262	0
басыс	n	21	32
басқала	v	36	2
басқалан	v	13	0
басқалар	n	431	3123
басқаны	n	0	36
басқармасы	n	0	318
басқармасын	n	0	121
басқарт	v	64	2
басқарту	n	0	2
басқарушылар	n	15	141
басқаруы	n	0	164
басқарыл	v	243	0
басқарылу	n	0	28
басқарып	v	35	0
басқарыс	v	19	0
басқасы	n	0	263
басқыз	v	67	0
басқыла	v	2	0
басқыр	n	3	9
басқышта	v	2	0
батагөй	n	2	36
батагөйлік	n	0	2
баталас	v	84	5
баталасу	n	0	6
баталы	n	0	3
батан	n	9	120
батар	n	0	150
батиха	v	4	0
батпанда	v	9	0
батпансы	v	9	0
батпақтан	v	6	0
батпақтану	n	0	2
батпырауық	v	2	0
батрақ	n	0	6
баттастыр	v	33	0
батылдау	n	0	3
батылсын	v	8	0
батып	v	84	0
батырдың	n	0	2
батырла	v	6	0
батырлар	n	217	1344
батырлат	v	7	0
батырлығы	n	0	102
батырсын	v	107	2
батырт	v	4	2
батыру	n	8	42
батыры	n	0	216
батырыл	v	43	0
батырыс	v	2	0
батыстану	n	0	6
батыстық	n	2	20
батысшылдар	n	0	4
батысшылдық	n	0	6
батық	n	0	2
батқы	n	0	12
батқыз	v	17	0
баулан	v	10	0
баулу	n	13	99
баулын	v	33	3
баурау	n	0	13
бауыздас	v	3	0
бауыздат	v	30	0
бауыздау	n	6	79
бауырластыр	v	8	0
бауырласу	n	0	9
бауырлат	v	7	0
бауыры	n	2	292
бауырымда	v	13	0
баха	n	0	2
бахил	n	0	4
бахр	n	0	4
бахс	n	0	8
бахш	n	0	9
бахшы	n	0	4
бахыт	v	2	0
башпай	n	3	45
башы	n	0	9
башын	n	3	7
баю	n	30	155
бая	v	1140	296
баяндай	v	467	2
баяндамалар	n	9	96
баяндамаларын	n	0	23
баяндау	n	66	597
баяндаушылық	v	2	0
баяндауы	n	0	22
баяндылық	n	2	4
баянсыз	n	0	19
баяулан	v	4	0
баяулату	n	0	14
баяулау	n	0	9
баяулық	n	5	9
баяғыдағы	n	0	4
бағалану	n	0	111
бағаланып	v	3	0
бағалап	v	22	2
бағалат	v	19	0
бағамдат	v	3	0
бағамы	n	0	2
бағамын	n	0	2
бағандары	n	0	14
бағаны	n	0	11
бағар	n	0	33
бағасы	n	0	158
бағдарламала	v	2	0
бағдарламалар	n	41	136
бағдарламалары	n	0	32
бағдарламаларын	n	0	16
бағдарламасы	n	0	145
бағдарламасын	n	0	69
бағдарлану	n	4	28
бағдаршам	n	5	43
бағдары	n	0	51
бағдарын	n	0	16
бағжаңда	v	2	0
бағжи	v	40	2
бағжит	v	9	0
бағлар	n	0	2
бағу	n	88	681
бағыл	v	99	0
бағым	v	211	80
бағына	v	356	8
бағындыру	n	53	252
бағындырыл	v	233	0
бағындырылу	n	0	15
бағынт	v	15	0
бағынуы	n	0	19
бағыныштылық	n	18	87
бағып	v	112	2
бағыс	v	57	30
бағыттары	n	0	111
бағыттарын	n	0	29
бағыттау	n	8	94
бағыттағы	n	0	15
бағытты	n	0	13
бағыты	n	0	285
бағыш	n	3	31
бағышталу	n	0	10
бағыштау	n	7	29
бақайшақ	n	2	5
бақалшылық	n	0	2
бақандас	v	4	0
бақастас	v	2	0
бақилас	v	5	0
бақтыру	n	0	8
бақшаң	n	2	11
бақши	v	26	2
бақылану	n	0	5
бақылат	v	16	0
бақылаушылар	n	10	54
бақылдап	v	2	0
бақылдасу	n	0	3
бақылдат	v	9	0
бақырайыс	v	3	0
бақырды	n	0	2
бақыру	n	0	18
бақырып	v	8	0
бақырыс	v	4	0
баққы	n	0	19
баққыз	v	67	0
бақұлдас	v	65	0
бақұлдасу	n	0	7
баңхұр	n	0	6
баһа	n	0	7
баһадур	n	0	9
баһадүр	n	11	116
баһана	v	2	0
баһар	n	3	25
бе	v	2761	1837
бебеу	n	0	9
бебеулет	v	41	0
бегайдар	n	0	11
бегі	n	5	100
бегім	n	15	33
беделділік	v	4	2
беделін	n	0	22
бедерле	v	29	0
бедерлен	v	106	0
бедерсіздену	n	0	2
бедерін	n	0	43
бежін	n	0	5
безбенде	v	10	0
безбендел	v	2	0
безбендеу	n	0	6
безгег	n	0	61
безден	v	2	0
безектет	v	35	0
безектеу	n	0	9
безел	v	50	0
безендіріл	v	222	0
безену	n	0	2
безерлен	v	3	0
безу	n	11	63
безілдет	v	82	0
безіндір	v	23	0
безірей	v	33	0
бей	n	215	770
бейбас	n	2	43
бейбастақтық	n	6	17
бейбауырмал	n	0	2
бейберекетсіздік	n	0	5
бейберекеттік	n	4	22
бейболмыс	n	7	41
бейбіттік	v	2	0
бейкүнәлік	v	3	2
беймазала	v	8	0
беймазалан	v	7	0
беймар	n	0	2
беймағлұм	n	0	3
беймезгіл	n	0	14
бейнамаз	n	4	12
бейнелеген	n	4	53
бейнелен	v	859	0
бейнелену	n	0	198
бейнелеу	n	57	471
бейнеткер	n	0	3
бейнеттену	n	0	2
бейопа	n	0	5
бейперзент	n	0	4
бейпілден	v	2	0
бейсаналық	n	5	15
бейтараптандыр	v	21	0
бейтараптану	n	0	2
бейуаз	n	5	19
бейхал	n	0	2
бейімделгіш	n	0	4
бейімдеме	v	3	0
бейімдік	v	7	2
бейқамсы	v	2	0
бейқисап	n	0	4
бейәдеп	n	0	12
бекас	v	16	0
бекауыл	n	0	2
бекемдел	v	8	0
бекемден	v	6	0
бекемдеу	n	2	15
бекерлеу	n	4	7
бекерші	n	0	135
бекершілік	v	6	4
бекеттерд	n	0	8
бекеш	n	0	4
беклер	n	3	41
бексауыт	v	3	0
бектар	n	0	4
бектер	n	46	404
бектұрған	n	0	3
беку	n	0	28
бекіл	v	66	6
бекім	n	5	15
бекіну	n	4	23
бекіс	v	16	4
бекіткен	n	0	36
бекітті	n	0	3
бекіттір	v	65	0
бекітілмеген	n	0	2
бекітіс	v	3	0
белбеулен	v	7	0
белбуар	n	2	8
белг	n	16	1357
белгілеген	n	2	40
белгілейтін	n	0	12
белгіленетін	n	2	14
белгілер	n	186	936
белгілері	n	0	260
белгілерін	n	0	27
белгілет	v	9	0
белгілеуі	n	0	5
белгісі	n	0	204
белдесу	n	3	90
белдеулен	v	26	0
белдеулік	n	0	3
белегір	n	0	7
белестен	v	5	0
белкин	n	0	4
белок	n	2	8
белорақ	v	2	0
белсенд	n	0	600
белсенділігін	n	0	9
белсендір	v	10	0
белсеніс	v	3	0
белсіз	n	0	7
белің	v	176	39
бенде	n	17	120
бенделік	n	0	4
беп	n	0	2
берге	n	121	1228
бергей	n	2	9
бергені	n	0	150
бергіз	v	360	9
бергір	n	0	5
бере	v	2696	1413
береген	v	5	0
беред	n	0	2576
береді	n	0	2
берекесізден	v	6	0
берекетсіз	n	0	18
берекетсіздік	n	4	19
берекеттілік	n	0	3
берендік	n	0	2
бересің	n	4	207
беретін	n	46	589
берешегі	n	0	3
беркі	n	8	18
беркіт	v	32	2
беркіту	n	0	4
беркітілу	n	0	2
берлі	v	3	0
берме	v	3566	497
бермеген	n	28	341
бермейтін	n	8	190
бермейтіні	n	0	2
бермек	n	7	144
бермес	n	18	491
бермеу	n	53	542
бернелеу	n	0	6
берсем	n	0	3
берсін	n	0	9
берт	v	6	3
бертін	n	3	218
беру	n	776	4206
берушілер	n	23	140
берушісі	n	0	3
беруі	n	0	185
беріде	v	7	0
берілгендігі	n	0	26
берілгіш	n	0	2
беріле	v	824	8
берілмеуі	n	0	2
берілуі	n	0	47
берілуін	n	0	25
беріліп	v	134	0
берімсек	n	0	2
беріп	v	1041	28
берірек	n	0	59
беріспе	v	44	0
беріспеу	n	0	24
беріштен	v	14	0
бесене	n	0	183
бесеу	n	13	409
бескүрек	n	0	2
бестармақ	v	2	0
бесі	n	0	13
бесікті	n	0	2
бесіндік	n	0	14
беткейле	v	5	0
беткейлік	n	3	5
бетондал	v	7	0
бетпақтан	v	13	0
беттел	v	5	0
беттер	n	69	631
беттерін	n	0	346
бетше	n	0	3
беті	n	0	1701
бетін	n	8	1636
бетіндегі	n	0	36
беу	n	0	2
беш	n	4	12
бешпент	n	16	74
биабан	n	0	11
бибігүл	n	9	33
бибісара	n	0	22
бивак	v	2	0
бид	n	4	345
бидайы	n	0	12
бизнест	n	2	21
билену	n	0	2
билеп	v	57	0
билер	n	161	922
билетпеу	n	0	2
билету	n	0	5
билеу	n	44	404
билингвизм	n	0	2
бимұрат	n	0	2
бинокль	n	5	21
био	v	3	2
биомеханика	n	0	2
биоток	n	0	2
биофизика	n	0	2
биоценоз	n	0	4
биоэнергетика	n	0	4
биржалары	n	0	3
биржан	v	6	2
биржасы	n	0	9
бисат	n	3	7
бисмилла	n	3	60
битум	n	6	15
бихевиоризм	n	0	3
бишара	n	0	229
биі	n	0	150
биіктеген	n	0	8
биіктеп	v	2	0
биіктету	n	2	18
биім	v	6	4
биһ	n	0	2
бланкі	n	0	6
блокада	n	3	7
бобырат	v	2	0
бода	n	20	52
бодық	v	2	0
божырат	v	3	0
бозарған	n	0	7
боздату	n	0	2
бозінген	n	8	34
бойдағы	n	0	4
бойлата	v	13	0
бойлату	n	0	4
бойлау	n	12	96
бойсұну	n	2	13
бойын	n	6	1711
бойындағы	n	3	18
бойұсыну	n	0	2
бокей	n	0	4
боксер	n	0	14
болады	n	0	43
болар	n	11	1640
боларсың	n	0	89
болатын	n	84	1140
болатыны	n	0	60
болатынын	n	0	21
болашағы	n	0	124
болды	n	0	78
болдыру	n	11	20
болдық	n	0	2
болжалдау	n	0	5
болжамдары	n	0	21
болжамдау	n	2	21
болжамы	n	0	38
болжамын	n	0	8
болжану	n	0	10
болмай	v	2396	62
болмайды	n	0	25
болмас	n	53	548
болмаса	n	0	15
болмасын	n	0	3
болмауы	n	0	78
болмауын	n	0	42
болмақ	n	22	135
болса	n	0	52
болсақ	n	0	3
болсаң	n	0	328
болу	n	691	5219
болушы	n	0	70
болуы	n	0	725
болуын	n	0	232
болым	n	47	451
болып	v	1513	44
болысу	n	4	46
большак	v	4	0
болғанда	n	0	3
болғандығы	n	0	144
болғаны	n	0	1259
болғанын	n	0	160
болғанынша	n	0	2
болғыр	n	8	62
бомай	v	5	0
бомбалан	v	4	0
бомбалау	n	2	13
бомбылау	n	3	7
бонд	n	2	6
бопсалау	n	0	15
бордақылау	n	0	2
бордо	n	0	22
бордюр	n	0	3
борозда	n	3	18
борп	n	0	6
борс	v	48	5
боры	n	0	4
борышы	n	0	20
босандыру	n	0	2
босатылу	n	0	27
босау	n	2	53
босс	n	5	13
бостыру	n	0	2
босу	n	3	25
босып	v	11	0
босқан	n	0	23
босқындар	n	25	83
ботагөз	n	9	27
боталан	v	4	0
боялу	n	2	12
боямалан	v	3	0
боямалау	n	0	3
бояну	n	0	3
бояулар	n	64	282
бояған	n	2	23
боғ	n	6	208
боған	n	0	5
боғда	n	0	37
боғды	n	0	2
боғым	v	3	0
боқан	n	0	14
боқтасу	n	0	5
боқы	n	8	23
боң	n	0	3
бриг	v	69	0
бригадалар	n	15	116
бригадаларын	n	0	4
бригантина	n	0	2
бриллиант	n	4	22
бронемашина	n	0	4
брошюра	n	2	12
брутализм	n	0	2
бруцеллез	n	0	2
брынза	v	2	0
будандасу	n	0	3
будда	n	0	186
будыл	v	2	0
букет	n	2	20
букинист	v	3	2
булбул	n	0	2
булығу	n	2	8
бульдог	n	0	4
бурақ	n	0	3
бургомистр	n	0	11
бусанып	v	3	0
бусидо	n	0	3
бустан	n	0	14
буу	n	0	28
буул	n	0	53
бухта	n	0	2
буылып	v	3	0
буындалу	n	0	2
буынып	v	12	0
буынға	n	0	9
буып	v	29	0
буырқану	n	0	4
былбырат	v	4	0
былдырлау	n	0	2
былдырлаған	n	0	4
былп	v	6	2
былш	v	65	0
былшит	v	5	0
былшылдас	v	3	0
былшылдау	n	0	2
былығу	n	0	4
былықтыру	n	0	8
былғану	n	0	15
былғап	v	3	0
былғас	v	2	0
былғау	n	0	21
былғаң	n	0	3
былғаңдат	v	14	0
былқ	v	41	0
быр	n	3	48
бырш	v	54	0
быт	v	88	6
бытыр	v	27	0
бықсу	n	0	7
бюдж	v	20	0
бюджетт	n	2	21
бюджетте	v	2	0
бюджеттер	n	3	22
бюджеттерд	n	0	3
бюджеті	n	0	20
бюджетін	n	0	9
бізден	n	0	2
біздің	n	0	4
бізің	v	6	4
білге	n	98	633
білген	n	173	1873
білгізу	n	0	5
білгіл	n	0	8
білгішсіну	n	0	8
білді	n	0	6
білдірді	n	0	4
білдіре	v	927	18
білдіретін	n	4	74
білдірмей	v	352	4
білдіру	n	78	837
білдіруі	n	0	23
білдірілген	n	2	4
білдіріп	v	120	2
білдің	n	0	89
білеген	n	0	2
білеміз	n	0	2
білер	n	11	346
білетін	n	14	846
білмеген	n	107	529
білмейсің	n	0	149
білсе	n	0	10
білу	n	247	2359
білуі	n	0	81
білуін	n	0	115
біліктер	n	0	12
білімдер	n	69	216
білімділігін	n	0	2
білімі	n	0	345
білімін	n	0	52
білінбес	n	0	32
білінді	n	0	2
білінер	n	0	4
біліну	n	0	22
білініп	v	13	0
біліп	v	374	5
білісу	n	4	21
біліш	n	0	7
біләл	n	16	53
біразы	n	0	138
бірақ	n	3	156
бірдейлен	v	2	0
бірдейлендіру	n	0	3
бірдеме	n	44	605
бірдеңе	n	70	1565
бірдеңке	v	8	5
бірді	n	0	7
бірегейлендіру	n	0	7
бірегейлену	n	0	13
бірер	n	0	6
біреу	n	1124	7135
біреуі	n	4	875
біреуін	n	2	240
біркелкілендір	v	7	0
бірлеме	v	2	0
бірлестіру	n	0	8
бірлігі	n	0	206
бірліктері	n	0	33
бірнешеуін	n	0	7
бірнәрсе	n	2	133
біртін	n	0	2
біртінде	v	6	0
бірыңғайлану	n	0	2
бірігіп	v	12	0
біріктірілген	n	0	11
біріктірілу	n	0	19
бірін	n	6	1177
бісмілда	n	2	5
бісміллә	n	3	26
бітеп	v	2	0
бітер	n	0	55
біткені	n	0	12
бітпе	v	661	5
бітіг	n	2	7
бітімдік	v	2	0
бітірген	n	4	329
бітірді	n	0	8
бітіру	n	40	282
бітірісу	n	0	2
бітістіру	n	3	21
бітісу	n	12	19
бү	n	23	974
бүбі	n	0	2
бүг	v	945	16
бүгежектет	v	7	0
бүгежектеу	n	0	3
бүгу	n	8	78
бүгіле	v	36	0
бүгілу	n	5	9
бүй	n	0	419
бүйте	v	26	3
бүйту	n	2	16
бүйтіп	v	8	0
бүктіру	n	0	13
бүкшең	n	0	2
бүлгін	n	2	5
бүлдіру	n	6	90
бүлк	v	77	0
бүліну	n	3	48
бүркелу	n	0	2
бүркемелену	n	0	2
бүркемелеу	n	3	35
бүрмен	n	0	3
бүрсең	n	0	3
бүру	n	0	15
бүрісу	n	0	5
бүтіншілік	n	0	2
бұдан	n	0	5
бұж	n	0	7
бұза	v	920	22
бұзар	n	8	68
бұзаулат	v	2	0
бұзаутіс	v	2	0
бұзауқан	n	0	2
бұзушылықтар	n	6	11
бұзылуы	n	0	44
бұзылғандық	n	3	13
бұзып	v	33	2
бұзыс	v	4	0
бұзған	n	19	267
бұзғыз	v	7	0
бұйрығы	n	0	360
бұйыру	n	10	58
бұйырулар	n	0	2
бұл	v	2770	282
бұланай	n	0	4
бұлар	n	1221	4512
бұлаңдау	v	2	0
бұлдау	n	0	4
бұлдырау	n	0	2
бұлжымау	n	0	2
бұлжытпа	v	2	0
бұлжытпау	n	0	3
бұлталақтау	n	0	2
бұлтартпа	v	17	5
бұлтару	n	2	32
бұлтақтау	n	0	2
бұлтию	n	0	2
бұлыт	n	2	7
бұлыңғырлану	n	0	2
бұлғалақ	n	0	2
бұлғау	n	0	7
бұлғаш	n	0	3
бұлғаңдау	v	2	0
бұлқ	v	44	0
бұлқыну	n	2	22
бұн	n	0	1383
бұны	n	35	410
бұның	v	34	3
бұралу	n	0	5
бұрауы	n	0	8
бұрмалай	v	47	3
бұрмалану	n	0	42
бұрт	v	4	2
бұртаңда	v	8	0
бұрылу	n	10	152
бұрылып	v	26	0
бұрып	v	30	0
бұрғызу	n	0	4
бұрғылану	n	0	4
бұрғылау	n	21	130
бұрғын	n	0	34
бұрқырату	n	0	2
бұрқырау	n	0	6
бұс	n	0	10
бұтау	n	0	2
бұтақтау	n	0	2
бұтхана	n	0	4
бұтыр	n	0	2
бұғалықтау	n	0	4
бұған	n	0	17
бұғаулану	n	0	2
бұғаулату	n	0	2
бұғаулау	n	2	7
бұғу	v	8	3
бұғыну	v	2	0
бұғып	v	6	0
бұқаш	n	3	9
бұқтыру	n	0	2
бәдан	n	2	10
бәдбақыт	n	0	8
бәдел	v	4	0
бәденді	n	0	4
бәдеуи	n	0	4
бәдиғ	n	0	2
бәдиға	n	0	2
бәдән	n	0	2
бәдәуи	n	0	29
бәй	n	40	801
бәйбішелік	n	0	5
бәйгелері	n	0	2
бәйтөбет	n	0	5
бәйітші	n	0	7
бәк	n	0	86
бәкен	n	12	25
бәкін	n	0	22
бәкіс	n	0	13
бәла	n	0	2
бәлгер	n	2	3
бәлден	v	51	0
бәлек	v	2	0
бәлелік	n	0	2
бәленше	n	0	29
бәлеқор	n	0	9
бәлеқорлық	n	0	2
бәлиғат	n	0	10
бәлсін	v	86	0
бәлі	n	0	2
бәлә	n	0	6
бәндә	n	2	4
бәр	n	3	3026
бәрі	n	42	1866
бәріміз	n	521	1309
бәрін	n	42	847
бәріне	n	0	3
бәрінің	n	0	7
бәрісі	n	0	10
бәсей	v	3	0
бәсекелестері	n	0	16
бәсекелесу	n	0	23
бәсекен	n	0	26
бәсекесі	n	0	17
бәсекешіл	n	0	3
бәсең	n	0	13
бәсеңдеу	n	0	15
бәсеңсу	n	0	2
бәсеңсіт	v	19	0
бәстесу	n	4	29
бәсі	n	0	7
бәтуа	n	8	119
бәтшағар	n	8	55
бәңгі	n	0	2
бөгделе	v	6	0
бөгенбай	n	25	132
бөй	n	0	2
бөкет	v	3	0
бөкең	n	10	31
бөктіру	n	0	4
бөктірілу	n	0	2
бөлген	n	14	225
бөлгізу	n	0	4
бөлдіру	n	0	4
бөлегі	n	0	27
бөлектену	n	9	45
бөлену	n	13	101
бөлес	n	0	49
бөлетін	n	0	27
бөлтіріскей	n	0	2
бөлшектелу	n	0	8
бөлшектену	n	2	47
бөлшектер	n	62	386
бөлшектеу	n	12	84
бөлігі	n	0	382
бөлігін	n	0	342
бөлімдегі	n	0	7
бөлімдер	n	53	441
бөлімшесі	n	0	129
бөлімі	n	0	472
бөлінбес	n	0	18
бөлінер	n	0	4
бөлінетін	n	0	26
бөлінуі	n	0	68
бөлінуін	n	0	26
бөлініп	v	49	0
бөліп	v	64	0
бөлісу	n	24	219
бөп	v	2	0
бөрк	n	0	297
бөстір	v	15	0
бөсу	n	0	9
бөтенде	v	12	0
в	v	703	336
вагонетка	n	0	25
ваз	n	0	9
вакханалия	n	0	2
валютасы	n	0	7
вахтер	n	0	3
веданта	n	0	4
визит	n	0	12
виконт	n	0	4
вилка	v	3	2
вирустар	v	2	0
вниз	v	99	0
военком	n	0	15
вожатый	n	0	12
гада	n	0	3
газдал	v	2	0
газдандыр	v	4	0
гази	n	0	4
галера	n	0	17
ган	n	0	9
гарда	n	0	2
гау	n	3	6
гауптвахта	n	0	16
гез	n	0	6
гендер	n	0	28
генез	n	0	3
генсек	n	0	2
генштаб	n	0	2
геотектоника	n	0	3
геоцентр	n	0	5
герд	v	26	5
герл	v	16	0
герма	n	0	4
германистика	n	0	2
гермафродит	n	0	2
гермафродитизм	n	0	2
герменевтика	n	0	64
герметизм	n	0	3
гестапо	n	0	6
гетмандық	n	0	2
гидродинамика	n	0	4
гидролог	n	0	2
гидротехника	n	0	10
гик	n	2	4
гилозоизм	n	0	2
гильза	n	2	6
гимназиясы	n	0	18
гипертрофиялан	v	3	0
гипостаздау	n	0	7
гиран	n	0	2
гитлерші	n	0	8
гностиктер	n	2	11
горизонт	n	37	96
гормондар	n	5	8
гот	n	0	33
готика	n	0	77
гоһ	n	0	2
гр	v	5	0
гравюра	n	4	18
графа	n	0	7
грация	n	0	2
грим	n	5	11
грин	n	0	4
грип	n	0	2
грот	n	3	23
грохот	v	2	0
грунт	n	3	21
гуманитар	n	0	139
гурт	n	4	9
гуілдесу	n	0	2
гі	n	2	17
гүлдана	n	0	2
гүлдендіру	n	4	17
гүлденту	n	0	2
гүлдену	n	6	141
гүлдері	n	0	69
гүлжиһан	n	4	13
гүлжәмила	n	0	3
гүлстан	n	7	60
гүрс	v	84	37
гүрілдеу	n	0	2
гұмыр	v	2	0
гәб	n	0	13
гөдек	n	0	3
гөзәл	n	2	8
гөй	n	6	47
гөйле	v	6	0
гөр	n	7	1474
гөрі	n	0	2
д	v	5816	3700
дабылдату	n	0	2
дабырайту	n	0	3
дабыралау	n	0	2
дабырас	n	0	18
дад	n	5	10
дайындалу	n	12	121
дайындалып	v	14	0
дайындасу	n	0	2
дайындату	v	6	2
дайындаған	n	0	92
дайындығы	n	0	25
далабез	v	3	0
даласын	n	0	611
далау	n	0	2
далақтау	n	0	9
далбалақ	n	0	2
дамба	n	0	4
дами	v	202	2
дамушы	n	0	2
дамуы	n	0	440
дамуын	n	0	208
дамылдас	v	10	0
дамылдау	n	8	24
дамып	v	2	0
дамыс	n	0	2
дамыту	n	78	604
дамытуын	n	0	6
дамытқан	n	0	16
данала	v	5	0
даналығы	n	0	132
дандайсу	n	2	18
даниал	n	2	3
данышман	n	0	2
дао	n	2	68
даража	n	10	25
даралану	n	2	19
дарбазабан	n	0	4
дард	n	2	38
дармен	v	5	0
дару	n	2	53
даруаза	n	0	14
дархор	n	0	3
дарымдау	n	0	2
дарыту	n	6	49
дарыған	n	0	23
датталу	n	0	2
даттау	n	9	90
датұлы	n	0	19
дауалау	v	3	2
дауам	v	9	0
даулар	n	50	135
даулары	n	0	19
дауласып	v	9	0
даулат	v	2	0
даулау	n	6	36
даурығу	n	0	19
даусы	n	0	670
даусың	v	139	37
даушыл	v	12	0
дауы	n	777	1284
дауым	v	14	4
дауыстал	v	5	0
дауыстат	v	5	0
дауыстау	n	3	18
дауысы	n	0	367
даф	n	4	7
дафина	v	2	0
дахал	v	3	0
дахил	v	2	0
даярлану	n	0	20
даярланып	v	3	0
даярланған	n	0	9
дағ	n	316	1518
дағдару	n	0	9
дағдыландыру	n	0	6
дағдыланған	n	0	9
дағдыларын	n	0	3
дағла	v	4	0
дағу	v	2	0
дағуалас	v	4	0
дағуат	n	0	3
дағұр	n	0	3
даңғазалық	n	3	11
даңғар	n	0	6
даңғойлану	n	0	3
двигатель	n	7	14
де	v	11467	2914
дебат	n	0	11
дебіл	n	0	9
девиант	v	2	0
дегенім	n	120	229
дегеніміз	n	34	319
дегенін	n	3	127
деді	n	0	23
дедің	n	0	70
дезертир	n	2	4
дезинфекцияла	v	2	0
дейді	n	2	34
деймін	n	0	3
деймісің	n	0	13
дейсіз	n	0	181
дейсің	n	0	262
дейт	n	0	5
дейтін	n	75	851
дейіс	v	2	0
деконструкция	n	3	23
декор	n	2	7
дел	v	187	15
делбанд	n	0	3
делбең	v	6	0
делебе	n	80	183
деліну	n	0	32
делқұлылық	n	0	2
демалдыр	v	32	0
демалу	n	22	231
демалып	v	6	0
демалысы	n	0	19
демалысын	n	0	49
демалғыз	v	5	0
демеген	n	8	140
демеуш	n	0	229
демиург	n	0	4
демократияландыру	n	5	29
демон	n	12	69
дендеу	n	0	7
деноминация	n	0	7
денсаулығы	n	0	81
денсаулығын	n	0	13
деонтология	n	0	4
деп	v	1315	52
департаменттер	n	0	19
депо	n	0	46
дерби	n	0	2
дербісәлі	n	0	10
дере	v	1102	2
дереккөз	n	2	53
дерексіз	n	0	26
дерексіздендіру	n	0	2
деректану	n	0	3
деректеме	n	0	34
деректемелер	n	4	39
деректемелері	n	0	6
деректемелерін	n	0	9
деректер	n	329	1207
деректерд	n	0	329
деректері	n	0	100
деректерін	n	0	93
деректілік	n	0	3
державалық	n	0	6
деркер	n	0	2
дерті	n	0	134
десе	v	1012	32
десем	n	0	2
десең	n	0	259
дескер	v	2	0
дестелен	v	7	0
десятина	n	5	35
десіп	v	133	0
десіс	v	7	0
деу	n	120	2848
деуші	n	0	294
деуі	n	0	95
деформациялан	v	2	0
деформациялану	n	0	3
дешт	n	0	121
деңгейдег	n	0	294
деңгейдегі	n	0	5
деңгейлестір	v	2	0
деңгейі	n	0	236
деңгейін	n	0	358
деңгел	n	0	2
деңмент	n	0	2
деңіз	n	0	40
джентельмен	n	4	20
диабетт	v	2	0
диагнозы	n	0	2
диагональ	n	2	3
диалектика	n	54	396
диалектолог	n	0	6
диалогтар	n	13	68
дианат	v	2	0
диар	n	0	11
диафрагма	n	0	2
диверсант	n	0	8
дивидендтер	v	3	0
дидарласу	n	9	50
дил	n	7	20
дилетанттық	n	0	4
динамикасын	n	0	7
динамит	n	10	28
династия	n	9	98
директоры	n	0	185
дирижабль	n	0	2
диспансерл	v	4	0
дистилляциялау	n	0	2
диуан	n	6	46
дифтонг	n	0	2
дойбы	n	0	43
докторы	n	0	13
дол	n	8	754
долбарлан	v	12	0
долбарлау	n	0	17
долдану	n	0	10
домалату	n	0	8
домалау	n	0	7
домбырасы	n	0	109
домбырашылық	n	0	9
домбыту	n	0	2
доминанта	n	0	8
допы	v	2	0
доспамбет	n	3	18
достастыру	n	2	3
достасу	n	8	73
доғарылу	n	0	3
доғарыс	v	4	0
доң	n	2	14
драматургі	n	0	2
дренаж	v	4	0
друз	n	0	4
дс	v	4	0
дуагөй	n	0	2
дуайпат	n	0	3
дуалан	v	23	0
дуалат	v	3	0
дуалау	n	0	6
дуашы	n	0	4
дуб	n	6	17
дублер	n	0	6
дудалан	v	2	0
дударлан	v	11	0
дудыра	v	61	5
дудырат	v	16	0
дула	v	43	26
дулас	v	20	0
дулы	n	3	221
думандас	v	2	0
думандату	n	0	2
душарластыр	v	2	0
душман	n	0	2
дуылдас	v	220	0
дуылдат	v	124	2
дыбдырла	v	4	0
дыбырла	v	5	0
дыбырлас	v	3	0
дыбыстал	v	101	0
дыбысталуы	n	0	16
дыбыстан	v	4	0
дыбыстандыр	v	2	0
дыбыстар	n	120	462
дыбыстау	n	3	20
дызақта	v	6	0
дызылдат	v	13	0
дымда	v	7	0
дымдал	v	2	0
дымдану	n	0	2
дымқылдан	v	58	0
дырдулат	v	2	0
дырылдат	v	74	0
дыңғылдат	v	3	0
дюжина	n	0	4
дюралюминий	n	0	2
ді	n	3	772
дігерле	v	4	0
дігірле	v	22	0
дігірлет	v	2	0
дізерлет	v	2	0
дікекте	v	5	0
дікеңде	v	7	0
діки	v	5	0
дікілде	v	8	3
дікілдет	v	2	0
ділмарсу	n	0	4
ділмарсы	v	7	0
ділмәрсу	v	3	0
ділмәрсі	v	2	0
ділнауаз	n	0	2
дімкестен	v	4	0
дімкәстан	v	7	0
дінбасы	n	0	52
дір	v	472	4
дірдек	n	0	2
дірдекте	v	38	10
дірдектет	v	47	0
дірдектеу	n	0	2
дірілдеу	n	0	19
дітте	v	256	0
діңкелен	v	2	0
діңкелету	n	0	3
діңкелеу	n	0	2
діңки	v	25	0
діңкит	v	3	0
діңкілде	v	6	0
діңкілдет	v	5	0
дүбін	v	6	0
дүбірлес	v	7	0
дүдәмалда	v	15	0
дүдәмалдан	v	6	0
дүзе	v	6	0
дүзел	v	7	0
дүзет	v	4	0
дүзі	n	0	2
дүзін	n	0	3
дүк	v	2	0
дүлділ	n	5	47
дүлдүлдері	n	0	8
дүлейле	v	2	0
дүлейлен	v	18	0
дүмбірле	v	14	0
дүмбірлет	v	2	0
дүмп	v	91	0
дүмпи	v	5	0
дүмпі	v	7	0
дүмпілдет	v	5	0
дүмпіт	v	5	0
дүниежүз	n	0	113
дүниесін	n	0	283
дүпілде	v	2	0
дүпілдет	v	2	0
дүрбелеңдет	v	2	0
дүрд	n	0	26
дүрди	v	153	4
дүрдиіс	v	5	0
дүреле	v	33	0
дүрелен	v	2	0
дүрелену	n	0	2
дүрелет	v	2	0
дүрелеу	n	2	4
дүркірес	v	10	0
дүрле	v	7	0
дүрлет	v	3	0
дүрліктіру	n	0	5
дүрмектел	v	2	0
дүрмен	n	0	2
дүрр	n	4	7
дүрс	v	136	0
дүрсілдес	v	2	0
дүрсілдеу	n	0	2
дүрсіт	v	2	0
дүрыс	n	0	2
дүріктір	v	2	0
дүрілдес	v	23	2
дүсірлет	v	27	0
дүңгене	n	0	3
дүңгірле	v	11	0
дүңгірлет	v	10	0
дүңкит	v	2	0
дүңкі	n	0	2
дүңкілде	v	52	19
дүңкілдет	v	53	0
дүңкіт	v	2	0
дұбыр	n	10	37
дұл	n	0	27
дұрысталу	n	0	4
дұрыстан	v	2	0
дұрыстас	v	3	0
дұрыстығы	n	0	44
дұрыстығын	n	0	17
дұшпандас	v	5	2
дұғагер	n	0	2
дұғай	n	0	5
дұғала	v	5	0
дұғалан	v	3	0
дәбі	n	0	2
дәйексіз	n	0	14
дәйексіздену	n	0	2
дәйексөздер	v	6	2
дәйектей	v	16	0
дәйектеу	n	2	15
дәйекші	n	0	12
дәкең	n	5	8
дәлдігі	n	0	46
дәлелдей	v	468	7
дәлелдемелер	n	27	69
дәлелдемесі	n	0	10
дәлелдену	n	0	57
дәлелдеп	v	10	0
дәлелдеу	n	106	602
дәлелі	n	0	55
дәмелену	n	0	14
дәмету	n	2	35
дәмі	n	0	46
дәнекерлену	n	0	2
дәнеме	n	0	80
дәнен	n	0	7
дәр	n	463	1683
дәре	v	44	8
дәрежес	n	0	499
дәрежесі	n	0	196
дәри	n	0	13
дәркер	n	0	5
дәрт	n	0	2
дәрте	n	2	8
дәруаза	n	0	8
дәрумендер	v	2	0
дәрілеу	n	0	6
дәріптелу	n	0	17
дәрәжә	v	2	0
дәс	n	0	6
дәсмия	v	2	0
дәст	v	2	0
дәстер	n	0	2
дәсті	n	0	2
дәстүрлер	n	141	510
дәстүрлерін	n	0	42
дәстүрі	n	0	366
дәстүріміз	n	36	75
дәстүрін	n	0	183
дәулескер	n	0	2
дәуірлену	n	0	2
дәш	v	20	2
дәшті	n	0	2
дөне	n	0	50
дөр	n	0	3
дөңбекшу	n	0	45
дөңбекшіту	n	0	2
дөңгелеу	n	0	4
еб	n	93	247
ебедейсізден	v	4	0
ебелекте	v	5	0
ебелеңде	v	2	0
ебіл	n	0	2
ебін	n	6	9
европа	n	0	691
европалан	v	7	0
европалық	n	4	48
европоцентризм	n	0	2
ега	n	0	2
егдей	v	2	0
егделе	v	93	0
егделен	v	11	0
егдер	v	22	0
егел	v	17	2
егеле	v	2	0
егелес	v	6	0
егеме	n	0	2
егер	n	6	622
егестір	v	24	0
егесу	n	2	11
егесі	n	0	23
егесін	n	0	3
егуд	n	0	55
егізде	v	8	0
егіздет	v	9	0
егіздеу	n	0	2
егілген	n	2	33
егілдір	v	10	0
егілт	v	54	0
егілу	n	5	32
егіліс	v	2	0
егітіл	v	10	0
ед	n	559	6068
едендел	v	2	0
единица	n	0	21
еді	n	4	275
едік	v	2	0
едірейт	v	37	0
едірейіс	v	12	0
едіреңде	v	25	0
едіреңдес	v	3	0
едіреңдет	v	4	0
едің	n	0	458
ежелес	v	2	0
ежен	n	0	32
ежіктес	v	4	0
ежіктет	v	2	0
ежіктеу	n	2	7
ежірейт	v	39	0
езгілен	v	2	0
езгілену	n	0	2
ездір	v	10	0
езеуре	v	2	0
езулен	v	5	0
езілу	n	0	19
езіліп	v	4	0
екен	n	27	2508
екендігін	n	0	186
екенсін	n	0	4
екені	n	0	154
екенін	n	8	175
екеу	n	83	3018
екеуле	v	13	4
екеулес	v	5	0
екеуміз	n	461	1312
екеуінің	n	0	4
екпетте	v	3	2
екпеттеу	n	0	2
екпінден	v	3	0
екпіндеу	n	0	4
ексі	v	2	0
екшелен	v	14	0
екшелін	v	2	0
екшес	v	7	2
екшет	v	4	0
екшеу	n	0	17
екілендір	v	7	0
екілент	v	4	0
екілену	n	0	5
екілес	v	4	0
екінді	n	2	164
екіншісі	n	0	442
екіншісін	n	0	290
екісі	n	0	23
екісін	n	0	31
елбекте	v	4	0
елбелекте	v	3	0
елбеңде	v	21	0
елбеңдет	v	2	0
елбіре	v	20	0
елбірет	v	3	0
елгезектен	v	5	0
елд	n	625	1572
елден	n	0	3
елдер	n	269	2321
елдері	n	0	478
елдестір	v	29	0
елдесу	n	0	14
елдет	v	3	0
елдігін	n	0	2
елегіздір	v	5	0
елегізт	v	2	0
елегізу	n	2	21
елегізіт	v	23	0
електе	v	3	0
елену	n	0	5
елер	v	45	14
елерт	v	5	0
елестету	n	17	323
елестір	v	2	0
елеул	n	0	686
елеуре	v	48	0
елеурес	v	3	0
елеурет	v	15	0
елеуреу	n	0	2
елеусізден	v	11	0
елеңдеу	n	2	38
елжірес	v	18	0
елжірету	v	2	0
елжіреу	n	2	20
елпелекте	v	2	0
елпеңдет	v	3	0
елпілдет	v	18	0
елсінбе	v	4	0
елсірет	n	0	2
елт	v	356	10
елту	n	2	11
елтіт	v	37	0
елубай	n	6	37
еліб	n	0	6
елікке	n	0	8
еліктейтін	n	0	13
еліктет	v	19	0
еліктіру	n	0	27
елім	n	407	717
еліміз	n	205	1223
елін	n	2	815
елірт	v	40	0
еліру	n	0	5
еліттір	v	20	2
емге	n	2	10
емделу	n	4	126
емделушілер	n	0	10
емден	v	7	0
емдеткіз	v	5	0
емдету	n	2	29
емдеу	n	38	281
емексі	v	15	5
емексін	v	2	0
емексіт	v	88	0
емер	v	6	2
емеріл	v	4	0
емес	n	147	763
емест	n	94	141
емеше	n	8	38
емкән	n	0	3
емпеңдет	v	5	0
емсе	v	10	0
емтихандар	n	12	32
ему	n	6	29
еміздікте	v	2	0
еміздір	v	5	0
емізу	n	6	29
емізікте	v	4	0
емін	v	237	5
емінт	v	6	0
емір	n	0	5
емірент	v	20	0
емірену	n	3	12
еміреніс	v	2	0
енг	n	0	13
енген	n	4	297
енгізген	n	5	60
енгіздір	v	10	0
енгізе	v	199	0
енгізу	n	109	434
енгізілмей	v	10	0
енгізілу	n	0	92
енгізіліп	v	10	0
енде	v	29	4
ендет	v	8	0
ендеу	n	0	5
ендігісі	n	0	3
ендіру	n	10	37
ендіріл	v	40	0
ендірілу	n	0	3
енжарлан	v	7	0
енжарлас	v	4	0
ентелен	v	5	0
ентелет	v	39	0
ентелеу	n	0	6
ентіктір	v	19	0
еншіле	v	78	11
еншілен	v	13	0
еншілет	v	2	0
еншілеу	n	0	13
еншісі	n	0	18
епсін	v	5	0
ептейлен	n	0	2
ептел	v	5	0
ептес	v	8	0
ептестір	v	10	0
ептеу	n	0	5
ербей	v	30	0
ербең	n	0	2
ербеңдес	v	2	0
ерби	v	198	4
ербит	v	8	0
ербиіс	v	4	0
ерге	n	8	67
ергізу	n	0	3
ердос	n	3	15
ерді	n	0	8
ердік	n	0	8
ердің	n	0	7
ерегестір	v	10	0
ерегесу	n	0	2
ерегістір	v	7	0
ережелер	n	173	552
ережелерд	n	0	173
ережелері	n	0	116
ережелерін	n	0	24
ережесі	n	0	97
ережесін	n	0	27
ерей	n	9	58
еректе	v	4	0
ерекшел	v	12	2
ерекшеленген	n	0	6
ерекшелендір	v	62	0
ерекшелендіру	v	3	0
ерекшелену	n	2	46
ерекшелігі	n	0	251
ерекшелігін	n	0	39
ерекшеліктер	n	155	685
ерекшеліктері	n	0	268
ерекшеліктерін	n	0	23
ересей	v	7	2
ересектер	n	23	190
ересектерд	n	0	23
ересь	n	0	2
ереуілдес	v	3	0
ереуілдет	v	4	0
ереуілдету	n	0	2
ержету	n	0	18
ерк	n	3	766
еркексін	v	13	0
еркексіре	v	2	0
еркелес	v	11	0
еркелете	v	46	0
еркелету	n	9	30
еркелетіп	v	2	0
еркесі	n	0	17
еркесін	v	2	0
еркіндет	v	11	0
еркінсу	n	0	13
еркінсін	v	12	0
еркінсіт	v	19	0
еркөкірек	n	0	2
ерлендір	v	4	0
ерлер	n	252	1508
ерлет	v	9	0
ерлеу	n	0	5
ермей	v	105	2
ермектес	v	6	0
ермес	n	0	21
ермеш	n	0	6
ермең	n	0	20
ернекте	n	0	2
ернеулет	v	4	0
ерсіл	n	0	443
ерсін	v	24	2
ертеле	v	56	8
ертелет	v	93	0
ерторы	n	0	8
ертоқ	n	0	42
ерттел	v	56	0
ерттен	n	0	2
ерттес	v	7	0
ерттет	v	69	0
ерттеу	n	0	33
ерту	n	5	47
ертіп	v	18	0
ерулен	n	0	2
ерулет	v	3	0
ерулі	n	0	45
еріклік	n	0	9
еріктір	v	11	0
еріл	v	23	0
ерінбей	v	61	0
еріну	v	8	0
еріншектен	v	2	0
еріту	n	2	16
еріш	v	12	2
ерүр	n	0	2
есеб	n	0	754
есебін	n	0	543
есейт	v	146	0
еселену	n	0	16
еселес	v	8	0
еселет	v	9	0
есендесу	n	0	2
есептеген	n	3	284
есептелу	n	0	50
есептелуін	n	0	3
есептелін	v	243	0
есептеліну	n	0	5
есептеме	v	73	2
есептер	n	36	124
есептері	n	0	19
есептесу	n	5	47
есептеттір	v	4	0
есептілігі	n	0	2
есею	n	7	40
есеңгіреу	n	0	8
еске	n	2	18
ескекте	v	3	0
ескектет	v	9	0
ескерген	n	0	94
ескере	v	90	7
ескерер	n	0	27
ескертіл	v	152	0
ескертілу	n	0	3
ескеру	n	28	426
ескеріле	v	73	0
ескерілмеген	n	0	2
ескерілу	n	0	63
ескерілуі	n	0	4
ескеріп	v	10	4
ескіз	v	4	0
ескіле	v	94	0
ескірді	n	0	2
ескіріңкіре	v	3	0
еспеле	v	2	0
ессізден	v	2	0
естен	v	2	0
естиярлан	v	3	0
естілер	n	6	44
естілетін	n	0	28
естілмес	n	0	6
естілу	n	0	111
естіп	v	155	2
естір	n	62	233
естірту	n	7	113
естісе	n	0	2
есу	n	10	55
есуастан	v	8	0
есі	n	0	243
есілт	v	16	0
есімдері	n	0	192
есімі	n	0	523
есімін	n	0	36
есінес	v	2	0
есіркеп	n	17	45
есіркет	v	2	0
есіркеу	n	6	21
есірт	v	77	2
есірткілер	n	0	2
есіру	n	0	8
есіріктен	v	34	0
есітті	n	0	4
есіттір	v	65	0
есіттіру	n	0	4
есіту	n	2	66
есітіл	v	104	0
ете	v	2006	253
етегі	n	0	226
етегін	n	0	406
етед	n	0	2004
етеді	n	0	3
етей	v	7	0
етекте	v	7	2
етектен	n	0	3
ететін	n	16	374
ететінін	n	0	6
еткен	n	125	1775
еткені	n	0	81
еткізу	n	10	49
етпе	v	1318	108
етпейтін	n	0	33
етпеле	v	2	0
етпетте	v	20	0
етпеттет	v	3	0
етпеуі	n	0	4
етсе	n	0	2
етсеңіз	n	0	53
етт	n	86	3148
еттен	v	16	0
еттіру	n	0	2
ету	n	495	2995
етушілер	n	19	120
етуі	n	0	283
етілетін	n	0	28
етілу	n	6	133
етілуін	n	0	2
етіп	v	360	4
еу	n	3	23
еуропалан	v	12	0
еуропалану	n	0	4
еуропацентризм	n	0	2
ешбір	n	0	220
ешкім	n	970	3508
ешкімнің	n	0	2
ешнәрсе	n	16	704
ештеңе	n	89	2289
ешқандай	n	0	15
еңбегі	n	0	932
еңбегін	n	2	426
еңбектену	n	15	69
еңбектер	n	116	991
еңбектет	v	4	0
еңбектеу	n	0	23
еңбекқұмарлық	n	0	2
еңе	v	2	0
еңк	v	49	0
еңкейіп	v	6	0
еңкейіңкіре	v	7	0
еңкекте	v	6	0
еңкею	n	3	37
еңкеңде	v	9	0
еңкілдет	v	7	0
еңкіште	v	60	0
еңкіштен	v	8	0
еңсей	v	3	0
еңселен	v	19	0
еңселет	v	4	0
еңсеру	n	0	26
еңсеріл	v	55	0
еңсеріс	v	3	0
еңіреген	n	2	87
еңірен	v	3	0
еңірес	v	47	2
еңісте	v	21	0
еңістен	v	2	0
еңістет	v	2	0
еһ	n	0	2
еһе	n	0	2
еһеле	v	2	0
ж	v	10286	989
жаб	v	1142	493
жабайылан	v	35	0
жабайыландыру	n	0	3
жабайылану	n	0	2
жабағылан	v	2	0
жабдын	v	8	0
жабдықтал	v	205	0
жабдықталу	n	0	31
жабдықтану	n	0	3
жабдықтар	n	73	272
жабдықтат	v	8	0
жабула	v	7	0
жабулан	v	2	0
жабылан	v	7	0
жабылған	n	0	114
жабындар	n	2	3
жабырла	v	16	0
жабырлас	v	102	0
жабырқату	n	0	3
жабыстыру	n	0	9
жабығу	n	9	24
жадаула	v	7	0
жадаулан	v	2	0
жадағайла	v	17	0
жадағайлан	v	7	0
жадағайлат	v	3	0
жадыла	v	21	0
жадылау	n	0	5
жадырап	v	8	0
жадырас	v	37	2
жадырату	n	0	7
жазаландыр	v	9	0
жазалану	n	0	83
жазалат	v	7	0
жазбай	v	196	15
жазбау	n	5	58
жаздаған	n	0	127
жаздырту	n	0	4
жаздыру	n	2	39
жаздырыл	v	2	0
жазулар	n	111	352
жазушысы	n	5	98
жазуы	n	0	251
жазыла	v	497	26
жазылу	n	14	396
жазылуы	n	0	32
жазылуын	n	0	27
жазылған	n	59	415
жазымда	v	2	0
жазып	v	707	28
жазысу	n	2	12
жазықта	v	15	0
жазықтан	v	2	0
жазыңқыра	v	2	0
жазғыз	v	140	2
жазғыру	n	11	128
жазғырыл	v	29	0
жайбарақаттандыр	v	3	0
жайбағыста	v	3	0
жайдарлан	v	9	0
жайдарылан	v	38	0
жайдағы	n	2	106
жайдақтал	v	9	0
жайдақтан	v	3	0
жайдақтат	v	4	0
жайдыр	v	85	0
жайлант	v	6	0
жайлану	n	0	3
жайланыс	v	21	0
жайластыру	n	0	2
жайластырыл	v	5	0
жайлаттыр	v	2	0
жайлату	n	0	2
жайлаған	n	0	55
жайлық	v	4	0
жаймала	v	13	0
жаймашуақ	v	3	0
жайнас	v	6	2
жайнату	n	0	9
жайнау	n	0	11
жайнақта	v	7	0
жайнақы	n	0	3
жайнаңдат	v	2	0
жайпал	v	6	0
жайпау	n	0	2
жайпауытта	v	5	0
жайпақта	v	14	0
жайпақтал	v	3	0
жайпақтан	v	3	0
жайпаңда	v	3	0
жайрас	v	4	2
жайрату	n	0	21
жайратыл	v	2	0
жайрағыр	v	3	0
жайраңдат	v	3	0
жайсаңбек	n	0	4
жайсаңдар	n	17	104
жайсыздан	v	24	0
жайтаң	n	0	5
жайтаңда	v	9	0
жайтаңдат	v	6	0
жайхун	n	0	2
жайы	n	0	611
жайылт	v	9	0
жайылу	n	5	133
жайылып	v	61	0
жайылған	n	2	72
жайып	v	55	0
жайыс	v	31	0
жайғал	n	0	14
жайғар	v	9	0
жайғастыру	n	9	34
жайғастырыл	v	25	0
жайғасу	n	4	33
жайғау	n	0	9
жайғызу	n	0	4
жайқалдыр	v	3	0
жайқақта	v	3	0
жайқаңдат	v	4	0
жалайыр	n	18	166
жалам	v	8	5
жалану	n	0	2
жалап	v	6	2
жаласу	n	4	6
жалату	n	0	4
жалатыл	v	48	0
жалаулан	v	4	0
жалақтан	v	6	0
жалаңаштал	v	11	0
жалаңаштан	v	203	0
жалаңдас	v	4	0
жалбалақта	v	2	0
жалбар	v	122	0
жалбарыну	n	14	149
жалбақтас	v	2	0
жалбақтау	n	4	7
жалбаңда	v	12	0
жалбаңдас	v	9	0
жалби	v	3	0
жалбырла	v	3	0
жалдамашы	n	0	2
жалданба	v	14	0
жалдандыр	v	2	0
жалдану	n	4	30
жалдат	v	14	0
жалмас	v	3	0
жалмат	v	5	0
жалмау	n	0	28
жалмаңда	v	21	0
жалмаңдат	v	3	0
жалпай	v	163	8
жалпаю	n	0	2
жалпақта	v	71	0
жалпақтан	v	3	0
жалпаңда	v	5	0
жалпи	v	92	5
жалпит	v	7	0
жалпыл	n	11	30
жалпылан	v	37	0
жалпыландыр	v	10	0
жалпылда	v	86	5
жалпылдас	v	6	0
жалпылдат	v	28	0
жалпылы	n	0	2
жалтарту	n	0	4
жалтақтас	v	11	0
жалтақтат	v	2	0
жалтақтау	n	17	48
жалтаңда	v	21	0
жалтаңдас	v	3	0
жалтылдат	v	26	0
жалтылдау	n	0	2
жалтырат	v	166	0
жалтырату	n	0	6
жалтырау	n	0	4
жалшыма	v	3	0
жалындан	v	23	0
жалындау	n	0	2
жалындыр	v	40	0
жалынт	v	12	0
жалыну	n	13	65
жалынып	v	42	0
жалығу	n	9	19
жалықпай	v	164	7
жалғану	n	0	27
жалғасты	n	0	10
жалғастыратын	n	0	4
жалғастыру	n	57	385
жалғастырылу	n	0	13
жалғастырып	v	7	0
жалғасып	v	19	0
жалғат	v	16	0
жалғызда	v	5	0
жалғызсын	v	5	0
жалғызсырат	v	13	0
жалғызсырау	n	0	9
жалқаулану	n	0	2
жалқыла	v	7	0
жалқылан	v	6	0
жалқылда	v	2	0
жалқында	v	7	2
жалқындан	v	27	0
жалқындат	v	3	0
жамалдатқыр	n	0	2
жамалы	n	0	7
жамандал	v	2	0
жамандасу	n	0	3
жамандатқыр	n	0	3
жамандау	n	20	113
жамансын	v	5	0
жамап	v	4	0
жамас	n	0	5
жамастыр	v	3	0
жамат	v	19	5
жамақ	n	2	5
жамбастат	v	3	0
жамбылдық	n	0	7
жами	n	0	15
жамиғ	n	3	13
жампаңдас	v	8	0
жамылдыр	v	14	0
жамылу	n	0	26
жамылыс	v	7	0
жамырасу	n	0	2
жамырат	v	89	4
жамырау	n	0	2
жамғар	v	8	0
жаназала	v	2	0
жанастыру	n	2	10
жанастырыл	v	4	0
жанасым	v	41	26
жанасыңқыра	v	2	0
жанаттан	v	2	0
жанб	v	61	0
жангелді	n	0	3
жангир	v	2	0
жанда	v	7	0
жандандыра	v	31	0
жандыру	n	0	26
жанжалдар	n	50	94
жанкеш	v	222	0
жанкісі	n	0	10
жаннам	n	0	2
жанрлар	n	38	240
жанры	n	0	144
жанса	n	0	4
жансызда	v	6	0
жансыздандыру	n	0	6
жансын	v	2	0
жантаю	n	0	8
жанту	n	6	12
жаншылу	n	2	25
жанып	v	48	2
жанышталу	n	0	4
жаныштау	n	3	44
жанығу	n	0	2
жанғабыл	n	0	16
жанғали	n	0	4
жанғыз	v	5	0
жанқожа	n	0	39
жапсыру	n	4	25
жаптырт	v	4	0
жапыру	n	0	6
жарайтын	n	4	43
жаралау	n	2	27
жаралу	n	0	67
жарамау	n	0	9
жарамсақтану	v	8	5
жарап	v	28	0
жарастыру	n	2	10
жарасы	n	0	132
жарасқан	n	4	51
жарату	n	36	231
жаратылу	n	11	97
жарағын	n	2	11
жарақаттау	n	0	7
жарақтандыру	n	2	10
жарақтану	n	0	6
жарақтау	n	0	4
жариа	n	0	26
жариялану	n	0	106
жарияланып	v	33	0
жарияланған	n	2	82
жариялату	n	0	3
жариялауын	n	0	5
жарияшы	n	0	2
жарлығын	n	0	36
жарналары	n	0	3
жартыла	v	13	0
жартысы	n	0	102
жарылып	v	36	0
жарылқамыс	n	0	4
жарылқану	n	0	2
жарылқау	n	8	55
жарыстыра	v	18	0
жарыстыру	n	4	30
жарысу	n	4	62
жарысы	n	0	36
жарыту	n	0	5
жарыға	n	0	4
жарықтандыру	v	3	2
жарға	n	3	24
жарған	n	3	108
жарғыласу	n	0	2
жарқы	n	0	14
жарқылдау	n	2	10
жарқырату	n	0	3
жасад	n	0	1837
жасады	n	0	2
жасай	v	1277	54
жасайтын	n	9	209
жасалатын	n	5	59
жасалмай	v	167	0
жасалу	n	0	381
жасалуын	n	0	33
жасалыну	n	0	33
жасалған	n	10	267
жасамай	v	388	14
жасаман	n	0	5
жасап	v	328	16
жасарту	n	3	5
жасару	n	2	23
жасаса	v	18	3
жасасатын	n	0	2
жасасу	n	7	35
жасасып	v	6	0
жасасқан	n	0	15
жасату	n	4	39
жасаушылар	n	24	213
жасақталу	n	0	14
жасақтау	n	12	78
жасаңғырат	v	6	0
жастана	v	15	0
жастану	n	0	7
жастағы	n	4	37
жасым	n	390	652
жасындағы	n	3	10
жасырмай	v	167	2
жасыру	n	29	325
жасыту	n	0	7
жасқандыру	n	0	2
жасқану	v	21	12
жасқаншақтау	v	2	0
жасқау	n	5	44
жата	v	2227	89
жатар	n	2	280
жататын	n	16	374
жататыны	n	0	10
жатпай	v	753	15
жатпайды	n	0	2
жатпайтын	n	3	53
жатсыну	n	16	25
жатталу	n	0	9
жаттап	v	9	0
жаттату	n	0	6
жаттаған	n	0	22
жатты	n	0	56
жаттықтыру	n	11	32
жаттыққан	n	0	4
жатуы	n	0	55
жатып	v	360	4
жатырған	n	0	23
жатырқат	v	7	0
жатықтығы	n	0	2
жатқа	n	88	1369
жатқан	n	168	4201
жатқанын	n	0	297
жатқызу	n	20	328
жатқызылу	n	0	34
жатқызып	v	31	0
жауабы	n	0	90
жауабын	n	2	129
жауад	n	0	303
жауан	n	0	2
жауапкерш	v	5	0
жауапкершілігі	n	0	43
жауаптасу	n	4	30
жауаптау	n	0	2
жауаптылар	n	0	6
жауды	n	0	2
жаудыру	n	9	58
жаулап	v	2	0
жаулары	n	0	255
жауласу	n	15	136
жаулау	n	11	87
жаулығы	n	0	126
жаулығын	n	0	5
жаутаңдау	n	0	7
жауу	n	0	31
жауы	n	0	601
жауып	v	149	2
жауығу	n	5	16
жауғыр	n	0	2
жафа	n	0	2
жаю	n	19	213
жағаластыр	v	9	0
жағаласу	n	0	27
жағалат	v	92	0
жағалату	n	0	2
жағалдан	v	3	0
жағасы	n	0	163
жағдайда	n	0	4
жағдайлар	n	369	1717
жағдайларын	n	0	83
жағдайы	n	0	511
жағдайын	n	0	523
жағу	n	46	233
жағыз	v	13	0
жағылу	n	0	19
жағымпаздану	n	2	8
жағымсу	v	4	0
жағымсы	v	2	0
жағымсын	v	9	0
жағына	v	11	0
жағынан	n	0	3
жағында	n	0	5
жағыну	n	25	54
жағыстыр	v	7	0
жағысу	n	0	2
жақаурат	v	48	0
жақпарлан	v	4	0
жақсартылу	n	0	5
жақсару	n	5	44
жақсылат	v	3	0
жақтан	v	6	3
жақтасу	n	0	2
жақтағы	n	5	107
жақтырмау	n	3	12
жақтың	n	0	2
жақындастыратын	n	0	2
жақындастыру	n	3	56
жақындасу	n	22	150
жақындату	n	9	85
жақындатыл	v	26	0
жақындатылу	n	0	3
жақындатып	v	2	0
жақындатқыз	v	3	0
жақынсы	v	2	0
жақынсын	v	4	0
жақыны	n	0	65
жаққа	n	7	59
жаққыз	v	55	3
жаңалану	n	0	3
жаңалы	n	0	2
жаңалықтары	n	0	69
жаңан	n	0	144
жаңартылу	n	0	3
жаңару	n	22	176
жаңасы	n	0	32
жаңылдыру	n	0	3
жаңылту	n	0	5
жаңылу	n	2	23
жаңылыстыру	n	0	3
жаңылысу	n	2	35
жаңғызым	v	3	0
жаңғыртылу	n	0	15
жаңғыруы	n	0	22
жаңғыры	n	2	47
жаһ	v	4	0
жаһанам	n	0	15
жаһангер	n	2	22
жаһіл	n	0	2
жебей	v	47	0
жебеп	v	4	0
жегізу	n	0	11
жегілу	n	0	11
жегіп	v	17	0
жеделде	n	14	149
жеделдену	v	2	0
жеделдету	n	8	45
жейхұн	n	0	2
жекебас	n	0	4
жекедара	n	0	3
жекелі	n	0	2
жекешеленд	n	0	2
жекешелену	n	0	7
жекке	n	3	29
жеку	v	4	2
желбірету	n	0	2
желбіреу	n	0	13
желдірту	n	0	2
желе	v	448	4
желен	v	4	2
желет	n	0	21
желк	v	2	0
желкелеу	n	0	4
желпу	n	0	4
желпілдеу	n	0	2
желпіну	n	0	14
желу	n	0	11
желіге	v	31	0
желігу	n	3	14
желіктіру	n	2	7
желілер	n	20	114
желімдеу	n	0	6
желіну	n	0	7
жемдеу	n	0	9
жеме	v	411	54
жемей	v	258	13
жемесең	n	0	3
жемтікте	n	2	3
жемісі	n	0	76
жемің	v	14	4
жеп	v	102	2
жергіліктендіру	n	4	16
жерде	n	0	8
жерден	n	0	10
жердер	n	0	3
жерлену	n	0	28
жерлерд	n	0	557
жерлері	n	0	233
жерлесу	n	0	5
жерлету	n	0	2
жерсіндірілу	n	0	3
жеріну	n	0	4
жесу	n	0	4
жетектету	n	0	3
жетектеу	n	3	27
жетекшілері	n	0	99
жетелен	v	7	0
жетелеу	n	0	81
жетер	n	8	772
жетеу	n	5	202
жеткен	n	67	2141
жеткеру	n	0	3
жеткізбес	n	0	50
жеткізе	v	727	48
жеткізетін	n	3	35
жеткізуі	n	0	27
жеткізілген	n	0	16
жеткізілу	n	0	56
жеткізілуі	n	0	12
жетпеген	n	18	309
жетт	n	0	2952
жетті	n	0	8
жету	n	181	1668
жетілдірілу	n	0	21
жетілетін	n	0	6
жетілуі	n	0	50
жетімсіздігі	n	0	5
жетімсірету	n	0	2
жетіп	v	516	14
жетіспеген	n	3	22
жетіспеу	n	0	64
жетіспеушілігі	n	0	7
жетістігін	n	0	5
жетістіру	n	0	5
жеу	n	107	943
жеуі	n	0	4
жеңдіру	n	2	11
жеңсең	n	0	2
жеңу	n	58	571
жеңі	n	220	591
жеңілдену	n	0	5
жеңілдетілу	n	0	5
жеңілдіктер	n	18	53
жеңілту	n	0	3
жеңілу	n	28	137
жеңіп	v	47	0
жеңістік	n	0	6
жиектеме	n	0	2
жиектет	v	4	0
жим	v	48	0
жин	v	589	2
жиналып	v	188	0
жиналыстағы	n	0	7
жиналған	n	5	381
жинап	v	83	5
жинастыру	n	9	53
жинастырылу	n	0	2
жинасу	n	0	9
жинату	n	0	6
жинаған	n	7	222
жинағы	n	0	232
жинақталу	n	2	55
жинақталған	n	0	5
жинақтап	v	3	0
жинақтат	v	4	0
жинақтаған	n	0	20
жирендіру	n	0	2
жирену	n	6	26
жиренушілік	v	2	0
жиро	n	0	2
жисм	n	0	2
жихад	n	0	2
жиш	n	0	18
жиыла	v	109	0
жиылу	n	0	25
жиылып	v	76	4
жиылған	n	0	77
жиындар	n	18	310
жиындары	n	0	4
жиыны	n	0	32
жиып	v	64	7
жиырмала	v	6	0
жиырмасы	n	0	9
жиырылу	n	0	4
жиырылып	v	2	0
жиыстыру	n	0	9
жиысу	n	0	2
жию	n	10	143
жиілену	n	0	6
жиіркендіру	n	0	2
жиіркену	n	0	14
жиған	n	21	303
жиғызу	n	0	6
жиқы	n	0	2
жиһанкез	n	2	53
жиһанша	n	0	15
жобалар	n	66	191
жобалары	n	0	35
жобаларын	n	0	19
жобасы	n	0	152
жобасын	n	0	57
жойылту	n	0	5
жойған	n	2	60
жолата	v	5	0
жолату	n	0	12
жолау	n	5	30
жолдар	n	452	2147
жолдары	n	0	458
жолдарын	n	0	221
жолы	n	0	1895
жолын	n	5	1385
жолында	n	0	2
жолындағы	n	16	78
жолығу	n	23	257
жолығысу	n	5	39
жолықтырт	v	2	0
жолықтыру	n	4	27
жолғы	n	2	75
жону	n	6	14
жорамалдау	n	4	88
жорту	v	133	46
жору	n	19	192
жорылу	n	0	5
жорыту	n	4	20
жорыш	n	0	19
жорыған	n	0	31
жорғалау	n	5	23
жосалау	n	0	2
жоспарлану	n	0	16
жоспарланып	v	2	0
жоспарланған	n	0	3
жоспарлап	v	3	0
жоспарлар	n	42	198
жоспарлары	n	0	72
жоспарларын	n	0	18
жоспары	n	0	171
жоспарын	n	0	79
жосылу	n	0	4
жош	n	2	166
жошыұлы	n	0	2
жоғалтып	v	20	0
жоғалу	n	6	200
жоғы	n	0	55
жоқтан	v	2	0
жоқтығы	n	0	98
жоңқалан	v	2	0
жуал	n	2	25
жуасыту	n	0	19
жуату	n	0	2
жуд	n	0	358
жудыру	n	0	2
жулдыз	n	3	7
жуман	v	2	0
жусау	n	0	13
жуш	n	0	9
жуылу	n	0	6
жуым	v	22	0
жуындыру	n	0	9
жуыну	n	12	68
жуынып	v	2	0
жуып	v	23	0
жуыр	n	2	416
жуысу	n	0	5
жуығы	n	0	23
жуықтату	n	0	2
жуғызу	n	0	3
жыбырлау	n	0	2
жыз	n	0	2
жыйнақ	n	0	2
жыйын	n	2	7
жыламсырау	n	0	2
жыланды	n	0	43
жыласу	n	0	8
жылату	n	4	32
жылау	n	89	874
жылаушы	n	0	4
жылдар	n	234	3519
жылдары	n	0	229
жылды	n	0	2
жылжыту	n	8	32
жылмаңдау	n	0	3
жылп	v	6	4
жылтырау	n	2	5
жылуы	n	0	65
жылыну	n	2	33
жылының	n	0	2
жылыттыр	v	6	0
жылытылу	n	0	2
жылытыс	v	2	0
жылыға	v	7	4
жылқысын	n	0	27
жымдастыру	n	0	3
жымдасу	n	0	10
жымиып	v	5	0
жымия	v	131	6
жымы	n	0	2
жымың	n	6	18
жымыңдау	n	0	2
жындандыру	n	0	2
жындану	n	0	62
жынысы	n	0	54
жынғыл	v	5	0
жыпылықтау	n	0	2
жыпырай	v	6	0
жыраулар	n	34	302
жырауы	n	0	9
жырлайтын	n	0	19
жырлану	n	0	20
жырларын	n	0	197
жырлату	n	0	2
жырлау	n	41	287
жырта	v	101	2
жырттық	n	6	9
жыртылу	n	0	15
жыртылып	v	17	0
жыртын	v	7	0
жыртысу	n	4	15
жыртың	n	0	4
жыртқызу	n	0	3
жыру	n	0	2
жырғалу	v	5	3
жырқ	v	4	0
жыттыр	n	0	2
жыю	n	4	7
жығалы	n	0	4
жығар	n	0	10
жығу	n	5	83
жығы	n	27	149
жығылу	n	9	115
жығылып	v	75	0
жықпа	v	75	10
жэнь	v	2	0
жюри	n	0	15
жіберген	n	23	1070
жібергені	n	0	23
жіберді	n	0	17
жібермеу	n	24	171
жіберт	v	98	0
жіберту	n	0	4
жіберілетін	n	0	3
жіберілу	n	0	55
жіберіп	v	722	13
жібу	n	0	5
жібіту	n	2	32
жігерлендіру	n	2	13
жігерлену	n	0	14
жігіттер	n	470	2196
жігіттері	n	0	314
жіктелу	n	15	142
жіктеу	n	35	223
жілікте	v	12	0
жіліктеу	v	3	2
жітім	n	10	55
жітір	v	9	0
жүгендеу	n	0	12
жүгі	n	0	125
жүгіндіру	n	0	2
жүгіну	n	34	255
жүгінісу	n	0	3
жүгірту	n	10	96
жүгіртіп	v	5	0
жүгіру	n	19	250
жүдеп	v	36	5
жүдету	n	0	6
жүзбасы	n	0	28
жүзбе	v	11	0
жүзге	n	0	11
жүзде	v	746	0
жүздесу	n	13	110
жүзі	n	0	823
жүзін	n	7	1481
жүзіндегі	n	0	11
жүзқара	n	0	6
жүйел	n	154	556
жүйелену	n	0	23
жүйелер	n	83	419
жүйес	n	0	688
жүйесі	n	0	579
жүйесін	n	0	280
жүйтку	n	0	11
жүкт	n	200	763
жүктелу	n	0	18
жүлді	n	2	5
жүлік	n	0	12
жүмле	n	0	4
жүмысшы	n	5	120
жүндел	v	3	0
жүндеу	n	0	28
жүрг	n	30	81
жүрген	n	219	4567
жүргені	n	0	200
жүргізбеген	n	0	4
жүргізген	n	5	172
жүргізе	v	454	15
жүргізетін	n	0	19
жүргізу	n	223	920
жүргізуі	n	0	26
жүргізілген	n	0	52
жүргізілетін	n	0	14
жүргізілу	n	0	190
жүргізілуі	n	0	8
жүргізіліп	v	9	0
жүргізіп	v	43	0
жүрегі	n	0	1170
жүрегін	n	7	693
жүрексіну	n	0	14
жүрект	n	251	997
жүрер	n	3	315
жүретін	n	24	366
жүретінім	v	23	0
жүретінін	n	0	3
жүрле	v	2	0
жүрмей	v	647	27
жүрсең	n	0	97
жүрсің	n	0	316
жүрілу	n	0	2
жүріп	v	511	28
жүһүд	n	7	43
жұбану	n	0	9
жұбату	n	20	217
жұбын	n	0	7
жұдырығы	n	0	244
жұдырығын	n	0	69
жұдырықтасу	n	0	11
жұлақ	n	0	3
жұлба	n	4	17
жұлмалат	v	3	0
жұлмалау	n	0	6
жұлт	n	0	4
жұлу	n	3	39
жұлыну	n	0	4
жұлысу	n	0	13
жұлқу	n	0	8
жұлқылау	n	0	5
жұлқыну	n	0	7
жұлқысу	n	0	18
жұмар	n	0	39
жұмбай	n	6	9
жұмбақтандыр	v	2	0
жұмбақтат	v	3	0
жұмжұма	n	0	12
жұмсай	v	429	15
жұмсалмаған	n	0	2
жұмсалу	n	0	76
жұмсалуы	n	0	3
жұмсарту	n	5	53
жұмсару	n	0	11
жұмсауы	n	0	75
жұму	n	0	49
жұмыла	v	33	4
жұмылдырылу	n	0	10
жұмылдырып	v	2	0
жұмылу	n	7	36
жұмырбас	v	9	0
жұмыртқалау	n	2	5
жұмыссыздар	n	4	22
жұмыстану	n	2	14
жұмыстар	n	296	1270
жұмыстары	n	0	410
жұмыстарын	n	0	172
жұмысын	n	2	326
жұптану	n	0	2
жұптасу	n	2	8
жұрқ	v	9	2
жұрқыл	n	0	5
жұтату	n	0	2
жұтау	n	0	14
жұтыну	n	0	3
жұғу	n	0	19
жұғы	v	49	19
жұғысу	n	0	18
жұқару	n	0	2
жұқта	v	2	0
жұқтыру	n	0	17
жәбірейіл	n	17	65
жәбірлену	n	0	2
жәдид	n	0	5
жәді	v	2	0
жәдік	n	0	48
жәйің	v	11	0
жәлеп	n	0	10
жәрдемақылар	v	3	0
жәрдемдесу	n	15	87
жәрәкімалла	n	0	3
жәсат	n	0	2
жөнделу	n	0	13
жөнделіп	v	4	0
жөндету	n	0	9
жөндеуд	n	0	38
жөнелді	n	0	14
жөнелтілу	n	0	13
жөнелу	n	9	190
жөнін	n	12	1289
жөпшеңді	n	0	2
жөтелу	n	0	14
жөткіріну	n	0	2
жөңкілу	n	0	6
забар	n	0	2
забыт	n	0	37
заговор	n	3	20
зад	n	8	92
задан	n	0	17
зайыл	n	0	2
зайғ	n	0	28
закария	n	0	6
залалсыздандыру	n	0	7
залалсыздандырылу	n	0	2
залдары	n	0	9
залил	v	2	0
залы	n	0	68
залың	n	3	18
заманда	n	25	253
замандасы	n	0	47
замин	n	0	2
зан	v	32	15
запыс	n	0	6
зара	n	0	10
заратустра	n	0	11
зарзаман	v	2	0
зарлану	n	0	21
зарлату	n	0	4
зарлау	n	0	62
зарп	n	0	13
зарығу	n	4	33
зарядтау	n	0	2
заттандыр	v	24	0
заттар	n	511	1359
заты	n	0	223
заузат	n	4	12
заулату	n	0	4
заулау	n	2	3
зауқы	n	0	4
захмат	n	2	3
зая	n	0	37
зақымдану	n	0	12
зақымдау	n	0	2
заңдар	n	212	849
заңдарын	n	0	55
заңдылықтар	n	92	320
заңдылықтары	n	0	94
заңдылықтарын	n	0	8
заңнамасы	n	0	7
заңсыз	n	0	78
заңы	n	0	403
заһид	n	2	16
звонда	v	10	2
зд	v	59	20
зей	v	26	9
зейне	v	73	12
зеку	n	5	17
зекіру	v	2	0
зенбіл	n	0	2
зерделену	n	0	12
зерделеу	n	33	153
зеректігі	n	0	42
зерттелу	n	0	178
зерттеліну	n	0	11
зерттеп	v	10	0
зерттету	n	0	2
зерттеуд	n	0	283
зерттеулер	n	113	760
зерттеушілер	n	50	604
зерттеушісі	n	0	17
зеріктіру	n	0	2
зз	v	2	0
зиндан	n	0	2
зира	v	155	8
зиянсыздандыру	n	0	2
зияны	n	0	14
зол	n	11	19
зорайту	n	0	4
зораю	n	0	2
зорлану	n	5	9
зорлап	v	10	0
зубаржад	n	0	2
зулап	v	3	0
зулау	n	0	4
зулм	v	3	0
зумрад	n	0	2
зуш	n	0	2
зуылдау	n	0	2
зылиқа	n	0	63
зым	n	0	2
зымырау	n	0	13
зымыстан	n	2	17
зын	n	0	239
зына	n	0	2
зыр	v	12	6
зырлату	n	0	2
зырлау	n	0	6
зырғыту	n	0	2
зыту	n	0	6
зыңқ	v	2	0
зілқара	n	0	18
зірк	v	19	0
зіркілдеу	n	0	3
зүбайда	n	0	11
зүбаржат	n	0	3
зүлжалал	n	0	2
зүлфі	n	0	4
зүриат	n	0	6
зұлқарнайын	n	7	54
зәбірлен	v	23	0
зәбірлеу	n	2	3
зәкүн	n	5	9
зәкөн	v	2	0
зәл	n	0	82
зәрд	n	0	23
зәуі	n	0	52
зәңки	v	2	0
иа	n	5	19
иазид	n	0	6
иам	v	4	0
иамағ	n	0	2
иамин	n	2	4
иар	n	2	10
иас	n	2	14
иасы	n	0	2
иаш	v	4	2
иағ	n	2	5
иағы	n	0	2
ибада	n	0	2
ибағат	n	0	2
иблис	v	2	0
иванова	n	0	13
игерту	n	0	5
игеру	n	92	592
игерілу	n	0	50
игл	n	11	19
игізу	n	0	3
идара	n	0	4
идеалдылық	n	6	16
идеализациялау	v	3	2
идеограмма	n	2	3
идеялар	n	215	663
идеяларын	n	0	18
идеясы	n	0	328
идеясын	n	0	56
идио	v	10	3
идол	n	3	26
идіру	n	0	4
иег	n	20	359
иектеу	n	0	2
иел	v	70	18
иелену	n	25	222
иеленілу	n	0	2
ием	n	25	120
иерарх	n	0	2
иесін	n	0	36
иеті	n	0	2
ижазат	v	3	0
изел	v	7	0
изеп	v	4	0
изеу	n	0	27
изн	n	0	4
икемдену	n	0	6
икемдеу	n	2	29
иконика	n	0	5
икт	n	0	3
илаж	n	0	2
илену	n	0	4
иллюзия	n	24	98
илот	n	0	3
илтимас	n	0	3
илігу	n	2	7
илһәм	n	0	3
имамы	n	0	16
имидж	n	5	11
имкан	n	0	2
имманентті	n	0	9
импорттал	v	7	0
импорты	n	0	3
импрессарио	n	0	2
ин	n	17	196
инабат	v	291	78
инал	n	0	2
инанды	n	0	3
инверсиялану	n	0	3
инвестициялар	n	8	13
инвестициялау	v	3	2
ингибитор	n	0	2
индепенденттер	n	2	3
индивид	n	40	264
индиго	n	0	4
индукциялану	n	0	2
индустриялану	n	0	4
инжекция	n	0	3
инжиниринг	n	0	2
инициатива	n	17	48
инициация	n	0	59
инкрустация	n	0	2
инс	n	2	7
инсан	n	4	12
инстинкт	n	40	130
инстинкттер	n	4	24
институттандыру	n	2	3
институттар	n	72	350
институты	n	0	454
инструкция	n	0	5
инструмент	n	8	67
интеграциялану	n	0	8
интеллект	n	9	69
интенция	n	0	11
интервью	n	3	6
интерлингвистика	n	0	2
интерпол	n	0	4
интерпретатор	n	0	7
интерпретациялану	n	0	4
интрига	n	0	16
интродукция	n	0	2
интуиционизм	n	0	4
информация	n	2	55
инцест	n	0	16
инғам	v	6	4
иол	n	0	13
иондар	n	0	7
ипостась	n	0	7
ирадат	n	0	2
ирамбақ	n	5	29
иретіл	v	50	0
ирония	n	0	49
ирреалды	n	0	6
ирригация	n	0	10
исламдандыру	n	0	2
исламдану	n	0	3
истеблишмент	n	4	7
истиғмал	n	0	2
исым	v	2	0
итбас	v	3	0
итермелеу	n	6	63
итеру	n	2	34
иттифақ	n	2	12
итшіле	v	31	0
итіс	v	2	0
ихрам	v	9	6
иыл	n	0	6
иып	v	3	0
иыр	n	0	4
иығын	n	2	259
иықтасу	n	0	2
ию	n	22	158
иіг	n	0	2
иілдір	v	15	0
иілме	v	55	4
иілім	v	4	0
иілімділік	n	0	2
иіліп	v	5	0
иім	v	5	0
иіру	n	3	30
иіскелен	v	2	0
иіскелеу	n	0	5
иіскеу	n	4	39
иісшіл	n	0	8
иісі	n	0	105
иіту	n	0	5
иің	n	3	8
иғдиқат	v	2	0
иқбал	n	0	5
иүз	n	2	12
кабаре	n	0	2
каббала	n	0	5
каби	n	0	20
каботаж	v	5	0
кавалер	n	9	25
кавалерия	n	0	14
кадриль	v	4	2
кадрлар	n	90	256
казактар	n	32	178
казарма	n	3	149
казуистика	n	0	18
кайф	n	0	6
калам	n	3	26
каламбур	n	0	4
калб	n	0	2
каледон	n	0	2
калима	n	2	14
калокагатия	n	0	4
калып	v	10	0
кальмар	n	0	4
камзол	n	19	51
кампания	n	2	10
камфара	n	0	2
камфора	n	0	2
канизак	n	0	2
канистр	v	8	3
каноэ	n	0	2
капиталы	n	0	64
капитель	n	0	5
капитолий	n	0	5
капрал	n	3	8
капуциндер	n	0	3
карабин	n	8	20
карамат	v	4	0
карбон	v	4	2
кард	n	2	19
кардиограмма	n	0	7
каре	n	7	26
карета	n	2	18
кари	n	0	4
кариес	n	0	2
карма	n	2	52
карр	n	0	2
карталары	n	0	12
картечь	n	0	6
картограф	n	0	4
картотека	n	3	16
картофель	n	0	4
карусель	n	0	11
карьера	n	9	22
кас	n	73	116
каска	n	17	26
каскад	n	0	2
кассета	n	3	13
кастрөл	n	8	14
кат	v	333	17
катакомба	n	0	3
катаф	v	2	0
категориялар	n	74	299
категориялары	n	0	83
катер	n	8	76
каторга	n	0	120
кауфман	n	6	30
каучук	n	0	7
кафель	n	2	3
кафес	n	0	14
кафир	n	2	4
ках	v	5	0
кахарман	n	0	2
каюта	n	4	105
каһ	v	2	0
квалификация	n	0	6
кварта	n	2	30
квартал	n	22	99
квиетизм	v	2	0
квинта	n	0	32
квон	n	0	2
кебел	n	0	3
кеда	v	2	0
кедейл	v	357	0
кедейлену	n	0	19
кедейші	n	0	133
кедергіле	v	2	0
кежігу	n	0	3
кездегі	n	2	132
кездену	n	0	2
кездері	n	0	47
кездесетін	n	0	118
кездескен	n	33	704
кездесулер	n	18	208
кездеу	n	0	2
кезді	n	0	6
кездіру	n	0	2
кезекпе	n	0	2
кезектесу	n	0	7
кезену	n	0	2
кезеу	n	2	4
кезеңде	v	5	0
кезеңдегі	n	0	4
кезеңдерін	n	0	186
кезеңі	n	0	327
кезу	n	10	92
кезі	n	6	382
кезігу	n	0	29
кезіктір	v	171	2
кезіндегі	n	0	32
кейбіреу	n	28	1278
кейбірін	n	0	91
кейпет	n	0	2
кейінгілер	n	22	255
кейіпкерлері	n	0	216
кейіптелу	n	0	5
кейіптендіру	n	0	2
кекеп	v	2	0
кекете	v	31	2
кекету	n	0	14
кекетіп	v	5	0
кектену	n	3	7
кектесу	n	0	4
кектеу	n	0	2
кекіру	n	0	2
келгін	n	0	2
келгіштеу	v	3	0
келді	n	0	51
келдім	n	0	8
келеді	n	0	35
келемеждеу	n	4	7
келер	n	11	568
келетін	n	57	793
келеу	n	0	2
келеш	n	0	4
келкі	n	0	3
келмейтін	n	21	283
келсе	n	0	12
келт	n	0	14
келти	v	2	0
келтірді	n	0	13
келтіре	v	710	82
келтірмеу	n	13	72
келтіру	n	152	1076
келтірілетін	n	0	2
келтірілу	n	0	71
келтіріп	v	101	2
келуі	n	0	353
келуін	n	0	81
келіп	v	1221	103
келісетіні	n	0	2
келіспеген	n	0	23
келістік	v	4	0
келістілік	v	2	0
келістір	v	440	2
келістіру	n	3	17
келісі	n	0	451
келісімдер	n	26	109
келісімі	n	0	136
келің	n	5	586
кемде	v	79	0
кемелдендіру	n	0	19
кемелдену	n	5	83
кемерле	v	4	0
кемерлен	v	14	0
кемсең	n	0	6
кемсі	n	0	54
кемш	v	17	3
кемшілігін	n	0	2
кеміген	n	0	29
кеміру	n	2	17
кемітілу	n	0	5
кенд	n	36	124
кенелдір	v	11	2
кенелер	n	3	6
кенелу	n	4	30
кенжелік	n	0	5
кенжесі	n	0	44
кентай	n	0	2
кепен	n	0	7
кепеш	n	13	28
кепсек	n	0	2
кепсен	n	0	2
кептеле	v	8	0
кептеліс	n	0	13
кептес	v	3	0
кептетіл	v	6	0
кептіріл	v	90	0
кептірін	v	12	0
кепілдігі	n	0	13
кепілдіктер	n	11	32
кепілдіктері	n	0	2
кепілзат	n	0	2
кепілі	n	0	4
кепір	n	0	3
кербала	n	0	62
кербезден	v	40	0
керген	n	6	119
кергу	v	4	2
кергі	v	44	25
кергіле	v	8	0
кергілес	v	14	0
кердең	n	0	29
кердеңдет	v	5	0
кердеңдік	n	0	5
кердір	v	4	0
кердірт	v	2	0
керегі	n	0	89
керейіт	n	0	6
керексін	v	35	0
керексіт	v	8	0
керем	v	177	0
керен	n	0	5
керзі	n	0	2
керкі	n	0	4
керкілдес	v	6	0
кернейші	n	0	17
кернет	v	14	0
керсең	n	0	2
керти	v	3	0
кертпештен	v	3	0
керуендет	v	3	0
керуенсарай	n	0	16
кершеуле	v	3	0
керіз	n	0	2
керілдес	v	111	0
керіліп	v	8	0
керіскен	n	0	4
керістір	v	4	0
керісу	n	4	11
керіш	n	6	9
кесекте	v	18	0
кесектей	v	2	0
кесектен	v	3	0
кесертке	n	0	2
кескек	v	59	4
кескі	n	0	344
кескіз	v	25	0
кескілен	v	32	0
кестелен	v	115	0
кестелену	n	0	2
кестелеп	v	4	0
кестелер	n	20	73
кестем	n	0	3
кестен	n	0	93
кестесі	n	0	66
кестесін	n	0	31
кестеу	n	0	4
кестір	v	151	2
кестірт	v	2	0
кесу	n	41	247
кесімдер	n	0	4
кесінділер	n	4	21
кесіп	v	77	4
кесірлен	v	31	0
кесіс	v	84	2
кетеді	n	0	11
кетен	n	0	8
кетер	n	74	738
кететін	n	35	524
кететіндігін	n	0	9
кеткен	n	343	3651
кетпе	v	2566	230
кетпеуі	n	0	13
кетсе	n	0	5
кетті	n	0	53
кетч	v	2	0
кетім	v	72	14
кетіп	v	1639	69
кетіру	n	6	72
кетісу	n	2	13
кеуделеу	v	2	0
кеукер	n	0	2
кеуіс	n	0	2
кеч	v	8	2
кешенд	n	31	167
кешенін	n	0	35
кешеуілдету	n	0	10
кешкен	n	22	293
кешкіру	n	0	4
кешпейтін	n	0	2
кештет	v	201	0
кештір	v	62	3
кешуін	n	0	5
кешігу	n	8	83
кешіктіріл	v	21	0
кешіктірілмей	v	2	0
кешілдік	n	0	2
кешірме	v	109	13
кешірт	v	9	0
кешіріл	v	137	0
кешірімсіз	n	0	4
кешірімшіл	n	0	6
кешіріс	v	8	0
кеще	n	0	65
кею	n	3	22
кеңейтілу	n	0	14
кеңест	n	291	463
кеңесу	n	7	73
кеңесшіл	v	52	0
кеңесшілері	n	0	37
кеңесшісі	n	0	12
кеңесі	n	0	448
кеңесіл	v	3	0
кеңесін	n	0	161
кеңею	n	4	117
кеңк	v	4	0
кеңки	v	3	0
кеңкілдеп	v	2	0
кеңкілдес	v	2	0
кеңіген	n	0	7
кеңіл	n	0	49
кеңірдектес	v	10	0
кеңірдектет	v	2	0
кеңістіктік	n	0	7
киген	n	19	562
кигізіл	v	105	0
киелеу	n	2	4
киелілік	n	12	24
киеңкі	n	0	2
кикбоксинг	n	2	4
киловат	n	0	12
киловольт	n	0	2
киль	n	2	11
килікпе	v	15	0
киліктір	v	21	0
киме	v	192	20
кимелес	v	11	0
кимелет	v	5	0
кимелеу	n	0	5
кимоно	n	0	7
кинайа	n	0	2
кинематика	n	0	2
кинетика	n	0	11
киниктер	n	0	6
кинооператор	n	0	4
кинорежиссер	n	0	11
киносценарий	n	2	15
кинотаспа	n	0	4
киношы	n	0	7
кип	v	7	3
киреналықтар	n	0	2
китаб	v	7	4
китт	v	25	15
китің	n	0	4
кишк	v	3	0
кию	n	43	280
киізден	v	4	0
киіл	v	118	0
киімді	n	0	27
киімсіз	n	0	2
киімілгіш	n	0	4
киіну	n	17	126
киіп	v	191	2
киіс	n	41	86
ккен	n	0	15
клавиш	n	6	9
классигі	n	0	16
кластық	n	0	4
клеенка	n	0	22
клише	n	0	8
клубтары	n	0	9
книжка	v	9	4
кнопка	n	18	51
княздік	n	0	3
кобзарь	n	0	6
кобра	n	0	4
кобура	n	0	2
кодексі	n	0	62
кодификациялан	v	3	0
кодтары	n	0	8
коды	n	0	11
кодын	n	0	2
койка	n	2	28
колхоздан	v	4	0
колхоздарын	n	0	14
колхоздық	n	0	2
колхозшылар	n	32	174
колхозы	n	0	170
командалар	n	0	21
командалары	n	0	10
командашы	n	0	25
командирлік	n	3	6
комендант	n	25	127
комиссарлық	n	2	8
комиссиялар	n	3	61
комиссиясы	n	0	200
комитеті	n	0	476
комитетіндегі	n	0	3
коммиссар	n	0	2
коммунар	n	0	18
коммунитас	n	0	4
компендиум	n	0	3
компенсация	v	3	2
компетенция	n	0	2
комплимент	n	0	6
композиторы	n	0	14
компромисс	n	3	9
кон	n	10	18
конвертор	n	0	2
кондиция	n	0	3
конкурстар	n	0	18
консалтинг	n	0	3
консенсус	n	6	25
консервациялау	n	2	3
консервіле	v	6	0
консервілен	v	12	0
консервілер	n	5	8
консервілеу	v	2	0
консолидация	n	0	4
конструкцияла	v	15	0
консулдық	n	2	10
консультанттар	n	0	2
консультативт	n	0	2
контейнерлер	n	0	6
контрабандист	v	3	0
контрфорс	n	0	2
контузия	n	0	18
конферансье	n	0	4
конфигурациясы	n	0	6
конфискеле	v	25	0
конфискелеу	n	0	7
концепт	n	6	16
концептуализм	n	0	2
концепция	n	70	258
кооператор	n	0	4
кооперацияла	v	7	0
кооперациялау	n	0	2
координат	n	5	49
координациялан	v	2	0
корма	n	0	2
королева	n	0	62
корректура	v	10	4
коси	n	0	2
космополит	n	0	47
косяк	v	9	0
котлет	n	10	21
коттедж	n	6	69
кофейник	v	4	0
кох	n	0	4
коэффициенттер	n	2	4
кпес	n	0	3
крахмалда	v	7	0
кредитор	n	3	13
крем	n	7	11
крепостник	n	0	18
крепостнойлық	n	0	4
кресшілер	n	0	5
кристалдану	n	0	11
критериум	n	0	3
крокодил	n	3	13
кромлех	n	0	2
крюк	v	2	0
кс	n	0	9
кт	v	70	19
ктер	n	5	57
ктерд	n	0	5
ктеу	n	0	13
кубогы	n	0	3
кубогын	n	0	2
кубометр	n	0	2
кувада	n	0	2
кузов	n	8	47
кула	n	0	21
кулак	n	22	92
куллият	n	0	2
кулуар	n	0	2
кулфат	n	0	2
кун	n	12	51
курант	n	0	5
куратор	n	4	6
курортшы	n	0	4
кухня	n	5	71
куһ	n	0	2
куә	n	12	1199
куәландырған	n	0	5
кэт	v	2	0
кібіртік	n	0	14
кібіртіктен	v	2	0
кібіртіктет	v	3	0
кіди	v	2	0
кіділен	v	4	0
кідірту	n	0	20
кідірісте	v	17	0
кіжін	v	473	0
кіжіну	n	2	28
кіжіңде	v	7	0
кілби	v	15	2
кілбит	v	3	0
кілегейлен	v	38	0
кілет	n	9	25
кілк	v	108	0
кілкі	v	89	4
кілкілде	v	18	0
кілми	v	26	0
кілти	v	2	0
кілтипан	n	12	44
кілтте	v	21	0
кілттен	v	20	0
кілті	n	0	57
кілтілде	v	2	0
кілтің	v	23	0
кім	n	1247	5856
кімге	n	0	4
кімсен	n	0	3
кімі	n	0	17
кіндігі	n	0	49
кіндігін	n	0	50
кінә	n	328	1114
кінәлан	v	7	0
кінәлас	v	44	0
кінәластыр	v	2	0
кінәлау	n	12	225
кінәлы	n	0	7
кінәмшілдік	n	0	5
кінәратта	v	2	0
кінәрәт	n	0	2
кірбең	n	12	33
кірбеңде	v	4	0
кірбеңдік	v	2	0
кірби	v	18	0
кірбіңде	v	6	0
кірген	n	19	1005
кіргізу	n	28	182
кіргізіс	v	2	0
кірді	n	0	14
кірекеш	n	2	22
кірент	n	0	4
кіреует	n	0	2
кіреукеле	v	15	0
кіреукелен	v	40	0
кіреш	n	0	27
кіржи	v	84	9
кіржит	v	51	0
кіржіңдес	v	6	0
кіржіңдет	v	3	0
кірлеу	n	0	10
кірме	v	692	73
кірне	n	2	3
кірпияздан	v	6	0
кірпияздық	n	0	6
кірпікшешен	n	0	6
кірсін	n	0	2
кірти	v	136	2
кіртит	v	2	0
кіртік	n	0	2
кіртілдет	v	3	0
кіруші	n	0	13
кірхана	n	0	2
кірші	n	0	2
кіршілдет	v	3	0
кірік	v	67	0
кіріктір	v	56	0
кіріктіру	n	2	13
кіріп	n	202	364
кіріске	n	3	64
кіріспесі	n	0	12
кірістері	n	0	11
кірісті	n	0	6
кірістіріл	v	12	0
кірістің	n	0	5
кірісу	n	26	250
кірісіл	v	10	0
кірісін	n	0	4
кісендел	v	49	0
кісендет	v	2	0
кісендеу	n	0	4
кісия	n	0	2
кісікиік	n	0	2
кісікиіктен	v	10	0
кісімсі	v	19	0
кісімсін	v	53	0
кісімсіну	n	2	4
кісімсіт	v	3	0
кісінет	v	56	0
кісінеу	n	3	21
кісәпір	n	4	24
кісәпірлік	n	3	11
кітаби	n	0	2
кітабы	n	0	431
кітабындағы	n	0	2
кітаптан	v	3	0
кітапшасы	n	0	25
кітапшыла	v	2	0
кітапқұмар	n	0	8
кітапқұмарлық	n	0	2
кітірлет	v	2	0
кіш	n	0	1591
кішт	n	0	2
кішік	n	2	26
кішілеу	n	0	5
кішір	v	34	3
кішірейту	n	2	15
кішірею	n	0	17
кішірту	n	0	2
күбін	n	14	33
күбірлес	v	220	0
күбірлеу	n	0	16
күд	v	751	0
күдіктену	n	7	68
күдікшіл	n	0	9
күдірей	v	126	10
күдірейт	v	58	0
күдіс	v	2	0
күдістен	v	7	0
күж	n	2	5
күжіл	n	0	3
күжілде	v	34	0
күжілдес	v	16	0
күжілдет	v	9	0
күжірей	v	122	5
күжірейт	v	48	0
күзде	v	12	0
күздеу	n	0	19
күзей	v	10	2
күзек	n	3	63
күзел	v	89	0
күзем	n	7	13
күзес	n	0	2
күзеттір	v	106	3
күзеттіру	n	0	3
күзету	n	22	121
күзетуші	n	0	18
күзетшілік	n	0	9
күзетіл	v	21	0
күзетіс	v	11	0
күзеуші	n	0	2
күйбекте	v	2	0
күйбең	n	17	187
күйбеңде	v	51	0
күйбеңдес	v	13	0
күйбеңдет	v	2	0
күйбеңдеу	n	0	2
күйгелекте	v	13	0
күйгелектен	v	58	0
күйгіз	v	54	8
күйді	n	0	2
күйек	n	5	60
күйелен	v	7	0
күйелеу	n	0	2
күйелеш	n	0	2
күйелі	n	0	2
күйеусін	v	5	0
күйеушіле	v	2	0
күйеуі	n	0	735
күйзелу	n	6	60
күйзелушілік	n	0	3
күйзеу	n	0	9
күйзеушілік	n	0	4
күйлен	v	62	2
күйлендір	v	15	0
күйлер	n	118	553
күйлерд	n	0	118
күйлет	v	11	0
күймеле	v	5	0
күйректен	v	6	0
күйреуік	n	2	5
күйсе	v	29	0
күйсет	v	3	0
күйсіз	n	2	10
күйсізден	v	3	0
күйт	n	2	29
күйтте	v	139	0
күйттел	v	3	0
күйшіл	v	130	0
күйі	n	31	606
күйікті	n	0	8
күйіндір	v	69	0
күйіну	n	2	35
күйінің	n	0	3
күйіп	v	14	0
күлайша	n	0	4
күлбілте	n	0	16
күлбілтелен	v	5	0
күлбірет	v	5	0
күлгіз	v	42	0
күлгінден	v	9	0
күлден	v	5	0
күлдібадамдан	v	2	0
күлдіре	v	77	0
күлдірет	v	10	0
күлдірле	v	9	0
күлдірлет	v	5	0
күлдіру	n	2	36
күлдіріп	v	14	0
күлегеш	n	0	21
күлегештік	n	0	3
күледі	n	0	2
күлер	n	4	123
күлетін	n	17	53
күлкілде	v	7	0
күлкішіл	n	0	6
күлкішілдік	v	2	0
күлмең	n	0	23
күлмеңде	v	12	0
күлпара	v	3	0
күлпарша	n	9	14
күлтелендір	v	4	0
күлтілдет	v	3	0
күлу	n	44	272
күлік	n	10	107
күлім	n	10	191
күлімдет	v	28	0
күлімдеу	n	2	13
күлімсі	v	5	3
күлімсірет	v	2	0
күліп	v	108	0
күлісу	n	0	3
күлісіп	v	8	0
күләнда	n	5	58
күмбезде	v	8	0
күмбір	n	4	44
күмп	v	6	0
күмпи	v	80	2
күмпит	v	3	0
күмпіл	n	0	4
күмпілдес	v	3	0
күмпілдет	v	30	0
күмпілдеу	n	0	2
күмілжу	n	0	2
күмілжіт	v	10	0
күмісте	v	58	0
күмістел	v	48	0
күмістет	v	8	0
күмісті	n	0	2
күмәндану	n	14	103
күмәншыл	v	2	0
күнаһ	v	23	6
күнбағар	n	0	7
күндегі	n	21	175
күндей	v	93	2
күндер	n	501	3944
күндеу	n	5	35
күнді	n	0	2
күндүз	n	0	2
күнелту	n	7	78
күнсі	v	20	0
күнсіз	n	0	18
күнт	v	36	0
күнтай	n	3	11
күнтимес	n	0	6
күншілік	n	2	36
күні	n	0	679
күнікей	n	21	51
күнін	n	2	1160
күнә	n	377	1871
күнәкарлық	n	2	13
күнәла	v	4	0
күнәлы	n	0	2
күнәлылық	v	2	0
күнәсыз	n	2	8
күнәһар	n	15	151
күпи	v	6	0
күпит	v	3	0
күпсек	v	3	0
күпсі	v	2	0
күпсін	v	44	0
күпсіт	v	2	0
күпте	v	25	3
күптей	v	3	0
күптел	v	44	0
күптет	v	3	0
күпті	n	2	7
күптілік	n	0	2
күпіл	n	0	28
күпілдек	n	0	8
күпілдес	v	14	0
күпілдет	v	2	0
күпін	v	82	20
күпіну	n	2	4
күпәй	n	0	39
күр	n	118	525
күрби	v	6	0
күрде	v	2	0
күрдек	n	0	2
күрдел	n	0	915
күрделен	v	125	0
күрделену	n	0	25
күрегейле	v	2	0
күрел	v	8	0
күрескен	n	8	119
күрескерлік	n	2	12
күрестері	n	0	20
күрестір	v	73	0
күресі	n	0	216
күресін	n	8	226
күреш	n	0	13
күреңден	v	57	0
күреңіт	v	268	0
күржеңде	v	2	0
күржи	v	37	3
күржит	v	2	0
күржік	n	2	6
күрзі	n	24	110
күрк	v	10	0
күркеле	v	3	0
күркелен	v	3	0
күркешік	n	0	10
күркіл	n	2	12
күркілдек	n	3	10
күркілдет	v	5	0
күркір	v	134	72
күркіреме	n	0	6
күркірес	v	16	0
күркіреуік	n	2	6
күрле	v	5	0
күрмек	n	3	10
күрмел	v	347	2
күрмеле	v	24	0
күрмелу	n	0	2
күрметіл	v	3	0
күрп	v	5	0
күрпілдет	v	13	0
күрси	v	2	0
күрсіл	n	0	12
күрсілдет	v	17	0
күрсіндір	v	50	2
күрсінт	v	35	0
күрсіну	n	11	100
күрсініс	n	29	133
күртілдет	v	8	0
күршім	n	0	13
күріл	n	0	3
күрілде	v	33	2
күрілдес	v	9	0
күрілдет	v	9	0
күріштік	v	2	0
күрішші	n	0	9
күсе	v	2	0
күстанала	v	14	0
күстен	v	35	0
күткен	n	14	523
күткендер	n	0	42
күткіз	v	31	0
күтсең	n	0	7
күттір	v	359	5
күтілген	n	0	3
күтімділік	v	2	0
күтімсіздік	n	0	8
күтімін	n	0	10
күтін	v	179	0
күтіну	n	0	11
күтіп	v	70	0
күтір	n	0	5
күтіс	v	38	4
күч	n	0	2
күша	n	0	4
күшала	n	0	3
күшейте	v	155	0
күшейтіл	v	121	0
күшейтіп	v	2	0
күшену	n	0	10
күшеншек	n	0	3
күшею	n	0	156
күштен	v	12	0
күштер	n	203	959
күштеу	n	8	41
күші	n	105	1319
күшіген	n	3	54
күшікте	v	37	0
күшіктей	v	16	0
күшіктет	v	5	0
күшіктеу	n	0	5
күшім	v	218	94
күшін	n	0	225
күшәлә	n	0	2
күю	n	3	38
күңгір	n	4	22
күңгірле	v	68	6
күңгірлет	v	10	0
күңгірттен	v	156	0
күңдік	n	4	81
күңк	v	183	0
күңкілдес	v	150	0
күңкілдеу	n	0	9
күңшілік	n	2	6
күңірент	v	418	6
күңірену	n	0	31
кә	n	48	612
кәдірле	v	3	0
кәй	v	22	7
кәке	n	0	4
кәлла	n	12	31
кәм	v	786	0
кәмпескелеу	n	3	15
кәмілдік	n	5	8
кәниз	n	0	8
кәпер	n	0	36
кәрд	n	0	20
кәресін	n	4	8
кәрзеңке	n	3	26
кәрзіңке	n	0	3
кәрлік	n	0	7
кәрсен	n	0	4
кәртеміш	n	2	3
кәртөш	n	0	3
кәрің	v	26	2
кәсібі	n	0	184
кәуіп	v	2	0
кәфарат	v	2	0
кәшиш	n	0	2
көб	n	0	1157
көбейген	n	0	97
көбеле	v	7	0
көбею	n	10	219
көбеңден	v	4	0
көбеңсі	v	6	0
көбі	n	94	884
көбіктендір	v	3	0
көбін	n	2	297
көбісі	n	0	86
көг	n	33	319
көгалдан	v	3	0
көгалдандыр	v	42	0
көгалдандыру	n	3	15
көгалдандырыл	v	8	0
көгалдандырылу	n	0	2
көгендел	v	71	0
көгендет	v	11	0
көгендеу	n	2	4
көгенкөз	n	0	5
көгерт	v	216	4
көгеру	n	2	8
көгеріп	v	7	0
көгілжімден	v	4	0
көгіс	n	0	25
көгістен	v	16	0
көделі	n	0	6
көжекте	v	2	0
көжелік	n	0	2
көзайым	n	0	6
көздеген	n	3	229
көздейтін	n	0	48
көзделген	n	0	7
көзделед	n	0	53
көзделмеген	n	0	2
көзделу	n	0	27
көзделіп	v	2	0
көзден	v	97	0
көздер	n	134	2003
көздерд	n	0	134
көздері	n	0	745
көздерін	n	3	256
көздес	v	13	0
көздестір	v	5	0
көздеу	n	7	123
көзеш	n	0	2
көзі	n	0	2682
көзіктір	v	2	0
көзілдірік	v	157	88
көзін	n	22	879
көзқарастар	n	143	691
көзқарастарын	n	0	56
көзқарасы	n	0	351
көзқарасын	n	0	132
көйлекті	n	0	8
көйт	v	4	0
көйіту	n	0	5
көкбет	n	0	9
көкбеттен	v	10	0
көкбөрі	n	0	58
көкейтест	n	0	162
көкейіндегі	v	45	14
көкеле	v	7	2
көкемарал	n	0	5
көкен	n	8	30
көкеш	n	0	93
көкжендет	n	4	7
көки	v	38	2
көккеп	n	0	4
көкмайса	n	0	28
көкмойнақ	n	5	16
көкнар	n	0	5
көкорай	n	7	67
көкпаршы	n	0	23
көкпаршыл	v	17	0
көкпек	v	58	33
көкпекті	n	0	21
көкпер	v	2	0
көксау	n	2	13
көксеген	n	4	121
көксет	v	13	0
көксеу	n	2	48
көктел	v	9	0
көктемі	n	0	50
көктеп	v	5	0
көктет	v	31	0
көкторғай	n	0	2
көку	n	0	2
көкши	v	12	0
көкшілден	v	19	0
көкшұбар	v	7	0
көкі	v	31	9
көкіме	n	0	2
көкір	n	0	2
көкірегі	n	0	137
көкіректе	v	5	0
көкіректен	v	9	0
көкіректік	n	3	11
көкіт	v	8	0
көлбай	n	7	41
көлбей	v	35	0
көлбектет	v	2	0
көлбет	v	32	3
көлбең	n	0	4
көлбеңдет	v	29	0
көлбеңдеу	n	0	4
көлгір	n	5	51
көлгірлен	v	2	0
көлгірсу	n	15	46
көлденеңдет	v	20	0
көлдет	v	97	0
көлдету	n	0	5
көле	v	4	0
көлегей	n	0	7
көлегейлен	v	34	0
көлегейлеу	n	0	15
көлемден	v	8	0
көлемдер	n	5	57
көлемдері	n	0	14
көлемі	n	0	204
көлемін	n	0	418
көлеңде	v	41	0
көлеңдет	v	16	0
көлеңкел	n	163	301
көлеңкелен	v	48	0
көлеңкелет	v	3	0
көлеңкелеу	n	0	5
көлкілдет	v	5	0
көлкіт	v	6	0
көлшімек	n	0	3
көлігін	n	0	7
көліктік	n	0	5
көмбек	n	0	5
көмгіз	v	6	0
көмег	n	0	685
көмегі	n	0	806
көмейлет	v	11	0
көмект	n	36	173
көмектер	n	6	42
көмескіле	v	78	0
көмескілен	v	162	0
көмескілендірд	n	0	3
көмеш	n	2	13
көмкеру	n	2	10
көмкерілген	n	0	4
көмпи	v	18	0
көмпіс	n	2	3
көму	n	24	239
көмілт	v	2	0
көмілу	n	0	19
көміп	v	50	0
көміс	v	11	0
көнбісті	n	0	2
көнді	n	0	131
көндіру	n	16	143
көнек	n	16	47
көнелен	v	6	0
көнермес	n	0	3
көнерт	v	4	0
көнеру	n	0	4
көнетін	n	0	5
көнсадақ	n	2	3
көнтерілен	v	2	0
көнти	v	22	0
көну	n	7	243
көні	n	2	10
көпен	n	0	15
көпсі	v	12	2
көпсін	v	124	16
көпсіт	v	15	0
көптей	v	2	0
көптес	v	12	0
көпті	n	0	7
көптілділік	n	0	2
көптір	v	18	3
көпш	v	152	0
көпше	n	0	13
көпшелену	n	0	6
көпшіл	n	3	28
көпшілдік	n	0	5
көпшілігі	n	0	321
көпіре	v	13	0
көпірт	v	99	0
көпіру	n	2	6
көпірше	n	0	8
көпірші	v	52	4
көпірік	n	0	5
көпірін	n	0	27
көрбала	n	0	4
көрбілтелен	v	2	0
көргені	n	0	155
көргіз	v	126	2
көрді	n	2	36
көрдің	n	0	363
көре	v	2265	972
көреді	n	0	5
көрем	n	0	2
көресі	n	28	191
көрк	n	0	773
көркейт	v	317	2
көркейту	n	12	79
көркейтіл	v	2	0
көркейіп	v	3	0
көркемдел	v	71	0
көркемден	v	3	0
көркемдет	v	3	0
көркемділік	n	0	11
көркемөнерпаз	n	0	81
көркемөнерпаздық	n	2	4
көрмеген	n	144	623
көрмейсің	n	0	84
көрмесі	n	0	25
көрнектілік	n	2	4
көрпеш	n	34	79
көрпеше	n	7	59
көрсе	n	2	1664
көрсете	v	1312	66
көрсететін	n	11	105
көрсетк	n	16	95
көрсеткен	n	46	646
көрсеткіз	v	4	0
көрсеткіштер	n	36	217
көрсеткіштері	n	0	40
көрсеткіштерін	n	0	4
көрсеткіші	n	0	34
көрсетпе	v	738	71
көрсетпек	n	0	34
көрсетт	n	0	1675
көрсетті	n	0	4
көрсеттір	v	7	0
көрсету	n	314	2028
көрсетуд	n	0	314
көрсетіле	v	372	0
көрсетілуі	n	0	13
көрсетіліп	v	45	0
көрсетіп	v	188	0
көрсетіс	v	27	0
көріксізден	v	2	0
көріктей	v	2	0
көріктен	v	36	0
көріктендір	v	40	0
көріктендіру	n	0	5
көріл	v	72	0
көрім	n	95	158
көрінбек	n	0	8
көрінбес	n	2	69
көрінген	n	182	1568
көріне	v	2470	112
көрінеді	n	0	5
көрінер	n	0	107
көрінеу	n	0	4
көрініп	v	224	0
көріністен	v	6	0
көріністері	n	0	155
көріністерін	n	0	60
көрінісі	n	0	217
көріп	v	668	20
көрістір	v	50	0
көрқап	n	0	4
көсел	v	7	0
көселе	v	17	0
көсемдік	n	6	31
көсемсу	v	2	0
көсемсі	v	14	0
көсемсін	v	3	0
көсемсөз	n	4	27
көсемсөзші	n	0	5
көсет	v	7	0
көст	n	0	2
көсте	n	0	2
көстеңде	v	9	3
көсти	v	14	3
көстит	v	3	0
көсі	n	2	19
көсік	n	2	5
көсілдір	v	11	0
көсіле	v	71	0
көсілт	v	101	0
көсілу	n	8	17
көсіліс	n	0	2
көсір	n	0	2
көтен	n	6	28
көтерген	n	25	592
көтергіз	v	15	0
көтерем	n	8	27
көтеретін	n	0	37
көтермеу	n	4	21
көтермеші	n	0	14
көтерт	v	212	4
көтерілмеген	n	0	7
көтерілмек	n	0	2
көтерілу	n	31	434
көтеріліп	v	67	0
көтеріп	v	119	0
көтеріс	v	218	4
көткеншекте	v	5	0
көшбасы	n	0	7
көшелері	n	0	149
көшелі	n	0	9
көшен	n	4	411
көшер	n	0	123
көшесін	n	0	297
көшпел	n	0	684
көшпенділік	n	13	33
көші	n	0	175
көшік	n	0	9
көшіп	v	107	0
көшіргі	n	0	5
көшірлік	n	0	4
көшірмелері	n	0	18
көшірмелерін	n	0	7
көшірмесі	n	0	24
көшірмесін	n	0	23
көшірт	v	69	0
көшіру	n	50	236
көшіріл	v	496	0
көшіріс	v	16	0
көңілден	v	576	3
көңілдендір	v	104	0
көңілдену	n	0	11
көңілдестік	n	2	6
көңілсіздендір	v	3	0
көңілі	n	0	697
көңірсу	n	0	2
көңірсі	v	60	8
көңірсіт	v	40	0
көңүл	n	0	2
лаб	n	0	2
лав	n	2	24
лаг	v	17	9
лагерлер	n	0	31
лажда	v	4	0
лаждау	n	0	4
лайка	n	0	6
лайла	v	40	4
лайландыр	v	3	0
лайлану	n	0	3
лайлат	v	3	0
лайлату	n	0	3
лайыт	v	12	0
лайықтат	v	2	0
лактал	v	18	0
лампас	n	5	13
лапке	n	3	26
лапылда	v	282	10
лапылдат	v	55	0
лапылдау	n	0	3
лапыр	v	8	0
ларын	n	0	10
ластан	v	87	0
латафат	n	0	2
латындан	v	2	0
латыштар	n	0	4
лаулат	v	138	0
лаулату	n	0	4
лаулау	n	0	6
лаух	n	6	19
лауылда	v	2	0
лауылдат	v	2	0
лаш	n	2	3
лаған	n	0	2
лағин	n	0	4
лағу	n	2	3
лағы	n	0	44
лағынетте	v	2	0
лақаб	n	0	77
лақапта	v	2	0
лақта	v	16	0
лақтырт	v	11	0
лақтыру	n	9	100
лақтырылу	n	0	4
лақтырып	v	19	0
лақылдат	v	36	0
лаққа	n	0	4
лаңда	v	3	0
лаңдат	v	2	0
лг	v	65	5
лген	n	0	50
лде	v	35	17
лден	v	4	0
лебі	n	0	218
левантин	n	0	5
левит	n	0	6
леген	n	133	262
легенда	n	7	30
легизм	n	0	5
легитимділік	v	3	0
лед	n	0	10
лей	n	8	23
лейборист	v	3	0
лекерле	v	5	0
лексикалан	v	7	0
лекциялар	n	13	67
лекілдет	v	13	0
лекіт	v	49	0
лепес	n	7	19
лепілдет	v	5	0
лепірт	v	25	0
лепіс	n	0	3
лер	n	17	138
лерд	n	0	14
лес	v	106	10
лет	v	48	28
леуші	n	0	2
либас	n	0	5
лигатура	n	0	4
лид	v	53	9
лидер	n	8	96
лизинг	n	0	6
лимиттер	v	2	0
линза	n	2	4
лира	n	4	35
литавра	n	0	2
литота	n	0	4
лмеген	n	0	10
лмеу	n	0	6
лобби	n	0	2
лоблы	v	38	3
лоблыт	v	16	0
логикасы	n	0	81
логицизм	n	0	2
логография	n	0	3
ложа	n	3	75
лот	n	8	15
лото	v	5	2
лоцман	n	0	13
лоқ	n	10	78
лоқсу	n	0	6
лоқсы	v	28	0
лоқсыт	v	10	0
лоқылдат	v	5	0
лыпы	v	22	0
лыпылда	v	31	3
лыпылдат	v	6	0
лық	v	53	33
лықсы	v	113	12
лықсыт	v	53	0
лықылдат	v	13	0
лықыт	v	7	0
люкс	n	2	11
люстра	n	0	64
лютня	n	2	16
лүп	v	106	0
лүпілде	v	92	0
лүпілдет	v	27	0
лүпілдеу	n	0	2
лә	v	18	0
ләззаттан	v	51	0
ләззаттану	n	3	14
ләйліт	v	3	0
ләйлә	n	0	27
ләмке	v	2	0
ләмәкән	n	0	2
ләп	n	0	28
ләтипа	n	0	4
ләхза	n	0	2
лөккебай	n	0	2
лөктір	n	0	6
ма	v	3269	689
мавзолей	n	9	76
мавр	n	6	36
маврлар	n	2	25
магия	n	3	163
магнет	n	0	2
магнитте	v	3	0
мадар	n	0	8
мадақтал	v	128	0
мадақталу	n	0	7
мадақтан	v	4	0
мадақтану	n	0	2
мадақтас	v	9	0
мадақтаушы	n	0	7
мади	v	9	0
мадиықтан	v	7	0
мажаз	n	0	2
мажара	n	2	5
мажырас	v	3	2
маз	v	181	42
мазалай	v	153	2
мазалан	v	39	0
мазалау	n	5	78
мазасыздандыр	v	50	0
мазасыздану	n	2	30
мазаттан	v	9	0
мазақтал	v	3	0
мазақтат	v	4	0
мазақтау	n	4	38
мазд	v	44	0
мазда	v	218	76
маздан	v	4	2
маздат	v	194	6
маздату	n	0	2
маздау	n	0	7
мазмұнда	v	36	2
мазмұндал	v	48	0
мазмұндау	n	0	27
мазмұны	n	0	303
мазмұнын	n	0	150
мазурка	n	0	22
майдала	v	21	0
майдалан	v	57	0
майдалат	v	8	0
майдалау	n	0	4
майданда	v	8	3
майлан	v	184	4
майландыр	v	6	0
майлану	n	0	2
майлар	n	12	23
майлат	v	14	0
майлаттыр	v	3	0
майлау	n	4	19
майлин	n	6	73
маймаңда	v	10	0
маймаңдат	v	2	0
майми	v	9	0
маймұн	n	4	17
майнұр	n	0	4
майпаңдат	v	2	0
майрыл	v	89	6
майсақтан	v	2	0
майшабақтар	n	0	2
майын	n	0	32
майырыл	v	97	2
майыстыру	n	0	2
майыстырыл	v	2	0
макан	n	0	2
макар	n	0	5
макаронизм	n	0	2
макрокосмос	n	2	3
макроэкономика	n	0	18
макулатура	n	0	2
малаика	n	0	2
малайя	n	0	2
малдан	v	337	2
малдану	n	0	5
малдыр	v	31	5
малжаңдат	v	5	0
малик	v	7	2
малика	n	0	2
малтау	n	2	3
малтыт	v	7	0
малтық	v	41	0
малтықтыр	v	7	0
малу	n	0	6
малул	n	0	3
малшын	v	331	37
малшындыр	v	10	2
малшынт	v	2	0
малы	n	0	530
малымыз	v	113	72
малын	v	774	49
малындыр	v	43	0
малынт	v	14	0
малға	n	0	3
малғыз	v	5	0
мамала	v	8	0
маманай	n	0	5
мамандандырылу	n	0	6
мамандар	n	117	754
мамандары	n	0	187
мамандықтар	n	16	85
мамы	n	0	3
мамырла	v	51	4
мамырлас	v	4	0
мамырлат	v	13	0
манарбек	n	0	10
манауран	v	2	0
манаурас	v	2	0
манаурат	v	8	0
манашы	n	0	27
манды	v	27	15
мандырт	v	2	0
мандыт	v	46	0
манеж	n	0	15
манжет	n	3	5
мани	n	2	6
манипуляция	n	0	11
манипуляциялау	n	0	7
манихеизм	n	2	4
манихейшілдік	n	0	2
манкер	n	0	2
мансарда	n	0	11
мансух	v	2	0
мансұқтал	v	18	0
мансұқтау	n	0	16
мантилья	v	2	0
манты	n	2	8
маньеризм	n	0	2
марапаттау	n	11	51
маргинал	n	11	24
маргиналдық	n	0	2
мардымсу	n	0	4
маренго	n	0	2
марид	n	0	3
маркер	n	3	10
маркиза	n	0	3
маркитант	n	0	4
маркшейдер	n	0	2
марсельеза	n	3	27
март	n	25	200
мартық	v	2	0
мархум	n	0	2
марғ	v	5	2
марға	v	194	0
марқаба	n	0	2
марқаю	n	3	12
масаңдану	n	0	4
масдар	n	0	4
масих	n	0	2
маска	n	31	84
маскировка	n	0	2
маскүнемд	v	61	11
маслихат	n	9	19
масондар	n	2	7
мастану	n	3	8
мастерлік	n	0	10
масқаралау	n	5	44
матай	n	35	149
матап	v	4	0
математикаландыру	n	0	4
материалдар	n	274	780
маужырау	n	0	3
маулана	n	0	3
маусымын	n	0	121
махал	n	2	15
махбұб	n	0	2
махз	v	2	0
махмут	n	0	5
махрам	n	2	10
махшар	n	2	103
машақ	v	45	0
машақаттану	n	0	4
машинасы	n	0	301
машриқ	n	0	21
машықтандыру	n	0	3
маэ	n	2	4
маялау	n	0	3
мағ	n	4	10
маған	n	0	14
мағар	v	2	0
мағара	n	0	6
мағдыр	n	0	2
мағлұмда	v	17	0
мағлұмдан	v	8	0
мағраж	n	0	2
мағрип	n	0	6
мағрифат	n	4	21
мағрып	n	0	2
мағшар	n	0	2
мағынадағы	v	2	0
мағыналан	v	8	0
мағыналандыр	v	12	0
мағыналандыру	n	0	3
мағынасы	n	0	254
мағынасыздан	v	6	0
мағынасын	n	0	540
мағқұл	n	0	2
мағұр	v	18	0
мағұрлан	v	8	0
мақ	n	27	1395
мақалда	v	12	2
мақалдат	v	10	0
мақалдау	n	0	2
мақамдат	v	2	0
мақаулан	v	2	0
мақлұқ	n	3	36
мақлұқат	n	0	27
мақпуз	n	0	2
мақсаткер	n	0	13
мақсаттан	v	4	0
мақсаттар	n	153	678
мақсаттары	n	0	120
мақсаттарын	n	0	19
мақсаты	n	0	605
мақсатын	n	2	552
мақсот	n	0	5
мақтал	v	134	82
мақталу	n	0	9
мақтана	v	187	11
мақтандыр	v	22	0
мақтану	n	34	171
мақтаным	v	4	0
мақтаныс	v	15	0
мақтасу	n	0	2
мақтат	v	26	0
мақтату	n	0	4
мақтағаны	n	0	7
мақшар	n	0	83
мақы	n	0	4
мақұлдан	v	112	0
мақұлдану	n	0	4
мақұлдас	v	134	2
мақұлдат	v	36	0
мақұлдату	n	0	2
мақұлық	n	81	396
маңайлау	n	0	7
маңыздылығы	n	0	67
маңызсы	v	2	0
маңызы	n	0	99
маңызын	n	0	10
маңырау	n	2	13
маңғаздану	v	2	0
маһир	n	0	2
мд	v	62	19
мде	v	17	0
мдер	n	0	40
мдері	n	0	2
медеткер	n	0	14
медиа	n	0	16
медикамент	n	0	10
медитация	n	0	23
медсанбат	n	0	16
межелену	n	0	2
мезг	v	1209	0
мейл	n	0	1220
мейрамдау	n	3	5
мейрамханасы	n	0	8
мейрамын	n	0	56
мейстерзингер	n	0	8
мейіржан	n	0	2
мейірлендіру	n	0	2
мек	n	77	280
мекайыл	n	0	5
мекайіл	n	0	6
мекемелер	n	85	625
мекемелерін	n	0	67
мекемесін	n	0	84
мекендену	v	2	0
мекендер	n	73	398
мекендерд	n	0	73
мекендеу	n	0	30
мекені	n	0	127
мектептер	n	100	757
мектептерд	n	0	100
меланхолик	n	0	4
мелиорация	n	0	6
мелос	n	2	8
мемлекеттер	n	111	770
мемуар	n	3	74
мендегі	n	0	27
менменсу	n	2	8
менсінбеу	n	11	41
менш	v	6	3
меншіктегі	n	0	5
меншіктелу	n	0	5
меншіктену	n	0	16
меншіктік	n	0	3
меншіл	n	0	6
меньшевик	n	2	35
менің	n	6	14
мердігерлер	n	0	3
мерекелеу	n	0	17
мерз	n	0	405
мерзімдері	n	0	5
мерзімі	n	0	71
мерзімін	n	0	86
мертігу	n	2	9
мертіктіру	n	0	2
метаморфоза	n	3	32
метафизика	n	15	432
метафоралану	n	0	2
метафоралар	n	24	63
метис	n	2	16
мешеуле	v	2	0
меңгерген	n	0	80
меңгере	v	82	2
меңгерту	n	0	2
меңгеруш	n	0	104
меңгерушісі	n	0	70
меңгеруі	n	0	13
меңгерілу	n	0	14
меңдеу	n	0	3
меңзел	v	57	0
меһман	n	0	10
меһрибан	n	6	12
миксер	n	0	2
миллат	n	0	2
мимесис	n	7	18
мимика	n	5	29
мимикрия	n	0	2
минарет	n	0	7
минер	v	2	0
министрл	v	235	0
министрлігі	n	0	206
министрліктер	n	3	54
министрліктері	n	0	6
министрі	n	0	138
миннат	n	0	2
миоцен	n	0	2
мирасқор	n	3	89
мирта	n	0	5
миск	v	8	2
мискин	n	0	2
мистика	n	2	243
митрополит	n	2	4
митың	n	0	5
миуа	n	16	101
михна	v	4	0
михраб	n	3	38
мишна	n	0	8
мияу	n	0	4
миғүла	n	0	2
миқдар	n	0	2
мнемоника	n	0	15
могул	n	0	2
мода	n	3	170
модальдылық	n	2	3
модернизациялау	n	0	8
модификация	n	2	22
мозайка	n	0	2
моизм	n	0	2
мойыма	v	91	2
мойымау	n	0	8
мойындалу	n	0	61
мойындату	n	0	47
мойынсыну	n	3	11
мойынсұну	n	26	99
молайту	n	9	96
молаю	n	0	26
молдабай	n	3	18
молдығы	n	0	60
моллюск	n	0	5
моллюска	n	0	6
молығу	n	0	6
молықтыру	n	0	9
моль	v	32	2
монада	n	0	30
монашка	n	0	2
моно	n	0	2
монометр	n	0	4
монополизациялау	n	0	2
монополияла	v	4	0
монополияландыру	n	0	6
монотон	v	4	2
монотонды	n	0	2
монтансу	n	0	2
монтанысу	n	0	2
монтанысы	v	2	0
монтер	n	0	3
монғол	n	6	195
моралист	v	12	2
морг	n	0	10
морена	n	0	4
мотивация	n	0	22
мохирдар	n	0	3
мошқау	n	0	2
моғол	n	3	52
мс	v	8	2
муазин	n	0	2
муддат	n	0	3
музыкашылар	n	0	3
мулат	n	0	3
мулк	v	5	0
мулла	n	0	6
мультимедиа	n	0	2
мультимиллионер	n	0	2
мум	v	3	0
мумин	n	0	6
мунади	n	0	3
мунис	n	0	6
мурид	n	0	5
мурууат	n	0	2
муса	n	0	7
мусулман	n	0	2
мутазилиттер	n	2	7
муфлон	n	0	3
муфта	n	0	2
муфтий	n	0	2
муфтият	v	2	0
мухаррам	n	0	2
мухтар	v	12	0
мушкетер	n	0	5
мыжу	n	0	2
мыжыл	v	77	0
мыжырай	v	160	4
мыжырайт	v	3	0
мыжғыла	v	11	0
мыжғылан	v	8	0
мызғыма	v	31	0
мызғыт	v	8	0
мылжалан	v	36	0
мылжалау	n	0	2
мылжыңдас	v	46	3
мылжыңдасу	n	0	4
мылқаулан	v	2	0
мыналар	n	315	579
мынан	n	0	1202
мынау	n	52	253
мыржи	v	6	0
мырзасы	n	3	57
мырзасын	v	10	0
мырзеке	n	0	2
мырсылда	v	9	0
мырсылдас	v	4	0
мырш	n	2	8
мырыштал	v	2	0
мысын	n	0	2
мысқылда	v	67	0
мысқылдас	v	2	0
мысқылдау	n	0	6
мыту	n	0	3
мытыл	v	6	0
мығымда	v	3	0
мығымдан	v	3	0
мығымсы	v	2	0
мығымсын	v	3	0
мықтал	v	7	0
мықтан	v	9	0
мықтат	v	5	0
мықтымсы	v	2	0
мықтысын	v	23	0
мықшит	v	8	0
мықшыңда	v	2	0
мықшыңдат	v	2	0
мықырай	v	10	0
мыңғыр	v	272	2
мыңғыра	v	12	0
мыңғырт	v	41	0
мыңқ	v	4	0
мыңқылдат	v	3	0
мят	n	0	7
міллет	n	0	3
мінбар	n	0	15
мінбеле	v	7	2
мінбелет	v	3	0
мінгесу	n	0	11
мінгіздір	v	4	0
мінгізу	n	6	40
мінгізіл	v	8	0
мінде	v	842	97
міндес	n	0	2
міндетсін	v	20	0
міндеттелу	n	0	5
міндеттелін	v	7	0
міндеттемелер	n	29	60
міндеттемелері	n	0	7
міндеттемесі	n	0	5
міндеттендір	v	3	0
міндеттер	n	256	566
міндеттері	n	0	166
міндеттерін	n	0	6
міндеттеу	n	9	33
міндеті	n	0	100
міндетін	n	0	24
міндір	v	81	2
мінездел	v	9	0
мінездемелерін	n	0	3
мінездеу	n	0	15
мінезсіздік	n	0	5
мінезін	n	0	142
мінел	v	8	2
мінес	v	5	0
мінеу	n	8	50
мінтел	v	3	0
мініл	v	51	0
міреу	n	35	136
мірғазап	n	0	3
міңгірлес	v	2	0
міңгірлеу	n	0	8
мүгедекте	v	2	0
мүгедектер	n	15	52
мүгедектерд	n	0	15
мүд	n	0	315
мүддат	n	0	2
мүддел	n	161	246
мүдделер	n	102	454
мүддесі	n	0	177
мүддесін	n	0	14
мүдірмес	n	0	63
мүдірт	v	28	0
мүдірту	n	0	2
мүдіру	n	0	2
мүжу	n	3	23
мүжілу	n	0	11
мүжіт	v	2	0
мүжәз	n	0	2
мүйіздел	v	2	0
мүйізден	v	25	0
мүйіздерін	n	0	2
мүйіздес	v	10	0
мүйізі	n	0	89
мүйізін	n	0	15
мүкаммал	v	3	2
мүктен	v	7	0
мүкәммал	n	5	25
мүкәрам	n	2	4
мүл	n	2	1622
мүлгіп	v	3	0
мүлгіс	v	2	0
мүлгіт	v	18	2
мүлкі	n	0	165
мүләй	n	2	178
мүләйімсу	n	0	2
мүмин	n	4	15
мүмк	n	0	4
мүмкіндігі	n	0	212
мүмкіндігін	n	0	36
мүмкіндіктер	n	145	440
мүмкіндіктері	n	0	128
мүмкіндіктерін	n	0	6
мүн	n	5	55
мүрдехана	n	0	5
мүрид	n	3	42
мүсей	n	0	6
мүслім	v	22	4
мүсрепов	n	0	14
мүсінде	v	96	2
мүсіндел	v	45	0
мүсінделу	n	0	8
мүсінден	v	5	0
мүсіндеу	n	2	21
мүсіркес	v	2	0
мүфти	n	11	72
мүшелен	v	23	0
мүшелену	n	2	16
мүшелері	n	0	561
мүшелерін	n	0	41
мүшелеу	n	0	8
мүшк	v	484	5
мүшкілден	v	6	0
мүшірік	n	2	15
мүңкі	v	117	0
мүңкір	n	3	7
мүңкіт	v	18	0
мүңсі	v	2	0
мұздатылу	n	0	2
мұздау	n	0	2
мұн	n	560	5313
мұна	v	12	2
мұнарла	v	8	0
мұнарлан	v	237	0
мұнарлат	v	6	0
мұнафиқ	n	2	26
мұндала	v	17	0
мұндағ	n	0	945
мұның	v	161	39
мұражайлар	n	8	45
мұрала	v	12	0
мұралан	v	33	0
мұралану	n	0	10
мұраларын	n	0	36
мұрасы	n	0	202
мұраға	v	39	0
мұрны	n	0	353
мұрсейіт	n	0	2
мұрттан	v	4	0
мұрты	n	0	170
мұсай	v	7	0
мұсанниф	n	0	2
мұсатыр	n	0	2
мұстапа	n	0	39
мұсылмандандыр	v	6	0
мұсылмандандыру	n	0	2
мұт	v	3	0
мұхажир	n	0	2
мұхтасар	n	0	2
мұшта	v	5	0
мұшфақ	n	0	2
мұғалімдерін	n	0	2
мұғжизат	n	0	2
мұғұл	n	0	2
мұқалу	n	0	6
мұқату	n	11	58
мұқиятта	v	9	0
мұқтаждан	v	4	0
мұңайт	v	150	4
мұңайту	n	0	2
мұңаю	n	7	28
мұңдандыр	v	3	0
мұңдант	v	5	0
мұңдану	n	0	12
мұңдасу	n	0	12
мұңдат	v	2	0
мұңдау	n	0	3
мұңлан	v	3	0
мұңландыр	v	2	0
мәдениеті	n	0	571
мәдениетін	n	0	138
мәденилену	n	0	2
мәж	n	4	6
мәжбүрлену	n	0	3
мәжбүрлеу	n	18	104
мәжілісмен	n	0	2
мәжүж	v	2	0
мәй	n	10	16
мәймөңкелет	v	4	0
мәймөңкелеу	n	3	5
мәкір	v	8	2
мәлікзада	n	0	2
мәлімдеге	n	0	8
мәлімдеу	n	14	76
мәліметтер	n	253	615
мәләмат	n	0	2
мәметова	n	0	8
мәмілелер	n	4	12
мәнд	n	56	610
мәне	n	0	3
мәнерлерін	n	0	3
мәнерлеу	n	0	15
мәнері	n	0	107
мәнзар	n	2	6
мәнзил	n	0	2
мәнін	n	0	678
мәнісін	n	0	258
мәрд	n	0	10
мәртебелері	n	0	3
мәртебесі	n	0	73
мәртебесін	n	0	15
мәселелер	n	514	1431
мәселелерд	n	0	514
мәселелері	n	0	285
мәселелерін	n	0	87
мәселес	n	0	738
мәселесі	n	0	390
мәсжид	n	0	28
мәслихаттасу	n	0	2
мәслихатын	n	0	13
мәснауи	n	0	2
мәт	n	3	39
мәтбұғат	n	0	4
мәтелдер	n	38	147
мәтелдет	v	3	0
мәтінді	n	0	2
мәтіні	n	0	130
мәуелен	v	9	0
мәуелет	v	6	0
мәула	n	0	2
мәуріт	n	0	16
мәшине	n	33	218
мәшһүр	n	8	62
мәшһүрлен	v	6	0
мәшһүрлену	n	0	2
мәңгүрттену	n	0	2
мө	n	2	390
мөлдіреу	n	0	6
мөлтеңдеу	n	0	2
мөлшерлеу	n	0	18
мөлшері	n	0	181
мөлшерін	n	0	166
мөңку	n	0	3
мөңіреу	n	0	8
набуд	v	2	0
нагель	n	0	5
наговор	n	0	2
наградта	v	26	0
наградтал	v	145	2
наградталу	n	0	7
наградтау	n	0	8
нада	n	0	21
надим	n	0	3
назаландыр	v	6	0
назалану	n	2	11
назарын	n	0	128
наздану	n	0	6
назир	n	0	2
назира	n	0	10
назнин	n	0	4
назырқан	v	7	0
найзала	v	33	2
найзалан	v	4	0
найзалас	v	99	2
найзаластыр	v	2	0
найзаласу	n	2	10
найзалат	v	7	0
найманбайұлы	n	0	3
найқалт	v	6	0
накат	n	0	2
налан	n	0	57
налаш	n	0	4
налу	n	3	30
налын	v	17	2
намарт	n	0	11
намахрам	n	2	9
намдар	n	0	4
наме	n	2	66
намыстану	n	0	5
намыстанып	v	3	0
намысын	n	0	8
нанай	n	0	2
нанар	n	0	27
нанбай	v	69	13
нанбас	n	0	11
нандыру	n	0	20
нано	n	0	6
нану	n	3	23
наныс	v	2	0
наразылан	v	2	0
нарцисс	n	0	2
нары	n	0	25
нарқын	n	0	4
насаттан	v	91	0
насаттану	n	0	2
насеком	n	0	6
насибат	n	0	2
насим	n	2	6
насир	n	0	2
насих	v	94	0
насихаттайтын	n	0	7
насихаттал	v	82	0
насихатталу	n	0	26
настя	n	0	20
натауан	n	0	2
натуралист	v	10	0
наупіл	n	0	4
наурызбай	n	47	135
наушеруан	n	0	4
науқастану	n	0	10
науқастар	n	33	66
нафс	v	2	0
нафталин	n	0	4
нахис	n	0	2
нахош	v	2	0
нахуд	n	0	2
наша	n	5	24
нашарлат	v	55	0
нашарлату	n	0	7
нашарсын	v	4	0
нағашылат	v	4	0
нағра	n	2	7
нағыра	v	4	0
нақас	n	0	2
нақлия	n	0	2
нақтыландыр	v	2	0
нақтылану	n	0	31
нақтыланған	n	0	4
нақтылаған	n	0	8
нақтылығы	n	0	54
нақылда	n	0	2
нақыштат	v	6	0
наһал	n	0	4
нг	n	3	5
нген	n	0	58
нд	v	53	23
нде	v	17	5
ндег	n	0	20
ндет	n	3	25
ндетт	v	19	0
ндеттер	n	0	6
неге	n	5	38
негес	n	0	28
негіздей	v	85	0
негіздейтін	n	0	2
негізделген	n	2	39
негізделе	v	204	0
негізделу	n	6	127
негіздемелер	n	4	38
негіздемелерін	n	0	2
негіздемесі	n	0	6
негіздемесін	n	0	3
негіздер	n	81	480
негіздерін	n	0	43
негізділігі	n	0	7
негізділігін	n	0	2
негізін	n	0	838
нед	n	9	29
неде	v	13	0
нейрофизиология	n	0	2
некеле	v	33	3
некелену	n	2	10
некелесу	n	10	79
некелет	v	5	0
некелеу	n	0	2
некк	v	3	0
некрополь	n	0	5
неміз	v	19	6
немістер	n	78	353
нен	n	3	1426
нендей	n	0	4
нео	v	11	0
неоген	n	0	2
неоготика	n	0	2
несиелендір	v	4	0
несиелеу	n	0	2
несі	n	0	198
несібелді	n	0	2
нету	n	0	5
неше	n	153	282
неғып	v	15	0
нигар	n	0	6
нида	n	0	5
ниеттегі	n	0	4
ниеттену	n	0	20
нирвана	n	2	24
нишан	n	0	3
ниһаят	n	0	16
нобайла	v	37	2
нобайлан	v	40	0
нобайлану	n	0	2
нобайлау	n	0	8
новелла	n	5	94
нок	n	0	4
номинал	v	18	6
нормалан	v	20	0
нормалану	n	0	5
нормалар	n	82	278
нормаль	v	2	0
нормасы	n	0	37
нормасын	n	0	9
нормативт	n	12	49
нормативтері	n	0	2
нотация	n	0	2
ноумен	n	2	5
нош	v	29	0
ноқат	n	22	140
ноқаттан	v	5	0
ноқталан	v	20	0
ноқталат	v	2	0
ноқталау	n	0	8
нужуан	n	0	2
нулан	v	2	0
нун	v	4	2
нурсултан	v	5	0
нш	n	5	99
нысанала	v	3	0
нысаналар	n	12	35
нысанасы	n	0	14
нысандар	n	47	188
нысандары	n	0	61
нысандарын	n	0	12
нысаны	n	0	48
нысанын	n	0	24
нығайтыл	v	63	0
нығайтылу	n	0	5
нығарла	v	13	0
нығарлан	v	6	0
нығыздал	v	57	0
нығыздалу	n	0	2
нығыздан	v	30	0
нығызсы	v	3	0
нығырла	v	2	0
нығырт	v	5	0
нығыт	v	8	0
нықтал	v	8	0
нықырт	v	12	0
ның	v	3	0
ні	n	2	7
нілден	v	9	0
нүк	n	0	423
нұн	n	2	5
нұрақын	n	0	4
нұрдәулет	n	2	6
нұрла	n	7	16
нұрландыру	n	0	6
нұрлант	v	13	0
нұрлану	n	3	27
нұсқал	v	162	61
нұсқала	v	8	0
нұсқап	v	15	0
нұсқасы	n	0	220
нұқыс	v	4	0
нәдүріс	n	0	2
нәзира	n	0	29
нәзікте	v	25	0
нәзіктен	v	8	0
нәзіктендір	v	2	0
нәпіс	n	0	4
нәрлен	v	38	0
нәрлендір	v	41	0
нәрлену	n	0	3
нәрлеу	n	0	2
нәрселер	n	594	1191
нәрсізден	v	3	0
нәрі	n	0	57
нәтижелер	n	66	426
нәтижелері	n	0	95
нәтижелерін	n	0	20
нәтижес	n	0	678
нәтижесі	n	0	98
нәубәт	n	0	2
нәфс	n	2	11
нәшір	n	0	4
нәңкір	n	4	15
нөкерлік	n	0	9
нөм	v	4	0
нөмірлен	v	27	0
нөмірлер	n	6	38
нөмірі	n	0	17
нөмірін	n	0	78
обалсын	v	22	0
обер	n	0	2
обл	n	0	3
облыстар	n	33	407
облысы	n	0	448
обой	n	0	4
образда	v	4	0
образдау	n	0	2
образын	n	0	46
оброк	n	0	6
обу	v	11	2
объект	n	31	212
объективизм	n	0	9
объектілер	n	73	279
объектісі	n	0	52
обыс	n	0	17
одан	n	0	75
одағайла	v	5	2
одағайлан	v	7	0
одеколон	n	0	5
один	n	0	10
одырай	v	88	0
одырайт	v	2	0
одырайыс	v	6	0
одыраңда	v	11	0
ожарлан	v	6	0
озар	n	0	15
озаңдат	v	2	0
озбырлан	v	8	0
оздыр	v	369	10
оздырт	v	3	0
оздыру	n	6	17
озып	v	23	0
озғыз	v	4	0
ойбайлас	v	7	0
ойбайлат	v	20	0
ойбайлау	n	0	2
ойда	n	0	11
ойдыр	v	71	0
ойдырт	v	2	0
ойлай	v	1289	365
ойлайтын	n	4	303
ойламалда	v	4	0
ойламалдау	n	0	2
ойландыру	n	0	31
ойланту	n	0	25
ойлану	n	51	507
ойланыл	v	39	0
ойланылу	n	0	5
ойланыңқыра	v	2	0
ойлап	v	204	2
ойлар	n	367	2040
ойларын	n	0	123
ойластыру	n	10	126
ойластырыл	v	276	0
ойластырылу	n	0	14
ойластырылған	n	2	3
ойласу	n	8	16
ойлату	n	0	2
оймышта	v	3	0
оймыштат	v	2	0
ойнал	v	314	0
ойналу	n	0	14
ойнап	v	46	0
ойнасшылдық	n	0	2
ойнаттыр	v	7	0
ойнату	n	8	55
ойнатыл	v	6	0
ойнатқыз	v	2	0
ойнау	n	126	594
ойнақтау	n	0	2
ойнақшу	n	0	8
ойнақылан	v	26	0
ойнақыландыр	v	4	0
ойны	n	0	10
ойпатта	v	6	0
ойпаттан	v	2	0
ойпыр	n	0	109
ойрандалу	n	0	4
ойрандат	v	7	0
ойрандау	n	0	25
ойрандаушы	n	0	4
ойсырау	n	0	5
ойшылы	n	0	31
ойы	n	129	1651
ойылу	n	0	4
ойындар	n	64	319
ойындары	n	0	82
ойындарын	n	0	23
ойыны	n	0	146
ойының	v	17	0
ойысу	n	0	28
ойысып	v	8	0
ойысыңқыра	v	2	0
ойға	n	0	3
ойғыз	v	11	0
ойқастат	v	49	0
ойқастау	n	0	2
оккупация	n	0	19
оккупацияла	v	3	0
оккупациялау	n	0	2
округтер	n	6	61
оксид	n	0	6
ол	v	2782	128
олар	n	1888	7366
оларың	v	13	7
олда	v	2	0
олжалан	v	47	2
олжалау	n	4	11
олигарх	n	0	10
олонхо	n	0	2
олқыла	v	11	0
олқылан	v	4	0
омай	v	2	0
омарханұлы	n	0	5
омақастыр	v	28	0
омақасыр	v	2	0
омақат	v	11	0
омбыла	v	13	4
омбылат	v	9	0
омела	n	0	2
омнибус	n	2	6
омоним	n	0	15
омсырай	v	28	2
омырт	n	0	128
омыртқалы	n	0	10
омыру	n	0	2
онан	n	0	34
онды	n	0	18
онкүндігі	n	0	10
оннан	n	0	2
ономасиология	n	0	3
ономастика	n	4	49
оны	n	556	2438
оның	v	164	57
опай	n	0	4
опал	n	6	74
операционализм	n	0	2
операционизм	n	0	2
операцияла	v	2	0
операциялар	n	29	94
операциялары	n	0	15
операцияларын	n	0	6
оппозиционер	n	0	4
оптимал	v	4	0
опцион	n	0	2
опындыр	v	15	0
опынт	v	4	0
опыну	n	0	22
опырайт	v	2	0
орайла	v	28	0
орайлан	v	3	0
орайластыр	v	91	0
орайластыру	n	2	6
орайластырыл	v	30	0
орайластырылу	n	0	5
орайласу	n	0	4
оралмай	v	224	4
оралмандар	n	4	16
оралт	v	200	2
оралту	n	0	16
оралтқыз	v	3	0
оралып	v	136	4
орамдары	n	0	24
орамдарын	n	0	8
орангутан	n	2	7
орандыр	v	2	0
оранжерея	n	0	9
орану	n	0	19
оранып	v	16	0
орап	v	21	0
орас	v	5	0
оратыл	v	238	0
оратқыз	v	2	0
орағыту	n	0	2
орақтан	v	2	0
ораң	n	0	13
органдар	n	41	348
органдары	n	0	163
органы	n	0	41
ордасы	n	0	277
ординатор	n	0	2
ордос	n	0	28
оркестрант	n	0	4
орлан	v	7	0
орлат	v	2	0
орнал	v	7	0
орналастырылу	n	0	22
орнаттыр	v	38	0
орнаттыру	n	0	2
орнатылу	n	0	48
орнатыс	v	20	0
орнатысу	n	0	2
орнатқан	n	2	61
орнатқыз	v	11	0
орнау	n	0	119
орны	n	0	774
орнығу	n	3	120
орнықтыру	n	28	153
орнықтырыл	v	40	0
орт	v	5	0
ортайт	v	19	0
ортала	v	119	2
орталан	v	46	0
орталат	v	4	0
орталығы	n	0	247
орталығын	n	0	314
орталықтандырыл	v	84	0
орталықтану	n	0	6
орталықтар	n	17	233
орталықтарын	n	0	74
ортаншы	n	15	105
орташалан	v	5	0
ортақтастыр	v	58	0
ортақтастырыл	v	11	0
ортақтастық	n	5	11
ортақтасу	n	6	42
ортақтығы	n	0	29
ортақтық	n	26	61
ортақшыл	n	3	24
ортақшылдық	v	3	0
ортодокс	n	6	25
ортқы	v	2	0
ору	n	11	60
орфограмма	n	3	15
оршы	v	2	0
орынбасарлық	n	0	31
орынбасары	n	0	64
орындайтын	n	0	38
орындалмаған	n	0	14
орындалуы	n	0	41
орындалуын	n	0	15
орындамай	v	61	0
орындамаған	n	0	47
орындар	n	168	1324
орындарын	n	0	401
орындас	v	3	0
орындаттыр	v	2	0
орындату	n	4	26
орындатқыз	v	2	0
орындаушылық	n	2	29
орындаушысы	n	0	3
орындауы	n	0	24
орындауын	n	0	81
орындықтар	n	57	216
орыстандыр	v	57	0
орыстікі	n	0	2
орысшала	v	27	0
орың	v	17	7
орғу	n	0	2
орғыз	v	6	0
орғыт	v	97	0
осалда	v	32	0
осалдан	v	6	0
осалдат	v	2	0
осалдау	n	0	2
осалдық	n	20	41
осетин	n	3	47
оспадар	n	2	99
оспадарлық	n	6	19
оспақ	n	12	75
остыр	v	4	2
остырт	v	2	0
осы	n	1633	7830
осыл	v	1007	0
осынау	n	0	4
осындай	n	112	1090
осындағы	n	0	13
осыншалық	v	99	0
осының	v	46	19
осыған	n	0	2
отамалы	n	0	8
отандастар	n	5	87
отаны	n	0	163
отарба	n	3	99
отарла	v	189	0
отарлан	v	36	0
отарланушы	n	0	2
отарлат	v	20	0
отарлаушы	n	0	34
отарлаушылық	n	0	4
отарсыздандыру	n	0	2
отаршы	n	0	115
отаршыл	n	31	253
отастыр	v	7	0
оташы	n	0	46
оташылық	n	0	4
отағасы	n	3	186
открытка	n	0	10
оттары	n	0	29
оттау	n	5	22
отыздай	n	0	2
отызыншы	v	2	0
отындық	n	0	10
отының	v	12	0
отырар	n	32	273
отыратын	n	30	252
отырды	n	0	20
отырмақ	n	3	24
отырсаң	n	0	37
отырсын	n	0	4
отырт	v	62	0
отыру	n	302	1611
отырып	v	360	4
отырысып	v	3	0
отырықтан	v	9	0
отырықшыл	v	35	6
отырықшылан	v	37	0
отырықшыландыр	v	33	0
отырықшылану	n	0	6
отырықшылдық	n	3	19
отырықшылық	n	23	158
отырған	n	138	3666
отырғандар	n	143	789
отырғандарын	n	0	20
отырғаны	n	0	173
отырғыздыр	v	4	0
отырғызушы	n	0	2
отырғызып	v	32	0
офицерлік	n	0	7
оша	v	76	0
ошарыл	v	184	0
ошарылу	n	0	2
ошақтары	n	0	49
оюлан	v	56	0
оюлат	v	16	0
оюшы	n	0	3
оязда	v	3	0
оязнай	n	0	4
ояну	n	8	198
ояныс	v	6	0
ояту	n	29	262
оятушы	n	0	4
оғаштан	v	2	0
оғлан	n	20	64
оғландар	n	2	12
оқалан	v	18	0
оқалақта	v	2	0
оқжетпес	n	10	71
оқи	n	884	1404
оқияс	n	0	2
оқиғалары	n	0	148
оқпанда	v	2	0
оқпандат	v	2	0
оқсат	v	20	0
оқтайлан	v	9	0
оқталу	n	0	4
оқтан	v	34	0
оқтас	v	2	0
оқтат	v	6	0
оқушылар	n	123	750
оқушылары	n	0	169
оқшаула	v	153	0
оқшаулану	n	5	72
оқшаулат	v	3	0
оқши	v	6	0
оқшырай	v	30	4
оқшырайт	v	11	0
оқыды	n	0	9
оқылатын	n	0	7
оқылу	n	0	96
оқылуы	n	0	11
оқылған	n	0	33
оқым	v	41	0
оқып	v	124	0
оқырай	v	7	0
оқырану	n	0	2
оқыраныс	v	3	0
оқысу	n	0	2
оқытты	n	0	3
оқыттыр	v	12	0
оқыттыру	n	0	3
оқытылу	n	0	28
оқытып	v	24	0
оқытқыз	v	12	0
оңайлату	n	2	16
оңайлатыл	v	29	0
оңайлатылу	n	0	2
оңайлық	n	2	463
оңайшылық	n	0	70
оңалдыр	v	2	0
оңалт	v	41	0
оңалу	n	0	9
оңашала	v	88	0
оңдайлан	v	6	0
оңдал	v	111	0
оңдалу	n	0	2
оңдас	v	7	3
оңдат	v	11	0
оңдату	n	0	2
оңдау	n	2	24
оңдағы	n	0	2
оңдыр	v	179	0
оңла	v	32	2
оңтайландырыл	v	6	0
оңу	n	0	8
оңы	n	2	20
оңғару	n	0	2
оңғарыл	v	115	0
оһ	n	0	2
падашы	n	0	8
падшаһ	n	0	4
падшаһлар	n	0	4
паек	v	6	4
пай	n	15	2382
пайдакүнемдік	n	11	32
пайдалана	v	464	7
пайдаланатын	n	0	50
пайдаланбаған	n	0	6
пайдаландыр	v	9	0
пайдаланушылық	n	0	2
пайдалануы	n	0	18
пайдалануын	n	0	28
пайдаланыл	v	952	0
пайдаланылуы	n	0	4
пайдаланылуын	n	0	2
пайдаланып	v	32	0
пайдаланған	n	8	204
пайдаланғаны	n	0	15
пайдасыздық	n	0	3
пайдақорлық	n	0	3
пайдақұмар	n	0	4
пайла	v	7	0
пайтахт	n	0	4
пайызы	n	0	37
пайымдас	v	3	0
пайымдат	v	8	0
пайымдау	n	71	653
пайымдағыш	n	0	2
пайымдылық	n	0	9
пайымсыз	n	0	2
пак	v	55	5
пакеті	n	0	3
палас	n	2	19
палаталар	n	6	24
палатка	n	3	69
палеоантропология	n	0	2
паналат	v	115	2
паналау	n	3	70
панар	n	7	19
панасыздық	n	0	2
панаһ	n	0	8
панер	n	0	2
панлогизм	n	0	3
панно	n	0	2
панорама	n	10	27
панпсихизм	n	0	2
пансионат	n	0	27
панславизм	n	0	4
папаха	n	0	4
папка	n	42	189
папоротник	n	2	9
папуас	n	0	4
папье	n	0	2
парабеллум	n	0	2
параграф	n	8	49
парадокстар	n	9	19
парала	v	7	0
паралат	n	0	4
паралау	n	0	2
паралингвистика	n	0	5
параллелограм	n	0	3
параллельдік	v	3	0
паралогизм	n	0	5
параметрлері	n	0	7
паранжы	n	0	4
парасатсыз	n	2	3
парасатсыздық	n	2	4
парасаттылығы	n	0	34
парасаттық	n	0	3
параст	n	0	2
парафраза	n	0	9
парақорлық	n	21	37
парақтарын	n	0	12
парақтау	n	0	16
паритет	n	0	2
паришан	v	2	0
парламенттегі	n	0	2
парламенттері	n	0	5
парламенті	n	0	37
парнас	n	0	8
парник	n	2	6
пароль	v	10	2
партбилет	n	18	33
партбюро	n	0	21
партер	n	3	17
партитура	n	2	16
партиялар	n	44	295
партияшыл	n	6	11
партнер	n	3	26
парча	n	0	7
паршала	v	11	0
парық	n	44	256
парықтал	v	34	0
парықты	n	0	6
парықтылық	n	5	9
паспортын	n	0	11
пассаж	n	2	14
пассив	v	32	5
пассивтен	v	3	0
паста	n	4	13
пастораль	n	4	6
пасықтық	n	17	68
пат	v	26	3
патент	n	5	20
патетика	n	2	38
патефон	n	8	13
патио	n	0	4
патиха	v	4	0
патриархтар	n	2	12
патристика	n	0	2
патрон	n	21	91
патруль	n	3	15
патшазада	n	0	40
патшасы	n	0	393
патшашыл	n	0	9
патшағар	n	0	6
патшаһ	n	0	9
пах	n	4	8
пациент	n	9	37
паша	n	0	82
пақыршылық	n	0	2
паңсы	v	8	0
пегас	n	2	8
педант	n	0	19
педантизм	n	0	6
педанттық	n	0	6
пейілді	n	2	45
пейілсіз	n	0	3
пенджаб	n	3	10
пенжак	v	5	3
пергіле	v	9	0
перделен	v	16	0
переселен	n	2	39
перзентсіз	n	0	24
перзентсіздік	n	0	6
перзентті	n	0	2
перигей	n	0	2
перипатетиктер	n	3	16
периферия	n	0	23
перифраз	n	2	9
пернеле	v	7	0
пернелер	n	22	74
перон	n	0	2
перрон	n	16	97
персона	n	0	2
персонификация	n	0	8
перцепция	n	0	11
пешір	n	0	2
пиала	n	4	30
пида	n	0	35
пилот	n	3	15
пистолет	n	37	125
пистон	n	0	2
питомник	n	7	16
пиш	v	60	0
пиям	n	0	2
пиғылды	n	0	3
плакат	n	12	94
плантатор	n	0	6
пластина	n	0	20
плац	v	5	0
плацдарм	n	4	7
пленум	n	15	142
плотина	n	2	34
повестері	n	0	24
погон	n	13	53
погреб	n	3	13
подшипник	v	2	0
подъезд	v	6	3
поез	n	56	766
позитивтік	n	0	2
позитивші	n	0	3
позициясы	n	0	48
пой	n	0	10
полат	n	0	5
полемика	n	4	29
поликлиника	n	0	6
полиомиелит	n	0	2
полис	n	0	53
полисмен	n	3	28
политотдел	n	2	4
полициясы	n	0	39
полка	n	0	22
полктас	n	0	2
полонез	n	3	6
поляр	n	0	38
помада	n	0	5
поместье	n	2	12
помещик	n	10	131
помидор	n	7	31
понуд	n	0	2
портвейн	n	5	8
портсигар	n	5	8
поршень	n	0	3
порым	n	27	60
порын	n	2	18
порындар	n	2	18
порындары	n	0	2
поселке	n	22	335
постамент	n	0	2
постструктурализм	n	0	5
посылка	n	0	22
потенция	n	7	65
потлач	n	0	2
поштабай	n	4	45
поэмалары	n	0	59
прагматика	n	2	89
праксис	n	0	4
практикум	n	0	5
предикат	n	9	79
председателі	n	0	71
президенттері	n	0	9
президенті	n	0	114
прейскурант	n	0	2
прерогатива	n	0	2
пресс	n	5	20
пресса	n	0	8
префект	n	0	11
преферанс	n	3	9
прецедент	n	8	36
прима	n	6	24
принципсіз	n	0	12
принципсіздік	n	2	5
пристань	n	3	46
про	v	35	17
проба	n	2	6
проблемалар	n	174	369
проблемалары	n	0	82
проблемасы	n	0	75
проблематика	n	10	69
провиденциализм	n	0	2
провинциялар	n	11	78
провинциялық	n	0	2
проводник	n	5	16
прогон	n	0	4
проекция	n	5	43
прозаик	n	3	17
прозасы	n	0	86
прокат	n	0	22
прокламация	n	2	9
прораб	n	2	30
проспект	n	5	13
протекция	n	0	9
протестантизм	n	2	15
профан	n	3	6
профессорлық	n	0	2
профессура	n	0	4
профилактика	n	0	18
проценттер	n	0	2
проценті	n	0	12
процессін	n	0	4
процесі	n	0	181
процесін	n	0	171
пряник	n	0	2
пс	n	6	18
психика	n	15	221
психоанализ	n	8	40
психогенетика	n	0	3
психолингвистика	n	0	2
психологизм	n	9	25
психологиясын	n	0	33
психоталдау	n	0	4
психотехника	n	2	5
психофизика	n	0	27
пул	n	8	15
пунктер	n	3	6
пунш	n	4	7
пур	v	4	0
пуритандық	n	0	3
пуст	n	0	49
пырла	v	2	0
пырылда	v	15	0
пысыл	n	0	12
пысынау	n	0	2
пысықай	n	3	48
пысықсу	n	0	2
пысықсымақ	n	0	2
пысықтық	n	7	27
пысқан	n	5	34
пысқыра	v	40	0
пышақтай	v	7	0
пышта	v	14	0
пыштай	v	3	0
пышық	n	0	4
пэр	n	0	23
підия	n	0	7
пікірлер	n	265	1011
пікірлері	n	0	195
пікірлерін	n	0	50
пікірлестік	n	0	3
пікірлі	n	0	4
пікірсайыстар	n	0	2
пікірталасы	n	0	7
пікірін	n	0	110
пінһан	n	0	2
пісер	n	0	2
піскек	v	2	0
пісу	n	2	79
пісірім	n	0	16
пішендік	n	3	14
пішенші	n	0	43
пішкіз	v	2	0
пішпе	v	2	0
пішу	n	5	50
пішуші	n	0	5
пішінін	n	0	73
пішіп	v	5	0
пүліш	n	3	47
пұтхана	n	3	13
пұшаймандық	n	0	2
пәкизат	n	0	2
пәл	n	0	296
пәлек	v	9	6
пәлен	n	27	418
пәндерін	n	0	5
пәндә	n	0	6
пәнжара	n	0	2
пәни	n	13	264
пәренжі	n	0	4
пәришан	n	0	2
пәрмендену	n	0	2
пәруайсыздық	v	2	0
пәруар	n	0	5
пәрша	n	2	3
пәстен	v	5	0
пәтуа	n	15	222
пәтуалас	v	52	4
пәтуә	n	2	23
пәуеске	n	6	147
пәшікас	n	0	2
рабаб	n	0	8
рабайсыздық	n	0	3
рабб	n	6	108
раббы	n	0	33
рабиға	n	0	43
рабфак	n	13	45
радиал	n	0	2
радиатор	n	0	37
радикалды	n	0	3
радиограмма	n	0	9
радиоландыр	v	2	0
радиолану	n	0	2
радиотехник	n	0	2
радиотехника	n	0	2
радиотолқын	n	0	4
раз	n	104	872
разия	n	0	6
размер	n	43	98
разрез	n	14	21
разъезд	n	14	28
разылығ	n	0	35
райком	n	10	115
ракағат	n	2	4
ракетка	v	2	0
ракурс	n	0	25
ракушка	n	0	2
рамадан	n	2	6
рамал	v	6	4
рамбулье	n	0	6
рампа	n	0	14
ран	n	55	110
ранг	v	14	4
рантье	n	0	6
рапорт	n	17	58
рапсод	n	0	14
раса	n	0	7
расм	v	2	0
расписание	n	0	4
раст	v	79	32
расталу	n	0	13
расталған	n	0	7
растат	v	7	0
растаттыр	v	2	0
растауын	n	0	2
расчет	n	26	67
ратуша	n	0	19
рауа	n	0	18
рауаи	n	0	7
рауанда	v	10	0
рафиқ	n	0	2
рахим	n	2	4
рахмат	n	17	55
рационалдық	n	5	20
рационализатор	n	0	13
рационализацияла	v	13	0
рационализациялау	n	0	4
рақаттану	n	3	14
рақатты	n	0	2
рақымсыздық	n	4	12
рақымшылдық	n	3	8
рақыш	n	4	29
раһбар	n	0	7
раһиб	n	2	6
рг	n	0	3
рге	n	0	16
рген	n	0	56
рд	n	0	21
реактив	v	31	9
реакционер	n	0	8
реакцияшылдық	n	0	2
реваншист	v	2	0
ревизор	n	18	49
ревком	n	7	55
револьвер	n	11	27
революцияландыр	v	5	0
революцияшылдық	n	0	4
регент	n	0	22
регистр	n	0	28
регистратор	n	0	3
регламент	n	6	11
редакторлық	n	0	30
редакцияла	v	38	0
редакциялан	v	39	0
редакциялау	n	8	19
редуктор	n	0	2
редукциялан	v	9	0
редукциялану	n	0	2
редут	n	0	2
резина	n	2	15
резолюция	n	0	3
резюме	n	2	4
рейс	n	9	85
рейтингін	n	0	2
рейхстаг	n	8	41
реквизиттер	n	0	3
реклама	n	0	11
рекомендация	n	2	3
реконструкцияла	v	29	2
реконструкциялан	v	27	0
реконструкциялану	n	0	2
реконструкциялау	n	3	36
реликт	n	0	15
релятивті	n	0	2
ремарка	n	0	12
реминисценция	n	0	2
ремонт	v	20	13
ремонтта	v	2	0
ремонттал	v	2	0
ренегат	n	0	2
ренжу	n	11	122
ренжімей	v	44	17
ренжісу	n	0	5
рента	n	7	42
рентабельдік	n	0	2
рентабельділік	n	0	3
репатриант	n	0	2
репрезентация	n	0	16
репрессия	n	2	125
репродуктивт	n	0	5
репродуктор	n	7	35
репутация	n	2	4
ресмиле	v	4	0
ресмилен	v	5	0
ресмилендіру	n	0	2
респондент	n	0	2
республи	n	0	104
республикалары	n	0	80
республикасы	n	0	401
рессор	n	4	12
реставратор	n	0	2
реставрацияла	v	6	0
ресторандат	v	5	0
ретсіздік	n	10	41
реттегіш	n	0	5
реттейтін	n	0	2
реттелу	n	0	36
реттен	v	5	0
реттес	v	3	0
реттестіру	n	0	4
реттет	v	7	0
реттеулі	n	0	2
реттеушілік	n	0	2
ретті	n	0	66
реті	n	0	448
реферат	n	0	6
рефлекс	n	10	48
рефлектор	n	0	13
реформалау	n	10	39
реформашы	n	0	4
рецензент	n	2	19
рецидив	n	0	5
реңден	v	11	0
реңк	n	30	190
риазат	n	0	2
ризаластыр	v	2	0
ризуан	n	0	8
рикша	n	0	16
римдіктер	n	24	132
рисалат	v	3	0
риторикасын	n	0	3
ритуал	n	20	59
риуаят	n	4	23
риялан	v	5	0
риясыздық	n	0	3
рк	n	5	8
рл	v	45	7
рлен	v	20	0
рлену	n	0	2
рлес	v	9	3
рлеу	n	0	9
ролик	v	2	0
романшы	n	0	11
романы	n	0	177
ротар	v	6	0
ротатор	n	0	2
рт	v	90	49
рубаи	n	0	7
рубрика	n	0	30
руд	n	16	163
рудимент	n	4	6
рудник	n	6	48
руз	n	0	2
руза	n	5	18
руи	n	0	23
рулары	n	0	214
румба	n	0	5
руст	v	2	0
рустем	v	6	0
руханият	n	16	92
рухсыздық	n	0	7
рухтандыру	n	0	12
рухтану	n	3	14
рухтас	n	0	2
рухты	n	0	2
рухы	n	0	486
рушд	n	0	13
рушыл	n	0	134
рушылдық	n	23	56
ры	n	0	18
рызық	v	2	0
рыногы	n	0	8
рыногын	n	0	3
рыноктары	n	0	2
рычаг	n	8	21
рқатар	n	0	6
рүкүғ	n	0	2
рұхсат	n	3	29
рұқсатсыз	v	2	0
рұқсаттар	n	0	2
рұқсаты	n	0	124
рұқсатын	n	0	106
рәйіс	n	0	6
рәмил	n	0	6
рәміздік	n	3	7
рәнж	n	0	2
рәсімдер	n	63	169
рәсімдері	n	0	37
рәсімдерін	n	0	14
рәсімі	n	0	81
рәсімін	n	0	52
рәш	n	2	11
рөлі	n	0	110
сабай	v	164	2
сабал	v	70	13
сабалат	v	2	0
сабалау	n	0	2
сабалақтан	v	11	0
сабас	n	19	69
сабат	v	50	27
сабау	n	15	94
сабах	n	0	4
сабақтал	v	32	0
сабақтан	v	2	0
сабақтастығы	n	0	39
сабақтастық	n	57	117
сабақтасу	n	0	8
сабақтау	n	0	12
сабз	v	4	0
сабир	n	2	3
сабира	n	0	7
сабр	v	3	0
сабылу	n	0	23
сабылыс	v	34	17
сабындал	v	8	0
сабындан	v	10	0
сабындат	v	2	0
сабындау	n	0	2
сабырбай	n	3	24
сав	v	4	0
сада	n	0	983
садағы	n	0	107
садист	n	2	3
сады	n	0	2
садын	n	0	2
сажда	n	0	3
сазай	n	4	35
сазда	v	36	0
саздауыт	n	4	14
саздақ	n	4	16
саздылық	n	0	2
сазсырнай	n	0	2
сазын	n	0	36
саи	n	0	11
сайдақтал	v	3	0
сайид	n	0	2
сайланбалы	n	0	3
сайлап	v	61	0
сайма	n	2	93
сайр	v	201	2
сайрандат	v	15	0
сайрандау	n	2	21
сайрау	n	3	54
сайтандық	v	5	3
сайф	v	2	0
сайха	n	0	3
сайыл	v	14	2
сайыскер	n	2	26
сайыстарын	n	0	10
сайысу	n	4	32
сайысшы	n	0	5
сайысын	n	0	51
сайқалдық	n	4	31
сайқымазақта	v	8	0
сайқымазақтық	n	0	9
салады	n	0	4
салалан	v	26	0
салалау	n	0	6
саламаттық	v	3	2
саласы	n	0	369
саласын	n	0	558
саласындағы	n	0	6
салатын	n	21	192
салауаттылық	n	4	14
салахият	n	0	4
салақсы	v	5	0
салақтат	v	140	0
салақтық	n	13	56
салаң	v	5	3
салаңдат	v	20	0
салбуырын	n	0	2
салбыр	v	53	0
салбырап	v	3	0
салдан	v	2	0
салды	n	0	23
салдырлат	v	117	0
салдырлаған	n	0	2
салдық	n	7	26
сали	n	0	26
салик	n	0	2
салиқа	n	0	40
салиқалық	n	0	7
салли	n	2	6
салмай	v	552	28
салмаған	n	0	88
салмағын	n	0	13
салмақсыз	n	0	24
салмақсыздық	n	2	6
салмақтал	v	12	0
салмақтау	n	2	11
салмақтаған	n	0	2
салп	n	0	160
салпай	v	22	0
салпайт	v	4	0
салпақ	n	0	2
салпақтат	v	10	0
салпақтау	n	0	5
салпаңда	v	14	0
салпаңдат	v	12	0
салпылда	v	34	4
салпылдат	v	19	0
салсаң	n	0	56
салтты	n	0	2
салты	n	0	375
салтын	n	0	184
салу	n	497	2488
салымдар	n	5	11
салымды	v	4	0
салынбаған	n	0	6
салынып	v	120	0
салып	v	695	10
салыс	v	672	23
салыстыра	v	130	6
салыстырулар	n	16	77
салыстыруы	n	0	6
салыстырыл	v	225	0
салыстырып	v	3	0
салығы	n	0	37
салықтар	n	45	101
сальдо	n	0	2
салған	n	121	1917
салғастыр	v	74	0
салғастыру	n	6	29
салғастырыл	v	17	0
салғылас	v	111	5
салғыласу	n	4	20
салғыр	v	2	0
салғырттан	v	2	0
салғыш	n	6	35
салқа	n	0	8
салқы	n	0	298
салқындан	v	3	0
салқындау	n	0	8
салқынқандылық	n	4	48
самад	n	0	2
самалдық	n	0	2
самарқаулық	n	4	21
самаурын	n	65	142
самбырлас	v	11	0
самиян	v	3	0
самп	v	4	0
сампылдас	v	2	0
сампыр	n	2	7
самғат	v	92	2
самғау	n	15	73
санаат	n	0	2
санады	n	0	4
санай	v	744	71
саналан	v	10	0
саналған	n	0	46
санамақ	n	3	18
санап	v	42	2
санасу	n	21	102
санасуы	n	0	3
санасыздық	n	5	28
санасын	n	0	441
санаторий	n	6	99
санатория	n	0	21
санаттары	n	0	13
санаттарын	n	0	4
санаш	n	8	18
санаған	n	6	281
санбат	n	0	18
сангвиник	n	0	2
санда	v	79	34
сандалма	n	8	12
сандалу	n	0	30
сандар	n	90	319
санды	n	0	9
сания	n	0	5
санкциялар	n	2	11
сансара	n	0	8
санскрит	n	7	51
саны	n	0	526
санын	n	0	310
сапаландыр	v	2	0
сапалар	n	32	120
сапалары	n	0	21
сапалылық	n	0	2
сапалық	n	0	7
сапарлас	n	0	22
сапарнама	n	3	9
сапаршы	n	0	3
сапасы	n	0	116
сапасыздық	n	0	3
сапасын	n	0	70
сапер	n	2	27
сапси	v	55	0
сапсит	v	7	0
саптама	v	16	10
саптан	v	24	0
саптас	n	8	44
саптат	v	15	0
саптау	n	2	95
саптыаяқ	n	15	51
сапылдат	v	5	0
сапырт	v	21	0
сапыру	n	0	17
сапырылыстыр	v	38	0
сапырылысу	n	0	2
сапырыс	v	10	0
сарайлары	n	0	42
саралай	v	54	0
сарана	v	3	0
сарапта	v	117	4
сараптал	v	33	0
сараптамалар	n	2	7
сараптамасы	n	0	3
сараптау	n	12	114
сараптауы	n	0	3
сарапшын	n	0	2
саратан	n	2	16
сарбаздары	n	0	107
сарбаздық	n	0	8
сардарлық	n	3	10
сардары	n	0	18
сармантай	n	2	13
сарнат	v	89	0
сарп	v	5	0
сарпай	n	2	8
сарсы	v	18	9
сарсыл	v	130	2
сарсылт	v	37	2
сарсыт	v	66	0
сарсығ	n	0	2
сартаптан	v	4	0
сартыл	n	3	42
сартылдат	v	107	0
саруар	n	2	3
сарф	n	0	7
сарыбалақтан	v	2	0
сарыбел	n	6	29
сарылда	v	22	4
сарылдат	v	15	0
сарылу	n	0	9
сарым	n	0	17
сарында	v	8	2
сарындас	n	0	4
сарынды	n	0	6
сарыт	v	5	0
сарығ	n	7	12
сарықас	n	0	13
сарғалдақ	n	7	27
сарғаю	n	0	31
сарғылт	n	0	19
сарқу	n	0	8
сарқылдат	v	5	0
сарқылу	n	4	39
сарқыншақ	n	3	20
сарқырат	v	13	0
саспай	v	90	0
саспайтын	n	0	2
сасу	n	12	20
сасыр	n	2	10
сасыт	v	98	0
сасықкүзен	n	0	2
сасқалақтат	v	3	0
сасқалақтық	v	2	0
сата	v	328	33
сатар	n	0	62
сатарман	n	0	3
сатпақтан	v	4	0
сатты	n	0	3
саттық	n	38	179
сатыла	v	157	3
сатылары	n	0	60
сатылатын	n	0	13
сатылылық	n	0	4
сатымсақ	n	0	3
сатып	v	50	0
сатыр	n	0	12
сатырлас	v	4	0
сатырлат	v	74	0
сатыс	n	3	262
сатқыз	v	56	0
сауаб	n	3	147
сауалда	v	2	0
сауалдас	v	5	0
сауар	n	2	10
сауаттандыр	v	44	0
сауаттану	n	0	3
сауатын	n	0	4
саудагершілік	v	3	0
саудалау	n	4	26
саудыр	v	30	4
саудырат	v	59	0
саудырла	v	6	0
саудырлат	v	3	0
саулау	n	0	2
сауса	v	7	0
саусағын	n	0	39
саусылда	v	18	0
саусылдат	v	8	0
сауу	n	12	103
сауы	v	186	113
сауыл	v	136	3
сауылда	v	23	0
сауылдай	v	10	0
сауылдат	v	14	0
сауым	n	0	34
сауыншы	n	0	73
сауыншылық	n	0	7
сауырын	n	0	55
сауыс	v	277	4
сауыстан	v	5	0
сауықтырып	v	2	0
сауғала	v	136	0
сауғалау	n	6	38
сауғыз	v	36	0
сауқа	v	9	0
сауқат	n	6	38
сафар	n	0	3
сафф	v	2	0
сахар	n	19	36
сахиб	n	2	8
сахналау	n	0	13
сач	v	4	0
саябырлат	v	18	0
саябырлау	n	0	2
саябырсу	n	0	3
саяд	n	19	351
саязда	v	10	0
саяздан	v	6	0
саяздану	n	0	2
саяздық	n	0	4
саялау	n	0	4
саясаткерлер	n	18	117
саясатшыл	v	43	0
саясатшылдық	n	0	2
саясаты	n	0	350
саясатын	n	2	88
саяткер	n	0	13
саятшыл	v	22	0
саятшылық	n	7	31
саях	v	33	0
саяхаттау	n	0	12
саяқтық	n	0	2
сағ	n	296	1115
сағалдан	v	2	0
сағалдырық	n	0	2
сағы	n	0	8
сағындықұлы	n	0	5
сағыну	n	8	78
сағың	v	35	2
сақақ	n	0	2
сақи	n	10	48
сақилық	n	4	28
сақлап	n	0	2
сақпаншы	n	0	5
сақсын	v	20	0
сақтала	v	404	0
сақталатын	n	2	18
сақталмаған	n	0	13
сақталуы	n	0	57
сақталуын	n	0	25
сақталын	v	98	0
сақталып	v	105	0
сақтану	n	31	137
сақтанушы	n	0	5
сақтап	v	71	7
сақтас	v	6	0
сақтат	v	38	0
сақтаушы	n	0	122
сақтауы	n	0	37
сақтаған	n	21	240
сақшылық	n	0	5
сақылдау	n	0	4
сақырла	v	40	5
саңылаулан	v	15	0
саңылаусыз	n	0	2
саңырай	v	12	0
саңғы	v	19	0
саңғыр	v	24	2
саңғыра	v	28	0
саңғырат	v	6	0
саңғырла	v	15	0
саңғырлат	v	3	0
саңғыру	n	0	9
саңғыт	v	8	0
саңқ	v	11	0
саңқи	v	12	0
саңқылдат	v	14	0
саһар	n	0	7
саһил	n	0	2
себ	v	396	120
себеб	n	0	1993
себебі	n	0	191
себезгіле	v	22	0
себезде	v	10	0
себелен	v	8	0
себелет	v	4	0
себептер	n	164	1433
себептері	n	0	149
себептілік	n	19	51
себепшіл	n	0	5
себін	v	5	0
север	v	56	7
сезгір	n	0	7
сезіктендір	v	7	0
сезілетін	n	3	18
сезімдер	n	225	785
сезімділік	n	10	40
сезімпаз	n	0	5
сезімсіздік	n	0	8
сезінгіш	n	0	2
сезінушілік	v	3	2
сезіс	v	6	0
сейпіл	n	0	3
сейфуллин	n	21	136
сейілде	v	17	0
сейілдеу	n	3	5
сейілту	n	2	40
сейілу	n	0	5
сейілші	n	0	3
секек	n	0	2
секектет	v	4	0
секемдендір	v	2	0
секемдену	n	0	2
секең	n	2	9
секеңдет	v	11	0
секеңдеу	n	0	2
секи	v	37	0
секпіл	n	7	40
секпілден	v	5	0
секретары	n	0	49
секси	v	37	0
секталар	n	8	62
секторы	n	0	38
секторын	n	0	20
секірме	v	7	0
секірт	v	157	0
секіру	n	14	103
селбе	v	9	0
селбесу	n	0	2
селдіре	v	92	3
селдірет	v	22	0
селең	n	0	2
селеңгі	n	0	5
селжүк	n	0	19
селк	v	8	2
селкеулік	n	0	5
селкіл	n	3	15
селкілдеу	n	0	2
селтек	n	0	2
селтеңде	v	39	0
селтеңдес	v	3	0
селтеңдет	v	9	0
селтит	v	12	0
селтиіс	v	3	0
семантика	n	20	154
сембі	n	0	6
семинария	n	29	102
семиотика	n	5	54
сему	n	0	9
семіздік	n	37	56
семірту	n	0	14
семіртіл	v	8	0
семіру	n	0	18
сенбестік	n	0	20
сенгіштік	n	5	19
сенделіп	v	2	0
сенделіс	n	5	13
сендер	n	828	3037
сендердікі	n	0	2
сендіру	n	6	192
сену	n	63	651
сенуші	n	0	81
сенушілік	n	3	18
сені	n	4	907
сенімділігін	n	0	3
сенімпаз	n	0	3
сенімін	n	0	51
сенімің	v	72	7
сеніс	v	65	7
сенің	n	0	82
сепкіз	v	2	0
сеппе	v	7	0
септе	v	34	2
септеген	n	0	2
септел	v	30	0
септес	v	93	2
септесу	n	0	7
септігі	n	0	27
септір	v	16	0
сербеңде	v	2	0
серби	v	7	0
сервист	n	0	3
сергектілік	n	0	4
сергу	n	3	14
сергіп	v	2	0
серейген	n	0	2
серейт	v	43	3
серең	n	0	2
сереңдет	v	11	0
серкебай	n	2	16
серкелік	n	0	2
сермел	v	94	0
сермеле	v	15	0
сермес	v	40	3
сермет	v	15	0
сермеу	n	0	48
серпер	n	5	18
серпу	n	3	50
серпі	n	58	117
серпілдір	v	14	0
серпілу	n	0	18
серпінде	v	3	0
серпіндет	v	2	0
серпінділік	n	0	4
серттес	v	184	13
серттесу	n	0	11
серуендет	v	39	0
серуендеу	n	10	57
серуенші	n	0	12
серуеншіл	v	10	2
серіктесу	n	0	3
сескену	n	14	21
сестен	v	32	0
сетерле	v	2	0
сетік	n	0	4
сетіл	v	24	0
сетінет	v	8	0
сеңкібай	n	0	2
сигекте	v	3	0
сигнал	n	30	70
сида	n	0	7
сидалан	v	4	0
сидаңда	v	12	0
сидит	v	7	0
силлогистика	n	0	14
силсила	n	0	2
сима	v	127	12
символизм	n	9	46
симия	n	0	4
син	n	2	30
сина	n	0	64
сингармонизм	n	0	9
синдикат	n	0	18
синергетика	n	0	2
синолог	n	0	12
синонимдер	n	7	39
синоптик	n	0	4
синоптика	n	0	8
синтактика	n	0	2
синтездел	v	21	0
синтездеу	n	3	22
синтетика	n	0	97
синхрон	v	36	22
сионист	v	4	0
сипай	v	196	0
сипалан	v	33	0
сипан	v	54	0
сипап	v	19	0
сипас	v	28	2
сипаттал	v	661	0
сипаттамалар	n	20	123
сипаттамаларын	n	0	9
сипаттамасы	n	0	41
сипаттамасын	n	0	18
сипаттар	n	103	416
сипаттау	n	26	388
сипаттыр	v	3	0
сипаты	n	0	313
сипатын	n	0	206
сипау	n	14	79
сипақ	n	0	3
сипақта	v	4	0
сипақтат	v	14	0
сипаңда	v	3	0
сипаңдат	v	8	0
сипаһ	n	0	2
сират	n	7	39
сирексіт	v	2	0
сиректе	v	114	0
сиректен	v	2	0
сиректеу	n	0	2
сирет	v	89	5
сирету	n	0	3
сиретіл	v	7	0
сиреу	n	0	6
сиса	n	0	19
сиф	n	0	3
сиындыр	v	6	0
сиыну	n	4	33
сиыру	n	0	2
сиырыл	v	5	0
сиырың	v	35	5
сиырқұйымшақтандыр	v	4	0
сиықсыз	n	0	10
сиықсыздандыр	v	2	0
сиықсыздық	v	2	0
сияз	n	7	43
сияла	v	2	0
сияпат	n	28	161
сият	n	0	4
сияқтандыр	v	60	0
сияқтану	n	0	2
сияқтылар	n	172	378
сиқырлау	n	0	8
сиқыршылық	n	5	35
сказ	n	2	54
скальпель	n	0	7
скафандр	n	0	4
скважина	n	12	184
ске	v	7	0
скептицизм	n	7	30
склеп	v	2	0
скоморох	n	0	6
слесарь	n	0	13
служба	n	0	3
смета	n	12	46
сметала	v	2	0
смола	n	0	16
собалақтан	v	2	0
собалаңда	v	6	0
собор	n	9	138
советтен	v	5	0
советтендіріл	v	2	0
содырлық	n	2	5
созалаң	n	0	2
созалаңда	v	10	5
созақта	n	0	2
созбай	v	32	3
созбалаң	n	0	7
созбақ	n	0	19
созбұйда	n	0	4
создыр	v	47	0
создық	v	3	0
созылыңқылық	n	0	2
созылған	n	0	47
созыңқылық	v	3	0
созғыз	v	4	0
созғыла	v	12	0
сойдақ	n	0	2
сойдақтал	v	4	0
сойдақтат	v	16	0
сойди	v	103	2
сойды	n	0	2
сойылдас	v	18	0
сойылу	n	0	8
сойылша	v	3	2
сойылшы	v	2	0
сойым	n	0	2
сойып	v	42	2
сойыс	n	21	81
сойыстық	n	0	6
сойқа	n	2	60
солбырайт	v	2	0
солдаттық	n	0	46
солдағы	n	0	4
солдыр	v	101	3
солпи	v	18	0
солпы	n	10	19
солпылық	n	0	4
солу	n	2	15
солшылдық	n	0	10
солық	v	4	0
солықта	v	32	0
солғыз	v	2	0
солғында	v	73	0
солғындан	v	4	0
солқ	v	8	5
солқылдау	n	0	4
солқылдақтық	n	3	15
сомалар	n	4	9
сомасы	n	0	19
сомасын	n	0	7
сомда	v	211	3
сомдал	v	198	0
соналы	n	0	2
сонарлат	v	5	0
сонда	n	4	21
сондай	n	75	761
сондайлық	v	2	0
сондық	n	0	2132
сондықтан	n	2	111
сонша	n	9	999
соныла	v	4	0
сонылат	v	2	0
сонылық	n	3	13
сонырқа	v	5	0
соның	v	117	28
сопай	v	130	0
сопайт	v	5	0
сопақша	n	0	3
сопақшала	v	14	0
сопи	v	39	0
сопысын	v	10	0
сорайт	v	20	0
сораптау	n	0	6
сорақылық	n	22	73
сорлау	n	0	2
сорпылдат	v	8	0
сортаңдал	v	2	0
сорттал	v	2	0
сортты	n	0	5
сорыл	v	20	0
сорым	v	35	18
сорыс	v	3	0
сорық	v	4	0
сорғалау	n	0	6
сорғыз	v	46	0
сорғыт	v	28	0
сорғышта	v	8	0
сословие	n	12	192
сосынғы	n	7	12
сотанақтық	n	0	2
сотталу	n	0	34
сотталушы	n	0	22
сотталғандар	n	9	32
соттат	v	54	3
соттау	n	3	47
соттағы	n	0	4
софист	v	33	4
софистер	n	4	34
софистика	n	0	66
социум	n	11	42
сояу	n	3	14
сояулан	v	11	0
соға	v	1046	26
соған	n	2	4
соғдақ	n	0	3
соғды	n	0	44
соғушы	n	0	20
соғылып	v	18	0
соғылыс	v	144	0
соғын	v	11	0
соғып	v	109	0
соғыстыру	n	2	7
соқала	v	2	0
соқаң	n	0	2
соқпай	v	297	0
соқталан	v	33	0
соқтырт	v	22	0
соқтыға	v	53	0
соқтығу	n	4	17
соқтығып	v	6	0
соқтықпа	v	29	3
соққан	n	16	638
соққыз	v	58	0
соққылас	v	7	0
соққылау	n	0	10
соққын	n	0	115
соққыш	n	0	3
соңындағы	n	0	12
соңырақ	n	0	3
спартакиада	n	2	9
спартакиадасын	n	0	4
спейд	n	0	2
спеу	n	0	4
специфика	n	10	44
спикерлер	n	0	2
спиритуализм	n	0	12
спор	n	45	142
спортзал	n	0	7
спортшылары	n	0	2
сс	n	0	4
ст	v	156	21
ставкасы	n	0	7
ставкасын	n	0	4
стаж	n	11	39
стан	v	135	47
стансалары	n	0	2
станциясы	n	0	107
староста	n	2	72
старшын	n	7	122
статист	n	0	5
статусы	n	0	15
стахановшы	n	0	30
стационар	n	0	14
стела	n	0	7
стенд	n	0	10
стенограмма	n	3	23
стенографист	v	3	0
стер	n	9	46
стереотип	n	19	62
стерлинг	n	6	12
стильде	v	2	0
стильдері	n	0	18
стилі	n	0	143
стимул	n	4	48
стипендиат	n	0	2
страж	v	25	0
страта	n	0	14
стратегиялары	n	0	6
стресс	n	3	12
структурализм	n	6	25
студенттер	n	69	483
суалма	v	17	0
суалу	n	0	8
суарма	v	7	0
суару	n	24	147
суарылу	n	0	4
суарыс	v	2	0
субсидиялар	v	2	0
субъект	n	11	125
субъектілік	n	4	16
сув	v	12	6
суверен	n	5	14
суверенитет	v	8	5
судыр	n	3	9
судыра	v	56	10
судырат	v	63	0
судырақ	n	0	6
судырла	v	33	6
судырлат	v	13	0
судырлақ	n	0	2
суз	n	0	10
суландырыл	v	11	0
сулат	v	17	0
султан	n	50	100
сумақайлан	v	2	0
сумаң	n	2	3
сун	v	4	2
суннит	n	0	31
суны	n	0	3
суперэтнос	n	0	19
сур	v	758	12
сурат	v	2	0
суреттеу	n	54	611
суреттеуші	n	0	10
суретшілік	n	0	11
суреті	n	0	212
сусат	v	6	2
сусау	n	0	2
сусыздандыр	v	2	0
сусыздық	n	2	13
сусыл	n	0	48
сусылдас	v	3	0
сусылдат	v	43	0
сусындан	v	7	0
сусындандыр	v	2	0
сусындау	n	2	30
сусыра	v	5	0
сусыт	v	19	0
сутра	n	0	3
суу	n	0	17
суф	n	0	21
суфи	n	0	13
суфизм	n	14	61
сушыл	v	10	2
суыл	n	3	46
суылда	v	93	14
суылдат	v	42	0
суыну	n	0	9
суыртпақта	v	14	0
суыртпақтат	v	2	0
суыртпақтау	n	0	3
суыру	n	2	12
суырып	v	5	0
суырыпсалма	n	0	5
суыттыр	v	6	0
суыту	n	0	41
суытыл	v	21	0
суықсыра	v	2	0
суғару	n	3	44
суқан	n	0	160
схемасын	n	0	7
схоластика	n	0	105
схолостика	n	0	7
сценарийлер	n	2	13
сценарийін	n	0	6
сциентизм	n	0	4
счет	v	64	41
сы	n	197	847
сыбайластық	n	4	16
сыбан	v	455	62
сыбану	n	0	2
сыбдыра	v	10	0
сыбызғылат	v	8	0
сыбырлат	v	4	0
сыбырлау	n	2	17
сыдыру	n	0	8
сызаттан	v	12	0
сызаттар	n	2	19
сызбасы	n	0	9
сызбасын	n	0	4
сыздану	n	0	2
сыздат	v	302	0
сыздату	n	0	2
сыздау	n	5	16
сыздауыт	v	2	0
сызылдыр	v	7	0
сызылма	v	16	0
сызылып	v	4	0
сызылыс	v	2	0
сызықтық	n	0	2
сызғыз	v	4	0
сызғыр	v	15	0
сыйақылар	n	0	2
сыйдыру	n	0	24
сыйласу	n	7	40
сыйлат	v	26	0
сыйлау	n	69	314
сыйлаған	n	44	196
сыйымдылығы	n	0	11
сыйыстыр	v	23	0
сыйғызбау	n	0	2
сыланып	v	6	0
сыланған	n	0	6
сылап	v	8	0
сылат	v	13	0
сылақшы	n	0	6
сылбыра	v	5	0
сылдырлас	v	2	0
сылп	v	4	0
сылт	v	98	0
сылтыма	n	2	4
сылу	n	0	2
сылы	n	0	2
сылын	v	92	0
сылыт	v	5	0
сылқ	n	10	285
сылқи	n	13	24
сылқыл	n	0	5
сылқылдат	v	30	0
сылқылдақ	v	3	0
сылқымдан	v	2	0
сымау	n	0	6
сымбатта	v	5	0
сымбаттан	v	13	0
сымбаттау	n	0	2
сымп	v	5	0
сымпи	v	60	2
сымпылдас	v	3	0
сымпылдат	v	2	0
сынады	n	0	7
сыналан	v	11	0
сынама	v	36	4
сынар	n	0	35
сынас	v	296	4
сынасу	n	3	52
сынаушы	n	0	44
сынауы	n	0	6
сынағыш	n	2	10
сындар	n	40	209
сындырт	v	14	0
сындыру	n	6	81
сындырыл	v	46	0
сындырыс	v	2	0
сыншыл	v	181	72
сыншылдық	n	5	40
сыншысы	n	4	15
сыныбы	n	0	10
сыныптары	n	0	7
сынықсы	v	3	0
сынықтық	n	0	2
сынықшы	n	0	42
сынықшылық	n	2	4
сының	v	26	3
сынға	n	9	70
сыпайыла	v	22	0
сыпайылан	v	7	0
сыпайышылық	n	0	4
сыпсың	n	8	22
сыпсыңда	v	27	0
сыпсыңдас	v	12	0
сыпта	v	2	0
сыптал	v	2	0
сыптығырла	v	2	0
сыпырт	v	82	0
сыпыру	n	3	45
сыпырушы	n	0	44
сыпырынды	n	0	6
сыпырып	v	4	0
сырашы	n	0	2
сырбаздан	v	4	0
сырдаңда	v	2	0
сырдаңдық	n	0	2
сыри	v	26	0
сырласу	n	14	151
сырлат	v	27	0
сырлау	n	0	13
сыртта	n	11	73
сырттансы	v	3	0
сырттат	v	5	0
сырты	n	0	266
сыртыл	n	0	21
сыртылдат	v	47	0
сыру	n	0	2
сыршы	n	0	9
сыршылдық	n	2	37
сыры	n	18	232
сырылда	v	49	7
сырылдат	v	26	0
сырылу	n	0	2
сырғалық	n	0	2
сырғанат	v	33	0
сырғанау	n	9	27
сырғауылдар	n	5	12
сырғақсы	v	5	0
сырғақта	v	14	0
сырғақтат	v	7	0
сырғу	n	0	10
сырғыз	v	3	0
сырғытпа	n	0	3
сырғытыл	v	7	0
сырқа	v	282	15
сырқаттану	n	0	4
сырқау	n	16	156
сырқаулық	n	0	6
сырқырама	v	5	3
сырқырау	n	0	8
сытыр	n	2	20
сытырлат	v	64	0
сыш	v	2	0
сыю	n	0	16
сыяпат	n	7	40
сығ	v	558	11
сығай	n	4	87
сығайлан	v	3	0
сығалас	v	13	0
сығалат	v	22	0
сығалау	n	3	24
сығар	n	0	37
сығымдал	v	61	0
сығымдан	v	2	0
сығымдау	n	0	5
сығын	v	16	0
сығырайма	n	0	2
сығыс	v	14	0
сығыстыр	v	6	0
сықал	v	20	0
сықас	v	30	0
сықастыр	v	7	0
сықақта	v	19	0
сықақтау	n	0	5
сықақшыл	v	8	0
сықи	v	39	9
сықпалан	v	2	0
сықсит	v	19	0
сықсыңда	v	3	0
сықта	v	135	2
сықылдан	v	117	0
сықылық	n	0	5
сықылықтас	v	6	0
сықылықтау	n	0	2
сықыр	n	5	123
сыңғырлас	v	3	0
сыңғырлат	v	64	0
сыңғырлау	n	0	5
сыңқ	v	45	0
сыңқылдат	v	12	0
сідік	n	0	12
сіз	n	1388	6630
сіздің	n	0	2
сіл	n	66	309
сілбіле	v	7	0
сілекейле	v	2	0
сілекейлен	v	7	0
сілелет	v	4	0
сілемден	v	3	0
сілес	n	0	367
сілеу	v	77	34
сілку	n	0	11
сілкілен	v	2	0
сілкілес	v	44	0
сілкілеу	n	0	5
сілкіне	v	67	0
сілкіс	v	22	0
сілтемелер	n	10	53
сілтен	v	89	0
сілтет	v	21	0
сілтеу	n	25	230
сілім	n	0	55
сімірт	v	5	0
сіміру	n	0	18
сірге	n	4	7
сірестір	v	62	0
сіресу	n	0	3
сірі	n	18	65
сірілен	v	6	0
сіңбір	v	49	0
сіңбіру	n	0	43
сіңбірін	v	20	0
сіңді	n	0	2
сіңдіру	n	0	5
сіңлілі	n	0	3
сіңлісі	n	0	100
сіңлісін	n	0	3
сіңі	v	39	0
сіңіл	n	0	74
сіңілі	n	16	44
сіңірген	n	0	39
сіңірлен	v	8	0
сіңірт	v	3	0
сіңіс	v	460	0
сү	v	467	153
сүзгіз	v	3	0
сүзгіле	v	8	0
сүзгіш	n	0	6
сүздір	v	21	3
сүзек	n	4	114
сүзу	n	6	25
сүзістір	v	23	0
сүйде	v	36	0
сүйегі	n	0	207
сүйекте	v	7	0
сүйектел	v	10	0
сүйектен	v	2	0
сүйелден	v	4	0
сүйемелден	v	21	0
сүйемелдеу	n	2	37
сүйене	v	298	7
сүйену	n	22	180
сүйеніп	v	5	0
сүйеніс	v	34	0
сүйеп	v	4	0
сүйер	n	2	163
сүйес	v	32	0
сүйет	v	16	0
сүйеуші	n	0	12
сүйке	v	28	0
сүйкел	v	10	0
сүйкен	v	240	0
сүйкену	n	0	6
сүйкеніс	v	13	2
сүйкес	v	8	0
сүйкет	v	6	0
сүйкеу	n	0	4
сүйкім	v	997	306
сүйкімден	v	2	0
сүйкімсізден	v	2	0
сүйрелеу	n	0	9
сүйрес	v	6	0
сүйреттір	v	4	0
сүйрету	n	0	14
сүйретіле	v	7	0
сүйреу	n	0	57
сүйрең	n	0	4
сүйреңде	v	44	6
сүйреңдет	v	5	0
сүйсіндіретін	n	0	2
сүйсіне	v	109	4
сүйсінт	v	77	2
сүйсінушілік	v	3	0
сүйіндір	v	153	2
сүйіну	n	2	24
сүйіншіле	v	13	0
сүйініс	v	15	0
сүйінішті	n	0	2
сүйіп	v	66	0
сүйірле	v	33	0
сүйірлен	v	53	0
сүйістір	v	7	0
сүйісу	n	14	60
сүлелен	v	20	0
сүлесоқ	n	0	9
сүмбіле	n	0	65
сүмекте	v	8	0
сүметіл	v	24	0
сүмең	n	0	3
сүмеңде	v	30	0
сүмеңдет	v	19	0
сүмеңдеу	v	2	0
сүмпи	v	35	0
сүмпит	v	4	0
сүнгі	v	2	0
сүндеттел	v	7	0
сүндеттет	v	5	0
сүннет	n	13	49
сүнни	n	0	3
сүннит	n	0	10
сүп	v	2	0
сүрген	n	13	242
сүргі	n	0	132
сүргіз	v	53	5
сүргілен	v	14	0
сүргіштел	v	2	0
сүрдек	n	2	13
сүрді	n	0	2
сүрен	n	22	64
сүренде	v	3	0
сүреңсіздік	n	3	5
сүрле	v	314	0
сүрлен	v	75	0
сүрлік	v	3	0
сүрмелеу	n	0	2
сүрткіле	v	26	0
сүрткіш	n	0	5
сүртті	n	0	2
сүрту	n	8	84
сүртін	v	121	0
сүртіну	n	0	5
сүртіс	v	7	0
сүрі	n	0	9
сүрік	n	7	13
сүріну	n	4	24
сүріншек	n	0	2
сүріншекте	v	2	0
сүрініп	v	4	0
сүттен	v	8	0
сүті	n	0	304
сүтқоректілер	n	2	27
сүю	n	140	732
сүңгу	n	9	30
сүңгіле	v	6	0
сұбхан	n	2	4
сұбхат	n	0	2
сұйыл	v	209	4
сұйықта	v	40	0
сұйқылт	n	0	28
сұлату	n	2	5
сұлау	n	0	4
сұлба	n	174	407
сұлбалан	v	14	0
сұлбалау	n	0	3
сұлтанат	n	0	11
сұлтандар	n	50	345
сұлтанмұрат	n	3	10
сұлулан	v	96	0
сұлуландыр	v	13	0
сұлулау	n	0	2
сұлусы	v	3	0
сұлыбас	n	0	2
сұлып	v	2	0
сұлқ	n	0	3
сұмдан	v	4	0
сұмпайылық	n	3	7
сұмырайлық	n	0	5
сұп	n	2	34
сұрады	n	0	25
сұрай	v	1254	144
сұрайды	n	0	4
сұрал	v	228	4
сұраншақтық	n	0	5
сұраншы	n	0	31
сұраныстар	n	12	48
сұрап	v	956	6
сұраса	v	87	13
сұрасаң	n	0	28
сұрастырыл	v	11	0
сұрасу	n	5	33
сұрату	n	0	25
сұраулар	n	22	134
сұрауы	n	0	66
сұраған	n	41	1234
сұрақтар	n	173	724
сұрақтары	n	0	53
сұржылан	v	2	0
сұрландыр	v	8	0
сұрлық	n	0	2
сұрмерген	n	5	14
сұрсыз	n	0	2
сұрт	n	0	3
сұры	n	0	6
сұрықсыздан	v	13	0
сұрғылттан	v	24	0
сұрқайлан	v	10	0
сұрқиялан	v	2	0
сұрқиялық	n	10	41
сұсти	v	15	0
сұстылық	n	0	2
сұтыр	n	0	12
сұф	n	0	2
сұхбаттасу	n	4	64
сұғанақтан	v	5	0
сұғанақтық	n	4	15
сұғу	n	16	120
сұғыл	v	58	0
сұғындыр	v	13	0
сұғыну	n	4	7
сұқпа	v	71	6
сұқпыт	n	0	4
сұқтандыр	v	32	0
сұқтану	n	6	16
сұқтыр	v	7	0
сұқыр	n	0	2
сұққыз	v	3	0
сұңғақтан	v	5	0
сұңғылалық	n	3	20
сұңқ	v	585	0
сұңқылдас	v	8	0
сұңқылдат	v	49	0
сұңқылдақ	n	0	2
сәбихана	n	0	2
сәйгел	v	3	2
сәйкессіздігі	n	0	4
сәйкест	n	0	30
сәйкесте	v	6	0
сәйкесті	n	0	17
сәйкестігі	n	0	26
сәйкестігін	n	0	6
сәйкестілік	n	5	15
сәйкесу	n	4	23
сәкін	n	0	9
сәлделі	n	0	10
сәлемші	n	0	6
сәліс	n	0	2
сәмеке	n	0	35
сәндел	v	28	0
сәндендір	v	17	0
сәндет	v	6	0
сәне	n	0	2
сәні	n	0	114
сәнқойлан	v	2	0
сәнқойлық	n	4	17
сәнә	n	0	2
сәре	n	3	28
сәресі	n	2	25
сәркарда	n	2	8
сәру	v	85	2
сәрі	n	3	440
сәрілік	n	0	10
сәскелет	v	2	0
сәскелік	n	0	43
сәттік	n	0	2
сәуегейлен	v	2	0
сәуегейсі	v	10	0
сәукеле	n	44	92
сәулелену	n	0	19
сәулелер	n	29	189
сәулетай	n	3	43
сәулеттен	v	15	0
сәулеттендір	v	11	0
сәулеттілік	v	2	0
сәңки	v	18	0
сөгет	n	0	10
сөгу	n	7	70
сөгуш	n	0	14
сөзбұйда	n	0	58
сөзбұйдалық	n	0	3
сөздегі	n	0	2
сөздер	n	1063	3621
сөздері	n	0	780
сөздерін	n	0	286
сөздерің	v	118	65
сөзді	n	0	29
сөздігі	n	0	41
сөздікші	n	0	2
сөзділік	n	13	41
сөзлесе	n	0	2
сөзталас	n	0	3
сөзтізбе	n	4	17
сөзуарлан	v	7	0
сөзуарлық	n	7	23
сөзі	n	2	1952
сөзін	n	5	854
сөзің	v	744	487
сөзіңіз	n	199	398
сөйлеген	n	70	1077
сөйлегіш	n	0	10
сөйледі	n	0	6
сөйлейтін	n	15	119
сөйлемдер	n	106	288
сөйлемеген	n	0	21
сөйлемпаздық	n	0	2
сөйлемің	v	4	0
сөйлен	v	273	0
сөйленер	n	0	3
сөйлеп	v	101	0
сөйлер	n	0	65
сөйлесе	v	436	69
сөйлестір	v	59	0
сөйлесу	n	111	796
сөйлесуші	n	0	9
сөйлету	n	7	92
сөйлеуі	n	0	40
сөйте	v	266	14
сөйтсе	n	0	9
сөйту	n	6	39
сөке	v	2	0
сөккіз	v	2	0
сөкті	n	0	4
сөктір	v	18	2
сөлден	v	2	0
сөлекет	n	0	14
сөлекеттік	n	0	3
сөлкебай	n	8	13
сөлпи	v	10	0
сөмпи	v	13	0
сөндіру	n	8	64
сөндіріл	v	33	0
сөну	n	4	123
сөрел	v	36	13
сөресі	n	0	18
сөтке	n	0	69
сөтіл	v	4	0
сөңке	n	0	2
таб	v	4215	642
табадан	n	2	4
табалас	v	6	0
табалат	v	8	2
табалау	n	2	40
табалаушы	n	0	8
табам	v	3	0
табандат	v	87	0
табансыздық	n	0	5
табас	n	0	50
табашыл	n	2	3
табақта	n	0	2
табақшы	n	0	16
таби	n	0	15
табиб	n	4	21
табиғ	v	446	8
табиғаттану	n	0	9
табиғаты	n	0	433
табиғилық	n	16	79
табиғин	n	0	2
таблетка	n	4	13
таблица	n	3	37
табор	n	2	5
табу	n	238	2023
табут	n	2	6
табуы	n	0	60
табылатын	n	16	150
табылды	n	0	19
табылмайтын	n	3	33
табылу	n	3	318
табындыр	v	168	5
табыну	n	54	298
табынғыш	n	0	5
табыр	v	2	0
табыстар	n	59	469
табыстары	n	0	99
табыстау	n	5	9
табысу	n	16	187
табысы	n	0	142
табысып	v	18	0
тавғаш	v	2	0
таж	n	10	20
тазалас	v	7	0
тазалат	v	40	0
тазалығы	n	0	96
тазарттыр	v	8	0
тазартыл	v	161	0
тазартқыз	v	5	0
тазартқыш	n	0	2
тазару	n	9	73
тазасын	n	0	2
тазша	n	4	197
тайдырыл	v	43	0
тайжүзген	n	0	3
тайла	v	18	2
тайлы	n	0	9
тайм	v	71	2
таймас	n	6	68
тайпақта	v	4	0
тайрақта	v	2	0
тайраң	n	0	6
тайсалмас	n	0	77
тайсалу	v	7	0
тайсақ	n	0	2
тайсақта	v	44	0
тайсақтау	n	0	15
тайталастыр	v	3	0
тайталасу	n	2	16
тайтаңда	v	10	0
тайфа	n	0	2
тайызда	v	14	0
тайыздан	v	2	0
тайыздық	n	2	9
тайынба	v	71	5
тайынбау	n	0	12
тайғанат	v	6	0
тайғанақтат	v	8	0
тайғанақтық	n	0	4
тайғыз	v	34	0
тайқи	v	10	0
тайқыма	v	5	0
такаббар	n	0	3
такелаж	n	0	4
такса	n	0	2
тактикасы	n	0	12
талабы	n	0	230
талайлы	n	0	18
талайсыз	n	0	7
талайың	v	36	11
таланттылық	n	0	10
таланты	n	0	193
талану	n	0	7
талапсыз	n	5	19
талаптандыр	v	4	0
талаптану	n	0	35
талаптар	n	149	554
талаптары	n	0	168
талаптарын	n	0	14
талаптылық	n	0	7
талапшыл	n	0	16
талапшылдық	n	2	6
талар	n	2	8
таласа	v	266	4
таласта	v	5	0
таластыра	v	28	0
таластың	n	0	3
таласу	n	18	206
таласушы	n	0	28
талаттыр	v	7	0
талақай	n	0	13
талдан	v	340	0
талды	n	0	6
талдыру	n	0	8
талер	n	3	8
талмай	v	86	0
талмаура	v	12	0
талмаурат	v	4	0
талмаусы	v	4	0
талмаусырат	v	8	0
талмуд	n	4	17
талон	n	10	29
талпай	v	2	0
талпи	v	10	0
талпыну	n	14	139
талтай	v	165	7
талтайт	v	25	0
талтақта	v	2	0
талтаң	n	0	17
талтаңдас	v	2	0
талтаңдат	v	17	0
талу	n	3	8
талуй	n	0	2
талут	v	2	0
талып	v	27	0
талыс	v	5	3
талықсу	n	0	5
талықсыт	v	17	0
талғамдар	n	6	41
талғамды	n	0	4
талғамдылық	n	0	4
талғампаздық	n	5	41
талғамсыз	n	0	18
талған	n	5	95
талғаусыз	n	0	3
талғағ	n	0	5
талғағыш	n	0	2
талқандал	v	230	0
талқандат	v	7	0
талқандаушы	n	0	4
талқылай	v	59	0
талқылат	v	6	0
талқылаушы	n	0	6
тамамдас	v	17	0
тамамдау	n	0	15
тамашалас	v	3	0
тамашалат	v	13	0
тамашалау	n	7	146
тамақтандыру	n	6	30
тамақтану	n	15	119
тамбур	n	0	60
тамбурин	n	0	2
тамды	n	0	6
тамиғ	n	2	4
таможня	n	0	4
тамса	v	8	0
тамсана	v	81	2
тамсану	n	5	58
тамсанып	v	2	0
тамсаныс	v	16	0
тамтам	n	0	2
таму	n	2	10
тамшылат	v	81	0
тамыздыр	v	3	0
тамызу	n	0	9
тамызық	n	6	20
тамылжыт	v	100	0
тамып	v	18	0
тамырластық	v	5	2
тамырлығ	n	0	7
тамырлық	n	0	5
тамыршы	n	0	29
тамыры	n	0	373
тамға	n	9	45
танат	v	4	0
танаулат	v	3	0
танаура	v	4	0
танаурат	v	2	0
танбау	n	0	6
танго	n	0	2
тандыру	n	2	3
тани	v	691	83
танкер	n	0	35
танкетка	n	0	2
тантана	n	0	2
танту	n	0	3
тантыра	v	2	0
тантық	n	0	2
танылу	n	6	181
танылуы	n	0	17
танылғандар	n	3	5
танымпаз	n	0	3
танып	v	99	0
таныстары	n	0	94
таныстырыл	v	76	0
танысып	v	29	0
танытатын	n	0	25
таныттыр	v	7	0
таныту	n	52	465
танытыл	v	37	0
танытқан	n	3	121
танытқыз	v	2	0
таныған	n	8	252
танығыш	n	0	6
тапап	v	2	0
тапер	v	2	0
тапжылтпа	v	6	2
таппай	v	504	64
тапсын	v	15	0
тапсыратын	n	0	13
тапсырды	n	0	6
тапсырмай	v	8	0
тапсырмасы	n	0	194
тапсырт	v	9	0
тапсыру	n	45	394
тапсыруы	n	0	70
тапсырыл	v	836	0
тапсырыстар	v	12	8
тапсырған	n	9	191
таптай	v	63	0
таптар	n	44	347
таптастыр	v	3	0
таптау	n	6	64
таптауырын	n	0	2
тапты	n	0	6
таптырт	v	8	0
тапшыл	n	5	24
тапшылан	v	7	0
тапшылығы	n	0	17
тапшылығын	n	0	2
тапыр	n	0	4
тапырақта	v	9	4
тапқан	n	54	1192
тапқандар	n	11	118
тапқандығы	n	0	6
тапқыз	v	147	0
тапқырлығы	n	0	71
тарабы	n	0	10
тараж	n	6	211
таразылан	v	15	0
таразылау	n	4	54
тарай	v	646	2
таралып	v	33	0
тарама	v	118	0
тарамдал	v	93	0
тарамдан	v	56	0
тарамыстан	v	27	0
тарану	n	0	14
тараншы	n	0	20
тарата	v	328	12
тараттыр	v	4	0
таратылып	v	5	0
таратып	v	65	0
таратыс	v	2	0
таратқыз	v	2	0
тараулар	n	35	293
тараф	n	0	5
тараған	n	10	197
тарақта	v	7	0
тарақтал	v	2	0
тарбай	v	22	8
тарбақ	n	0	4
тарбаңда	v	7	0
тарбаңдат	v	4	0
тарби	v	114	24
таргын	v	2	0
тарихтан	v	11	0
тарихтарын	n	0	9
тарихтылық	n	0	2
тарихшыл	v	242	12
тарихы	n	0	765
тарихымыз	n	108	338
тарихын	n	0	613
тарихындағы	n	0	2
тариқа	v	7	0
тариқат	n	9	32
тарлау	n	0	12
тармас	v	76	0
тармағы	n	0	96
тармағын	n	0	63
тармақта	n	0	2
тармақтал	v	78	0
тармақталу	n	2	14
тармақтан	v	25	0
тармақтарын	n	0	32
тарна	v	8	0
тарп	v	286	25
тарпа	v	8	4
тарпаңда	v	6	0
тарпаңдық	n	0	2
тарпу	n	0	5
тарпылдат	v	6	0
тарпын	v	24	4
тарпыт	v	2	0
тарсылдат	v	221	0
тарсын	v	11	0
тартады	n	0	2
тартпақ	n	4	16
тартпақта	v	2	0
тартты	n	0	4
тарттыру	n	2	22
тарттырыл	v	8	0
тартылатын	n	0	14
тартылу	n	9	147
тартымдылығы	n	0	23
тартынбау	n	0	2
тартындыр	v	7	0
тартыну	n	3	26
тартыншақта	v	31	0
тартыншақтай	v	5	0
тартыншақтан	v	2	0
тартыншақтау	n	0	3
тартып	v	332	5
тартыстыр	v	6	0
тартысу	n	2	49
тартыңқыра	v	10	0
тартқызу	n	2	18
тартқылат	v	3	0
тартқылау	n	0	4
тарх	v	2	0
тарылар	n	2	4
тарылдат	v	2	0
тарылтыл	v	2	0
тарылу	n	4	42
тарылыңқыра	v	4	0
тарым	v	9	3
тарығ	v	329	5
тарығу	n	0	13
тарқан	n	0	14
тарқас	v	107	19
тарқатыс	v	18	0
тарқау	n	0	28
тасалат	v	5	0
тасбиқ	v	2	0
тасниф	v	2	0
таспалан	v	7	0
тастады	n	0	6
тасталу	n	3	58
тасталған	n	3	45
тастам	v	131	6
тастан	v	92	15
тастанбекқызы	n	0	3
тастап	v	597	15
тастас	v	47	25
тастат	v	121	3
тастаттыр	v	4	0
тастатқыз	v	12	0
тастау	n	157	1091
тастыр	v	11	0
тасыл	v	172	0
тасылу	n	0	4
тасымалда	v	101	0
тасымалдан	v	56	0
тасымалдану	n	0	8
тасымалдат	v	3	0
тасына	v	8	0
тасыну	n	0	2
тасырай	v	41	0
тасырайт	v	3	0
тасыраңда	v	13	0
тасыраңдат	v	2	0
тасырлат	v	111	0
тасырқа	v	9	0
тасыс	v	15	0
тасыттыр	v	7	0
тасыту	n	0	5
тасытқыз	v	5	0
тасқабақ	n	0	2
тасқаяқ	n	0	2
тасқындат	v	33	0
тасқындау	n	0	2
тасқынын	n	0	25
татала	v	3	0
татан	n	0	6
таттандыр	v	2	0
таттану	n	0	2
таттыр	v	52	0
татуластыру	n	0	43
татуласу	n	10	53
татыра	v	4	0
татырлығ	n	0	4
татыс	v	50	0
татыт	v	10	0
татқыз	v	69	2
тауарлар	n	77	189
тауарлары	n	0	50
тауаф	n	0	2
таула	v	2	0
таухид	n	6	13
тауып	v	454	8
тауыса	v	66	3
тауысу	n	0	65
тауқұдірет	n	0	22
тахсил	n	0	2
тахсин	n	0	2
тахт	n	4	16
тачанка	n	0	8
тачка	n	0	3
ташақ	n	0	2
таю	n	3	38
таяздан	v	5	0
таял	v	71	0
таяндыр	v	2	0
таянт	v	9	0
таяныс	v	3	0
таянған	n	5	266
таят	v	9	0
таяқтал	v	2	0
таяқтас	v	3	2
таяқтат	v	3	0
таяқтау	n	0	4
таяң	n	0	6
тағ	n	1647	3269
тағайындаулар	n	0	4
тағалау	n	0	4
тағалық	v	2	0
тағатсыздан	v	40	0
тағатсыздық	n	2	16
тағашы	n	0	6
тағбир	n	2	6
тағдырластық	n	0	3
тағдыры	n	0	479
тағин	n	0	2
тағриф	n	0	4
тағу	n	19	159
тағылуы	n	0	2
тағылым	n	70	192
тағым	v	57	21
тағына	v	8	0
тақап	v	7	0
тақат	n	6	53
тақақта	v	5	0
тақиялы	n	0	5
тақпақ	n	23	91
тақпақта	n	9	18
тақпақтап	v	2	0
тақпақтат	v	8	0
тақпақшыл	v	3	0
тақсы	n	0	6
тақтайлан	v	3	0
тақтайлат	v	2	0
тақтала	n	0	8
тақталан	v	14	0
тақтыр	v	70	0
тақуалығы	n	0	12
тақуалық	n	20	74
тақша	n	0	2
тақылда	v	80	27
тақылет	v	23	0
тақылетті	n	0	2
тақымдас	v	21	0
тақырай	v	13	0
тақырла	v	27	0
тақырлан	v	42	0
тақырлат	v	17	0
тақырыбы	n	0	186
тақырыбын	n	0	125
тақырыпта	v	2	0
тақырыптары	n	0	66
тақырыпты	n	0	4
тақыстық	n	0	6
таққыз	v	20	0
таңбалан	v	181	0
таңбалат	v	2	0
таңбалау	n	2	41
таңбасын	n	0	15
таңбашы	n	0	2
таңдайла	v	2	0
таңдану	n	8	218
таңданыс	n	66	130
таңдап	v	39	0
таңдас	v	12	0
таңдат	v	66	5
таңдаушы	n	0	21
таңдауы	n	0	48
таңдыр	v	24	0
таңла	v	6	2
таңлай	n	0	3
таңсықта	v	10	0
таңу	n	7	84
таңырай	v	18	0
таңырайт	v	7	0
таңырқан	v	42	0
таңырқас	v	107	0
таңырқау	n	8	136
таңыс	v	2	0
таңғыз	v	7	0
таңқ	n	0	115
таңқа	n	0	9
таңқи	v	38	13
таңқит	v	16	0
таңқы	n	0	4
таңқылда	v	8	4
таңқылдат	v	6	0
театртанушы	n	0	5
театры	n	0	190
тебіл	v	20	0
тебіндет	v	4	0
тебініс	v	4	0
тебірендір	v	25	0
тебірене	v	75	2
тебірентер	n	0	105
тебіренту	n	0	5
тебірену	n	2	22
тебіс	v	213	18
тебістір	v	4	0
тебісу	n	0	2
тебіт	v	16	0
тег	n	644	1538
тегенесі	n	0	3
тегеуірін	v	59	30
тегжей	n	12	64
тегре	n	0	2
тегіл	v	6	2
тегістелу	n	0	5
тегістет	v	10	0
тегің	v	80	40
тежелін	v	3	0
тежес	v	3	0
тежеу	n	15	166
тежеуші	n	0	2
тезде	n	19	103
тездету	n	16	41
текпіле	v	6	0
тексерген	n	2	149
тексере	v	153	9
тексеруд	n	0	100
тексеріліп	v	3	0
тексерістер	n	0	7
текстология	n	7	79
тексізден	v	8	0
текте	v	14	6
тектел	v	3	0
тектен	v	2	0
тектері	n	0	33
тектестір	v	2	0
тектоника	n	4	38
текшелен	v	47	0
текіректе	v	11	3
текіректет	v	17	0
текіт	v	3	0
телбе	v	2	0
телевизор	n	38	108
телефондас	v	4	0
телефонист	v	3	2
телефоны	n	0	27
телефонын	n	0	4
телеэкран	n	0	9
телмең	n	0	2
телмеңде	v	2	0
телмеңдес	v	2	0
телмеңдет	v	2	0
телміру	n	0	41
телміріс	v	14	0
телімде	v	2	0
телін	v	249	9
теліну	n	0	26
теліту	n	0	2
тема	n	2	29
тембр	n	0	15
темирхан	v	2	0
теміркен	n	0	2
тен	n	11	281
тент	n	3	5
тентірет	v	169	7
тентіреу	n	0	16
теоретигі	n	0	2
теориясы	n	4	241
теориясын	n	0	86
тепектет	v	4	0
тепеңдет	v	28	0
тепеңдеу	n	0	8
тепкіз	v	12	0
тепкілес	v	15	0
тепкілет	v	8	0
тепкілеу	n	3	16
тепловоз	n	3	20
теплоход	n	0	6
тепсін	v	281	0
тепсіндір	v	4	0
тептір	v	20	0
терапевт	n	3	5
терапевтика	n	0	3
тербелдір	v	6	0
тербелістер	n	9	14
тербен	v	16	0
тербент	v	4	0
тербес	n	0	2
тербеттір	v	2	0
тербету	n	2	47
тербеу	n	2	26
тергел	v	70	6
тергелу	n	0	7
терген	n	16	158
тергес	v	6	0
тергет	v	3	0
тергіз	v	68	0
тереңдей	v	37	0
тереңдену	n	0	2
тереңдеп	v	3	0
тереңдету	n	7	52
тереңі	n	0	34
терлеп	v	13	0
терлеу	n	0	13
термеле	v	11	7
термелет	v	11	0
терминалы	n	0	2
терминдену	n	0	2
терминдер	n	112	352
термо	v	7	2
термос	n	4	22
терракота	n	0	9
теру	n	9	174
тершіт	v	3	0
теріл	v	175	34
терілген	n	0	2
терілу	n	0	4
терін	n	29	196
терісу	n	0	2
терісі	n	0	240
терің	v	114	36
тескіз	v	5	0
тескіле	v	6	0
теспе	v	19	0
тестір	v	15	0
тесілу	n	0	9
тесірей	v	107	7
тесірейт	v	4	0
тет	n	3	13
тетіктері	n	0	36
техникаландыр	v	2	0
техникасын	n	0	22
теңбілден	v	25	0
теңгеру	n	2	19
теңгеріл	v	69	0
теңгерілу	n	0	3
теңдел	v	28	2
теңденция	n	0	3
теңдестіру	n	4	38
теңдестіріл	v	43	0
теңдестірілу	n	0	7
теңдесу	n	0	17
теңдет	v	5	0
теңдігі	n	0	50
теңелт	v	9	0
теңелу	n	0	29
теңестіру	n	13	129
теңестірілу	n	0	24
теңесу	n	4	42
теңеулер	n	54	178
теңкей	v	10	2
теңки	v	196	6
теңкит	v	5	0
теңсе	n	8	19
теңселдір	v	17	0
теңселу	n	0	22
теңсін	v	2	0
теңізбай	n	0	8
тигізу	n	25	314
тигізіп	v	25	0
тигізіс	v	2	0
тидір	v	7	0
тиед	n	0	1028
тиес	n	7	55
тиесу	n	0	2
тиет	v	27	3
тиеу	n	3	50
тимес	n	0	179
тимпан	n	3	7
типография	n	0	23
типтендір	v	21	0
типтендіріл	v	5	0
типтену	n	0	2
типылдан	v	3	0
тирания	n	5	96
тиым	n	13	42
тиышсыздан	v	8	0
тиыштал	v	3	0
тиянақта	v	37	0
тиянақтал	v	55	0
тиянақталу	n	0	3
тиянақтат	v	2	0
тиіп	v	236	4
тиірмен	n	6	12
тиістір	v	28	0
тиістіру	n	0	6
тиістіріл	v	10	0
тиісу	n	9	82
тиғ	n	0	2
тоба	n	18	146
тобала	v	2	0
тобан	n	2	11
тобарсы	v	30	0
тобарсыт	v	2	0
тобы	n	0	924
тобын	n	0	229
тобындағы	n	0	5
тозаңда	v	3	0
тозаңдан	v	19	0
тозаңыт	v	18	0
тозда	v	2	0
тозды	n	0	2
тоздыру	n	2	45
тозығы	n	0	2
тозыңқыра	v	8	0
тозғында	v	13	0
тозғындат	v	9	0
тозғындау	n	0	9
тойдыру	n	3	18
тойдың	n	0	10
тойлану	n	0	3
тойлап	v	10	0
тойлас	v	8	0
тойласу	n	0	2
тойлату	n	0	2
тойлаушы	n	0	5
тоймас	n	2	25
тойпыл	n	0	2
тойтарыл	v	43	0
тойы	n	0	150
тойындыр	v	81	2
тойындыру	n	0	6
тойынт	v	5	0
тойыну	n	2	10
тойғыз	v	317	6
тойғызу	n	2	9
токсиндер	n	0	2
толастат	v	8	0
толасын	n	0	3
толтыра	v	225	7
толтырды	n	0	4
толтырт	v	14	0
толтырылу	n	0	13
толтырыс	v	2	0
толу	n	2	87
толымда	v	2	0
толымдал	v	2	0
толып	v	185	0
толыстыр	v	14	0
толысу	n	3	32
толықсыт	v	29	0
толықта	v	86	0
толықтан	v	18	0
толықтандыр	v	4	0
толықтырулар	n	13	25
толықтырыл	v	351	0
толықтырылу	n	0	29
толықтырып	v	4	0
толықтығы	n	0	29
толықтығын	n	0	11
толыңқыра	v	3	0
толғай	v	246	0
толғандыру	n	0	11
толғандық	n	0	10
толғанту	n	0	2
толғану	n	10	181
толғас	v	13	3
толғату	n	0	13
толғаулары	n	0	47
толғағ	n	0	221
толғыз	v	7	0
толқындал	v	7	0
толқындау	n	0	2
толқындыр	v	9	0
толқынт	v	8	0
толқыну	n	0	2
толқыс	v	17	0
толқыту	n	0	14
томарлан	v	2	0
томда	v	5	0
томизм	n	2	4
томп	n	0	2
томпайт	v	83	0
томпалаңда	v	3	0
томпақта	v	31	0
томпаңдат	v	6	0
томпит	v	16	0
томпылдат	v	25	0
томсарт	v	8	0
томсарыл	v	6	0
томсарыс	v	6	0
томсырай	v	150	0
томсырайт	v	3	0
томсырайыс	v	5	0
томсырая	v	2	0
томырай	v	2	0
томырт	n	0	2
томырықтан	v	2	0
тоналт	v	2	0
тоналу	n	0	13
тонас	v	2	0
тонат	v	64	7
тонату	n	0	2
тонау	n	24	253
тонаушылық	n	10	32
тондар	n	14	35
тоника	n	0	40
тоннала	v	15	0
тоннель	n	3	5
топа	n	0	49
топанда	n	0	6
топандат	v	7	0
топаста	v	31	0
топастан	v	27	0
топастандыр	v	16	0
топонимдер	n	13	47
топталу	n	0	9
топталыс	v	3	0
топтану	n	0	11
топтаныс	v	6	0
топтар	n	112	896
топтары	n	0	215
топтарын	n	0	28
топтастыра	v	40	0
топтастырыл	v	211	0
топтастырылу	n	0	6
топтасу	n	5	77
топтат	v	11	0
топтағы	n	0	34
топшыл	v	91	29
топшылан	v	77	0
топшылану	n	0	2
топшылау	n	15	234
топыл	v	18	5
топылдат	v	16	0
топылт	v	2	0
топырақтан	v	6	0
топырлас	v	78	0
топырлат	v	122	0
топыт	v	3	0
торба	n	0	2
тореадор	v	3	0
торлан	v	71	3
торлану	n	0	2
торлат	v	7	0
торсаңда	v	3	0
торси	v	68	2
торсит	v	5	0
торсылдат	v	11	0
тортаңда	v	3	0
торуылдау	n	0	4
торыс	n	3	51
торыт	v	8	2
торығ	v	380	0
торыға	v	33	7
торықтыр	v	44	0
торғауыттар	n	10	32
торғындан	v	2	0
торқала	v	2	0
тосапта	v	2	0
тосаңсы	v	3	0
тосаңсыт	v	2	0
тост	n	29	640
тостыр	v	44	0
тосылдыр	v	4	0
тосылт	v	5	0
тосырай	v	10	2
тосырқат	v	2	0
тосырқау	n	0	8
тосырқаушы	n	0	3
тосқауылда	v	4	0
тосқыз	v	9	0
тотализатор	n	0	5
тоти	v	8	0
тотит	v	8	0
тоттан	v	18	0
тотықсыздан	v	2	0
тотықсыздандыр	v	2	0
тотықтан	v	2	0
тояттан	v	16	0
тояттандыр	v	7	0
тояттандыру	n	0	2
тояттат	v	15	0
тояттату	n	0	3
тояттау	n	0	11
тоғ	n	17	81
тоғайт	v	29	0
тоғайту	n	0	3
тоғанақта	v	3	0
тоғар	v	3	0
тоғас	n	2	17
тоғызақ	n	0	2
тоғызбай	n	0	13
тоғыл	v	9	0
тоғылт	v	3	0
тоғыспа	v	6	0
тоғыстыр	v	145	0
тоғыстыру	n	0	19
тоғыстырыл	v	9	0
тоғысу	n	0	84
тоғысуы	n	0	28
тоғысып	v	6	0
тоғыттыр	v	2	0
тоғыту	n	0	17
тоғытыл	v	86	0
тоғытылу	n	0	2
тоқай	n	0	26
тоқайластыр	v	35	0
тоқайластыру	n	2	13
тоқайра	v	2	0
тоқан	n	8	24
тоқмейілсі	v	19	0
тоқмейілсін	v	2	0
тоқмейілсіт	v	2	0
тоқпақта	v	33	0
тоқсанбай	n	3	34
тоқсандар	n	0	5
тоқсаны	n	0	21
тоқтай	v	589	5
тоқталу	n	68	136
тоқтар	n	11	86
тоқтас	v	106	10
тоқтасу	n	0	4
тоқтаттыр	v	24	0
тоқтатыл	v	284	0
тоқтатылу	n	2	45
тоқтатыс	n	0	2
тоқтатқыз	v	3	0
тоқтыбай	n	0	5
тоқтығы	n	0	8
тоқу	n	32	162
тоқып	v	8	0
тоқырай	v	38	0
тоқырас	v	7	0
тоқырат	v	40	0
тоқыс	v	2	0
тоқыт	v	42	0
тоқыш	n	3	6
тоңа	v	62	2
тоңазу	n	0	2
тоңазытыл	v	14	0
тоңда	v	2	0
тоңдан	v	5	0
тоңу	n	2	12
тоңырайыс	v	2	0
тоңыраңда	v	2	0
тоңқ	v	5	0
тоңқай	v	69	10
тоңқайт	v	11	0
тоңқар	v	6	0
тоңқи	v	12	0
тоңқылда	v	2	0
тоңқылдат	v	4	0
традиция	n	0	9
трайболизм	n	0	2
тракт	v	50	15
трактир	n	5	98
трал	n	0	3
транс	n	4	18
трансляциялан	v	2	0
транспарант	n	0	7
транспортер	n	2	9
трансферт	n	2	11
трансферттер	v	2	0
трансформациялан	v	32	0
трап	n	6	34
трасса	n	4	40
траттория	n	0	2
трафарет	n	5	22
трафик	v	2	0
трашпеңке	n	0	6
трек	n	0	2
трель	v	2	0
тренер	n	0	7
тренинг	n	0	3
триада	n	0	10
триас	n	0	10
трибун	n	18	53
трибунал	n	7	54
триер	n	0	2
триоль	n	2	3
троглодит	n	0	5
троица	n	0	15
троп	n	21	55
троптар	n	4	12
трос	n	7	15
троян	n	0	20
трубадур	n	0	14
трубашы	n	0	2
трувер	n	0	6
трюк	n	0	8
трюм	n	6	27
трюмо	n	0	5
ттер	n	0	26
туарыл	v	2	0
тувалық	n	0	11
тудырт	v	5	0
тудыру	n	19	264
тудырыл	v	4	0
тук	v	7	2
тулас	v	6	2
тулаттыр	v	3	0
тулау	n	0	22
тумай	v	338	0
тумас	n	2	232
тумағандық	n	0	4
тумбочка	n	0	33
тундра	n	0	39
турал	n	165	2205
туралан	v	8	0
туралас	v	2	0
туралат	v	10	0
турап	v	2	0
турас	n	4	39
турасу	n	0	2
турат	v	17	0
турау	n	3	22
турба	n	0	14
турбобур	n	0	5
турксиб	n	4	15
турник	n	2	30
тусу	n	0	3
тусыра	v	10	0
тусырат	v	4	0
туф	n	2	4
тушь	n	0	9
туылу	n	6	68
туылғаны	n	0	4
туындат	v	458	0
туындаттыр	v	2	0
туындау	n	3	179
туындауын	n	0	7
туындаған	n	0	65
туындылар	n	113	633
туып	v	324	6
туырылт	v	2	0
туыстары	n	0	315
туыстасу	n	0	12
туыстыр	v	41	0
туысу	n	2	5
туысы	n	0	222
туысқандары	n	0	149
туға	n	50	408
туғандар	n	23	210
туғандары	n	0	51
туғы	n	0	4
туғыздыр	v	5	0
туғызыл	v	29	0
туғызылу	n	0	2
туғызып	v	17	0
тыж	n	0	6
тыжыр	v	15	0
тыжырай	v	13	5
тыжырайт	v	23	0
тыжырынт	v	4	0
тыжырыну	n	0	3
тызалақта	v	5	0
тызақта	v	7	0
тызылдат	v	30	0
тыйылу	n	0	22
тыйғыз	v	4	0
тылдағ	n	0	76
тылсымат	n	0	10
тылсымда	v	4	0
тылсымдан	v	2	0
тылсымдау	n	0	2
тылсымдылық	n	0	2
тылти	v	47	0
тылтит	v	5	0
тылы	n	0	16
тыма	v	37	0
тымаурат	v	21	0
тымпит	v	13	0
тымсырай	v	19	0
тымырсықтан	v	3	0
тына	v	475	16
тынба	v	243	13
тынбау	n	0	7
тындау	n	0	2
тынды	n	0	10
тындырт	v	2	0
тындыру	n	8	107
тындырылу	n	0	2
тыну	n	3	62
тыншай	v	8	0
тыншайт	v	2	0
тынымда	v	6	0
тынымдат	v	4	0
тынымсыздан	v	4	0
тыныстан	v	2	0
тыныстат	v	13	0
тынысты	n	0	3
тынышсыздандыр	v	10	0
тынышталу	n	0	16
тыныштану	n	0	7
тынықтыру	n	2	4
тыпырлас	v	6	0
тыпырлат	v	52	0
тыпырлау	n	0	24
тыпыршыт	v	7	0
тыпыршыған	v	2	0
тыпыңдат	v	3	0
тыр	n	63	224
тыра	v	31	0
тырай	v	82	0
тырайт	v	10	0
тыраштану	n	0	18
тырағайла	v	7	2
тырағайлат	v	8	0
тыраңдас	v	7	0
тыраңдат	v	8	0
тырбану	n	2	5
тырбаң	n	0	2
тырбаңда	v	35	4
тырбаңдас	v	2	0
тырбаңдат	v	12	0
тырбаңдау	n	0	8
тырбық	n	0	2
тырбыңдат	v	2	0
тыржаңдат	v	2	0
тыржи	v	105	27
тыржит	v	202	0
тыржию	v	2	0
тыржыңдат	v	11	0
тыри	v	59	2
тырмалан	v	9	0
тырмалау	n	0	4
тырмысу	n	0	4
тырмысып	v	3	0
тырнал	v	192	0
тырнала	v	40	0
тырналау	n	0	2
тырнас	n	7	12
тырнасу	n	0	2
тырнат	v	10	0
тырнау	n	0	15
тырп	v	9	6
тырпылдау	n	0	2
тырсит	v	7	0
тырсылда	v	48	15
тыртақта	v	4	0
тыртаңда	v	3	0
тыртаңдат	v	2	0
тырти	v	61	0
тыртит	v	16	0
тыртықтан	v	2	0
тыртыңда	v	2	0
тырылда	v	11	0
тырылдат	v	10	0
тырым	v	2	0
тырыспа	v	106	16
тырыстыр	v	33	0
тырысып	v	36	0
тырқи	v	14	0
тырқылда	n	0	2
тырқылдат	v	8	0
тырқырат	v	49	0
тыстал	v	99	0
тыстағы	n	0	14
тысырай	v	7	0
тысырлат	v	10	0
тысырлау	n	0	2
тыш	v	748	5
тыштаңда	v	4	0
тышу	n	0	5
тышқаншыла	v	8	0
тышқақтат	v	2	0
тышқырт	v	2	0
тыю	n	4	85
тығу	n	6	52
тығы	n	0	125
тығыздал	v	53	0
тығыздан	v	5	0
тығыздану	n	0	2
тығыздат	v	2	0
тығылдыр	v	2	0
тығылу	n	7	63
тығылыс	v	36	0
тығындал	v	39	0
тықақта	v	12	0
тықпала	v	64	0
тықпалан	v	2	0
тықпалау	n	2	26
тықпышта	v	3	0
тықсырт	v	4	0
тықсыру	n	0	3
тықсырыл	v	19	0
тықтыр	v	4	0
тықырлан	v	16	0
тықырлат	v	48	0
тықырт	v	3	0
тықыршу	n	0	6
тықыршыт	v	8	0
тыққыз	v	12	0
тыққыла	v	9	0
тыңайту	n	3	6
тыңайтыл	v	9	0
тыңаю	n	0	3
тыңдайтын	n	0	30
тыңдалу	n	0	5
тыңдап	v	63	0
тыңдас	v	51	4
тыңдату	n	2	14
тыңдатқыз	v	5	0
тыңдаушылар	n	42	253
тыңдаушылары	n	0	44
тыңдаушыларын	n	0	2
тыңламай	v	9	2
тыңғылық	v	199	2
тыңқ	v	3	0
тыңқи	v	29	0
тыңқит	v	6	0
тыңқыл	n	0	4
тыңқылдат	v	61	0
тюркология	n	0	4
тігісу	n	0	6
тізбекте	v	18	5
тізбектелу	n	0	5
тізбектес	v	2	0
тізбектет	v	5	0
тізбектеу	n	0	5
тізбеле	v	18	0
тізбелен	v	15	0
тізбелену	n	0	2
тізбелеу	n	3	6
тізбесі	n	0	8
тізбесін	n	0	3
тізгіз	v	4	0
тізгінде	v	36	0
тізгіндел	v	10	0
тізгінделу	n	0	2
тізгіндеу	n	2	15
тізгінін	n	2	10
тізде	v	12	2
тізеле	v	12	0
тізерлет	v	24	0
тізерлеу	n	0	2
тізесін	n	0	100
тізу	n	4	50
тізік	n	0	2
тізілген	n	0	8
тізілдір	v	9	0
тізілт	v	52	0
тізілу	n	0	13
тізіліс	v	16	2
тізімде	v	9	0
тізімделу	n	0	2
тізімдері	n	0	9
тізімдерін	n	0	3
тізімдет	v	4	0
тізімін	n	0	99
тізіс	v	2	0
тікейт	v	14	0
тікеле	v	6	0
тікелік	n	0	2
тіки	v	14	0
тіккіз	v	178	3
тіккізу	n	0	5
тікпе	v	30	0
тіксінт	v	13	0
тікте	v	186	0
тіктел	v	89	0
тіктен	v	21	0
тіктес	v	26	0
тіктесу	n	0	3
тіктет	v	7	0
тіктеуіш	n	0	2
тіктірт	v	5	0
тіктіру	n	2	8
тіктіріл	v	3	0
тікшеле	v	5	0
тікши	v	12	0
тікшит	v	12	0
тікірейт	v	77	0
тілге	n	0	12
тілгіз	v	11	0
тілгілен	v	21	0
тілгілеу	n	0	8
тілдестір	v	20	0
тілдесу	n	28	227
тілдет	v	3	0
тілдеу	n	2	20
тілдір	v	51	0
тілеген	n	21	375
тіледі	n	0	8
тілейтін	n	0	151
тілемсектен	v	18	0
тілеміс	n	0	16
тілен	v	347	5
тілент	v	3	0
тілену	v	2	0
тілес	v	47	2
тілесе	v	12	4
тілесең	n	0	10
тілет	v	29	3
тілеуің	v	176	18
тілкемдел	v	2	0
тілкемден	v	2	0
тілмарлық	n	0	7
тілмаштық	n	2	16
тілме	v	4	2
тілмелен	v	2	0
тілсім	n	0	2
тілу	n	4	11
тілі	n	0	1519
тілімдел	v	20	0
тілімден	v	24	0
тілің	v	467	190
тімсін	v	2	0
тімтіну	n	0	4
тінткіз	v	6	0
тінттір	v	7	0
тінту	n	7	45
тінтіл	v	9	0
тінтін	v	4	0
тіп	v	2669	761
тір	n	501	3251
тіргізу	n	0	2
тіректер	n	6	42
тірелген	n	2	128
тірелт	v	5	0
тірелу	n	0	34
тірер	n	0	24
тірестір	v	29	0
тіресу	n	0	40
тірет	v	21	2
тіркеген	n	2	11
тіркей	v	49	0
тіркелгені	n	0	2
тіркестер	n	78	305
тіркестері	n	0	90
тіркестір	v	54	0
тіркестіру	n	0	3
тіркестіріл	v	5	0
тіркесу	n	0	26
тіркесі	n	0	70
тіркет	v	45	2
тіркету	n	0	3
тірсекте	v	4	0
тірсектет	v	2	0
тіріле	v	106	3
тірілу	n	13	94
тірің	n	13	36
тістел	v	70	0
тістеле	v	58	0
тістелес	v	7	0
тістелеу	n	0	3
тістем	v	6	0
тістену	n	0	7
тістету	n	0	2
тістеу	n	0	38
тітірендір	v	4	0
тітірент	v	76	0
тітіреп	v	2	0
тітірес	v	4	0
тітірет	v	150	0
тітірке	v	2	0
тітіркендіру	n	0	2
тітіркену	n	0	4
тіш	n	0	4
тің	n	2	3
түбегейл	n	0	558
түбін	n	0	1661
түбірлен	v	2	0
түбірлері	n	0	11
түбіртектер	n	0	4
түбіттел	v	2	0
түбіттен	v	12	0
түгелбай	n	0	22
түгелден	v	97	2
түгелдет	v	4	0
түгендел	v	115	2
түгенделу	n	0	3
түгенден	v	2	0
түгендес	v	24	0
түгендесу	n	0	3
түгендет	v	9	0
түгеншелер	n	2	3
түгесу	n	0	4
түгесілу	n	2	6
түгет	v	17	0
түзей	v	217	0
түзелмес	n	0	6
түзелт	n	0	2
түзелу	n	2	71
түзен	v	2	0
түзер	n	2	8
түзес	v	4	0
түзесу	n	0	2
түзеткен	n	3	29
түзетпе	v	15	0
түзеттір	v	46	0
түзетулер	n	20	55
түзетілу	n	0	28
түзетіс	v	6	0
түзеу	n	30	290
түзуле	v	8	0
түзулет	v	2	0
түзі	n	0	7
түзілу	n	0	45
түйгіз	v	24	0
түйгіле	v	2	0
түйгіште	v	17	0
түйдектет	v	17	0
түйдір	v	17	0
түйек	n	80	270
түйетайла	v	2	0
түйетайлан	v	3	0
түйетайлыла	v	2	0
түйетайлылан	v	3	0
түйетас	n	0	8
түйлік	v	7	0
түймелен	v	39	0
түймелет	v	4	0
түймелеу	v	2	0
түйнектел	v	9	0
түйрел	v	62	0
түйреле	v	2	0
түйрес	v	2	0
түйрет	v	16	4
түйсікте	v	2	0
түйсіктен	v	2	0
түйсіндір	v	13	0
түйсіну	n	13	170
түйткілден	v	17	0
түйі	n	53	523
түйілдір	v	8	0
түйілт	v	18	0
түйіліп	v	22	0
түйіндей	v	106	0
түйіндел	v	103	0
түйінделу	n	0	9
түйіндері	n	0	22
түйіндес	v	7	0
түйіндет	v	2	0
түйіндеу	n	10	76
түйіндір	v	10	0
түйіну	n	0	7
түйіншекте	v	2	0
түйіншектел	v	8	0
түйіні	n	0	20
түйінін	n	0	21
түйіп	v	33	0
түйірлен	v	5	0
түйіртпектел	v	3	0
түйістіріл	v	5	0
түйісіп	v	6	0
түксию	n	0	2
түкте	v	2	0
түктен	v	15	0
түкірт	v	14	0
түкіру	n	0	39
түкіріс	v	12	0
түл	v	131	18
түлеткен	n	0	2
түлету	n	4	21
түлеу	n	4	79
түлкібай	n	2	5
түндегі	n	0	31
түндей	v	2	0
түнеп	v	23	0
түнерген	n	0	26
түнерт	v	24	0
түнеру	n	4	14
түнеріс	v	3	0
түнету	n	0	2
түні	n	0	740
түпбейне	n	0	3
түпнұсқаларын	n	0	3
түпнұсқасы	n	0	47
түпнұсқасын	n	0	38
түпте	v	36	2
түптел	v	39	0
түптелу	n	0	2
түптет	v	4	0
түптеу	n	2	14
түпті	n	0	4
түптұлға	n	0	3
түрге	n	0	7
түрген	n	7	59
түрдір	v	5	0
түре	v	130	29
түреге	n	0	12
түрегелдір	v	2	0
түрегелт	v	7	0
түрегелу	n	0	14
түрке	n	0	2
түрки	n	0	4
түркмен	n	2	39
түркіт	n	0	5
түрле	v	29	2
түрлендіріл	v	10	0
түрлендірілу	n	0	2
түрлер	n	62	949
түрлері	n	0	391
түрлерін	n	0	100
түрлет	v	3	0
түрлішелік	n	0	3
түрмелен	v	4	0
түрпат	v	4	2
түрпе	v	3	0
түрпілен	v	6	0
түрти	v	2	0
түртит	v	2	0
түрткілен	v	5	0
түрткілеу	n	2	8
түртпектеу	n	2	9
түрту	n	0	10
түртіл	v	11	0
түртін	v	53	0
түртінекте	v	16	0
түртіп	v	7	0
түртіс	v	6	0
түртісу	n	0	2
түру	n	6	45
түршіктіру	n	0	2
түрі	n	0	660
түріктанушы	n	0	2
түрілу	n	0	2
түріндегі	n	0	4
түріне	v	3	0
түріс	v	9	0
түсе	v	2067	102
түседі	n	0	4
түсер	n	0	330
түсетін	n	6	315
түске	n	93	670
түскен	n	143	2449
түскені	n	0	123
түскіз	v	4	0
түспей	v	781	12
түспейтін	n	0	56
түспек	n	0	33
түст	n	228	3609
түстендір	v	3	0
түстену	n	4	20
түстеніп	v	3	0
түстілік	n	0	2
түсу	n	247	2167
түсуі	n	0	161
түсуін	n	0	34
түсі	n	2	235
түсімдер	n	8	16
түсімдері	n	0	3
түсімі	n	0	5
түсінбей	v	556	67
түсіндіріл	v	624	0
түсіндірілу	n	4	88
түсіндіріп	v	25	0
түсіну	n	109	1439
түсінігі	n	0	206
түсініксізден	v	3	0
түсініктер	n	165	634
түсінілу	n	2	74
түсінім	n	0	3
түсінісу	n	5	58
түсініңкіре	v	3	0
түсіп	v	735	36
түсірле	v	2	0
түсірт	v	139	0
түсірткіз	v	9	0
түсірту	n	0	2
түсіруші	n	0	27
түсірілу	n	0	36
түсірілуі	n	0	3
түсіріп	v	161	3
түсіріс	v	23	0
түсірісу	n	0	3
түсіс	v	13	0
түтектен	v	4	0
түтелен	v	26	0
түтеттір	v	2	0
түтету	n	4	11
түтетіл	v	3	0
түткіз	v	5	0
түттір	v	8	0
түту	n	0	17
түш	v	15	0
түшкірт	v	10	0
түшкірін	v	15	0
түшкіріну	n	0	2
түшпара	v	4	2
түшіркен	v	36	0
түшіркендір	v	2	0
түю	n	8	127
түң	n	41	69
түңілт	v	77	0
түңілу	n	13	101
тұжырт	v	5	0
тұжыру	n	0	12
тұжырыл	v	13	0
тұжырымдал	v	188	0
тұжырымдалу	n	0	19
тұжырымдар	n	93	420
тұжырымдары	n	0	75
тұжырымдарын	n	0	21
тұжырымдаған	n	0	18
тұзақта	v	11	0
тұзақтал	v	15	0
тұзақшы	n	0	4
тұздай	v	7	0
тұздал	v	104	0
тұздама	v	3	0
тұздан	v	11	0
тұздану	n	0	3
тұздат	v	4	0
тұздықта	v	8	0
тұздықтал	v	15	0
тұздықтат	v	2	0
тұздықтау	n	0	2
тұйағ	n	0	3
тұйпа	n	13	21
тұйықта	v	93	4
тұйықталу	n	0	20
тұйықтан	v	7	0
тұйықтылық	n	0	2
тұйғы	n	0	42
тұлабойы	n	0	7
тұлда	v	22	0
тұлдандыр	v	4	0
тұлдат	v	2	0
тұлдаттыр	v	2	0
тұлғаландыр	v	11	0
тұлғаландыру	n	0	5
тұлғалану	n	0	40
тұлғалар	n	145	792
тұлғалау	n	0	6
тұлғасы	n	0	284
тұм	v	393	0
тұмандай	v	2	0
тұмандандыр	v	8	0
тұмант	v	27	0
тұмарла	v	5	0
тұмсар	v	3	0
тұмсығы	n	0	363
тұмсықта	v	14	2
тұмшалан	v	116	0
тұмшалану	n	0	4
тұндырыл	v	5	0
тұнжырас	v	12	0
тұнжырау	n	4	6
тұну	n	0	2
тұншығу	n	2	30
тұншықтырыл	v	38	0
тұншықтырылу	n	0	2
тұнықтал	v	7	0
тұнықтан	v	2	0
тұп	v	6	0
тұпа	n	0	4
тұрады	n	0	4
тұралату	n	0	3
тұрақсыздан	v	9	0
тұрақсыздандыр	v	8	0
тұрақсыздандыру	n	0	2
тұрақталу	n	0	4
тұрақтандырыл	v	13	0
тұрақтат	v	13	0
тұрақтау	n	2	22
тұрақтылығы	n	0	41
тұрба	n	10	94
тұрды	n	0	31
тұрдыбек	n	2	12
тұрла	v	41	0
тұрлар	n	0	5
тұрма	v	1259	269
тұрмай	v	911	27
тұрмандат	v	4	0
тұрме	n	0	2
тұрпайыла	v	57	0
тұрпайылан	v	26	0
тұрпайыландыр	v	11	0
тұрпайыландыру	n	0	2
тұрпатта	v	2	0
тұрпаттау	n	0	2
тұрс	v	7	0
тұрса	n	0	16
тұрсыл	n	0	4
тұрсынбай	n	2	35
тұрсынбек	n	0	10
тұру	n	312	1977
тұруы	n	0	73
тұрыл	v	9	0
тұрымды	n	0	2
тұрысты	n	0	2
тұрысу	n	0	6
тұрғаны	n	0	276
тұрғанын	n	2	222
тұрғыздыр	v	10	0
тұрғызу	n	33	210
тұрғызыл	v	409	0
тұрғызылу	n	0	14
тұрғызыс	v	2	0
тұрғызысу	n	0	2
тұрғыл	v	18	2
тұрғындары	n	0	425
тұрғындарын	n	0	29
тұрғыны	n	0	50
тұрғыш	n	0	4
тұрқ	n	0	219
тұсал	v	85	0
тұсап	v	5	0
тұсас	v	2	0
тұсат	v	6	0
тұсаула	v	10	0
тұсаулан	v	10	0
тұсаған	n	0	4
тұспа	n	0	2
тұстары	n	0	72
тұстарын	n	0	141
тұстасы	n	0	3
тұтандыру	n	0	6
тұтастан	v	51	0
тұтастандыр	v	27	0
тұтастыру	n	0	4
тұтастырыл	v	6	0
тұтастығы	n	0	106
тұтастығын	n	0	43
тұтасу	n	0	22
тұтаттыр	v	3	0
тұтату	n	7	36
тұтатыл	v	15	0
тұтатын	n	0	43
тұтма	v	4	0
тұтпа	v	156	10
тұтты	n	0	22
тұттыр	v	12	0
тұту	n	27	214
тұтушы	n	0	21
тұтылдыр	v	2	0
тұтыныл	v	24	0
тұтынылу	n	0	2
тұтынған	n	0	9
тұтып	v	26	4
тұтыс	v	14	0
тұтқан	n	9	236
тұтқасы	n	0	32
тұтқыз	v	13	0
тұтқындалу	n	0	12
тұтқындат	v	6	0
тұтқындау	n	5	65
тұтқындаушы	n	0	3
тұтқырла	v	2	0
тұтқырлан	v	17	0
тұтұқ	n	0	5
тұш	v	15	5
тұштаңдат	v	3	0
тұшынт	v	6	0
тұшыр	n	0	7
тұшырқан	v	6	0
тұщыла	v	5	0
тұщыт	v	27	0
тұщыту	n	0	5
тұщытыл	v	8	0
тұяғы	n	0	427
тұғ	v	26	11
тұғиян	n	0	4
тұғырық	n	0	3
тұқ	n	134	710
тұқи	v	11	0
тұқия	n	0	18
тұқши	v	47	2
тұқшыңда	v	5	0
тұқылдан	v	6	0
тұқымдан	v	2	0
тұқымдандыр	v	3	0
тұқырай	v	52	0
тұқырайт	v	9	0
тұқырын	v	2	0
тұңғиықтан	v	13	0
тәдбир	n	0	4
тәжуид	n	0	2
тәжікеле	v	19	0
тәжікелес	v	119	2
тәжікелесу	n	3	17
тәжім	v	18	6
тәжірбие	n	11	31
тәжірибелен	v	3	0
тәжірибесі	n	0	305
тәй	n	4	74
тәйла	v	3	0
тәйт	n	0	6
тәйір	n	0	436
тәк	n	0	17
тәкаппарсы	v	2	0
тәкие	n	0	9
тәлкектеу	n	0	3
тәлпіштен	v	6	0
тәлти	v	41	0
тәлтит	v	2	0
тәлтіректет	v	15	0
тәлімсу	n	0	6
тәмпи	v	10	0
тәмәм	n	0	5
тәні	n	0	594
тәп	n	5	27
тәпсір	n	9	77
тәпсірле	v	27	0
тәпсірлеу	n	8	40
тәптер	n	0	8
тәптеште	v	2	0
тәптештеу	n	0	4
тәптіштел	v	32	0
тәпішке	n	4	6
тәрбиелен	v	536	7
тәрбиелену	n	0	35
тәрбиелет	v	2	0
тәрбиелеу	n	64	452
тәрбиес	n	0	366
тәрбиешісі	n	0	7
тәржімала	v	59	0
тәржімалан	v	23	0
тәржіман	n	2	9
тәржімелен	v	11	0
тәржімелеу	n	0	9
тәрк	n	0	78
тәркілен	v	94	0
тәрт	v	936	0
тәртібі	n	0	288
тәртібін	n	0	169
тәртіптен	v	4	0
тәртіптену	n	0	2
тәртіптеу	n	0	4
тәріз	v	1428	111
тәріздендір	v	24	0
тәріздену	n	0	2
тәсбих	n	0	3
тәсілден	v	5	0
тәсілдер	n	159	667
тәсілдері	n	0	213
тәсілдерін	n	0	37
тәсілі	n	0	253
тәсілім	n	3	24
тәсір	n	0	4
тәттіле	v	13	0
тәубә	n	4	11
тәуелдену	n	0	2
тәуелсіздігі	n	0	83
тәуелсіздігін	n	0	3
тәути	v	2	0
тәуірле	v	65	0
тәшти	v	18	0
тәңкі	v	20	8
тәңрі	n	0	27
тәңірсін	v	3	0
төбеле	v	103	24
төбелен	v	2	0
төбелестір	v	21	0
төбелестіру	n	0	2
төбелет	v	2	0
төге	v	492	10
төгу	n	48	301
төгі	n	0	171
төгілдіру	n	0	2
төгілт	v	153	0
төгілу	n	0	75
төгіліп	v	25	0
төгіп	v	62	0
төгірек	n	0	4
төгісу	n	0	3
төзбес	n	0	14
төздір	v	9	0
төзу	n	8	219
төзуші	n	0	4
төкпей	v	52	5
төкпектет	v	14	0
төкпелет	v	11	0
төктір	v	58	9
төлден	v	2	0
төлдет	v	44	0
төлдету	n	2	12
төлебай	n	9	78
төлек	n	5	14
төлемдері	n	0	7
төлемеген	n	0	15
төлемеу	n	0	15
төленді	n	0	18
төленетін	n	0	7
төлену	n	0	34
төленілу	n	0	2
төлет	v	148	0
төлеттір	v	32	0
төлеттіру	n	0	8
төлету	n	6	12
төлетіл	v	3	0
төлеуд	n	0	84
төменг	n	0	1066
төменд	v	107	64
төмендег	n	0	595
төмендед	n	0	94
төмендеме	v	24	0
төмендетуд	n	0	11
төмендетіл	v	80	0
төменсіт	v	3	0
төменшікте	v	10	0
төменшіктет	v	7	0
төмпеште	v	29	2
төмпештет	v	2	0
төндірт	v	2	0
төндіру	n	0	63
төну	n	0	40
төніп	v	25	0
төніс	v	2	0
төпеле	v	39	0
төпелеме	v	2	0
төпелес	n	0	2
төпелет	v	7	0
төпелеу	n	0	3
төпеу	n	0	2
төпеште	v	2	0
төрайымы	n	0	2
төрағасы	n	0	169
төребай	n	0	13
төребек	n	0	2
төреле	v	2	0
төрелес	v	9	0
төрелет	v	5	0
төресі	n	0	36
төреқұлов	n	4	22
төркінде	v	30	0
төркіндет	v	14	0
төркіндеу	n	0	2
төрте	v	492	0
төртеу	n	10	741
төртеуле	v	5	2
төртжақ	v	3	0
төрткүл	n	8	34
төрү	v	4	0
төсег	n	0	358
төселдір	v	15	0
төселу	n	0	8
төселін	v	8	0
төсендір	v	4	0
төсеп	v	13	0
төсет	v	62	0
төсеттір	v	6	0
төсте	v	126	0
төстен	v	5	0
төстес	v	5	0
төстеу	n	7	66
төстеуші	n	0	33
төсти	v	2	0
төтелет	v	9	0
төтенде	v	6	0
төңбекшу	n	0	2
төңбекші	v	9	0
төңбекшіт	v	2	0
төңкерген	n	0	15
төңкерт	v	2	0
төңкеру	n	3	10
төңкерілу	n	0	2
төңкерістір	v	10	0
төңки	v	4	0
төңірегіндегі	n	0	71
төңіректеу	n	4	10
уажиб	n	2	4
уазипа	n	0	3
уай	n	0	1024
уайымдау	n	3	30
уали	n	0	4
уан	v	94	17
уант	v	9	0
уаныс	v	2	0
уар	n	2	7
уара	n	0	8
уасуас	n	0	4
уасуаса	n	2	7
уасыл	n	0	2
уатад	n	0	28
уату	n	0	23
уағыздар	n	11	68
уағыздау	n	4	104
уақи	n	0	301
уақт	n	29	195
уақта	v	3	0
уақты	n	7	47
уақытты	n	0	8
уақытын	n	3	816
уаһ	n	0	5
удар	n	4	70
ударник	n	0	8
удмурт	n	0	5
ужуд	n	0	3
узр	v	2	0
уландыру	n	0	13
уландырыл	v	2	0
улау	n	2	9
уле	v	23	12
улет	n	2	3
умаждал	v	91	0
умма	n	0	9
умр	v	56	2
умра	n	0	2
универсал	v	37	20
универсалийлер	n	9	20
универсум	n	17	55
упанишадтар	n	0	4
ура	n	0	42
уралау	n	0	2
усия	n	0	12
уста	n	2	4
усул	n	0	4
утилитар	n	0	29
ухо	n	2	110
учаскелерін	n	0	17
учет	v	18	0
ушық	v	45	0
ушықтыру	n	0	16
уыздан	v	4	0
уылжы	v	150	0
уылжыт	v	9	0
уылу	n	0	2
уыстат	v	9	0
уытта	v	5	0
уыттал	v	5	0
уілдес	v	7	0
уілдет	v	6	0
уқалан	v	24	0
уқалат	v	6	0
уқалау	n	4	15
уәделесу	n	0	3
уәждес	v	2	0
фай	n	0	8
факел	n	3	16
факих	n	0	11
факт	n	25	289
факторлар	n	74	374
факторы	n	0	32
факті	n	48	669
фактілер	n	150	415
фактілерін	n	0	5
фактісі	n	0	41
фалак	n	0	2
фаллах	n	0	2
фалсафа	n	0	2
фальсификация	n	0	3
фана	v	6	0
фанатизм	n	23	70
фанатик	n	5	25
фанза	n	0	2
фани	n	0	10
фантаст	n	0	3
фанфара	n	0	2
фараң	n	0	3
фард	n	0	9
фариад	n	0	3
фарисей	n	0	8
фартук	v	2	0
фарфор	n	2	34
фасл	v	2	0
фасон	n	5	12
фасыл	n	2	5
фаталист	v	2	0
фахр	n	0	3
фаэтон	n	4	30
фаянс	n	0	4
фаған	n	0	6
фақиһ	n	0	4
фаһим	v	3	2
федералист	v	7	0
фейруз	n	0	4
фельдфебель	v	3	0
фельдшерл	v	10	0
фельетон	n	7	51
феникс	n	2	6
фермерлік	n	0	2
ферғауын	n	4	13
фестон	n	0	2
фетиш	n	0	15
фигура	n	19	186
фигуралар	n	30	108
фикр	v	2	0
фиксатор	n	0	4
фиксация	n	0	5
фиксацияла	v	3	0
фикус	n	0	5
филантроп	n	0	6
филиалы	n	0	54
филогенез	n	0	2
философы	n	0	13
фильмдерд	n	0	33
финансист	v	2	0
финдер	n	3	31
фирақ	n	0	7
фирдаус	n	0	2
фитна	n	0	14
флейташы	n	0	4
флектив	v	3	0
фобиялар	n	0	2
фойе	n	0	45
фокстрот	v	3	0
фокусшы	n	0	2
фольклористика	n	0	19
фольклортану	n	0	19
фонтанда	n	0	2
фонтандат	v	2	0
фонтаны	n	0	12
форель	n	0	4
формалан	v	5	0
формалану	n	0	2
формалары	n	0	146
формаларын	n	0	44
формалды	n	0	3
формалист	v	6	0
формант	n	8	36
формасы	n	0	199
формуляр	n	2	3
форпост	n	5	14
форточка	n	0	9
фосфорит	n	4	18
фотоальбом	n	2	5
фотография	n	0	46
фотоэлемент	n	0	2
фразеологизмдер	n	10	30
фратрия	n	0	13
фрезер	n	2	11
фрейдизм	n	3	7
фриз	n	5	14
фрик	v	2	0
фрикатив	v	2	0
фрустрация	n	0	2
фу	n	6	25
фугас	n	0	2
функционалды	n	0	2
функционализм	n	0	5
функциялар	n	48	119
функцияларын	n	0	4
функциялық	n	0	2
функциясын	n	0	17
футурист	v	5	0
фәлсафа	n	7	43
фәләк	n	0	6
хаб	v	1936	0
хабардарлық	n	0	6
хабарламалар	n	7	29
хабарламашы	n	0	2
хабарламаға	n	0	6
хабарландыр	v	132	0
хабарландырыл	v	6	0
хабарлану	n	0	17
хабарластыр	v	5	0
хабарласу	n	15	53
хабарлат	v	21	0
хабарлау	n	33	167
хабарлаушы	n	0	9
хаббе	v	2	0
хабис	n	0	2
хад	n	2	25
хадиса	n	0	2
хаж	n	11	89
хажар	n	2	8
хажат	n	0	4
хажы	n	0	60
хазани	n	0	2
хаин	n	0	2
хай	n	8	147
хайл	v	3	0
хайла	n	27	140
хайран	v	2	0
хайф	n	0	2
хайыз	n	0	4
хайыр	n	0	7
хакас	n	0	17
хаким	n	7	28
хакімдік	n	0	6
халас	n	0	10
халатты	n	0	11
хали	n	2	16
халуа	n	0	13
халуат	n	0	2
халфе	n	0	23
халықтары	n	0	564
халғат	n	0	3
халқ	n	2	1881
халқа	n	0	7
халқы	n	0	1316
халқын	n	0	207
хам	v	73	16
хамд	v	38	8
хамле	n	0	2
хаммал	n	2	5
хаммам	n	0	4
хамса	n	6	29
хана	n	4	36
ханаларын	n	0	2
ханафия	n	0	21
хандар	n	97	714
хандары	n	0	166
хандақ	n	0	2
хандығы	n	0	259
ханзадалық	n	0	3
хантег	n	0	2
ханы	n	0	300
хараж	v	6	0
харакат	n	3	10
харам	n	28	93
харамзада	n	0	2
харами	n	0	2
харекет	n	6	71
харем	n	0	4
харидар	n	0	12
харир	n	0	4
харис	n	7	20
харун	n	2	4
харіф	n	0	2
хасад	n	0	9
хасар	n	0	2
хасте	n	0	4
хасыл	n	0	5
хата	n	3	7
хатиб	n	0	8
хатир	n	0	4
хатта	v	25	2
хаттал	v	86	0
хатталу	n	0	5
хаттамасын	n	0	13
хаттас	v	2	0
хаттау	n	0	2
хатун	n	4	38
хаты	n	0	164
хатың	v	119	46
хау	v	42	8
хауа	n	0	122
хауари	n	0	3
хауариж	n	2	21
хаула	v	8	0
хашарат	n	0	2
хаят	n	0	5
хақиқат	n	34	95
хақтық	n	5	14
хақыр	n	0	2
хижаб	n	0	2
хикайат	n	0	4
хикаяла	v	5	0
хикаялау	n	0	2
хикаят	n	33	179
хикмат	n	3	10
хикметті	n	0	4
хилаф	n	0	3
химикат	n	0	10
химияландыр	v	4	0
химкомбинат	n	0	2
хинзир	n	0	2
хира	n	0	2
хирқа	v	2	0
хисаб	n	0	30
хисса	n	4	21
хожа	n	2	25
хой	v	4	0
холерик	n	0	5
холизм	n	0	2
холл	n	3	29
хом	v	5	0
хорезмдік	n	0	9
хорунжий	n	4	9
хоштан	v	3	0
хоштық	n	0	5
хроника	n	12	74
хронотоп	n	0	5
хрусталь	n	7	46
худ	n	2	18
худай	n	0	4
худауан	n	0	2
хукм	n	0	2
хун	n	15	38
хунта	n	0	4
хур	n	0	3
хурал	n	0	3
хх	n	2	83
ххх	n	0	10
хытай	v	3	0
хұжыра	n	0	2
хұрұш	n	0	4
хұсайния	n	0	2
хұсрау	n	3	12
хұсумат	n	0	2
хұқ	n	6	42
хұқық	n	12	43
цейтнот	n	0	3
цементтел	v	23	0
ценз	n	0	6
цензор	n	0	31
центр	n	40	94
центризм	n	2	9
цзин	n	2	15
ци	n	2	14
циклдер	n	7	31
цимбал	n	0	2
циркуль	n	0	13
циркі	n	0	2
цистерналар	n	3	14
цитадель	n	0	3
цитат	n	16	36
циферблат	v	4	2
цыган	n	0	41
чал	n	0	2
чаман	n	0	4
чартист	v	4	0
частушка	n	2	4
чаш	v	55	12
чаң	v	2	0
че	n	15	27
чека	n	0	6
черкес	n	7	32
черт	n	79	154
чечен	n	2	5
чилилік	n	0	3
чо	v	9	0
чор	n	2	12
чора	n	0	6
чуб	v	7	3
чукча	n	0	4
чығ	v	7	0
чық	v	15	0
чың	n	2	6
шабаландыр	v	2	0
шабалақта	v	2	0
шабанда	v	43	4
шабандан	v	5	0
шабандат	v	5	0
шабандоздық	n	0	2
шабандық	n	7	20
шабар	n	5	86
шабарлығ	n	0	2
шабармандық	n	0	6
шабақта	v	30	0
шабақтал	v	6	0
шабақтат	n	0	2
шабда	n	0	2
шабдар	n	13	57
шабдарлан	v	3	0
шабушы	n	0	10
шабуылдар	n	13	107
шабуылдас	v	6	0
шабуылдат	v	2	0
шабуылдау	n	12	47
шабылу	n	2	19
шабылып	v	11	0
шабынды	n	3	75
шабындыр	v	2	0
шабырт	n	0	2
шабысты	n	0	2
шабыстыр	v	47	0
шабыстыру	n	0	4
шабысу	n	4	21
шабытсыз	n	0	3
шабыттандыр	v	93	0
шабыттандыру	n	0	3
шабыттану	n	0	8
шабыттылық	n	0	2
шабығ	n	0	3
шаддат	n	0	3
шадлық	n	0	2
шады	n	0	13
шадырай	v	6	0
шадырайт	v	2	0
шаж	n	0	4
шажылда	v	2	0
шажырқай	n	0	4
шаих	n	0	2
шайдыр	v	5	0
шайдыру	n	0	2
шайка	n	2	29
шайлат	v	5	0
шайлықтыр	v	44	0
шайлықтыру	n	0	2
шаймала	v	2	0
шайнал	v	32	0
шайнам	v	3	0
шайнап	v	9	0
шайнас	v	104	0
шайнастыр	v	3	0
шайнат	v	50	0
шайнаңда	v	5	0
шайнаңдат	v	3	0
шайнаңдау	n	0	2
шайнек	n	15	43
шайпау	n	0	11
шайпаулан	v	2	0
шайтандар	n	41	85
шайтандық	n	0	9
шайх	n	7	103
шайы	n	0	43
шайылдыр	v	2	0
шайылу	n	0	2
шайынды	n	4	11
шайыну	n	0	12
шайып	v	3	0
шайыс	v	77	2
шайысу	n	2	5
шайға	n	0	5
шайғыз	v	4	0
шайқалақта	v	17	3
шайқалақтат	v	9	0
шайқалдыр	v	5	0
шайқалту	n	2	15
шайқалыс	n	2	5
шайқап	v	14	0
шайқастыр	v	5	0
шайқасу	n	7	139
шайқат	v	12	0
шайқатыл	v	68	0
шайқау	n	4	53
шайқақта	v	5	0
шайқақтат	v	7	0
шалалық	n	8	21
шалап	n	16	35
шалағайлық	n	8	26
шалдуарлық	n	0	7
шалды	n	0	24
шалдыр	v	367	14
шалдырла	v	2	0
шалдырлат	v	6	0
шалдырмай	v	10	0
шалдырт	v	9	0
шалдыру	n	0	11
шалдығу	n	20	39
шалдықтыр	v	46	0
шалжай	v	15	0
шалжаңда	v	3	0
шалжи	v	109	0
шалмалы	n	0	2
шалпыл	n	3	7
шалтай	v	9	5
шалымдылық	n	0	2
шалынар	n	0	8
шалынбас	n	0	3
шалындыр	v	5	0
шалыну	n	0	30
шалыныс	v	48	0
шалып	v	59	0
шалыс	v	67	29
шалыш	v	2	0
шалығ	n	30	54
шалық	v	30	18
шалықтат	v	18	0
шалғайлан	v	7	0
шалғайлану	n	0	2
шалғайлас	v	4	0
шалғайырақ	n	0	2
шалғыз	v	11	0
шалғындан	v	2	0
шалғындық	n	0	2
шалғырттан	v	2	0
шалқайыс	v	8	2
шалқалай	v	10	0
шалқалат	v	17	0
шалқаю	n	0	4
шалқақта	v	35	6
шалқақтат	v	6	0
шалқи	v	189	3
шалқит	v	7	0
шалқу	n	3	38
шалқып	v	5	0
шалқыту	n	0	4
шамадан	n	20	30
шамалан	v	41	0
шамаластыр	v	2	0
шамалау	n	0	111
шамасы	n	0	89
шамасыз	n	0	5
шамдандыр	v	39	0
шамдандыру	n	0	2
шамдану	n	3	19
шамил	n	0	2
шамот	v	2	0
шампунь	v	2	0
шамсия	n	0	2
шамшыл	n	0	17
шамырқану	n	0	12
шаналар	n	17	45
шаналы	n	0	4
шанда	n	0	4
шанду	n	2	3
шандырлан	v	7	0
шандырлы	n	0	2
шандыт	v	2	0
шаншарлар	n	0	2
шаншу	n	12	74
шаншылу	n	0	4
шаныштыр	v	4	0
шапалақтал	v	14	0
шапалақтас	v	6	0
шапалақтау	n	4	24
шапашот	n	3	15
шапағатшы	n	0	3
шапақта	v	10	0
шаппай	v	118	0
шапта	v	9	0
шаптырт	v	24	0
шаптыру	n	2	15
шаптырыл	v	15	0
шаптырым	n	2	7
шаптығу	n	0	5
шаптығыс	v	2	0
шаптық	v	37	0
шапшаңдату	n	0	4
шапшаңдатыл	v	2	0
шапшу	n	2	11
шапшыт	v	42	0
шапылда	v	11	0
шапылдас	v	10	0
шапыраш	v	112	4
шапыраштан	v	21	0
шапқандар	n	5	12
шапқы	n	4	46
шапқыз	v	64	2
шапқылас	v	56	0
шапқылат	v	37	0
шапқылау	n	2	28
шапқын	n	5	48
шапқында	v	6	0
шапқыншылығы	n	0	53
шараб	n	0	141
шарайна	n	4	70
шаралан	v	2	0
шаралар	n	222	639
шаралары	n	0	117
шараларын	n	0	16
шарана	n	30	113
шарапхана	n	0	54
шарапқор	n	0	2
шарасыздан	v	8	0
шарат	n	4	14
шарафат	n	2	7
шарбат	n	3	11
шарбақты	n	0	2
шарболат	v	3	0
шарбылан	v	11	0
шардақ	n	0	12
шарж	n	0	2
шарип	n	2	4
шарияр	n	0	5
шарлан	v	6	0
шарлас	v	3	0
шарлат	v	19	0
шарлау	n	0	42
шарм	v	2	0
шарманка	n	0	3
шарпу	n	0	76
шарпылт	v	3	0
шарпыс	v	155	10
шарпысу	n	0	24
шарпыт	v	4	0
шарти	v	17	0
шартнама	n	0	9
шартсыз	n	0	2
шартта	v	9	0
шарттар	n	175	688
шарттары	n	0	153
шарттарын	n	0	19
шарттас	v	55	5
шарты	n	0	138
шартыл	n	0	7
шартылдат	v	34	0
шартын	n	0	30
шару	n	0	4
шаруала	v	2	0
шаруалау	n	0	2
шаруалық	n	0	5
шаруасын	n	0	60
шаруашы	n	0	602
шаруашыл	v	3	0
шаруашылығы	n	0	434
шаруақорлық	n	2	11
шаруық	v	2	0
шарх	n	0	6
шаршамай	v	91	2
шаршап	v	57	2
шаршату	n	0	3
шаршаңқыра	v	2	0
шаршыла	v	3	0
шаршылан	v	8	0
шаршылы	n	0	2
шары	n	6	241
шарыл	n	0	8
шарылда	v	37	3
шарылдас	v	4	0
шарылдат	v	2	0
шарықтат	v	101	0
шарықтату	n	0	5
шарғ	n	0	112
шарғи	v	2	0
шарқ	n	17	137
шарқай	n	3	5
шарқылда	v	4	0
шата	v	91	35
шатастыру	n	2	105
шатастырушы	n	0	5
шатастырыл	v	30	0
шатастырылу	n	0	3
шатасушылық	n	0	8
шатақтас	v	20	0
шатақтасу	n	0	2
шаттану	n	8	45
шаттаныс	v	38	0
шаттауық	v	2	0
шатты	n	0	2
шатылт	v	3	0
шатылыс	v	7	0
шатынас	v	2	0
шатынат	v	15	0
шатып	v	2	0
шатырлан	v	10	0
шатырлат	v	34	0
шатырлау	n	0	3
шатырша	n	0	2
шатыстыр	v	110	0
шатыстыру	n	4	27
шатқалаң	n	0	10
шатқаяқта	v	18	0
шатқаяқтан	v	5	0
шатқаяқтат	v	6	0
шаужайла	v	7	0
шаужайлас	v	4	0
шауқан	n	12	42
шауқылдас	v	2	0
шафи	v	3	2
шафхат	v	3	0
шафқат	n	4	6
шахан	n	0	2
шахматшы	n	0	12
шахтер	n	7	95
шахтком	n	0	8
шашала	v	4	0
шашалдыр	v	2	0
шашалт	v	5	0
шашалып	v	2	0
шашақтал	v	18	0
шашақтан	v	11	0
шашақтат	v	3	0
шашма	n	0	10
шашпа	v	86	15
шашпай	v	33	2
шаштас	v	4	0
шаштыр	v	23	0
шашубай	n	7	32
шашылып	v	17	0
шашын	n	86	214
шашып	v	44	0
шашыр	v	109	0
шашырата	v	17	0
шашырау	n	0	10
шашыс	v	17	0
шашқа	n	0	38
шашқыз	v	5	0
шаю	n	6	54
шаға	n	404	780
шағаладай	n	0	2
шағалы	n	0	7
шаған	n	18	177
шағи	n	3	15
шағылдыр	v	20	0
шағылу	n	0	7
шағылыстыру	n	0	2
шағылыстырыл	v	2	0
шағылысу	n	0	26
шағымдану	n	0	28
шағымшы	n	0	20
шағымшыл	v	4	0
шағынаудан	n	0	2
шағындал	v	21	0
шағындан	v	2	0
шағындат	v	2	0
шағындау	n	0	3
шағыну	n	12	24
шағырай	n	7	22
шағырмақтан	v	10	0
шағыс	v	18	0
шағыстыру	n	2	3
шақай	n	0	7
шақарлан	v	3	0
шақпа	v	35	2
шақпақтан	v	2	0
шақпақтау	n	0	2
шақпыт	n	0	2
шақта	v	30	0
шақтал	v	33	0
шақталу	n	0	4
шақтат	v	2	0
шақтыр	v	13	0
шақшалы	n	0	2
шақши	v	86	0
шақы	n	0	3
шақыл	n	0	5
шақылдас	v	12	0
шақылдат	v	22	0
шақырайт	v	6	0
шақырлат	v	32	0
шақырлау	n	0	2
шақырту	n	13	96
шақыртыл	v	81	0
шақыртқыз	v	6	0
шақырылу	n	0	58
шақырып	v	245	10
шақырыс	v	82	20
шақырғыш	n	0	2
шаққа	n	0	45
шаққыз	v	4	0
шаңдан	v	11	0
шаңдаттыр	v	4	0
шаңдақтан	v	2	0
шаңсорғыш	n	2	8
шаңырқа	v	8	0
шаңыттан	v	4	0
шаңыту	n	0	2
шаңқайт	v	3	0
шаңқи	v	44	2
шаңқобыз	n	3	5
шаңқылдас	v	22	0
шаңқылдат	v	8	0
шаһадат	v	14	4
шаһана	n	0	2
шаһариар	n	5	52
шаһары	n	0	177
шаһбаз	n	2	22
шаһд	n	0	2
шаһзада	n	5	207
шаһзат	n	0	10
шаһи	n	2	14
шаһид	n	2	26
шаһмаран	n	2	7
шаһмардан	n	0	15
шаһнаме	n	2	10
шаһр	n	0	3
шаһуат	n	0	9
шеберле	v	6	0
шеберлер	n	40	378
шеберлігі	n	0	201
шеберлігін	n	0	40
шебері	n	0	63
шебің	v	4	0
шевиот	n	0	2
шег	v	1714	776
шегебай	n	2	10
шегелеу	n	0	6
шегенделу	n	0	2
шегендет	v	2	0
шегендеу	n	0	4
шегені	n	0	2
шегере	v	16	0
шегерт	v	2	0
шегеріл	v	55	0
шегу	n	39	336
шегі	n	0	65
шегіндіру	n	0	7
шегіндіріл	v	6	0
шегіну	n	27	212
шегіншек	n	0	5
шегіншектет	v	2	0
шегіншектеу	n	0	3
шегір	n	3	35
шегірей	v	12	0
шед	n	0	3
шедевр	n	4	54
шедірей	v	7	0
шежіресі	n	0	95
шейіт	n	0	41
шекар	n	0	2
шекаралары	n	0	56
шекарасын	n	0	155
шекелей	v	2	0
шекелес	v	3	0
шекелесу	n	0	2
шеки	v	8	0
шеккіз	v	26	2
шектейтін	n	0	5
шектелу	n	19	173
шектеме	v	33	2
шектесу	n	0	5
шектет	v	4	0
шектеулер	n	26	125
шектіру	n	0	4
шекі	v	11	0
шекірей	v	9	0
шекіс	v	118	3
шекістір	v	2	0
шел	n	45	74
шелде	v	11	0
шелден	v	39	0
шелдену	n	0	2
шели	v	3	2
шелти	v	23	0
шелтит	v	2	0
шелі	n	0	4
шелік	n	0	2
шем	v	2	0
шеменден	v	3	0
шеміршектен	v	2	0
шендестір	v	105	0
шендестіру	n	7	57
шендесу	n	0	9
шенді	n	0	24
шене	v	71	4
шенел	v	8	2
шенес	v	3	0
шенеу	n	3	19
шені	n	0	35
шенқұмар	n	0	5
шепір	n	0	2
шере	n	0	3
шери	n	0	5
шерлен	v	80	0
шерлілік	n	0	2
шерми	v	63	0
шермит	v	12	0
шернияз	n	16	71
шертер	n	0	15
шерти	v	25	0
шертит	v	3	0
шерткіз	v	10	0
шертпе	v	19	6
шертпек	n	2	5
шерттір	v	4	0
шерту	n	11	73
шертілу	n	0	2
шерубай	n	6	19
шерулет	v	6	0
шерулету	n	0	2
шерхан	n	2	9
шері	n	3	92
шерігі	n	0	9
шерқұрт	v	4	0
шеткей	n	0	4
шеткерек	n	0	7
шеткеріле	v	28	0
шеткерілік	n	0	8
шетте	v	121	31
шеттету	n	12	28
шеттетілу	n	0	14
шеттеу	n	0	3
шетіне	v	58	0
шетінет	v	4	0
шетірек	n	0	10
шеф	n	15	44
шехина	n	0	2
шешеке	n	0	4
шешендер	n	36	253
шешендері	n	0	31
шешендеріміз	n	2	4
шешендігі	n	0	80
шешенсу	n	0	5
шешенсі	v	11	0
шешенсін	v	12	0
шешені	n	0	10
шешесі	n	0	1011
шешесін	n	0	29
шешке	n	5	57
шешкіз	v	33	0
шешілер	n	0	6
шешілмей	v	112	0
шешілу	n	2	251
шешіліс	v	2	0
шешімдері	n	0	89
шешімді	n	0	12
шешімі	n	0	279
шешімін	n	0	50
шешіндір	v	244	0
шешіндіру	n	0	14
шешіну	n	2	35
шешініс	v	5	0
шешіп	v	69	0
шешіс	v	21	0
шеңбекте	v	2	0
шеңберле	v	8	0
шеңгелді	n	0	2
шибарқыт	n	3	5
шиддат	n	0	2
шиден	n	0	2
шидең	v	2	0
шиди	v	23	0
шиебөрі	n	0	16
шиеле	v	2	0
шиелену	n	0	3
шиеленіске	n	0	7
шиеленістір	v	102	0
шиеленістіру	n	0	18
шилі	n	0	5
шимайлай	v	6	0
шимайлат	v	3	0
шимайлау	n	0	12
шимал	n	0	2
шиман	v	6	0
шимұрын	n	0	2
шинел	n	11	58
шинель	n	40	64
шипагерлік	n	2	6
шипаң	v	4	2
шипаңда	v	2	0
шипаңдат	v	6	0
шира	n	62	119
ширази	n	0	4
ширатылу	n	0	2
ширақтылық	n	0	2
ширақтық	n	0	11
ширегі	n	0	14
ширықтыр	v	93	0
ширықтыру	n	0	3
шифер	n	6	14
шифрлан	v	3	0
шихта	n	0	3
шиша	n	22	97
шиырлан	v	19	0
шиырлау	n	0	3
шиыршық	v	6	0
шиыршықта	v	12	0
шиыршықтал	v	59	0
шиыршықтан	v	4	0
шиыршықтау	n	0	3
шиіт	n	0	5
шиға	n	0	6
шиғыр	n	2	6
шиқ	v	34	5
шиқылдас	v	10	0
шиқылдат	v	36	0
шк	n	7	14
шквал	n	0	2
шкипер	n	4	14
шкот	v	3	2
шлагбаум	n	9	17
шлем	n	10	17
шлюпка	n	3	27
шобыр	n	6	15
шовинизм	n	7	57
шовинист	v	11	3
шодырай	v	136	0
шодырайт	v	3	0
шойнақ	n	0	2
шойнаң	n	0	2
шойнаңда	v	8	0
шойнаңдат	v	3	0
шойырыл	v	100	0
шойырылма	n	0	8
шойырылт	v	4	0
шойқаңда	v	2	0
шойқы	n	0	5
шолдыр	v	2	0
шолжи	v	8	0
шолжың	n	0	7
шолпылдат	v	20	0
шолтаң	n	0	2
шолтаңда	v	35	2
шолтаңдат	v	16	0
шолти	v	61	4
шолтит	v	21	0
шолулар	n	4	9
шолып	v	5	0
шолғыз	v	2	0
шолғын	n	0	11
шомда	v	2	0
шому	n	3	33
шомылу	n	12	101
шомырт	n	2	10
шона	n	0	13
шонданай	n	0	14
шоп	n	2	3
шопандық	n	2	8
шопыл	n	0	2
шораяқ	n	2	18
шорлан	v	18	0
шортанбай	n	14	61
шортанды	n	0	9
шоршыт	v	7	0
шорыл	n	0	3
шорылдат	v	2	0
шорқақта	v	23	0
шоттар	n	3	8
шоты	n	0	5
шотын	n	0	4
шошайма	v	3	0
шошал	n	0	2
шошала	n	2	88
шоштаңдат	v	2	0
шошти	v	7	0
шошу	n	0	21
шошымал	n	2	17
шошындыр	v	51	0
шошыну	n	2	25
шошыныс	v	4	0
шошыту	n	0	9
шоғын	n	0	8
шоғырла	v	5	0
шоғырмақтал	v	6	0
шоғырмақтан	v	6	0
шоқа	n	0	12
шоқайлы	n	0	2
шоқайт	v	5	0
шоқалақта	v	3	0
шоқақ	n	0	2
шоқақтат	v	3	0
шоқит	v	10	0
шоқпарлан	v	7	0
шоқпарлас	v	8	0
шоқпарлы	n	0	2
шоқта	v	3	0
шоқтал	v	36	3
шоқтандыр	v	2	0
шоқтықтан	v	12	0
шоқу	n	2	11
шоқшала	v	3	0
шоқши	v	21	0
шоқынды	n	0	4
шоқындыру	n	9	30
шоқындырыл	v	17	0
шоқындырылу	n	0	2
шоқыну	n	8	34
шоқыр	n	4	13
шоқырақ	n	0	26
шоқырақта	v	12	6
шоқырақтат	v	26	0
шоқыс	n	8	103
шоқыттыр	v	3	0
шоқыту	n	0	2
шоңайна	n	0	2
шоңқайт	v	7	0
шоңқал	v	2	0
шоңқит	v	22	0
шпал	n	11	54
шпана	n	0	4
шпат	n	0	8
шпор	n	6	26
шрифт	n	2	5
штамп	n	3	47
штангашы	n	0	2
штен	v	2	0
штиль	n	0	2
штрих	n	5	59
штурвал	n	12	41
штурмовик	n	3	6
штык	n	4	14
шуат	v	4	0
шуақтан	v	23	0
шуақтат	v	2	0
шудалан	v	58	0
шулап	v	13	0
шуласу	n	0	4
шулату	n	0	8
шулау	n	0	18
шуле	v	10	0
шулық	v	2	0
шумағын	n	0	47
шумақта	v	6	0
шумақтал	v	35	0
шумақтау	n	0	2
шурф	n	0	16
шуылдат	v	49	0
шуылдау	n	0	2
шуылдақ	n	5	40
шыбар	n	0	2
шыбжыңда	v	3	0
шыбжыңдат	v	3	0
шыбындай	v	3	0
шыбындау	n	0	2
шыбынды	n	0	6
шыбыным	v	10	2
шыбыш	n	6	42
шыбықша	n	0	2
шыдай	v	339	9
шыдамдылығы	n	0	4
шыдамсыздан	v	123	0
шыдас	v	10	2
шыдау	n	4	172
шыж	v	109	19
шыжалақта	v	3	0
шыжбалақта	v	3	0
шыжбыңда	v	2	0
шыжбыңдат	v	4	0
шыжы	v	150	0
шыжылда	v	13	5
шыжылдат	v	24	0
шыжымда	v	2	0
шыжыт	v	9	0
шыжғыру	n	0	3
шый	v	2	0
шыла	v	109	0
шылам	v	4	0
шылапшын	n	27	42
шыларжын	n	0	2
шылаушын	n	0	2
шылауыш	n	2	12
шылдыра	v	31	4
шылдырат	v	23	0
шылдырмақ	v	4	2
шылп	v	3	0
шылпылдат	v	13	0
шылпылдау	n	0	2
шылпық	n	0	2
шылымшы	n	0	4
шылымқор	n	0	3
шылғау	n	0	11
шылқ	v	68	2
шылқылда	v	33	0
шылқылдат	v	4	0
шылқымай	n	0	2
шылқыт	v	13	0
шылқыған	n	0	3
шымши	v	30	0
шымшуыр	n	11	20
шымшыма	n	0	4
шымшыс	v	2	0
шымылдығы	n	0	15
шымыра	v	20	0
шымырлық	n	0	4
шымырық	v	2	0
шымырқан	v	23	2
шымқа	v	3	0
шымқал	v	2	0
шымқан	v	23	0
шынаяқ	n	5	8
шындас	v	7	0
шынжырлан	v	20	0
шынжырлы	v	2	0
шынтақтас	v	5	0
шынтемір	n	4	33
шыншылдық	n	24	111
шыныбай	n	0	2
шыныла	v	6	0
шынықтыру	n	5	37
шып	n	2	22
шыпшы	v	4	0
шыпылда	v	8	3
шыпылдат	v	7	0
шыпыртқы	n	0	3
шырайлан	v	117	0
шырайландыр	v	3	0
шырағы	n	0	39
шырдай	n	0	5
шырлан	v	2	0
шырлат	v	3	0
шырмат	v	8	0
шырпын	n	7	50
шырти	v	7	0
шыртылдат	v	12	0
шыршық	n	0	39
шырылдас	v	11	0
шырылдау	n	0	16
шырыштан	v	6	0
шырғал	v	17	2
шырғала	v	18	0
шырғалан	v	6	0
шырғалат	v	2	0
шырғалау	n	0	2
шырқ	v	240	117
шырқас	v	14	0
шырқыра	v	169	20
шытпа	v	27	0
шыттыр	v	2	0
шытынау	n	0	3
шытырма	n	0	31
шытыс	v	22	9
шыға	v	2299	183
шығады	n	0	7
шығайбай	n	11	35
шығандат	v	27	0
шығандау	n	0	2
шығармалар	n	238	1262
шығармалары	n	0	477
шығармалық	n	0	2
шығармасы	n	0	253
шығармау	n	24	206
шығарсын	n	0	2
шығаруын	n	0	14
шығары	n	2	20
шығарған	n	26	592
шығарғы	n	0	174
шығатын	n	8	390
шығуы	n	0	198
шығым	n	28	78
шығымдылық	n	0	2
шығындар	n	81	180
шығындары	n	0	32
шығындат	v	32	0
шығынды	v	2	0
шығынсын	v	5	0
шығыны	n	0	51
шығып	v	844	11
шығыршықтал	v	4	0
шығыстар	n	12	30
шығыстары	n	0	6
шығыстық	n	0	7
шықан	n	0	2
шықпау	n	14	170
шықтан	v	6	0
шықты	n	0	29
шықыл	n	0	9
шықылда	v	21	2
шықылдат	v	11	0
шықылық	n	0	4
шықылықтау	v	2	0
шықыр	n	8	20
шыққан	n	152	2906
шыққанын	n	0	80
шыққыр	n	0	9
шыңдалу	n	0	29
шыңдат	v	4	0
шыңдау	n	18	62
шыңы	n	0	68
шыңылдат	v	31	0
шыңылтырлан	v	10	0
шыңғырла	v	52	0
шыңғыру	n	2	15
шыңғырыс	v	4	0
шыңқылдақ	n	2	4
шіби	n	3	9
шіге	v	45	16
шігіт	n	0	2
шідерлен	v	24	2
шідерлі	n	0	2
шідерлік	n	0	2
шікіра	n	0	3
шікіре	n	0	5
шікірей	v	69	3
шілби	v	25	0
шілделік	n	0	20
шілдер	n	2	6
шілдірмен	v	2	0
шілтеле	v	2	0
шілтен	n	8	88
шілтерле	v	7	0
шілти	v	17	0
шілікті	n	0	6
шіліңгір	n	0	3
шімен	n	0	4
шіміркендір	v	7	0
шімірік	v	24	0
шімірікпе	v	27	2
шіміріктір	v	5	0
шін	n	0	13
шіпілде	v	5	0
шірент	v	3	0
шіреніс	v	12	0
шіру	n	2	75
шірін	v	15	2
шіңгірле	v	12	0
шіңкілде	v	49	0
шіңкілдет	v	2	0
шүбәлану	n	4	21
шүбәсыз	n	0	3
шүйгінде	v	2	0
шүйделен	v	2	0
шүйкеле	v	3	0
шүйкелен	v	12	0
шүйки	v	2	0
шүйлік	v	104	3
шүйілт	v	7	0
шүйілу	n	0	2
шүйіркелесу	n	2	18
шүйіріл	v	3	0
шүкірана	n	2	4
шүлдір	n	0	5
шүлдіре	v	10	0
шүлдірлес	v	11	0
шүлекей	n	0	6
шүленсі	v	7	0
шүметей	n	0	7
шүперек	n	0	6
шүпілдет	v	22	0
шүпірле	v	67	4
шүпірлет	v	3	0
шүртит	v	6	0
шүрши	v	15	3
шүршит	v	19	2
шүршіт	n	16	89
шүу	n	0	5
шүңки	v	26	0
шүңкіл	n	0	6
шүңкілде	v	4	0
шүңкілдес	v	52	3
шүңірей	v	154	2
шұ	n	19	331
шұба	v	119	34
шұбалаң	n	0	4
шұбалаңда	v	16	0
шұбалаңдат	v	3	0
шұбалаңқы	n	0	6
шұбалаңқылық	n	0	4
шұбарла	v	26	0
шұбарлан	v	68	0
шұбарлау	n	0	6
шұбыртпалы	n	0	7
шұбыру	n	0	15
шұбырыс	v	7	0
шұлғи	v	66	0
шұлғу	n	4	32
шұлғыма	v	2	0
шұлғып	v	6	0
шұлғыс	v	46	0
шұлғыт	v	59	0
шұнайт	v	6	0
шұнаңда	v	7	0
шұнти	v	23	3
шұрайлан	v	4	0
шұрқылда	v	3	0
шұрқыр	v	15	4
шұрқыра	v	147	4
шұғылан	n	0	19
шұғылдандыр	v	5	0
шұғылдану	n	19	142
шұғылданушы	n	0	14
шұғылдат	v	2	0
шұғылдық	n	0	2
шұқанақ	n	9	54
шұқи	v	59	0
шұқу	n	3	18
шұқылан	v	5	0
шұқылау	n	0	16
шұқыма	v	11	0
шұқын	v	28	0
шұқырай	v	27	0
шұқырла	v	4	0
шұқырлан	v	4	0
шұқыршық	n	0	3
шұқыт	v	9	0
шұң	n	2	20
шұңғылда	v	7	0
шұңғылдан	v	2	0
шұңғыма	n	0	4
шұңқырай	v	17	3
шұңқырайт	v	2	0
шұңқырла	v	2	0
шұңқырлан	v	6	0
шұһра	v	3	2
шұһрат	n	0	5
шәб	n	0	16
шәді	n	0	8
шәйт	n	0	7
шәк	n	17	47
шәкіртақы	n	0	2
шәкірті	n	0	117
шәл	n	4	204
шәлек	v	2	0
шәлекей	n	0	37
шәлкес	n	0	5
шәлти	v	7	0
шәлік	n	0	2
шәмбіл	n	0	7
шәни	v	43	0
шәрбәт	n	0	11
шәрке	n	3	7
шәркес	n	0	2
шәріп	n	26	100
шәу	n	10	22
шәуешек	n	2	59
шәукат	n	0	4
шәушек	n	0	2
шәуши	v	15	0
шәуіл	n	0	4
шәуілде	v	48	0
шәуілдет	v	4	0
шәңк	n	2	3
шәңкілде	v	11	0
шәһит	n	0	3
шәһуат	n	0	2
шөберелер	n	0	77
шөгерт	v	4	0
шөгін	v	26	0
шөгір	n	6	17
шөке	n	2	21
шөкеле	v	5	0
шөкелет	v	9	0
шөки	v	6	0
шөкпе	v	16	2
шөктір	v	46	2
шөлдету	n	0	2
шөлдеу	n	0	22
шөлдік	n	0	3
шөлең	n	3	6
шөліркеу	n	0	5
шөмей	v	19	2
шөмең	n	0	2
шөми	v	47	0
шөпжелке	n	0	18
шөре	n	0	14
шөткеле	v	3	0
шөңгел	v	7	4
щи	v	20	11
ыбылжы	v	11	0
ыбылжыт	v	2	0
ыбылыс	n	0	10
ыбыр	n	0	4
ыбырсы	v	42	0
ыбырсыт	v	12	0
ыдыратыл	v	13	0
ыдыраушылық	n	3	6
ыдыраңқы	n	0	5
ыдыраңқылық	n	0	2
ыждағаттау	n	0	2
ызалану	n	2	19
ызақорлан	v	6	0
ызақорлық	n	0	9
ызбарлан	v	43	0
ызди	v	80	0
ызыңдат	v	17	0
ызыңдау	n	0	2
ызғарлан	v	63	0
ызғарландыр	v	3	0
ызғы	v	49	16
ызғында	v	2	0
ызғыр	v	27	0
ызғырықта	v	2	0
ылау	n	3	14
ылбыра	v	3	0
ылбырат	v	2	0
ылдила	v	20	2
ылдилан	v	4	0
ылдилат	v	5	0
ылдилау	n	0	2
ылжыра	v	23	0
ылжырат	v	5	0
ылым	n	6	10
ылығ	v	31	0
ылға	v	4	2
ылғай	v	2	0
ылғалдандыр	v	3	0
ымдастыр	v	2	0
ымдасу	n	0	2
ымы	n	0	8
ымыр	v	30	0
ымыраластыр	v	16	0
ымыраласу	n	0	8
ымырасыздық	n	2	6
ымырашылдық	n	7	17
ымыртт	n	0	16
ымырттат	v	4	0
ын	n	103	1179
ынанч	v	3	0
ынжықтан	v	4	0
ынсапсыз	n	0	39
ынсапты	n	2	4
ынталану	n	0	9
ынтам	v	27	10
ынтымақсыз	n	0	2
ынтымақтастыр	v	10	0
ынтымақтасу	n	0	18
ынтымақшыл	n	0	3
ынтығыс	v	2	0
ып	n	0	3
ырас	n	0	9
ыраң	v	2	0
ырбаң	n	0	7
ырбаңдат	v	2	0
ыржалақта	v	18	0
ыржақ	n	0	3
ыржақай	n	0	3
ыржақтас	v	7	0
ыржақтау	n	0	5
ыржаңда	v	6	0
ыржаңдас	v	3	0
ыржит	v	24	0
ыржиыс	v	6	0
ыржың	n	0	2
ыржыңда	v	5	0
ыржыңдас	v	2	0
ырзашылық	n	0	9
ырсит	v	48	0
ырсыл	n	0	4
ырсылда	v	40	0
ырсылдат	v	10	0
ырыл	n	4	57
ырылда	v	113	7
ырылдат	v	36	0
ырылдау	n	2	15
ырымшыл	n	0	27
ырымшылдық	n	4	21
ырымы	n	0	13
ырысжан	n	4	15
ырықсыздық	v	3	2
ырықты	n	0	4
ырғай	v	46	21
ырғалақта	v	2	0
ырғалаңда	v	3	0
ырғалт	v	38	0
ырғалу	n	0	7
ырғалыс	v	2	0
ырғасы	n	0	2
ырғат	v	9	0
ырғатыл	v	65	0
ырғағ	n	0	321
ырғағы	n	0	255
ырғақта	v	4	0
ырғаң	n	0	5
ырғу	n	0	7
ырғыс	v	3	0
ырқылда	v	2	0
ысмайыл	n	29	67
ыспат	n	2	6
ыссыла	v	11	0
ыссылық	n	0	9
ыссық	n	0	2
ыста	v	60	14
ыстал	v	90	0
ыстау	n	0	7
ысты	n	0	24
ыстықта	v	33	3
ыстықтай	v	5	0
ыстықтат	v	4	0
ыстықтау	n	0	2
ысу	n	0	11
ысы	v	77	16
ысылдас	v	3	0
ысылдат	v	7	0
ысылдыр	v	4	0
ысылт	v	2	0
ысылу	n	0	2
ысылыңқыра	v	2	0
ысылған	n	0	11
ысын	v	52	2
ысырапқорлық	n	0	6
ысырмала	v	2	0
ысырған	n	0	3
ысыттыр	v	2	0
ысыту	n	0	6
ысытыл	v	7	0
ысық	n	0	18
ысқы	n	0	2
ысқылан	v	6	0
ысқыру	n	3	18
ысқырын	v	81	0
ысқырыс	v	7	0
ысқырғыш	n	0	4
ыт	v	62	4
ытырыл	v	30	0
ытқы	v	42	19
ытқыт	v	85	0
ыхтияр	n	0	4
ыштан	n	4	18
ышқындыр	v	7	0
ышқынт	v	12	0
ышқыныс	n	2	7
ышқыр	n	6	40
ышқырлан	v	8	0
ығал	v	2	0
ығы	v	149	41
ығын	n	2	149
ығырт	v	4	0
ығыста	v	6	0
ығыстыру	n	9	87
ығыстырыл	v	145	0
ықлас	n	14	59
ықпалдылық	n	0	2
ықпалын	n	0	227
ықсыр	v	8	0
ықтат	v	18	2
ықтау	n	0	4
ықтияр	n	21	362
ықтиярсыз	n	0	9
ықтиярсыздық	n	0	2
ықтият	v	39	26
ықтиятты	n	0	2
ықтияттылық	n	2	7
ықтиқат	n	0	2
ықтырма	n	3	20
ықтыру	n	0	5
ықшам	v	43	8
ықшамдал	v	120	0
ықшамдан	v	7	0
ықы	n	0	150
ықылассыз	n	0	2
ықыластандыр	v	5	0
ықыластану	v	2	0
ыңыл	n	0	22
ыңылдат	v	8	0
ыңылдау	n	0	5
ыңырандыр	v	2	0
ыңырант	v	24	0
ыңырану	n	0	13
ыңыранып	v	2	0
ыңырсу	n	0	13
ыңғайластыр	v	29	0
ыңғайластырыл	v	22	0
ыңғайлау	n	3	17
ыңғайлылық	n	4	6
ыңқ	v	77	0
ыңқылдас	v	2	0
ыңқылдат	v	7	0
ыңқылдау	n	0	8
ьідырыс	n	0	3
ьіқылас	n	0	6
эвакуациялан	v	8	0
эвдемонизм	n	0	3
эволюционист	v	2	0
эвристика	n	0	29
эго	n	0	14
эгоизм	n	23	73
эгоист	v	7	0
эгоистік	v	2	0
эгоцентризм	n	0	4
эдип	n	3	32
эйдос	n	6	20
экваториал	n	0	2
эквивалент	n	12	49
эквивалентті	n	0	11
экзистенция	n	0	37
экзотика	n	3	69
эклектизм	n	2	7
экономия	n	5	98
экранда	v	3	0
эксклюзив	n	2	6
экспресс	n	0	5
экспрессия	n	3	28
экспромт	n	2	15
экспроприатор	n	0	2
экспроприацияла	v	16	0
экспроприациялан	v	8	0
экстериоризация	n	0	2
экстерьер	n	0	4
экстракт	n	0	3
эксцесс	n	0	2
электрлен	v	4	0
электрлендір	v	34	0
электровоз	n	0	11
электродинамика	n	0	14
электромонтер	n	0	2
электромотор	n	0	2
электротехника	n	0	5
эллипс	n	2	4
эмальда	v	2	0
энтимема	n	0	6
эпиграф	n	0	15
эпистема	n	0	13
эпистемология	n	0	42
эпитеттер	n	23	60
эпифеномен	n	0	7
эпифора	n	0	12
эристика	n	0	6
эсерлер	n	5	19
эскимос	n	3	23
эстет	n	0	10
этатизм	n	0	4
этик	v	7	0
этнодемография	n	0	3
этнопсихология	n	0	21
этноцентризм	n	2	4
этос	n	2	9
эффект	n	6	37
юниондар	n	0	2
юрисдикция	n	0	4
ямб	n	4	7
янсенизм	n	3	11
ясли	n	0	10
яссы	n	0	9
яхве	n	0	8
іг	n	3	8
іждағат	n	4	10
іждағаттылық	n	0	2
ізбасарлық	v	2	0
ізбес	v	7	4
ізгілікті	n	2	8
іздегіш	n	0	2
іздейміз	n	0	2
іздемпаз	n	0	2
іздену	n	28	256
ізденуші	n	0	62
ізденушілік	n	0	3
ізденімпаз	n	0	23
ізденімпаздық	n	0	13
іздестіре	v	68	0
іздестіру	n	45	256
іздеу	n	148	1556
іздеушілік	v	2	0
ізді	n	0	12
ізділік	n	4	11
ізлемек	n	0	2
ізшіл	n	2	10
ізім	v	107	61
ік	n	9	16
ілби	v	43	0
ілбісін	n	0	4
ілбіт	v	13	0
ілгектел	v	4	0
ілгергі	n	0	33
ілгерілеу	n	11	89
ілгіштен	v	2	0
ілдалда	n	0	5
ілеген	n	0	2
ілеспе	v	32	0
ілестіру	n	0	2
ілесу	n	6	71
ілк	n	0	194
ілкім	v	9	0
ілкімді	n	0	4
ілтимас	n	0	4
ілтипаттық	n	0	4
ілу	n	11	322
ілхам	n	0	2
ілігу	n	4	45
ілігіп	v	34	0
ілігіс	v	5	0
іліккен	n	18	124
ілікпе	v	91	0
іліктіру	n	2	17
ілімді	n	0	3
ілінбес	n	0	16
ілінбеу	n	0	4
ілінген	n	18	154
іліндір	v	128	4
ілінер	n	3	22
ілінетін	n	0	9
іліну	n	7	57
ілініп	v	128	0
іліп	v	55	2
індету	n	0	2
індігеш	n	0	8
інжіл	n	68	247
інілі	n	0	12
інілік	n	0	9
інісі	n	0	466
іп	v	5	2
ір	n	412	2050
іргелен	v	2	0
іргесін	n	0	328
іре	v	35	0
ірек	v	2	0
ірел	v	2	0
іреу	n	0	19
іркес	v	4	0
ірку	n	3	16
іркілде	v	53	3
іркілмей	v	30	0
іркілт	v	5	0
іркін	v	16	0
іркіс	n	0	2
ірметіл	v	13	0
іру	n	4	7
іріктей	v	21	0
іріктел	v	291	0
іріктен	v	3	0
іріктет	v	3	0
ірілендіріл	v	28	0
ірілену	n	0	5
ірілет	v	20	0
ірілігі	n	0	8
ірімтіктел	v	2	0
ірімтіктен	v	6	0
іріп	v	4	0
іріт	v	128	0
іріту	n	0	10
іске	n	0	9
іскенже	n	0	2
іслам	n	0	2
ісмер	n	5	41
іспеттен	v	16	0
істеген	n	82	569
істей	v	1057	123
істелу	n	0	54
істелін	v	114	0
істеліну	n	0	7
істен	v	2	0
істеп	v	136	4
істес	v	64	3
істеттір	v	10	0
істікте	v	4	0
ісу	n	0	3
ісшіл	n	2	6
ісіп	v	6	0
ісір	v	41	0
іше	v	620	154
ішер	n	0	210
ішкері	n	0	27
ішкіз	v	514	18
ішмерез	n	0	2
ішпей	v	228	39
іштес	v	6	0
іштеңе	n	0	2
ішті	n	0	8
ішу	n	143	919
ішім	n	257	716
ішіміз	n	55	433
ішіндегі	n	79	180
ішіп	v	78	0
ішіс	v	70	16
іі	n	0	377
ің	v	26	3
іңкәрлық	n	0	6
іңірлет	v	10	0
ғ	v	1406	108
ғабдуллин	n	4	36
ғадауат	n	2	24
ғади	v	3	0
ғаділет	v	26	16
ғажаптандыр	v	2	0
ғажаптану	n	0	2
ғайб	v	12	0
ғайбаттас	v	2	0
ғайр	n	2	10
ғаламдастыр	v	2	0
ғаламдастыру	n	0	2
ғалы	n	0	27
ғалымдар	n	141	1108
ғалымдарымыз	n	4	65
ғамалда	v	2	0
ған	n	4	26
ғана	n	6	36
ғаним	n	0	8
ғапіл	n	0	6
ғапілет	n	0	2
ғариб	n	2	9
ғары	n	0	2
ғасы	n	0	33
ғасырда	n	0	2
ғасырлар	n	119	1218
ғаус	v	12	4
ғафлат	n	0	2
ғаш	n	0	4
ғаярлан	v	2	0
ғақ	v	54	2
ғибад	v	20	0
ғимараттар	n	52	191
ғират	n	14	67
ғифрит	n	4	11
ғишрат	n	3	23
ғой	n	4	13
ғуфран	n	0	2
ғыл	n	78	1154
ғылымсыз	n	0	2
ғыш	n	0	2
ғұбар	n	0	2
ғұлам	n	0	8
ғұлибан	n	2	6
ғұлман	n	0	2
ғұлғала	n	0	2
ғұмырнамасы	n	0	13
ғұрпын	n	0	71
ғұрұр	n	0	2
ғұса	n	0	2
ғұсман	n	3	13
ғұсмания	n	0	2
қа	n	1142	10076
қабанбай	n	24	170
қабар	v	197	28
қабарды	n	0	3
қабаржы	v	5	0
қабарт	v	17	0
қабаттан	v	11	0
қабаттас	v	258	0
қабаттастыр	v	14	0
қабаттасу	n	0	6
қабатты	n	0	2
қабағы	n	0	274
қабақтық	n	0	10
қабақша	n	0	2
қабила	n	0	5
қабу	n	5	19
қабызда	v	8	0
қабылдайтын	n	0	43
қабылдамауы	n	0	5
қабылданбаған	n	0	3
қабылдануы	n	0	18
қабылдап	v	47	0
қабылдас	v	4	0
қабылдат	v	56	0
қабылдаттыр	v	11	0
қабылдатқыз	v	5	0
қабылдаған	n	11	247
қабылдағыштық	v	3	0
қабында	v	33	0
қабындат	v	5	0
қабынт	v	9	0
қабыртқа	n	0	12
қабыршы	n	0	8
қабыршық	n	6	9
қабырғала	v	7	0
қабырғалар	n	97	580
қабырғалары	n	0	102
қабыстыру	n	0	7
қабысу	n	0	33
қабықтан	v	2	0
қабілеті	n	0	360
қабілетін	n	0	46
қад	v	334	166
қадала	v	234	4
қадалар	n	6	33
қадалт	v	37	2
қадалу	n	3	54
қадалып	v	43	0
қадалыс	v	8	0
қадан	n	0	20
қадап	v	20	0
қадас	n	12	20
қадағалан	v	43	0
қадағалас	v	2	0
қадаған	n	0	38
қадаң	n	0	3
қадд	n	0	4
қаде	n	2	20
қадим	n	0	4
қадис	n	0	4
қадым	n	5	10
қадымшыл	v	3	0
қаді	n	0	2
қадірлеген	n	3	20
қадірлей	v	92	2
қадірлен	v	31	0
қадірлес	n	6	12
қадірлет	v	3	0
қадірлеу	n	18	77
қадірмен	v	232	8
қажал	v	111	0
қажала	v	6	0
қажар	n	0	12
қажас	v	27	0
қажау	n	0	13
қажетсіздік	n	0	4
қажетсіну	n	0	8
қажетт	n	21	872
қажеттері	n	0	14
қажеттігі	n	0	46
қажеттігін	n	0	13
қажеттілігі	n	0	96
қажеті	n	0	41
қажыма	v	55	4
қажымай	v	21	0
қажымастық	n	0	2
қажып	v	5	0
қажыр	n	11	113
қажырлан	v	8	0
қажырлылық	n	2	17
қажырлық	n	0	8
қазак	n	0	15
қазанама	n	2	10
қазанат	n	8	58
қазандық	n	7	97
қазаншық	n	0	2
қазаны	n	0	56
қазанқап	n	3	25
қазаттық	n	0	2
қазақи	n	0	3
қазақсың	n	0	8
қазақта	v	2	0
қазақтандыр	v	12	0
қазақтандыру	n	2	3
қазақшалан	v	28	0
қазақшалану	n	0	3
қазақшалат	v	2	0
қазақшыл	n	0	4
қазақшылық	n	10	29
қазақылан	v	31	0
қазақыландыр	v	19	2
қазақыландыру	n	2	6
қазақылану	n	0	3
қазақылық	n	3	12
қазди	v	136	0
қаздит	v	11	0
қаздыр	v	291	3
қаздырт	v	4	0
қазекем	n	8	53
қазекең	n	7	55
қазина	n	0	4
қазоты	n	0	3
қазыл	v	970	15
қазымырлан	v	22	0
қазымырлық	n	3	16
қазын	n	20	89
қазыс	n	11	115
қазық	n	115	360
қазықбау	n	0	2
қазықтал	v	8	0
қазықша	n	0	5
қазғыз	v	13	0
қайа	v	2	0
қайақ	n	0	5
қайбар	v	2	0
қайбарт	v	3	0
қайбір	n	0	27
қайбіреу	n	0	7
қайда	n	14	71
қайдала	v	6	0
қайдан	n	2	10
қайдағы	n	9	378
қайзала	v	2	0
қайлашы	n	0	4
қайлы	n	0	2
қаймал	n	2	7
қаймақтан	v	15	0
қаймақшы	v	6	0
қаймығу	v	14	2
қаймықпай	v	41	0
қайнай	v	360	0
қайнап	v	10	0
қайнар	n	29	433
қайнас	v	346	2
қайнасқан	n	0	3
қайнаттыр	v	31	0
қайнату	n	5	67
қайнатыл	v	77	0
қайнатым	n	0	3
қайнаға	n	19	225
қайны	n	72	168
қайрал	v	138	0
қайрас	v	25	0
қайраткерлер	n	42	469
қайраткерлері	n	0	284
қайраткерлік	n	3	22
қайраткері	n	0	70
қайраттан	v	281	0
қайраттылық	n	4	9
қайрақан	n	0	2
қайрақты	n	0	12
қайраң	n	9	151
қайраңда	v	19	0
қайсарлан	v	23	0
қайсарлы	n	0	3
қайсарлық	n	55	181
қайсарыс	v	2	0
қайсақ	n	2	24
қайсаңда	v	4	0
қайсы	n	557	1123
қайсыбір	n	2	164
қайсыбіреу	n	0	38
қайсысы	n	0	482
қайталаныл	v	5	0
қайталат	v	33	0
қайталаушы	n	0	8
қайталақта	v	3	0
қайталақтау	n	3	5
қайтара	v	407	18
қайтарма	v	191	21
қайтарт	v	32	2
қайтартқыз	v	4	0
қайтарусыз	n	0	2
қайтаруы	n	0	2
қайтарыл	v	413	0
қайтарылатын	n	0	3
қайтарылмаған	n	0	3
қайтарылу	n	0	50
қайтарылуы	n	0	2
қайтарылған	n	0	4
қайтарыс	v	14	0
қайтарған	n	5	105
қайтарғы	n	0	48
қайтсе	n	0	12
қайту	n	184	1097
қайтушы	n	0	2
қайтыл	v	2	0
қайтым	n	12	52
қайтып	v	291	5
қайтыс	v	68	19
қайтіп	v	6	0
қайшан	n	0	7
қайшылан	v	36	0
қайшыландыр	v	9	0
қайшылас	v	85	0
қайшылат	v	4	0
қайшылықсыз	n	0	7
қайшылықтары	n	0	74
қайыл	n	0	2
қайымдасу	n	0	4
қайын	n	33	139
қайында	v	2	0
қайындат	v	4	0
қайыра	v	237	9
қайырлас	v	10	0
қайырлат	v	10	0
қайырмалау	n	0	2
қайырт	v	21	8
қайыру	n	24	221
қайыршақ	v	5	0
қайыршыландыр	v	5	0
қайырылу	n	0	16
қайырымсыздық	n	0	15
қайырысу	n	0	2
қайыстан	v	2	0
қайыстыр	v	247	0
қайыт	v	12	0
қайытыл	v	2	0
қайықша	n	0	5
қайғылану	n	0	3
қайғыру	n	20	92
қайғырыс	v	13	0
қайғысыздық	n	0	4
қайқай	v	258	58
қайқайт	v	99	0
қайқалақ	n	0	2
қайқақтат	v	2	0
қайқаң	n	3	58
қайқаңда	v	31	7
қайқаңдат	v	15	0
қайқи	v	85	4
қайқит	v	6	0
қайқыла	v	16	0
қаладағы	n	0	30
қалай	n	555	1212
қалайсың	n	0	44
қалайыла	v	13	0
қалайылан	v	2	0
қалайышы	n	0	2
қалайық	n	0	5
қалалар	n	239	1271
қалалары	n	0	256
қаламда	n	0	9
қаламдас	n	0	38
қаламсап	n	10	19
қаламша	n	0	4
қаламы	n	0	180
қалап	v	45	0
қаластыр	v	25	0
қаласы	n	2	690
қалат	v	43	0
қалатын	n	49	526
қалатынын	n	0	5
қалаушы	n	0	170
қалауы	n	0	305
қалашы	n	0	80
қалашыл	v	34	0
қалақай	n	5	34
қалб	n	2	12
қалбалақта	v	41	0
қалбалаңда	v	2	0
қалбақта	v	18	0
қалбаң	n	0	2
қалбаңда	v	35	0
қалбаңдас	v	2	0
қалбаңдат	v	3	0
қалби	v	26	2
қалдаяқ	n	0	2
қалды	n	0	26
қалдырар	n	0	53
қалдырт	v	19	0
қалдыру	n	136	623
қалдырыл	v	454	0
қалдырған	n	14	277
қалдығы	n	0	43
қалдықтар	n	38	271
қалдықтары	n	0	86
қалдықтарын	n	0	9
қалжа	n	24	72
қалжалан	v	2	0
қалжаура	v	3	0
қалжақ	v	9	3
қалжақта	v	2	0
қалжақтас	v	2	0
қалжырас	v	2	0
қалжырау	n	2	10
қалжыңбастық	n	0	4
қалжыңдас	v	220	0
қалжыңдау	n	0	16
қалжыңшы	n	0	2
қалил	v	6	0
қалмай	v	1268	54
қалмау	n	46	434
қалмақша	n	0	4
қалп	n	3	1018
қалталан	v	26	0
қалташық	n	0	2
қалтақта	v	19	0
қалтақтат	v	2	0
қалтаң	n	34	107
қалтаңда	v	20	0
қалтаңдат	v	7	0
қалтит	v	5	0
қалтылдат	v	25	0
қалтылдау	n	0	4
қалтыр	v	172	4
қалтыран	v	15	0
қалтырап	v	10	0
қалтырау	n	2	18
қалтқысыз	n	0	4
қалушылық	n	9	25
қалуы	n	0	158
қалуын	n	0	32
қалшит	v	5	0
қалшыл	n	2	12
қалшылдау	n	0	6
қалын	n	68	103
қалыпсыз	n	0	10
қалыпсыздық	n	0	2
қалыптан	v	120	0
қалыптарын	n	0	37
қалыптаса	v	288	0
қалыптасатын	n	0	26
қалыптастыра	v	205	0
қалыптастыратын	n	0	7
қалыптастырыл	v	73	0
қалыптастырып	v	6	0
қалыптасу	n	19	453
қалыптасқан	n	0	94
қалыптау	n	2	7
қалыптылық	n	6	13
қалыстық	n	2	3
қалық	n	5	48
қалықтат	v	48	0
қалықтау	n	6	19
қалыңдан	v	2	0
қалыңдат	v	67	0
қалыңдығы	n	0	120
қалғандар	n	121	1105
қалғу	n	5	37
қалғып	v	9	2
қалғыс	n	3	387
қалғыт	v	36	0
қалқажан	n	0	5
қалқай	v	147	10
қалқайт	v	42	0
қалқалан	v	23	0
қалқалау	n	0	4
қалқама	n	0	4
қалқанын	n	0	12
қалқатай	n	0	84
қалқаш	n	0	55
қалқақтат	v	2	0
қалқит	v	37	0
қалқу	n	0	6
қалқыма	v	5	2
қалқыт	v	69	0
қамады	n	0	2
қамала	v	217	6
қамалас	v	30	0
қамалда	v	2	0
қамалу	n	2	40
қамап	v	39	0
қамас	v	39	5
қамастыр	v	4	2
қамат	v	103	8
қаматтыр	v	18	0
қамаушы	n	0	4
қамаш	n	2	8
қамашау	n	0	6
қамбала	v	2	0
қамдал	v	23	0
қамданып	v	11	0
қамданыс	v	5	0
қамдап	v	8	0
қамдас	v	13	0
қамдастыр	v	28	0
қамдат	v	15	0
қамдау	n	12	48
қампайт	v	43	0
қампи	v	154	8
қампит	v	52	0
қамсызда	v	3	0
қамсыздан	v	2	0
қамсыздандырыл	v	11	0
қамсыздану	n	0	2
қамсыздық	n	3	6
қамтама	n	0	674
қамтеме	n	2	6
қамтитын	n	5	24
қамту	n	34	270
қамтуы	n	0	16
қамтыл	v	570	0
қамтылуы	n	0	6
қамтылған	n	0	13
қамтып	v	6	0
қамтыған	n	2	43
қамтығы	n	0	4
қамшыгер	n	0	13
қамшыл	v	130	79
қамшылан	v	21	0
қамшылас	v	11	0
қамшылат	v	14	0
қамшылау	n	3	26
қамын	n	0	180
қамырлан	v	3	0
қамысақ	v	7	0
қамысы	n	0	6
қамытшы	n	0	6
қамыш	n	0	2
қамығу	n	6	29
қамығушы	n	0	3
қамықтыр	v	57	0
қамқап	v	9	2
қамқорла	v	11	2
қамқорсы	v	10	0
қамқоршысы	n	0	21
қанал	v	94	22
қаналушы	n	0	20
қаналы	n	0	10
қанас	n	9	19
қанаттан	v	272	0
қанаттану	n	0	8
қанату	n	0	4
қанаушы	n	0	137
қанафия	n	0	4
қанағатсыздық	n	8	22
қанағаттандырарлық	n	0	4
қанағаттандыру	n	33	229
қанағаттандырушы	n	0	2
қанағаттанғысыз	n	0	3
қанағатшыл	n	0	40
қанағатшылдық	n	4	27
қанағыш	n	0	4
қанақ	n	0	2
қанд	n	133	1504
қандай	n	23	422
қандайлық	n	0	2
қандала	n	3	62
қандан	v	55	0
қандат	v	60	5
қандау	n	0	2
қандақ	n	0	7
қандек	n	5	29
қанден	n	12	40
қандил	n	0	2
қандыағаш	n	3	20
қандырт	v	2	0
қандыру	n	8	50
қанжарла	v	2	0
қанжарлас	v	6	0
қанжыға	n	34	325
қанжығалы	n	0	62
қансу	n	0	13
қансы	v	3	0
қансырат	v	75	2
қансырау	n	0	2
қанталат	v	10	0
қанталау	n	0	6
қану	n	0	13
қаншада	n	0	4
қаншалық	v	837	8
қаншама	n	7	16
қаншыл	n	0	2
қаншылдық	n	0	2
қаны	n	2	460
қаным	v	291	146
қанып	v	24	3
қаныпезер	n	8	75
қаныпезерлен	v	3	0
қаныпезерлік	n	3	24
қаныс	v	10	4
қанығ	v	198	34
қанығу	n	0	30
қанықтыр	v	48	0
қаның	v	291	81
қанғыз	v	3	0
қанқор	n	0	6
қанқыз	v	38	0
қанқұйлы	n	0	16
қапала	n	0	2
қапаландыр	v	48	0
қапалану	n	2	22
қапалақта	v	9	0
қапалақтат	v	2	0
қапалық	n	18	137
қапаш	n	2	10
қапақ	v	2	0
қапелім	n	2	475
қапсыр	v	83	2
қапталдас	v	56	0
қапталдат	v	3	0
қаптас	v	4	0
қаптат	v	260	0
қаптаған	n	0	90
қаптесер	n	0	19
қаптыр	v	171	3
қаптыру	n	0	2
қапу	n	2	11
қапылдық	n	0	10
қапылт	v	4	0
қапылыс	n	5	318
қапылық	n	0	5
қапыс	n	0	43
қапысы	n	0	4
қапысыз	n	0	7
қапысын	n	0	4
қапқан	n	0	36
қарабай	n	49	199
қарабайырлан	v	36	0
қарабайырландыр	v	24	0
қарабайырлану	n	0	12
қарабайырлық	n	5	29
қарабалық	n	0	2
қарабарқындан	v	12	0
қарабатыр	n	8	27
қаработа	n	0	6
қарабүр	v	2	0
қарагөз	n	7	48
қарады	n	0	19
қаражатсыздық	n	0	2
қаражаттар	n	8	27
қаражаттары	n	0	7
қаражаты	n	0	93
қараз	n	0	14
қарайды	n	0	4
қарайлас	v	104	2
қарайластыр	v	2	0
қарайласу	n	2	5
қарайлат	v	11	0
қарайлау	n	4	42
қарайту	n	0	10
қарайтын	n	27	214
қарайтыны	n	0	4
қарайым	n	0	3
қарайған	n	33	172
қаракеш	v	12	0
қаракүйе	n	0	4
қаракөк	n	16	36
қаралай	v	28	0
қараланушы	n	0	2
қаралаушы	n	0	8
қаралу	n	2	132
қаралық	n	8	21
қарамайлан	v	3	0
қарамайтын	n	0	13
қарамы	n	0	3
қарамыс	n	0	4
қарамық	n	3	15
қарану	n	0	5
қараот	n	0	2
қарапайымдал	v	11	0
қарапайымдалу	n	0	2
қарапайымдан	v	20	0
қарапайымдандыр	v	29	0
қарапайымдылық	n	30	127
қараса	v	161	11
қарасам	v	3	2
қарасан	n	2	14
қарасора	n	0	4
қараспан	n	20	31
қарастырушы	n	0	9
қаратпа	v	84	15
қараттыр	v	2	0
қаратыл	v	127	0
қаратқан	n	0	41
қаратқыз	v	3	0
қараушылық	n	8	18
қарауы	n	0	175
қарауылдат	v	2	0
қарауылдау	n	0	16
қарауылдық	n	0	3
қарауылхана	n	0	3
қарауылшы	n	0	78
қарауындағы	n	0	14
қарауыт	v	1083	0
қарауыту	n	0	2
қарауытыңқыра	v	2	0
қарашай	n	0	14
қарашаңырақ	n	3	24
қарашекпенді	n	0	7
қарашолақ	n	0	9
қарашоқ	n	0	36
қарашыл	v	14	0
қарашығым	n	8	12
қарашың	n	0	3
қарашұлы	n	0	8
қараю	n	0	11
қарағайлы	n	0	15
қарағышта	v	17	0
қарағыштау	n	0	9
қарағұ	v	3	0
қарағұс	n	0	5
қарақал	v	10	0
қарақан	n	0	2
қарақас	n	7	94
қарақасқа	n	0	11
қарақоға	n	0	11
қарақшылар	n	55	309
қарақұр	n	3	183
қарақұрт	n	6	40
қарақұрым	n	2	3
қарақұс	n	32	205
қараң	n	165	407
қараңқағыр	n	2	10
қараөзек	n	2	10
қарбала	n	19	40
қарбалас	n	105	200
қарбан	v	5	0
қарбаңда	v	2	0
қарбыт	v	55	0
қаржал	v	3	0
қаржау	n	7	34
қаржыландыра	v	14	0
қаржыландырған	n	0	2
қариа	n	0	4
қариялар	n	48	357
қарла	v	7	0
қарлан	v	11	0
қарлат	v	11	0
қарлен	v	6	0
қарлығу	n	0	5
қарлықтыр	v	7	0
қармал	v	25	0
қармалан	v	12	0
қармалану	n	0	2
қармалас	v	4	0
қармалат	v	2	0
қарману	n	0	23
қармас	v	23	12
қармат	v	2	0
қарн	n	3	1065
қарна	v	18	0
қарнал	v	5	0
қарны	n	0	101
қарның	v	43	16
қарп	v	158	25
қарпы	v	20	8
қарпыл	v	5	0
қарпыс	v	8	0
қарпыт	v	8	0
қарсыластық	n	6	15
қарсыласын	n	0	2
қарсыласқа	n	0	5
қарсылығы	n	0	99
қартайт	v	113	0
қартайыңқыра	v	2	0
қарталан	v	3	0
қартаю	n	11	67
қарттар	n	94	603
қарты	n	0	25
қаруландыру	n	9	20
қарулану	n	9	56
қаруланғандық	n	0	4
қарун	n	0	7
қарусыздан	v	12	0
қарусыздандырыл	v	8	0
қаруы	n	0	159
қаршай	v	2	0
қаршылдат	v	33	0
қарыздану	n	0	5
қарыздары	n	0	17
қарызы	n	0	16
қарыстыр	v	39	0
қарысу	n	0	16
қарыт	v	17	0
қарышта	v	42	3
қарыштат	v	5	0
қарыштау	n	0	6
қарыған	n	0	15
қарығу	n	0	2
қарықта	n	0	2
қарықтал	v	2	0
қарықтау	n	0	2
қарықтыр	v	173	0
қарғал	v	239	51
қарғам	v	23	12
қарғану	n	0	9
қарғанып	v	2	0
қарғап	v	18	0
қарғас	n	5	38
қарғаса	n	0	4
қарғат	v	2	0
қарғаш	n	2	50
қарғашым	v	2	0
қарғу	n	0	24
қарғыбау	n	6	29
қарғыла	v	7	0
қарғылан	v	2	0
қарғылат	v	3	0
қарғыста	v	3	0
қарғыш	n	0	2
қарқылдас	v	49	0
қарқылдат	v	8	0
қарқылдау	n	0	3
қарқында	v	26	5
қарқындат	v	8	0
қарқындау	n	0	2
қарқыны	n	0	63
қарқынын	n	0	6
қасаб	n	0	5
қасад	v	2	0
қасап	n	16	125
қасапта	v	2	0
қасарт	v	7	0
қасару	n	0	2
қасарыс	v	475	4
қасарысу	n	2	17
қасаңда	v	17	0
қасаңдан	v	21	0
қасаңсы	v	2	0
қасер	n	5	34
қасиетте	v	38	0
қасиеттел	v	4	0
қасиеттелу	n	0	2
қасиеттен	v	3	0
қасиеттер	n	305	1128
қасиеттері	n	0	388
қасиеттерін	n	0	23
қасиеттеу	n	3	10
қасиеті	n	0	395
қасиетін	n	0	39
қаспақтан	v	6	0
қастас	v	99	14
қастастыр	v	5	0
қастастық	n	0	3
қастасу	n	3	19
қастерлеген	n	0	7
қастерлен	v	40	0
қастерлет	v	2	0
қастерлеу	n	18	64
қасу	n	0	24
қасына	v	11	0
қасыну	n	0	10
қасыныс	v	8	0
қасыт	v	17	0
қасығ	n	0	27
қасіреттен	v	8	0
қасқабұлақ	n	0	16
қасқарт	v	8	0
қасқақ	n	0	4
қасқи	v	137	4
қасқит	v	7	0
қатайту	n	0	5
қатала	v	70	0
қаталан	v	2	0
қаталас	v	20	4
қаталат	v	14	0
қаталдан	v	8	0
қаталдану	n	0	3
қатарлан	v	79	0
қатарластырыл	v	9	0
қатарласу	n	0	7
қатарлат	v	7	0
қатарлық	n	0	2
қатарында	n	0	6
қатарындағы	n	0	3
қатаңдан	v	2	0
қателестір	v	4	0
қателесу	n	2	162
қателігін	n	0	3
қатерл	n	49	598
қатерлен	v	2	0
қатпарла	v	2	0
қатпарлан	v	100	0
қатпарлану	n	0	2
қатра	n	0	2
қаттал	v	127	0
қаттан	v	43	0
қаттат	v	4	0
қаттыла	v	34	0
қаттыр	v	11	0
қатулан	v	397	4
қатуландыр	v	2	0
қатыбастан	v	2	0
қатыгезден	v	19	0
қатыгездендір	v	3	0
қатыл	v	33	2
қатым	n	0	6
қатынасатын	n	0	5
қатынастар	n	252	995
қатынастарын	n	0	72
қатынастыру	n	3	8
қатынастырыл	v	9	0
қатынасы	n	0	275
қатынасқа	n	0	12
қатынат	v	4	0
қатынау	n	6	26
қатындан	v	6	0
қатындар	n	91	550
қатыны	n	0	285
қатып	v	111	0
қатырла	v	4	2
қатырт	v	2	0
қатыру	n	8	93
қатырыл	v	17	0
қатыса	v	406	4
қатыспай	v	71	0
қатыстылығы	n	0	21
қатыстыру	n	15	45
қатыстырылу	n	0	16
қатысушылар	n	46	300
қатысушылары	n	0	19
қатысуы	n	0	261
қатысы	n	2	37
қатығ	n	3	35
қатқақта	v	2	0
қатқақтан	v	2	0
қатқы	n	0	19
қатқыз	v	7	0
қатұн	n	0	2
қауди	v	7	0
қаудыра	v	24	0
қаудырат	v	5	0
қаудырлат	v	11	0
қауесет	n	25	100
қаужа	v	10	2
қаужала	v	2	0
қаужан	v	3	0
қаужас	n	0	2
қаужаула	v	2	0
қаужаңда	v	4	0
қаужаңдас	v	16	0
қаужаңдау	n	0	3
қауза	v	28	0
қаузастыр	v	2	0
қаулас	v	15	0
қаулат	v	26	0
қаулау	n	0	2
қаулылары	n	0	28
қаулыларын	n	0	15
қаулысы	n	0	150
қаулысын	n	0	68
қаумала	v	205	2
қаумалас	v	43	0
қаумалау	n	0	2
қаупайла	v	7	0
қаусат	v	135	5
қаусау	n	0	4
қаусыр	v	137	0
қаусыру	n	0	2
қаусырыл	v	11	0
қаусырын	v	49	0
қауымдастыр	v	7	0
қауымшылдық	n	0	6
қауырсындан	v	2	0
қауыртта	v	2	0
қауыстыр	v	4	0
қауыштыр	v	101	8
қауыштыру	n	0	3
қауышу	n	10	87
қауіпсіздендіру	n	0	4
қауіпсіздендіріл	v	4	0
қауіптендір	v	14	0
қауіптену	n	2	70
қауғала	v	2	0
қауғалан	v	15	0
қауқай	v	8	0
қауқайт	v	4	0
қауқалақтас	v	2	0
қауқары	n	0	17
қауқи	v	131	4
қауқит	v	14	0
қауқылда	v	36	0
қауқылдас	v	162	0
қаф	n	2	5
қашаба	n	0	2
қашал	v	262	4
қашан	n	0	1010
қашас	n	0	4
қашат	v	13	0
қашаш	n	0	2
қашаңда	v	10	0
қашты	n	0	19
қаштыр	v	10	0
қашу	n	83	687
қашып	v	245	0
қашырлат	v	10	0
қашырту	n	0	2
қашыру	n	3	21
қашықсын	v	3	0
қашықтат	v	28	0
қашықтату	n	0	3
қашыңқыра	v	6	0
қашқалақтау	n	0	2
қашқақтат	v	2	0
қашқақтау	n	4	20
қашқыз	v	6	0
қашқылық	n	0	4
қая	v	394	7
қаяздан	v	2	0
қаяулан	v	16	0
қаяқ	n	0	34
қаға	v	771	92
қағажу	n	3	6
қағазбасты	n	0	8
қағаздар	n	230	480
қағаздарын	n	0	12
қағаздас	v	7	0
қағаздат	v	13	0
қағаздау	n	0	3
қаған	n	62	301
қағансырат	n	2	3
қағусыз	n	0	2
қағылу	n	0	12
қағылып	v	12	0
қағылыс	v	4	0
қағым	n	13	268
қағына	v	16	0
қағындыр	v	16	0
қағынған	n	0	22
қағып	v	63	0
қағырла	v	2	0
қағыстыру	n	2	12
қағысу	n	2	45
қағытпа	n	3	9
қағыту	n	0	9
қақайт	v	13	0
қақал	v	311	4
қақала	v	6	0
қақалт	v	20	0
қақалып	v	2	0
қақаң	n	0	2
қақаңда	v	5	0
қақаңдат	v	2	0
қақбас	n	12	50
қақи	v	96	2
қақит	v	6	0
қақию	n	0	2
қақпайла	v	22	0
қақпайлау	n	0	11
қақпалау	n	0	2
қақпалы	n	0	3
қақпан	n	91	762
қақпаншы	n	0	2
қақпау	n	0	6
қақпақта	v	3	0
қақпақты	n	0	12
қақпақыл	n	0	31
қақпақылда	v	18	0
қақпақылдас	v	2	0
қақпақылдау	n	0	5
қақсату	n	0	2
қақсау	n	0	23
қақсауық	n	0	2
қақсы	v	14	0
қақтал	v	239	0
қақтан	v	38	0
қақтат	v	12	0
қақтаттыр	v	2	0
қақтау	n	0	12
қақты	n	0	9
қақтыр	v	389	0
қақтыру	n	0	3
қақтыға	v	7	0
қақтығыстыр	v	10	0
қақтығысу	n	2	46
қақтығысы	n	0	30
қақтық	v	19	0
қақтықтыр	v	2	0
қақшай	v	4	0
қақшақ	n	0	3
қақшаңда	v	13	3
қақшаңдат	v	8	0
қақши	v	147	6
қақшит	v	28	0
қақшы	v	7	0
қақырай	v	32	3
қақырайт	v	7	0
қақырат	v	133	0
қақыру	n	0	2
қақырын	v	135	0
қаққан	n	16	388
қаққы	n	0	11
қаққыз	v	42	0
қаққылау	n	0	2
қаққышта	v	8	0
қаңбақ	n	43	92
қаңлы	n	0	116
қаңса	v	2	0
қаңсы	v	147	0
қаңсылат	v	15	0
қаңсылау	n	0	3
қаңсыт	v	31	0
қаңтару	n	0	7
қаңтарыл	v	137	0
қаңтарылу	n	0	5
қаңылтырлат	v	3	0
қаңырат	v	38	0
қаңғалақта	v	15	0
қаңғу	n	4	15
қаңғуылдау	n	0	2
қаңғыбастық	n	0	5
қаңғыра	v	31	0
қаңғырат	v	2	0
қаңғырла	v	22	4
қаңғырлат	v	21	0
қаңғырт	v	239	13
қаңғыру	n	2	22
қаңғыт	v	118	0
қаңқай	v	30	2
қаңқайт	v	2	0
қаңқи	v	66	0
қаңқыл	n	4	36
қаңқылда	v	108	4
қаңқылдас	v	13	0
қаңқылдат	v	12	0
қаңқылдау	n	0	2
қаһ	v	389	5
қаһарлану	n	0	6
қаһарын	n	0	3
қаһр	n	0	5
қиамет	n	0	2
қибат	n	13	23
қиблагаһ	n	0	2
қибыжықта	v	2	0
қидалас	v	17	0
қидыр	v	125	2
қидырт	v	5	0
қидыру	n	0	8
қийамат	n	0	2
қила	v	2	0
қилан	v	2	0
қилылығын	n	0	3
қимайсың	n	0	7
қимайы	n	0	2
қимат	v	4	0
қимау	n	0	6
қимылдар	n	56	364
қимылдас	v	11	0
қимылдату	n	0	13
қимылдау	n	14	274
қимылын	n	0	100
қинала	v	278	18
қиналдыр	v	3	0
қиналт	v	51	0
қиналту	n	0	2
қиналу	n	6	105
қиналушы	n	0	2
қиналып	v	26	3
қинап	v	19	0
қинас	v	5	0
қинау	n	15	172
қипалақта	v	2	0
қипалақтат	v	2	0
қипақтас	v	8	0
қипақтау	n	0	2
қиралаң	n	0	2
қиралаңда	v	4	2
қиралаңдат	v	4	0
қиран	v	19	0
қиратты	n	0	2
қираттыр	v	2	0
қирату	n	18	130
қиратылу	n	0	19
қиратқыз	v	2	0
қирау	n	3	64
қираға	n	0	9
қисаб	n	0	122
қисайту	n	0	2
қисайыңқыра	v	5	0
қисалаңда	v	8	0
қисап	n	33	482
қисаптас	v	2	0
қисаптау	n	0	2
қисаю	n	2	11
қисақтат	v	2	0
қисаң	n	0	9
қисаңдат	v	58	0
қисуа	n	0	3
қисында	v	9	0
қисындас	v	3	0
қисындастыр	v	6	0
қисындастыру	n	0	3
қисындат	v	6	0
қисындау	n	0	4
қисындыр	v	20	0
қисыны	n	0	52
қит	v	56	2
қиталас	v	2	0
қитарла	v	3	0
қитарлан	v	2	0
қитарлану	n	0	2
қитықтан	v	16	0
қитықтыр	v	2	0
қиыл	v	1181	33
қиылдыр	v	4	0
қиылт	v	5	0
қиылу	n	0	2
қиылыстыр	v	3	0
қиылысу	n	0	19
қиындал	v	9	0
қиындас	v	8	0
қиындастыр	v	9	0
қиындату	n	0	9
қиындатыл	v	11	0
қиындығы	n	0	41
қиынсын	v	33	0
қиып	v	23	2
қиыршықта	v	2	0
қиыршықтал	v	2	0
қиыршықтан	v	11	0
қиыста	v	47	0
қиыстан	v	2	0
қиыстыру	n	0	28
қиыстырыл	v	48	0
қиыстырылу	n	0	2
қиықта	v	11	0
қиықтан	v	2	0
қиықшала	v	3	0
қиюла	v	11	0
қиюлан	v	3	0
қиюлас	v	91	0
қиюластыр	v	95	0
қиюластыру	n	3	10
қиюластырыл	v	33	0
қиюласу	n	0	8
қияла	v	38	4
қиялат	v	10	0
қиялдандыр	v	4	0
қиялдандыру	n	0	2
қиялдану	n	2	12
қиялдау	n	11	80
қиянатта	v	8	0
қиянда	v	4	0
қияста	v	9	0
қиястан	v	22	0
қияқтан	v	20	0
қияңқылан	v	2	0
қиғашта	v	51	5
қиғаштал	v	4	0
қиғаштан	v	15	0
қиғаштат	v	4	0
қиғыз	v	32	0
қиғыздыр	v	2	0
қиғыла	v	2	0
қиқ	v	569	321
қиқай	v	53	0
қиқайт	v	6	0
қиқалақта	v	2	0
қиқалақтат	v	4	0
қиқалаңда	v	3	0
қиқарлан	v	18	0
қиқақта	v	2	0
қиқақтат	v	2	0
қиқаң	v	16	3
қиқаңда	v	20	10
қиқаңдас	v	2	0
қиқаңдат	v	55	0
қиқаңдау	v	3	0
қиқи	v	22	0
қиқула	v	86	0
қиқулас	v	31	0
қиқулат	v	21	0
қиқылда	v	18	2
қиқылдас	v	16	0
қиқылдат	v	12	0
қиқылдақ	n	2	6
қиқымдал	v	2	0
қм	v	2	0
қобалжу	n	23	136
қобалжыт	v	146	0
қобан	n	0	9
қобдилан	v	5	0
қобыла	n	0	11
қобырат	v	52	0
қобырсы	v	3	0
қодайт	v	3	0
қодаң	n	0	2
қодаңда	v	2	0
қодилан	v	11	0
қодырай	v	11	0
қодыраңда	v	2	0
қожалақта	v	2	0
қожалақтан	v	12	0
қожамжар	n	2	16
қожасы	n	0	123
қожасын	v	5	2
қожағұлұлы	n	0	3
қожаңда	v	16	0
қожаңдас	v	2	0
қожырай	v	20	0
қожырас	v	2	0
қожырат	v	21	0
қожыраңда	v	2	0
қожырмақтан	v	2	0
қозда	v	136	22
қоздан	v	52	0
қоздандыр	v	4	0
қоздап	v	4	0
қоздат	v	148	3
қоздау	n	0	9
қоздаған	n	0	6
қоздырт	v	3	0
қоздырыл	v	13	0
қоздырылу	n	0	2
қозыла	v	4	0
қозылары	n	0	9
қозғайтын	n	0	13
қозғалақтас	v	8	0
қозғалақтат	v	9	0
қозғалдыр	v	3	0
қозғалту	n	0	16
қозғалу	n	25	359
қозғалысы	n	0	369
қозғалғаны	n	0	7
қозғас	v	6	0
қозғат	v	18	0
қозғату	n	0	2
қозғау	n	39	353
қойбатпақтан	v	3	0
қойды	n	0	26
қойдыр	v	348	0
қойдырт	v	12	0
қойдыру	n	2	19
қойдың	n	0	78
қойла	v	14	0
қойлар	n	163	419
қойлау	n	0	4
қоймайды	n	0	5
қоймалжыңда	v	2	0
қоймаған	n	18	234
қойнауы	n	0	54
қойны	n	0	10
қойылатын	n	0	22
қойылмайтын	n	0	4
қойылу	n	3	267
қойылуы	n	0	53
қойылып	v	153	0
қойым	v	93	28
қойындас	v	93	0
қойындастыр	v	3	0
қойып	v	1034	30
қойыртпақтан	v	4	0
қойыртпақтат	v	2	0
қойыс	v	164	20
қойысу	n	0	3
қойың	n	118	553
қойған	n	72	1853
қойғыз	v	339	3
қойғызу	n	8	16
қойғыл	v	4	0
қойғыла	v	4	0
қойғылас	v	3	0
қойқаңда	v	6	0
қолайлан	v	11	0
қолайсыздан	v	23	0
қоламталан	v	9	0
қолапайсыздан	v	3	0
қолбастық	n	0	2
қолбаң	v	2	0
қолбаңда	v	3	0
қолбыра	v	6	0
қолдайтын	n	0	38
қолдама	v	116	2
қолдана	v	398	9
қолданатын	n	0	42
қолданба	v	174	15
қолдандыр	v	7	0
қолдану	n	173	1045
қолданылу	n	0	259
қолданылуы	n	0	45
қолданылып	v	12	0
қолданысы	n	0	21
қолданған	n	16	201
қолдап	v	12	0
қолдар	n	43	833
қолдары	n	0	478
қолдарын	n	0	437
қолдасу	n	0	4
қолдаш	n	0	22
қолдыра	v	4	0
қолпашта	v	81	0
қолпаштал	v	2	0
қолпаштау	n	7	30
қолпылдат	v	2	0
қолхоз	n	0	4
қолы	n	0	2378
қолын	n	16	1959
қолқала	v	71	4
қолқалан	v	3	0
қолқалау	n	2	6
қолқылда	v	17	0
қолқылдат	v	2	0
қомдау	n	0	3
қомпай	v	19	2
қомпайт	v	17	0
қомпаңда	v	3	2
қомпаңдас	v	9	0
қомпаңдат	v	4	0
қомпи	v	36	2
қомпит	v	12	0
қомсын	v	124	0
қона	v	686	149
қонақтар	n	284	933
қонақтат	v	24	0
қонақтау	n	2	16
қонба	v	403	8
қонды	n	0	14
қондырт	v	4	0
қондыру	n	13	64
қондырыл	v	79	0
қондырыс	n	3	11
қонжи	v	134	18
қонжит	v	59	0
қону	n	28	374
қонып	v	225	0
қоныста	v	53	5
қоныстандыру	n	7	42
қоныстанған	n	0	32
қоныстау	n	0	4
қонғыз	v	10	0
қоп	n	19	97
қопай	v	2	0
қопалақта	v	2	0
қопарт	v	10	0
қопару	n	2	29
қопарылу	n	0	2
қопарыс	v	3	0
қопарыстыр	v	26	0
қопақта	v	2	0
қопаңда	v	23	0
қопаңдас	v	10	0
қопаңдат	v	11	0
қопсытыл	v	2	0
қопыра	v	10	0
қоразсын	v	3	0
қорала	v	24	0
қоралан	v	55	0
қоралау	n	0	2
қорашсын	v	40	0
қорашсыну	n	0	2
қораштан	v	3	0
қорбаңда	v	47	0
қорбаңдас	v	2	0
қорби	v	47	0
қорбит	v	5	0
қордай	n	3	58
қордала	v	7	0
қордалан	v	188	0
қордалану	n	3	18
қордалау	n	0	2
қоректендіру	n	2	6
қоректену	n	5	32
қоржи	v	7	0
қорландыр	v	17	0
қорлану	n	6	50
қорлар	n	31	123
қорлат	v	20	0
қорлығайын	n	0	4
қорсылдат	v	10	0
қорсын	v	30	0
қорти	v	12	0
қортындысы	n	0	2
қору	n	0	16
қоршай	v	72	0
қоршал	v	442	0
қоршала	v	20	0
қоршалас	v	2	0
қоршалат	v	2	0
қоршалу	n	0	5
қоршат	v	30	0
қоршаула	v	2	0
қоршаған	n	2	46
қорылдас	v	2	0
қорылдау	n	0	2
қорына	v	12	0
қорыну	n	0	5
қорыттыр	v	2	0
қорыту	n	14	157
қорытылу	n	0	13
қорытындыла	v	84	2
қорытындылан	v	51	0
қорытындылану	n	0	7
қорытындылары	n	0	51
қорытындыларын	n	0	13
қорытындылау	n	8	65
қорытындысы	n	0	74
қорытындысын	n	0	164
қорытқы	n	0	5
қорығ	n	0	55
қорықпай	v	321	50
қорғай	v	441	11
қорғайтын	n	0	40
қорғал	v	340	0
қорғалан	v	9	0
қорғалау	n	0	17
қорғалақта	v	4	0
қорғалжын	n	2	16
қорғалу	n	0	46
қорғаншақта	v	4	0
қорғаншақтан	v	2	0
қорғап	v	24	0
қорғас	v	36	11
қорғаса	n	2	3
қорғат	v	21	0
қорғату	n	0	4
қорғауы	n	0	26
қорғауын	n	0	29
қорғаштау	n	0	21
қорғаған	n	0	122
қорғағансы	v	2	0
қорқар	n	2	50
қорқақта	v	24	0
қорқылда	v	11	0
қорқылдат	v	5	0
қорқырат	v	34	0
қорқыс	v	55	2
қорқытты	n	0	2
қорқытқан	n	4	67
қорқыңқыра	v	4	0
қосайы	n	0	3
қосамжарлан	v	7	0
қосарландыр	v	2	0
қосарлану	n	0	34
қосарлас	v	18	0
қосатын	n	0	46
қосақтал	v	151	2
қосақталу	n	0	6
қосақтас	v	22	0
қосақтат	v	9	0
қоспақтал	v	2	0
қостал	v	11	0
қостасу	n	0	2
қостат	v	9	0
қостыр	v	92	0
қостырт	v	3	0
қосшым	v	4	0
қосыла	v	687	24
қосылдыр	v	8	0
қосылып	v	134	3
қосымшалар	n	18	93
қосып	v	206	0
қосыс	v	27	0
қосқан	n	16	747
қосқандар	n	0	31
қосқыз	v	18	0
қот	n	2	9
қотару	n	0	4
қотарыл	v	37	3
қотарылу	n	0	2
қотарыстыр	v	4	0
қотта	v	2	0
қошамет	n	12	79
қошақ	n	0	25
қошеметтеу	n	0	11
қоштан	v	5	2
қоштастыр	v	20	0
қоштастыру	n	0	2
қоштат	v	5	0
қоштық	n	0	3
қошы	n	0	7
қошқылда	v	5	0
қошқылдан	v	69	0
қошқылдандыр	v	4	0
қоюландыр	v	16	0
қоюландыру	n	0	2
қоюлану	n	0	10
қоюлат	v	45	0
қоюы	n	0	74
қояным	v	5	0
қоясың	n	0	71
қоғамда	v	10	0
қоғамдас	n	39	61
қоғамдастыр	v	17	0
қоғамдастыру	n	3	12
қоғамдастырыл	v	11	0
қоғамдастырылу	n	2	6
қоғамдағы	n	0	5
қоғамы	n	0	471
қоқайлан	v	2	0
қоқайт	v	12	0
қоқақта	v	2	0
қоқақтат	v	2	0
қоқаңда	v	32	0
қоқаңдат	v	12	0
қоқаңдау	n	0	2
қоқи	v	72	16
қоқилан	v	171	0
қоқит	v	8	0
қоқсы	v	7	3
қоқыра	v	3	0
қоқырайт	v	35	0
қоқырсы	v	9	0
қоқырсыт	v	3	0
қоңай	v	14	0
қоңайт	v	2	0
қоңдан	v	43	0
қоңдандыр	v	4	0
қоңылтақсы	v	19	0
қоңылтақсыт	v	3	0
қоңылтақтан	v	2	0
қоңырай	v	99	0
қоңырайт	v	8	0
қоңырайыс	v	6	0
қоңырат	n	27	253
қоңыраулат	v	148	0
қоңыраулату	n	0	2
қоңырла	v	49	23
қоңырлан	v	25	0
қоңырлат	v	73	0
қоңырсыт	v	32	0
қоңырқайлан	v	4	0
қоңыс	n	16	37
қоңқ	v	2	0
қоңқала	v	7	0
қоңқи	v	36	0
қуалай	v	111	0
қуалас	v	23	0
қуалат	v	7	0
қуалау	n	0	63
қуанту	n	4	56
қуану	n	10	174
қуаныс	v	360	11
қуар	v	873	34
қуарт	v	58	2
қуару	n	0	2
қуаттал	v	84	0
қуатталу	n	0	8
қуаттандыру	n	0	6
қуаттау	n	0	32
қуаты	n	0	480
қуақылан	v	29	0
қуаңда	v	10	0
қуаңдан	v	4	0
қудалан	v	93	0
қудалану	n	0	20
қуды	n	0	12
қудыр	v	86	0
қудыра	v	7	0
қудырт	v	8	0
қудыру	n	0	5
қуза	v	13	0
қула	v	76	0
қуландыр	v	4	0
қумала	v	2	0
қумаш	n	0	9
қуна	v	27	0
қунат	v	18	0
қунақылан	v	3	0
қурайлан	v	2	0
қурат	v	46	0
қурау	n	0	7
қурықан	n	0	2
қусын	v	6	0
қусырт	v	7	0
қусырыл	v	152	0
қусырын	v	16	0
қутыңдас	v	4	0
қутыңдау	v	2	0
қуу	n	47	279
қууш	n	0	75
қуши	v	111	5
қушит	v	29	0
қуыл	v	528	3
қуылу	n	0	28
қуын	v	28	5
қуырт	v	11	0
қуырту	n	0	2
қуыру	n	0	10
қуырыл	v	297	0
қуырылу	n	0	2
қуыста	v	6	0
қуыстал	v	6	0
қуыстану	n	0	3
қуысу	n	0	2
қуыт	n	5	12
қуғыз	v	65	0
қуғындал	v	65	0
қуғындалу	n	0	6
қуғындат	v	3	0
қыбыжықта	v	8	0
қыбырлас	v	16	0
қыбырлат	v	77	0
қыбырлату	n	0	3
қыбырлау	n	0	20
қыди	v	27	2
қыдыра	v	78	4
қыдырттыр	v	2	0
қыдырту	n	3	7
қыдыру	n	24	136
қыдырыста	v	20	0
қыдырыстау	n	2	9
қыдыңда	v	2	0
қыдыңдат	v	6	0
қыж	v	78	22
қыжалдан	v	2	0
қыжылда	v	11	2
қыжылдат	v	27	0
қыжыра	n	0	2
қыжырай	v	6	0
қыжырлан	v	3	0
қыза	v	123	2
қызамықтан	v	4	0
қызарақтас	v	11	0
қызараңда	v	6	0
қызараңдас	v	2	0
қызармай	v	10	0
қызарт	v	165	2
қызарту	n	0	2
қызару	n	0	23
қызарыс	v	5	0
қызарыңқыра	v	7	0
қызбалан	v	52	0
қыздар	n	502	2570
қызды	n	0	75
қыздырмалат	v	4	0
қыздырт	v	6	0
қыздыру	n	3	33
қыздырыл	v	37	0
қыздырын	v	109	0
қыздырып	v	3	0
қызметкерлер	n	95	755
қызметкерлерд	n	0	95
қызметкерлері	n	0	373
қызметкері	n	0	124
қызметт	n	242	393
қызметте	n	2	7
қызметтен	v	13	0
қызметтер	n	106	474
қызметтерд	n	0	106
қызметтері	n	0	103
қызметтерін	n	0	54
қызметш	n	3	452
қызметі	n	0	565
қызметін	n	2	467
қызула	v	43	0
қызулан	v	55	0
қызусыз	n	0	2
қызылауыз	n	0	4
қызылда	v	20	2
қызылдан	v	14	0
қызылдат	v	5	0
қызылжалқындан	v	2	0
қызылжар	n	15	173
қызылиектен	v	2	0
қызылсыра	v	9	0
қызылтамырлан	v	2	0
қызылшырайлан	v	6	0
қызым	v	460	294
қызына	v	14	0
қызыну	n	0	2
қызыр	n	23	103
қызыс	v	9	0
қызығушылығын	n	0	3
қызығы	n	0	223
қызығыс	v	7	0
қызықпа	v	102	2
қызықтама	v	5	2
қызықтандыр	v	3	0
қызықтас	v	11	0
қызықтат	v	2	0
қызықтыру	n	9	55
қызың	v	374	189
қызыңқыра	v	5	0
қызғандыр	v	2	0
қызғану	n	9	46
қызғаныс	v	10	0
қызғылтта	v	20	0
қызғылық	v	300	11
қызғын	v	9	0
қый	v	20	4
қыла	v	1379	183
қылады	n	0	3
қылайын	n	0	4
қыламықта	v	2	0
қылапат	v	2	0
қылаула	v	22	0
қылаулан	v	8	0
қылаулат	v	5	0
қылауыт	v	11	0
қылаңда	v	30	0
қылаңдан	v	10	0
қылаңдат	v	5	0
қылаңыт	v	61	0
қылда	v	3	0
қылды	n	0	59
қылдыр	v	217	6
қылдырықтан	v	2	0
қылжай	v	4	0
қылжақтас	v	11	0
қылжақтау	n	2	5
қылжи	v	79	6
қылжит	v	11	0
қылжыңда	v	2	0
қылилан	v	18	0
қылиландыр	v	4	0
қылилану	n	0	2
қылмау	n	3	29
қылмаңда	v	9	0
қылмаңдат	v	4	0
қылми	v	35	2
қылмит	v	6	0
қылмыңда	v	15	0
қылмыңдас	v	5	0
қылмыңдат	v	6	0
қылп	v	52	9
қылпылда	v	45	0
қылпылдат	v	11	0
қылпыт	v	5	0
қылт	n	2	4
қылтанақта	v	5	0
қылтанақтан	v	2	0
қылтит	v	202	0
қылтылда	v	15	0
қылтылдат	v	5	0
қылтыңда	v	10	0
қылтыңдат	v	10	0
қылу	n	121	809
қылулар	n	0	12
қылшылда	v	154	0
қылшылдат	v	7	0
қылшықтан	v	8	0
қылып	v	279	13
қылыс	v	206	3
қылышбай	n	4	18
қылышта	v	30	0
қылыштал	v	2	0
қылыштас	v	106	4
қылыштасу	n	3	13
қылыштат	v	6	0
қылығы	n	0	227
қылығын	n	0	32
қылықтан	v	3	0
қылықтар	n	115	556
қылған	n	92	1035
қылғы	n	9	147
қылғыз	v	59	2
қылғын	v	151	6
қылғындыр	v	146	0
қылғындыру	n	0	4
қылғынт	v	10	0
қылғыну	n	0	4
қылғыт	v	161	0
қылғыту	n	0	9
қылқ	v	12	5
қылқит	v	24	0
қылқылда	v	16	7
қылқылдат	v	36	0
қылқын	v	46	0
қылқыңдат	v	7	0
қымбатсын	v	14	0
қымбаттат	v	27	0
қымсындыр	v	7	0
қымтал	v	38	0
қымтану	v	2	0
қымтап	v	7	0
қымтау	n	2	16
қымты	v	4	0
қымтыл	v	5	0
қымтыр	v	3	0
қымтырыл	v	177	0
қымыңда	v	3	0
қымқырыл	v	3	0
қынал	n	27	46
қынат	v	3	0
қынжыл	v	556	10
қынжылту	n	0	2
қынжылу	n	0	15
қыну	n	0	2
қыпы	n	0	2
қыпылда	v	6	0
қыпылдау	n	0	3
қыпылықтат	v	2	0
қыпылықтау	n	0	2
қырал	n	0	4
қыраулат	v	7	0
қырауыт	v	32	0
қырағат	n	2	5
қырбас	n	0	13
қырда	v	3	0
қырдағы	n	0	36
қырды	n	0	4
қырдыр	v	56	5
қыржи	v	36	2
қыржы	n	0	3
қыржыңда	v	2	0
қырлан	v	111	0
қырландыр	v	3	0
қырлат	v	2	0
қырман	n	31	278
қырманда	v	2	0
қырнал	v	22	0
қырнат	v	4	0
қырсаула	v	2	0
қырсықтыр	v	2	0
қырти	v	15	0
қырту	v	2	0
қыртылдат	v	2	0
қыртыстал	v	2	0
қыртыстандыр	v	2	0
қыру	v	585	138
қырш	v	132	0
қыршаңқылан	v	3	0
қыршыл	v	14	0
қыршылдат	v	8	0
қыршыт	v	2	0
қыры	n	7	329
қырылдас	v	5	0
қырылу	n	0	90
қырылыс	v	79	5
қырылған	n	6	113
қырылғыр	n	2	8
қырымдық	n	0	13
қырында	v	97	13
қырындат	v	16	0
қырынған	n	0	4
қырып	v	52	0
қырыста	v	2	0
қырыстан	v	40	0
қырыстыр	v	2	0
қырықтыр	v	30	0
қырықтыру	n	0	3
қырыққа	n	0	4
қырыққы	n	0	2
қырғызу	n	0	3
қырғында	v	12	3
қырғындат	v	6	0
қырғындау	n	0	4
қырқарлан	v	3	0
қырқу	n	3	38
қырқыл	v	352	0
қырқылдас	v	3	0
қырқылдау	n	0	2
қырқылу	n	0	8
қырқыра	v	6	0
қырқыстыр	v	33	0
қырқыстыру	n	0	4
қысап	n	0	4
қысастан	v	8	0
қысасы	n	0	2
қысмет	n	0	7
қыспақта	v	2	0
қыспақтал	v	3	0
қысрақ	n	0	2
қыстал	v	2	0
қыстам	v	8	0
қыстат	v	50	0
қыстату	n	5	19
қыстатыл	v	4	0
қыстыгүн	n	0	154
қыстыгүнгі	n	0	3
қыстыру	n	3	11
қыстырыл	v	251	0
қыстырылу	n	0	4
қысы	n	0	64
қысыла	v	167	5
қысылдыр	v	6	0
қысылт	v	8	0
қысылу	n	7	59
қысылып	v	12	0
қысылыңқыра	v	5	0
қысып	v	8	0
қысырат	v	2	0
қысырау	n	0	12
қысыс	v	60	7
қысыңқыра	v	2	0
қысқала	v	87	0
қысқартыл	v	331	0
қысқартылу	n	0	13
қытайы	n	0	4
қытта	v	14	0
қыттас	v	2	0
қытымырлан	v	10	0
қытыр	n	0	2
қытырлат	v	28	0
қытықтан	v	3	0
қытықтас	v	5	0
қытықтат	v	4	0
қытықтау	n	0	6
қышта	v	7	0
қышы	v	116	12
қышын	v	35	2
қышырла	v	9	6
қышырлан	v	4	0
қышырлат	v	25	0
қышыт	v	44	0
қышқаш	n	4	20
қышқылда	v	7	0
қышқылдан	v	16	0
қышқыр	v	157	0
қышқырт	v	3	0
қышқырыс	v	2	0
қыю	n	0	2
қығ	v	2	0
қыңба	v	33	2
қыңсыла	v	123	5
қыңсылас	v	3	0
қыңсылат	v	26	0
қыңсылау	n	3	18
қыңырай	v	126	2
қыңырайт	v	5	0
қыңыратқы	v	7	0
қыңырлан	v	13	0
қыңқылда	v	61	0
құбар	v	2	0
құбба	n	0	12
құбыжықтандыр	v	4	0
құбылдыр	v	5	0
құбылжыт	v	4	0
құбылту	n	0	23
құбылу	n	6	88
құбылыстар	n	279	885
құбылыстарын	n	0	24
құбырлары	n	0	20
құбыры	n	0	53
құдайла	v	4	0
құдайландыр	v	6	0
құдайлар	n	57	375
құдайлас	v	9	0
құдайсы	v	2	0
құдайсын	v	5	0
құдайтағала	n	0	28
құдала	n	0	3
құдалас	v	78	3
құдаластыр	v	5	0
құдаласу	n	0	13
құдасы	n	0	85
құддыс	n	0	6
құди	v	29	0
құдіреттен	v	14	0
құдіреттендір	v	12	0
құдіреттену	n	0	2
құжаттал	v	9	0
құжаттандыр	v	2	0
құжаттар	n	158	562
құжаттары	n	0	68
құжаттарын	n	0	62
құжаты	n	0	22
құжатын	n	0	29
құжақ	n	0	2
құжы	v	2	0
құжылдас	v	2	0
құжына	v	255	2
құжынас	v	4	0
құжынат	v	3	0
құжыр	v	5	0
құжыра	n	7	117
құжырай	v	4	0
құжырлан	v	6	0
құза	v	3	0
құздан	v	6	0
құйаш	n	0	2
құйдыр	v	108	0
құйдыру	n	0	2
құймасы	n	0	2
құйрығы	n	0	360
құйрықта	v	5	0
құйрықтан	v	7	0
құйрықтас	v	7	0
құйт	n	0	2
құйтыңда	v	2	0
құйылдыр	v	3	2
құйылт	v	17	0
құйылу	n	0	51
құйында	n	33	67
құйындату	n	0	2
құйындыр	v	3	0
құйыну	n	0	2
құйыс	v	126	0
құйысқанда	v	2	0
құйықтыр	v	7	0
құйғыз	v	107	0
құйғыту	n	0	3
құйқалан	v	3	0
құйқылжу	n	0	3
құйқылжыт	v	132	0
құлазу	n	2	17
құлазы	v	484	21
құлазыт	v	134	0
құлай	v	559	10
құлала	v	11	0
құлалық	n	12	28
құланиектен	v	25	0
құлас	n	2	58
құлаттыр	v	6	0
құлату	n	20	132
құлатыл	v	92	0
құлатылу	n	0	10
құлатыс	v	3	0
құлатөбел	v	3	0
құлау	n	12	352
құлашта	v	21	0
құлақасқа	n	0	4
құлақта	v	14	0
құлақтан	v	214	0
құлақтандырыл	v	8	0
құлбақ	n	0	3
құлда	v	12	2
құлдан	v	73	0
құлдану	n	2	18
құлдат	v	3	0
құлдау	n	0	2
құлдила	v	93	9
құлдилат	v	24	0
құлдилау	n	0	2
құлдыр	v	69	0
құлдырат	v	69	0
құлдырата	v	4	0
құлдырату	n	0	8
құлдыраңда	v	21	0
құлмамбет	n	6	33
құлмақ	n	2	5
құлпет	n	0	2
құлпырт	v	192	0
құлпырту	n	0	3
құлпырын	v	2	0
құлт	n	0	2
құлшындыр	v	73	0
құлшынт	v	12	0
құлшыну	n	3	18
құлында	v	103	0
құлындат	v	26	0
құлынымда	v	2	0
құлыптал	v	27	0
құлыптан	v	5	0
құлыптат	v	5	0
құлыптау	n	0	3
құлықтан	v	2	0
құлқ	n	4	665
құлқи	v	3	0
құлқуалла	n	5	10
құлқы	n	0	349
құлқын	n	34	375
құмарландыру	n	0	3
құмарлану	n	0	3
құмарлас	v	2	0
құмарттыр	v	5	0
құмартқан	n	2	29
құмартқыз	v	4	0
құмсар	v	3	0
құмырысқа	n	0	32
құмықтыр	v	15	0
құнанбаевтар	n	0	2
құнарлан	v	9	0
құнарсыздану	n	0	3
құнарт	v	4	0
құнда	v	7	0
құндау	n	0	3
құндақта	v	22	0
құндақтал	v	39	0
құндақталу	n	0	2
құндақша	n	0	2
құндылықтар	n	184	470
құнжи	v	17	0
құнжыңда	v	9	0
құнжыңдас	v	12	0
құнсыздан	v	66	0
құнсыздандыр	v	23	0
құнтақ	v	8	0
құнтит	v	53	0
құнтиыс	v	4	0
құнтта	v	23	0
құнттал	v	2	0
құнттау	n	0	3
құны	n	27	365
құнын	n	2	5
құныстан	v	5	0
құныстыр	v	4	0
құнығу	n	2	15
құнық	v	150	5
құнықтыр	v	21	0
құпаш	n	0	6
құпияла	v	20	0
құпиялан	v	16	0
құпиясызда	v	2	0
құптал	v	45	0
құптас	v	12	0
құптат	v	11	0
құптау	n	11	61
құпыл	n	0	2
құраз	v	3	2
құрай	v	581	3
құрайла	v	4	0
құрайт	v	2	0
құрайтта	v	2	0
құрайтын	n	7	57
құрайшы	n	0	3
құраластық	n	0	23
құралда	v	9	0
құралдандыр	v	11	0
құралдар	n	209	845
құралдары	n	0	354
құралдарын	n	0	68
құралсыздандыр	v	2	0
құралу	n	4	74
құралы	n	0	149
құрамай	v	57	0
құрамы	n	0	165
құрандас	v	2	0
құрап	v	17	0
құрастырыл	v	339	0
құрастырылу	n	0	31
құрастырып	v	3	0
құрат	v	8	0
құраула	v	6	0
құрауыштары	n	0	2
құраған	n	0	50
құраң	n	3	10
құрбаң	n	0	2
құрдан	n	0	3
құрды	n	0	7
құрдыр	v	36	0
құржаңда	v	2	0
құрла	v	8	0
құрлат	v	2	0
құрмаластыр	v	2	0
құрмау	n	0	5
құрметсіздік	v	2	0
құрметтел	v	109	0
құрметтелу	n	0	17
құрметтес	v	21	0
құрметтеу	n	56	243
құрса	v	282	0
құрсал	v	15	0
құрсаулан	v	48	0
құрсағы	n	0	16
құрсақтан	v	5	0
құрсын	n	0	2
құртта	v	57	0
құрттат	v	3	0
құртыл	v	68	0
құртылу	n	0	7
құртыс	v	2	0
құртқыз	v	3	0
құру	n	212	1148
құрула	v	2	0
құрш	n	0	19
құрыз	n	0	2
құрылда	v	9	0
құрылу	n	0	278
құрылуы	n	0	80
құрылымдары	n	0	88
құрылымдау	n	0	10
құрылымы	n	0	247
құрылымын	n	0	144
құрылыстар	n	67	274
құрылыстарын	n	0	22
құрылысын	n	0	145
құрылған	n	3	187
құрылғысы	n	0	6
құрын	v	7	0
құрып	v	129	0
құрыса	v	13	0
құрыста	v	31	0
құрыстан	v	25	0
құрыстат	v	5	0
құрыстыр	v	46	0
құрысу	n	0	11
құрысып	v	2	0
құрыт	v	81	11
құрыштан	v	2	0
құрышын	n	0	9
құрықтау	n	0	8
құрғама	v	39	2
құрған	n	11	281
құрғату	n	0	9
құрғатыл	v	7	0
құрғау	n	0	8
құрғақсы	v	4	0
құрғақта	v	12	0
құрғыр	n	115	320
құрқылда	v	11	0
құрқылдас	v	7	0
құсалан	v	54	0
құсат	v	89	0
құсбек	n	9	19
құсеттен	v	2	0
құсмұрын	n	0	27
құста	n	0	4
құстаналау	n	0	2
құстыр	v	82	4
құстыру	n	0	2
құсу	n	2	13
құсығ	n	0	8
құсқанат	n	0	5
құсқы	n	17	84
құсқыз	v	10	0
құтайт	v	2	0
құтанай	n	0	2
құтб	n	0	7
құтба	n	0	2
құтпа	n	4	21
құттық	n	0	32
құттықтас	v	19	2
құтыла	v	328	21
құтылау	n	0	2
құтылт	v	2	0
құтылу	n	102	824
құтып	n	0	7
құтыр	v	991	51
құтырма	v	7	0
құтыру	n	0	8
құтырыну	n	0	6
құтқармаң	n	0	3
құтқару	n	60	472
құтқарылу	n	13	54
құшақтас	v	1016	7
құшақтастыр	v	11	0
құшақтасу	n	0	9
құшақтат	v	53	2
құшақтау	n	5	77
құштарлан	v	43	0
құштарлану	n	0	2
құштыр	v	69	3
құшу	n	7	56
құшын	v	4	0
құшырлан	v	116	0
құшыс	v	5	0
құяр	n	0	19
құқы	n	4	72
құқығы	n	0	143
құқығын	n	0	52
үгу	n	0	2
үгін	v	11	0
үгіттеу	n	5	83
үгіту	n	0	3
үгітші	n	2	77
үдету	n	0	9
үдетіл	v	2	0
үзбей	v	157	2
үзгіз	v	2	0
үзд	n	0	539
үзді	n	0	131
үздіктілік	v	3	0
үзілген	n	10	93
үзілді	n	0	2
үзілмей	v	185	0
үзілмелі	n	0	2
үзіліп	v	38	0
үзілісті	n	0	2
үзіп	v	28	0
үзіс	v	32	0
үйге	n	2	13
үйгіз	v	23	0
үйдегі	n	2	258
үйдір	v	44	0
үйезде	v	37	0
үйездеу	n	0	2
үйелет	v	2	0
үйке	v	24	0
үйкел	v	29	0
үйкес	v	4	0
үйленбеген	n	0	8
үйлендіру	n	6	13
үйлер	n	368	2046
үйлерд	n	0	368
үйлеспе	v	73	0
үйлеспей	v	126	0
үйлестіре	v	18	0
үйлестіріл	v	69	0
үйлесу	n	7	105
үйлесіңкіре	v	5	0
үйме	n	4	42
үймелет	v	57	0
үймелеу	n	0	2
үйрену	n	70	683
үйреншік	v	748	4
үйреніл	v	2	0
үйреніп	v	64	0
үйренісу	n	2	3
үйрететін	n	2	12
үйреттір	v	9	0
үйретіл	v	211	0
үйретілу	n	0	8
үйретінді	n	0	8
үйретіс	v	2	0
үйсіздік	n	0	2
үйткіз	v	3	0
үйту	n	0	4
үйтіл	v	50	0
үйтіп	v	2	0
үйік	n	6	33
үйілдір	v	2	0
үйіліп	v	13	0
үйіліс	v	5	0
үйіп	v	10	0
үйірле	v	24	0
үйірлен	v	7	0
үйірлік	v	4	2
үйірсек	n	0	17
үйірсекте	v	10	0
үйірсектен	v	3	0
үйіру	n	0	24
үйірілдір	v	2	0
үйірілт	v	14	0
үйірілу	n	0	7
үйіріс	v	4	0
үйіс	v	8	0
үйістір	v	2	0
үйіт	v	72	0
үк	n	41	1016
үке	v	2	0
үктір	v	3	0
үкіле	v	43	0
үкілен	v	11	0
үкілет	v	3	0
үкімдері	n	0	17
үкіметі	n	0	427
үкірдай	n	0	45
үлбірет	v	32	0
үлген	n	4	6
үлгерт	v	27	0
үлгеру	n	0	98
үлгеріс	v	3	0
үлгіл	n	150	491
үлгіле	v	13	0
үлгілер	n	114	555
үлгілері	n	0	245
үлгілерін	n	0	102
үлгірт	v	19	0
үлгіріп	v	51	0
үлгісі	n	0	431
үлде	n	0	26
үлдіре	v	3	0
үлдірек	n	0	2
үлем	n	0	2
үлестірт	v	2	0
үлестіру	n	15	47
үлестірілу	n	0	2
үлесу	n	0	3
үлесі	n	0	79
үлкейттір	v	7	0
үлкейту	n	0	13
үлкейтіл	v	48	0
үлкендет	v	3	0
үлкендеу	n	0	17
үлкенді	n	0	2
үлкендік	n	19	59
үлкенсу	v	2	0
үлкенсі	v	5	0
үлкенсін	v	4	0
үлкею	n	0	12
үлп	v	6	0
үліңгір	n	0	3
үміткерлер	n	17	36
үмітсізден	v	7	0
үміттену	n	4	99
үндемей	v	422	59
үндемейтін	n	0	10
үндемеу	n	13	102
үндестігі	n	0	32
үндет	v	6	0
үндетпе	v	4	0
үнемдел	v	48	0
үнемдеу	n	11	72
үнемшілдік	n	0	8
үні	n	0	457
үнін	n	2	210
үпте	v	9	0
үптел	v	4	0
үптет	v	2	0
үпілмәлік	n	0	2
үпір	v	9	0
үрбі	n	0	6
үргелектен	v	7	0
үргіз	v	31	0
үргіле	v	4	0
үргін	n	0	4
үрд	n	5	178
үрді	n	121	219
үрдісі	n	0	125
үрдісін	n	0	71
үрейлендір	v	134	0
үрейлендіру	n	0	8
үрейлену	n	3	56
үркекте	v	29	0
үркектік	n	0	7
үрку	n	9	25
үркіс	v	2	0
үркіту	n	4	57
үркітіл	v	2	0
үрлет	v	2	0
үрлік	n	0	3
үрмебұршақ	n	0	2
үріл	v	6	0
үрінді	n	0	2
үріп	v	5	0
үскір	v	42	0
үстегі	n	0	2
үстелу	n	0	3
үстемділік	n	2	4
үстемелен	v	13	0
үстемелет	v	8	0
үстемелеу	v	2	0
үстін	n	7	2459
үстіртті	n	0	2
үстірттік	n	5	17
үстіртін	n	0	21
үстіріктел	v	4	0
үсу	n	0	7
үсіген	n	0	6
үсін	v	29	2
үсіндір	v	2	0
үсіну	n	0	3
үсіту	n	0	2
үтіктел	v	24	0
үтіктет	v	2	0
үф	n	0	4
үшбу	n	0	7
үшеу	n	35	1448
үшеуле	v	2	0
үшеуі	n	0	467
үшкілде	v	6	0
үшкірле	v	20	0
үшкірт	v	17	0
үшкірту	n	0	3
үшті	n	0	5
үші	n	2	51
үшқат	v	2	0
үю	n	0	15
үға	v	3	0
үңгу	n	2	8
үңгірле	v	6	0
үңгірше	n	0	2
үңгіт	n	0	2
үңілдір	v	13	0
үңілт	v	54	0
үңілу	n	27	199
үңіліп	v	15	0
үңіліс	v	22	0
үңірейт	v	40	0
үңіреңде	v	2	0
үһ	n	0	6
үһі	n	0	3
ұдықтас	v	6	0
ұжымдары	n	0	39
ұжымдас	v	52	2
ұжымдастыр	v	64	0
ұзай	v	32	5
ұзайт	v	23	0
ұзартыл	v	34	0
ұзартылу	n	0	4
ұзартқан	n	0	7
ұзару	n	0	8
ұзаттыр	v	3	0
ұзатылу	n	0	9
ұзау	n	2	9
ұзағы	n	0	7
ұзақсын	v	2	0
ұзақта	v	93	0
ұзақты	n	0	8
ұзақтығы	n	0	32
ұзаңқыра	v	10	0
ұзында	v	75	0
ұзыншақта	v	2	0
ұйлығу	n	0	4
ұйлығыс	v	44	0
ұйлық	v	108	0
ұйлықтыр	v	7	0
ұйпала	v	9	0
ұйпалақтал	v	4	0
ұйпалақтат	v	2	0
ұйтқу	n	0	2
ұйтқыт	v	77	0
ұйымда	v	33	0
ұйымдар	n	54	512
ұйымдары	n	0	149
ұйымдарын	n	0	38
ұйымдастыруын	n	0	2
ұйымдастырыл	v	703	0
ұйымдастырылу	n	0	104
ұйымдастырылуы	n	0	19
ұйымдастырылып	v	7	0
ұйымдастырылған	n	0	14
ұйымдастырып	v	11	0
ұйымдастырған	n	0	44
ұйымдасу	n	10	112
ұйыс	v	425	0
ұйыстыр	v	89	0
ұйыстыру	n	2	11
ұйыстырыл	v	3	0
ұйыту	n	0	11
ұйытыл	v	9	0
ұйытқу	n	0	2
ұйықтат	v	248	0
ұйықтату	n	2	11
ұйықтатыл	v	4	0
ұйықтатқан	v	3	0
ұйықтау	n	19	234
ұйықтағансы	v	2	0
ұйғарыс	v	55	0
ұйқай	n	3	32
ұйқастыр	v	114	0
ұйқастыра	v	13	0
ұйқастыру	n	2	12
ұйқастырыл	v	18	0
ұйқасу	n	0	12
ұйқтау	n	3	17
ұйқыш	v	56	17
ұластырыл	v	2	0
ұласу	n	5	83
ұлпалан	v	5	0
ұлтарт	v	3	0
ұлтарыл	v	2	0
ұлтсыздан	v	19	0
ұлтсыздандыр	v	13	0
ұлтсыздандыру	n	0	3
ұлтсыздану	n	0	2
ұлттандыр	v	15	0
ұлтты	n	0	12
ұлттык	n	0	5
ұлты	n	0	326
ұлылан	v	2	0
ұлысу	n	2	9
ұлыт	v	43	3
ұлыш	n	0	2
ұлықсын	v	7	0
ұлықта	v	83	3
ұлықтал	v	17	0
ұлықталу	n	0	4
ұлғайтылу	n	0	7
ұлғайтып	v	2	0
ұлғайыңқыра	v	3	0
ұлғаю	n	0	105
ұмсындыр	v	18	0
ұмсынт	v	3	0
ұмсыныс	v	4	0
ұмтылдыратын	n	0	2
ұмтылдыру	n	0	4
ұмтылт	v	19	0
ұмтылу	n	55	577
ұмытпай	v	358	23
ұмытпаған	n	0	48
ұмыттыру	n	0	26
ұмыту	n	13	376
ұмытылмай	v	92	0
ұмытылу	n	0	58
ұмытыс	v	3	0
ұмытқыз	v	6	0
ұнам	v	591	223
ұнас	v	75	15
ұнастыр	v	4	0
ұнатыс	v	7	0
ұнау	n	7	90
ұнаңқыра	v	2	0
ұнтал	v	11	0
ұнтақта	v	10	0
ұнтақтал	v	28	0
ұнтақталу	n	0	2
ұрала	v	3	0
ұрандал	v	3	0
ұрандат	v	74	0
ұрандау	n	0	2
ұрар	n	3	34
ұрды	n	0	16
ұрдыр	v	10	0
ұрлану	n	0	15
ұрлап	v	31	0
ұрлас	v	18	0
ұрмай	v	83	4
ұрпақта	v	2	0
ұрса	v	182	14
ұрсу	n	7	51
ұрсып	v	23	0
ұрсыс	v	227	2
ұрсысу	n	2	17
ұрттал	v	2	0
ұрттас	v	5	0
ұрылу	n	0	4
ұрындыру	n	0	47
ұрыну	n	3	91
ұрыныс	n	0	2
ұрып	v	110	2
ұрысу	n	11	139
ұрысыс	v	4	0
ұрысқыз	v	3	0
ұрықтан	v	32	0
ұрықтандыр	v	45	0
ұрықтандырыл	v	7	0
ұрықтану	n	0	9
ұрғылау	n	0	2
ұрғышта	v	2	0
ұрқ	n	0	39
ұрұғ	n	0	2
ұс	n	56	1586
ұсату	n	0	4
ұсатыл	v	18	0
ұсақсын	v	5	0
ұсақтал	v	85	0
ұсақталу	n	0	2
ұсақтан	v	10	0
ұсақтану	n	0	2
ұсақтат	v	12	0
ұстад	n	0	1298
ұстай	v	840	33
ұсталатын	n	0	4
ұсталу	n	0	39
ұсталын	v	45	0
ұстана	v	200	6
ұстанған	n	3	96
ұстап	v	173	5
ұстар	n	28	132
ұстарт	v	66	0
ұстарту	n	3	13
ұстастыр	v	25	0
ұстастыру	n	0	3
ұстасу	n	0	53
ұстасы	n	0	33
ұстаттыр	v	14	0
ұстату	n	4	35
ұстатқыз	v	13	0
ұсынатын	n	0	20
ұсынба	v	85	8
ұсынды	n	0	2
ұсындыр	v	25	0
ұсындыру	n	0	3
ұсынт	v	2	0
ұсынушы	n	0	37
ұсынуы	n	0	28
ұсынылатын	n	0	2
ұсынылу	n	0	37
ұсынылуы	n	0	5
ұсынымдар	n	0	3
ұсыныстар	n	66	203
ұсыныстарын	n	0	6
ұсынысы	n	0	140
ұсынған	n	25	271
ұсқынсыздан	v	3	0
ұту	n	12	47
ұтыла	v	60	3
ұтылу	n	3	9
ұтыстар	n	0	4
ұштан	v	2	0
ұштастыру	n	9	78
ұштастырыл	v	56	0
ұштастырылу	n	0	13
ұштасу	n	0	67
ұштат	v	3	0
ұштау	n	0	24
ұштылық	n	4	11
ұшы	n	0	635
ұшындыр	v	11	0
ұшып	v	82	2
ұшырады	n	0	2
ұшырасатын	n	0	14
ұшырастыр	v	34	2
ұшырастыру	n	0	10
ұшырасу	n	9	106
ұшырау	n	4	338
ұшырауы	n	0	46
ұшырт	v	66	0
ұшыру	n	3	52
ұшырыс	v	6	0
ұшықтат	v	5	0
ұшықтау	n	0	6
ұшқалақта	v	13	0
ұшқалақтан	v	5	0
ұшқас	v	40	0
ұшқындан	v	5	0
ұшқындат	v	26	0
ұшқындау	n	0	4
ұшқындыр	v	2	0
ұшқырла	v	5	0
ұшқырлан	v	4	0
ұшқыштар	n	5	33
ұю	n	3	11
ұялан	v	21	0
ұялату	n	0	15
ұялау	n	0	12
ұялту	n	0	15
ұялу	n	12	59
ұялшақта	v	18	0
ұятсын	v	5	0
ұятта	v	23	0
ұяттылық	n	0	2
ұяңда	v	35	0
ұяңдан	v	2	0
ұғ	v	2210	847
ұғар	n	0	100
ұғры	n	0	4
ұғу	n	10	265
ұғылу	n	0	5
ұғымдар	n	247	858
ұғындыру	n	9	72
ұғындырыл	v	14	0
ұғыну	n	31	445
ұғыныл	v	216	0
ұғынылу	n	2	21
ұғынып	v	9	0
ұғынысу	n	0	13
ұғып	v	51	2
ұғырла	v	2	0
ұғыстыр	v	3	0
ұғысу	n	3	23
ұқпас	n	2	32
ұқсап	v	17	0
ұқсастыр	v	76	0
ұқсастықтары	n	0	25
ұқсата	v	81	0
ұқсату	n	5	115
ұқсатыл	v	47	0
ұқсатылу	n	0	4
ұқсау	n	10	117
ұқсаңқыра	v	10	0
ұқтыру	n	9	35
ұқыпта	v	2	0
ұққыз	v	5	0
ұңғылат	v	3	0
ұңғыт	n	0	2
һажран	n	0	4
һажум	n	0	4
һайбат	v	5	3
һамайун	n	0	2
һамма	n	2	12
һамраһ	n	0	4
һауа	n	0	31
һауас	n	0	6
һеш	n	0	2
һиба	n	0	2
һидаят	n	0	2
һинди	n	0	2
һош	n	0	8
һуд	n	0	3
һуш	n	0	4
һәр	n	2	4
һәрбір	n	0	21
һәрқайсы	n	11	37
һәрқайсысы	n	0	5
әбдуәли	n	3	5
әбділдә	n	0	29
әбдіқадыр	n	0	4
әбессін	v	3	0
әбжад	n	0	4
әбзелде	v	4	0
әбігерлен	v	138	0
әбігерлену	n	0	19
әбігерлік	n	3	8
әбілмәмбет	n	8	33
әбілпейіз	n	6	10
әбілхан	n	2	8
әбілғазы	n	0	76
әгі	n	0	2
әд	v	1561	51
әдеб	n	0	62
әдебиеттегі	n	0	2
әдебиеті	n	0	559
әдебиетіміз	n	43	324
әдебиетін	n	0	345
әдемілен	v	62	0
әдемілеу	n	0	8
әдеттендір	v	13	0
әдеттену	n	0	18
әділгерей	n	3	5
әділдігі	n	0	66
әділдігін	n	0	7
әділшілік	n	0	4
әдіптел	v	68	0
әдіптет	v	11	0
әдіптеу	n	0	3
әдіре	v	5	0
әдістен	v	4	0
әдістер	n	158	548
әдістері	n	0	161
әдісі	n	0	280
әдісқой	n	0	2
әдісқойлық	n	0	3
әжел	v	105	3
әжесін	n	0	3
әжуалау	n	0	13
әжімдел	v	4	0
әжімден	v	21	0
әзиз	n	6	45
әзі	n	0	45
әзілдесу	n	6	9
әзірейлі	n	0	5
әзірлейтін	n	0	4
әзірлену	n	4	65
әзірлес	v	4	0
әзірлесу	n	0	2
әзірлет	v	65	0
әзірлеу	n	42	215
әйгілен	v	86	2
әйгілену	n	2	13
әйгілет	v	2	0
әйдәй	v	2	0
әйелдер	n	397	2030
әйелдерд	n	0	397
әйелсін	v	3	0
әйелі	n	0	1041
әйем	n	0	2
әйеш	n	0	2
әйтеке	n	0	54
әйткенмен	n	0	3
әйтсе	n	0	140
әкелген	n	12	407
әкелгіз	v	19	0
әкелд	n	0	1469
әкелдіру	n	0	2
әкелер	n	14	396
әкелт	v	12	0
әкелту	n	0	2
әкелу	n	114	694
әкелін	v	594	2
әкеліну	n	0	13
әкеліп	v	183	2
әкелісу	n	0	2
әкеп	v	60	0
әкесі	n	0	1559
әкесін	n	0	30
әкететін	n	0	31
әкету	n	27	283
әкетілу	n	0	3
әкетіс	v	11	0
әккілен	v	16	0
әкпар	n	3	10
әкпел	v	15	0
әкімсін	v	4	0
әкімі	n	0	147
әкірең	n	0	5
әкіреңдет	v	2	0
әкіреңдеу	v	2	0
әлам	v	2	0
әлаулай	n	0	6
әлбет	n	4	596
әлгі	n	14	1332
әлгісі	n	0	4
әлдебек	n	0	7
әлдендіру	n	0	3
әлдене	n	25	2002
әлденеше	v	32	2
әлдеқайдағы	n	0	2
әлдилеу	n	2	15
әлей	n	0	8
әлейк	n	0	3
әлектену	n	0	4
әлектеніс	n	0	2
әлемде	v	3	0
әлемдегі	n	0	4
әлеметт	v	6	2
әлеміште	v	4	0
әлеміштел	v	6	0
әлеміштен	v	6	0
әлеміштеу	n	0	2
әлен	n	2	7
әлеулай	n	0	2
әлеумет	n	50	961
әлеуметт	n	11	52
әлеуметтен	v	11	0
әлеуметтендір	v	15	0
әлеуметтендіру	n	0	7
әлеуметтес	v	2	0
әлкей	v	3	0
әлм	v	2	0
әлме	v	2	0
әлмисақ	n	0	71
әлпештен	v	2	0
әлпештеу	n	2	14
әлсізде	v	126	0
әлсіздену	n	0	8
әлсірету	n	10	81
әлсіреу	n	0	111
әлібекұлы	n	0	2
әлімсақ	n	3	99
әліпте	v	5	0
әліптел	v	2	0
әліптен	v	2	0
әліптеу	n	0	6
әләй	n	0	5
әләм	n	2	4
әләуләй	n	0	4
әменгерлік	n	0	2
әмет	n	2	19
әми	n	0	3
әмма	n	10	21
әму	n	2	21
әмі	v	65	0
әндем	v	11	0
әндері	n	0	164
әндету	n	0	8
әндишә	v	2	0
әнейі	n	0	2
әнеуг	n	0	117
әнжам	n	0	4
әнуәр	n	3	9
әншиін	n	0	5
әнін	n	0	73
әперу	n	17	76
әперіл	v	4	0
әпкел	v	50	14
әпкеш	n	0	3
әпірей	v	4	0
әрбіреу	n	2	151
әре	n	2	134
әрекеттену	n	6	44
әрекеттері	n	0	327
әрекеттерін	n	0	81
әрекеттесу	n	3	41
әрекеті	n	0	473
әркім	n	243	1990
әрле	v	38	0
әрлен	v	32	0
әрлеу	n	2	9
әрпі	n	0	235
әруақтан	v	18	0
әріле	v	15	0
әріптестер	n	2	218
әрқайсысы	n	0	683
әс	v	1382	792
әсе	n	0	5
әсемдел	v	29	0
әсемден	v	25	0
әсемдет	v	20	0
әсемдеу	n	0	14
әсемдігін	n	0	5
әсерле	v	20	0
әсерлендір	v	35	0
әсерлендіру	n	0	3
әсерлер	n	56	239
әсерлес	v	8	0
әсерлесу	n	0	3
әсерлет	v	2	0
әсерлілігі	n	0	12
әсерлілігін	n	0	3
әсері	n	0	450
әсерін	n	0	52
әскербасы	n	0	68
әскерилендіріл	v	5	0
әспенсіт	v	2	0
әспетте	v	92	0
әспеттел	v	53	0
әспеттелу	n	0	4
әсіл	n	0	180
әсілдер	n	0	2
әсім	n	0	2
әсірелену	n	0	2
әтеке	n	0	12
әттеген	n	0	4
әудем	n	0	24
әуезелен	v	2	0
әуезесі	n	0	2
әуейілен	v	18	0
әуейілендіру	n	0	3
әуекте	v	2	0
әуектет	v	6	0
әуелен	v	5	0
әуелет	v	102	5
әуенде	n	2	8
әуендету	n	0	2
әуест	n	0	8
әуестендір	v	6	0
әуестену	n	4	26
әулекілен	v	12	0
әулекілендір	v	2	0
әулетті	n	0	5
әулиесі	n	0	22
әулиесіт	v	2	0
әуліктір	v	2	0
әумесерлен	v	3	0
әумин	n	0	4
әупілде	v	32	0
әупілдек	n	7	19
әупірімде	v	4	0
әурелену	n	3	35
әурелеу	n	0	11
әш	n	10	88
әшекейлет	v	2	0
әшекейлеу	n	3	22
әшекейлік	n	0	2
әшкерелей	v	110	0
әшкерелен	v	189	0
әшкерелену	n	0	22
әшкерелет	v	2	0
әңгілен	v	4	0
әңгімелен	v	184	0
әңгімелену	n	0	9
әңгімелер	n	364	1271
әңгімелері	n	0	200
әңгімелестір	v	5	0
әңгімесін	n	0	217
әңгірле	v	8	0
әңгірлет	v	2	0
әңк	n	0	106
әңкілде	v	6	0
өбу	n	0	10
өг	v	6	3
өгейлік	n	8	19
өгейсіре	v	2	0
өгейсіт	v	45	0
өгізді	n	0	2
өжелен	v	3	0
өз	n	410	7759
өзгелер	n	291	1837
өзгелік	n	0	8
өзгенікі	n	0	5
өзгерген	n	2	216
өзгерд	n	0	660
өзгермеген	n	0	17
өзгертулер	n	7	35
өзгертуші	n	0	15
өзгертілген	n	0	13
өзгертіп	v	21	0
өзгеруші	n	0	4
өзгеруі	n	0	120
өзгеруін	n	0	11
өзгерілу	n	0	6
өзгеріп	v	92	6
өзгерістер	n	316	983
өзгерістері	n	0	91
өзгерістерін	n	0	5
өзгесі	n	0	69
өзгешеле	v	185	0
өзгешелен	v	166	0
өздері	n	0	1774
өздерін	n	2	266
өзді	n	0	4
өзекте	v	13	0
өзектес	v	16	6
өзектілігі	n	0	11
өзекше	n	0	27
өзелен	v	13	0
өзенше	n	2	24
өзеуреу	n	0	4
өзі	n	2	4181
өзім	n	1364	2208
өзімсіну	n	0	9
өзін	n	56	2593
өзінікі	n	2	17
өзің	n	1474	2409
өйде	v	5	0
өйткені	n	0	12
өйткіз	v	4	0
өйту	n	2	75
өйтіп	v	7	0
өк	v	401	162
өкпелес	v	64	0
өкпелеу	n	5	82
өкпелеуші	n	0	3
өкпешілдік	n	0	3
өксу	n	0	55
өкте	v	45	4
өктемшіл	n	0	4
өкшелен	v	5	0
өкшелеу	n	0	4
өкілдер	n	36	743
өкілдерін	n	0	15
өкілеттік	n	7	33
өкілі	n	0	177
өкілін	n	0	2
өкімі	n	0	23
өкімін	n	0	3
өкінт	v	38	0
өкіну	n	10	129
өкініс	v	17	0
өкіреңде	v	2	0
өкіру	n	0	6
өкірік	n	2	11
өлді	n	0	104
өле	v	982	108
өлекселік	n	0	2
өлермендік	n	4	91
өлеусірет	v	2	0
өлеңдер	n	213	1002
өлеңдері	n	0	329
өлеңді	n	0	2
өлеңші	n	0	82
өлеңшіл	v	33	0
өлеңшілік	n	3	7
өлме	v	943	74
өлмеші	n	0	30
өлтіру	n	114	940
өлу	n	66	809
өлуд	n	0	66
өлшегіш	n	0	7
өлшемдер	n	53	287
өлшемдері	n	0	62
өлшемділік	n	0	11
өлшемі	n	0	172
өлшеп	v	11	0
өлшес	v	6	0
өлшеуіші	n	0	3
өліп	v	390	0
өм	n	2	13
өмілдірік	n	3	8
өмірлі	n	0	9
өміршеңдік	n	12	20
өміріндегі	n	0	3
өнбес	n	6	9
өнген	n	5	31
өнд	n	6	130
өндірт	v	24	0
өндіру	n	81	366
өндіршекте	v	5	0
өндіріп	v	7	0
өне	n	133	652
өнегелік	n	8	22
өнегелілік	n	9	21
өнеркәс	v	254	0
өнерле	v	2	0
өнері	n	0	805
өнерін	n	0	201
өну	n	5	83
өнімдер	n	62	207
өнімдерін	n	0	6
өнімі	n	0	107
өрбу	n	2	82
өрбіте	v	92	0
өрекпу	n	2	16
өрел	n	2	203
өреле	v	7	0
өрелен	v	3	0
өрелес	v	2	0
өрелік	n	0	2
өркендеу	n	8	210
өркенді	n	0	2
өркеуде	n	0	10
өркештен	v	54	0
өркештендір	v	5	0
өрлен	v	8	0
өрлет	v	139	3
өрме	n	10	23
өрмелеу	n	3	37
өрнектел	v	299	0
өрнектеп	v	6	0
өрнектері	n	0	60
өрнектет	v	3	0
өрнектеу	n	4	33
өртел	v	156	2
өртену	n	0	63
өртес	v	2	0
өртет	v	26	2
өртеу	n	8	110
өршу	n	0	23
өршіл	n	0	9
өршілдік	n	4	10
өрімші	n	0	9
өрістету	n	11	58
өрістетіл	v	17	0
өрісті	n	0	5
өрісі	n	0	172
өрісін	n	0	108
өрісің	v	21	8
өрің	n	4	9
өсекшілдік	n	0	2
өсиетнама	n	3	17
өсиетші	n	0	2
өсиетін	n	0	27
өскелеңдік	n	0	2
өскін	n	12	66
өсту	n	0	4
өсімдер	v	2	0
өсіп	v	234	2
өсіруші	n	0	33
өсіңкі	n	0	2
өтед	n	0	1697
өтеді	n	0	9
өтемісұлы	n	0	27
өтес	n	2	31
өтесін	n	4	6
өтет	v	11	0
өтетін	n	8	130
өтеусіз	n	0	2
өтк	n	25	78
өткеру	n	7	63
өткеріл	v	35	0
өткеріс	v	2	0
өткізбей	v	90	0
өткізген	n	10	208
өткіздір	v	19	0
өткізу	n	159	767
өткізілген	n	0	19
өткізілетін	n	0	9
өткізілу	n	0	57
өткіншілік	n	5	12
өткірлігін	n	0	3
өтті	n	0	10
өтуін	n	0	14
өтім	v	252	25
өтімділігін	n	0	2
өтіну	n	13	67
өтініші	n	0	95
өтіп	v	685	0
өтірікшіл	v	26	0
өтірікшілік	n	3	6
өтүкен	n	3	8
өштен	v	2	0
өштестір	v	2	0
өштесу	n	0	9
өшу	n	6	113
өшігу	n	4	20
өшірт	v	18	0
өшіру	n	8	134
өшіріс	v	2	0
өңгерген	n	0	9
өңгеру	n	0	4
өңден	v	21	0
өңдендір	v	3	0
өңдеп	v	2	0
өңдері	n	0	5
өңдет	v	6	0
өңезден	v	7	0
өңей	v	7	0
өңеште	v	12	0
өңк	v	2	0
өңкей	n	0	4
өңкеңде	v	4	0
өңки	v	139	0
өңмендеу	n	0	2
өңмеңде	v	44	4
өңмеңдет	v	5	0
өңмеңдеу	n	0	8
өңсізден	v	2	0
шаба	v	628	143
москва	n	0	986
жия	v	200	16
қаупі	n	0	55
қауып	v	63	25
рахым	n	73	242
план	n	94	260
езі	n	0	172
алысырақ	n	0	100
положение	n	2	30
інген	n	83	190
сила	v	35	2
перевод	n	44	89
число	n	0	10
света	n	2	31
собрание	n	3	33
астрахань	n	10	55
өспірім	n	4	46
рек	v	95	62
известия	n	0	12
көнбес	n	0	167
ильич	n	21	104
общество	n	0	13
байқұс	n	29	109
союз	n	50	86
сей	v	322	50
школа	n	4	39
статья	n	13	102
тоқтамыс	n	35	120
балқан	n	6	55
қараш	n	40	1448
әбділда	n	0	72
строй	n	0	35
дружба	n	0	6
учитель	n	4	50
досан	n	21	55
сұлтанмахмұт	n	14	78
ырғыз	n	8	67
зейнолла	n	3	43
потанин	n	17	95
управление	n	0	13
школ	n	160	310
чиновник	n	22	118
көнекөз	n	0	21
гегель	n	29	230
ситуация	n	8	172
сәке	n	0	30
пер	n	357	1130
қарақошқыл	n	0	2
шань	n	9	61
яссауи	n	6	61
пәлекет	n	30	85
фрунзе	n	0	59
тағлым	n	38	63
қубас	n	20	44
настроение	n	0	5
қарашаш	n	28	66
зылиха	n	0	88
міржақып	n	13	55
жұмағали	n	7	42
арыслан	n	9	88
сибирь	n	8	42
награда	n	6	90
жандәрмен	n	0	8
отделение	n	0	21
орманбет	n	12	53
атығай	n	5	37
доклад	n	30	63
вестник	n	0	7
толыбай	n	14	68
хүкім	n	13	51
аттанбақ	n	0	33
үргеніш	n	17	145
қаракөлеңке	n	0	53
бартольд	n	5	57
қобда	n	0	93
протокол	n	15	95
қарадүрсін	n	0	9
поселка	n	3	55
парторг	n	14	83
пауза	n	0	46
участке	n	2	19
ылаж	n	2	132
рум	n	10	51
культ	n	14	129
мон	n	8	69
сәна	n	0	63
жеңбек	n	0	7
маңғышлақ	n	4	52
шәкен	n	9	41
ғабиден	n	3	17
тәттімбет	n	9	73
долгий	n	0	18
жеменей	n	4	65
автомашина	n	14	109
священник	n	24	94
қадиша	n	2	106
мұқаш	n	8	34
моисей	n	4	24
колчак	n	8	90
шорман	n	7	77
фирдоуси	n	6	71
юга	n	0	11
қапал	n	10	215
қаражан	n	9	50
художник	v	27	13
кұс	n	13	75
қазбек	n	6	39
күншуақ	n	32	103
шеркеш	n	4	52
пристав	n	26	106
голощекин	n	19	113
маяковский	n	14	77
әбеке	n	0	3
ашхабад	n	7	64
бөкенбай	n	11	49
самарқанд	n	15	104
әбен	n	12	53
бейсен	n	18	51
ағыбай	n	17	53
өліара	n	2	40
тыңла	v	55	6
реу	n	5	109
прометей	n	14	63
еркетотай	n	0	20
қареке	v	132	19
пайдаланбақ	n	0	2
қамкөңіл	v	9	4
хәкім	n	7	48
қаратөбе	n	0	40
листок	n	0	7
тайбурыл	n	29	125
бальзак	n	18	52
қажымұқан	n	10	41
пей	v	525	17
правление	n	0	10
контраст	n	9	37
мұстафин	n	6	68
мырзабек	n	6	23
мәдине	n	0	180
кеңгірбай	n	13	76
жарылғап	n	7	46
бекхожин	n	2	34
қарпық	n	3	25
оборот	n	4	47
ахтанов	n	4	44
есенин	n	19	29
министерство	n	0	10
хәл	n	45	326
нартай	n	10	46
жұмекен	n	10	42
иассауи	n	4	42
разведка	n	0	23
кровать	n	0	8
монғолия	n	0	127
ыға	v	32	0
склад	n	18	76
кружка	n	2	50
қараменде	n	0	41
тұманбай	n	15	32
коғам	n	17	198
затаевич	n	7	63
дәулеткерей	n	7	45
рахымжан	n	6	19
қарақалпақстан	n	3	87
сырлыбай	n	5	48
замок	n	6	14
әзербайжан	n	0	23
шалкиіз	n	3	24
буырыл	n	3	13
үндіс	n	16	390
қарабек	n	8	41
иоанн	n	4	12
сартай	n	7	26
сцена	n	6	30
салиха	n	0	19
петровна	n	0	52
записка	n	6	25
березин	n	5	35
жароков	n	3	18
постановка	n	8	27
смайыл	n	5	46
жангелдин	n	8	39
колорит	n	17	34
жұмаш	n	8	43
оңғарсынова	n	0	33
семенович	n	2	20
ілгерірек	n	0	36
қожан	n	7	134
шад	n	7	43
ставка	n	3	53
фабрик	n	10	26
энтузиазм	n	17	31
бейсембай	n	6	23
һай	n	0	2
персия	n	0	103
ілтифат	n	5	49
шөмекей	n	7	53
гамлет	n	23	73
есенжанов	n	0	37
ақжүніс	n	14	64
текес	n	14	89
щедрин	n	12	26
сыпатай	n	6	26
үмбетей	n	4	20
қараөткел	n	4	82
жылой	n	6	71
үйленбек	n	0	2
расход	n	8	86
ствол	n	23	51
ткен	n	0	14
управитель	n	2	17
мәке	n	0	2
сармат	n	0	51
төлеш	n	11	36
юбилей	n	4	28
шайбани	n	5	43
ақмақ	n	2	21
мәрия	n	0	28
айбергенов	n	3	37
справка	n	2	8
медіресе	n	6	46
лен	n	56	162
перовский	n	0	39
фауст	n	8	30
қорабай	n	8	26
тельман	n	5	21
бозжігіт	n	9	29
қырғиқабақ	n	0	13
огонек	n	0	7
акті	n	37	299
әйла	v	51	8
командование	n	5	50
колбин	n	16	54
төрехан	n	12	25
сәттіғұл	n	3	23
қызылқоға	n	0	23
бәсентиін	n	0	13
құдырет	n	70	115
гюго	n	0	54
тбилиси	n	6	27
купец	n	0	19
васильевна	n	0	31
телағыс	n	7	32
мырзағұл	n	3	21
рақымжан	n	3	18
монтескье	n	0	16
түг	v	1331	739
казақ	n	3	27
вася	n	0	23
ғұбайдолла	n	0	12
этаж	n	49	91
талтүс	n	0	117
тобанияз	n	17	44
комсомолец	n	3	21
нез	n	0	33
қондыбай	n	8	38
иманжанов	n	0	24
медсестра	n	0	23
фрейд	n	12	46
мұңал	n	0	42
рус	n	10	49
нұрмағамбет	n	2	20
сужүрек	n	0	7
жиембет	n	2	15
дача	n	4	78
нарынқол	n	2	46
москвич	n	8	37
орманов	n	7	27
маната	n	20	49
тоныкөк	n	8	43
шолохов	n	3	36
есенберлин	n	7	48
илиада	n	4	42
рейн	n	4	30
гераклит	n	4	43
одиссей	n	7	41
леу	n	0	25
лейбниц	n	4	35
қастек	n	5	26
есенқұл	n	4	25
ваня	n	0	21
әбілмәжін	n	3	8
аркадий	n	0	9
константинович	n	2	7
максимович	n	0	4
этноним	n	19	120
ақбөбек	n	11	37
төртқара	n	0	40
солон	n	7	48
гриша	n	0	33
кемпірбай	n	4	31
мирзоян	n	6	31
шәңгерей	n	3	26
губкин	n	3	23
төремұрат	n	6	25
бердіқожа	n	0	13
авеста	n	0	85
түркменстан	n	2	51
пруссия	n	0	64
конт	n	0	35
қалибек	n	8	34
сейтек	n	7	31
теб	v	422	2
қожағұл	n	2	24
мырзағалиев	n	3	11
қарабұғаз	n	9	93
тоқтарбай	n	6	38
дербент	n	7	30
қоңырбай	n	12	43
рұм	n	2	33
ильминский	n	3	42
рашиди	n	8	23
алекторов	n	2	29
троцкий	n	6	27
әлімқұлов	n	0	35
аллатағала	n	0	31
жуковский	n	2	26
құлбарақ	n	4	22
володя	n	0	19
неках	n	2	4
қашғари	n	7	42
бердияров	n	3	8
сін	n	11	38
мастерской	n	0	28
лир	n	11	24
мерв	n	4	27
қалнияз	n	4	29
жаңай	n	0	29
өмірзақов	n	2	22
тортай	n	11	22
майлықожа	n	0	12
крепостной	n	0	42
кұм	n	16	31
керенский	n	7	51
коперник	n	2	44
назарбек	n	10	21
өні	n	0	6
оразов	n	3	16
стена	n	0	15
қырықмылтық	n	0	14
бурный	n	0	10
подруга	n	0	3
усадьба	n	5	68
одиссея	n	10	51
зәуреш	n	19	37
тобыш	n	6	34
аюке	n	0	37
карелин	n	9	26
берке	n	0	22
кипчак	v	2	0
макиавелли	n	4	20
құдайбердиев	n	5	18
жантөре	n	0	21
майлыбай	n	5	21
қаратон	n	2	40
ұзынағаш	n	0	45
қаражал	n	3	17
мергенбай	n	3	24
лин	n	0	25
тұрмағамбет	n	0	15
падишаһ	n	9	111
ыждаһат	n	36	73
рубасы	n	0	36
совдеп	n	11	71
ереке	n	0	2
шота	n	2	8
больница	n	0	44
хотан	n	12	34
нұрбике	n	0	45
плутарх	n	3	29
брусиловский	n	6	31
панисламизм	n	7	21
ботпай	n	0	22
сейдімбек	n	2	20
столовой	n	0	4
есеке	v	4	2
қарасаз	n	8	62
фихте	n	0	49
тоқабай	n	0	43
жамантай	n	5	36
фетисов	n	8	13
отпан	n	0	25
колпаковский	n	0	25
бегалин	n	3	20
ақбура	n	0	22
сағидолла	n	0	20
жанжігіт	n	7	23
өтегенов	n	2	8
қараниет	v	10	2
аброй	n	5	47
жақай	n	4	37
шардара	n	0	48
скульптура	n	0	41
жанбота	n	2	44
стражник	n	4	24
кузьмич	n	8	12
бородино	n	2	20
бичурин	n	0	21
көркемсөз	n	3	17
вельяминов	n	2	4
тереңөзек	n	0	6
галстугі	n	0	15
эллин	n	0	82
кеңсай	n	5	44
қараүлек	n	13	26
нұртаза	n	0	37
сарыөзек	n	2	31
натура	n	2	38
сережа	n	0	32
ашина	n	0	21
боқай	n	7	22
павловна	n	0	23
дәуітбай	n	2	22
приказчик	n	2	17
успенский	n	0	15
мақан	n	5	14
өтесінов	n	7	26
ерзакович	n	0	10
эксплуатация	n	0	11
насреддин	n	0	2
хүкімет	n	11	66
кельт	n	0	39
балх	n	6	28
қызылсай	n	2	39
жаманқара	n	2	20
саксон	n	0	21
жолымбет	n	0	32
кляшторный	n	0	10
алмайтұғын	n	0	4
культі	n	0	38
дионис	n	5	50
бородин	n	9	29
гуля	n	0	18
тұщықұдық	n	0	23
қарадомалақ	n	0	11
кубань	n	3	13
ташауыз	n	0	17
хора	n	0	8
өзбекқалиев	n	5	17
бекович	n	3	5
жетпісбай	n	3	7
келге	n	313	1453
бесқала	n	0	86
флоренция	n	0	50
бетбақ	n	11	26
азиат	n	5	53
алқаш	n	3	24
деспот	n	5	80
үйренбек	n	2	16
алеша	n	0	19
ассирия	n	0	48
страбон	n	2	14
күлімкөз	n	2	11
шаймерден	n	4	15
спираль	n	4	12
бекмырза	n	0	11
конфискация	n	0	11
повестка	n	0	9
федоровна	n	0	10
афанасий	n	4	6
файзолла	n	0	8
сөй	n	7	1090
семит	n	0	44
пантеон	n	4	45
көкөзек	n	4	43
троя	n	0	51
көкшолақ	n	12	29
мәрзия	n	2	36
баркөл	n	4	28
келдібек	n	3	28
заратуштра	n	0	28
ататүрік	n	3	22
мырзашөл	n	3	16
япония	n	0	17
есенғұл	n	0	16
сарыауыз	n	0	12
поволжье	n	0	8
қарамандыбас	n	0	13
ғүрып	n	7	43
аңшыбай	n	7	42
маңғұл	n	2	30
афрасиаб	n	10	31
месопотамия	n	0	40
тілла	n	0	29
марқакөл	n	7	31
шаһнама	n	8	34
қарағұл	n	6	25
обоз	n	10	27
жанкелдин	n	4	24
сүйінқара	n	0	24
геракл	n	8	35
ұлықпан	n	3	6
тұрағұл	n	3	16
көшербай	n	2	15
бекарыстан	n	2	10
крупская	n	0	10
сәрсекеев	n	2	10
құнанорыс	n	0	8
қоритын	n	0	2
карфаген	n	9	38
қанипа	n	2	37
айа	v	2	0
тацит	n	4	25
кутузов	n	2	17
ходжент	n	0	19
бәйтік	n	8	27
қаражанбас	n	2	23
анатолия	n	0	19
йер	n	0	18
кембридж	n	0	14
сауытбек	n	3	14
төлегетай	n	2	16
петровский	n	0	12
зритель	n	2	9
қозыке	n	0	86
жүй	n	6	334
түбіжік	n	5	43
мыңбұлақ	n	3	45
рысқұл	n	6	38
долгополов	n	7	29
бөр	n	2	1010
самодержавие	n	0	52
сүйінғара	n	0	38
ахметбек	n	9	20
маңғыстаумұнайгаз	n	0	14
полтава	n	3	18
гоббс	n	0	22
несіпбек	n	5	16
сейтен	n	7	16
дәуқара	n	0	20
тілеуқабыл	n	5	11
досмұхамбетов	n	5	38
молдабек	n	3	12
раушанов	n	2	10
темірбай	n	6	14
закавказье	n	0	9
псков	n	2	11
стадия	n	6	33
бактрия	n	0	43
схематизм	n	6	30
төртуыл	n	4	42
мый	n	0	20
жағрапия	n	2	36
баутин	n	5	18
қалипа	n	0	31
танакөз	n	8	26
канцелярия	n	0	12
самархан	n	4	21
фикция	n	3	15
десятник	n	5	19
пәрман	n	0	9
мотивировка	n	4	18
андижан	n	0	15
сейітқұл	n	0	27
сергеевна	n	0	23
нұркен	n	3	22
иманасов	n	6	15
жантөрин	n	3	17
шерқала	n	0	18
тоқтағұл	n	3	12
жаулыбай	n	2	10
полицейский	n	2	10
тақырбас	n	5	11
махачкала	n	0	10
процес	n	414	881
ште	n	2	4
этногенез	n	2	39
ботинка	n	12	28
қособа	n	0	59
рюмке	n	12	29
қабыш	n	8	36
дәркембай	n	10	36
сало	n	0	15
андрусов	n	7	23
тыныбек	n	12	22
қанабек	n	2	20
парменид	n	2	24
досов	n	2	16
дьяков	n	6	14
хақан	n	4	15
гильгамеш	n	5	18
политбюро	n	0	20
княгиня	n	0	17
ұрдажық	n	0	9
комсорг	n	0	21
пұсырман	n	0	7
самодержавия	n	0	13
вышка	n	0	7
елшібек	n	0	9
төрежан	n	0	4
келімбет	n	3	9
қосшағыл	n	3	51
чертеж	n	12	32
балқия	n	2	42
есімхан	n	4	27
самарқант	n	2	26
шіңгіл	n	3	25
ясперс	n	4	23
рдеңе	n	0	15
ындыс	n	9	58
помпей	n	6	24
сарыкөл	n	3	17
надзиратель	n	2	17
айтқұл	n	2	16
ащысай	n	3	16
балуанияз	n	0	13
асфендияров	n	0	8
дәндібай	n	0	6
ермекбай	n	0	10
луговой	n	0	9
ориентация	n	0	6
выставка	n	2	5
жетпейд	n	0	1197
данқ	n	19	34
киг	n	4	13
рабле	n	2	28
моңғұл	n	6	35
афины	n	0	30
маңырақ	n	5	32
хохол	n	4	23
қарсақпай	n	3	24
фет	n	5	13
шәриф	n	0	18
иваныч	n	8	14
байжұма	n	0	21
көй	v	9	3
қоңырқұлжа	n	0	19
құмкент	n	0	19
қыземшек	n	6	11
наманган	n	0	17
бекбосын	n	0	10
симпатия	n	2	12
якорь	n	7	12
исфиджаб	n	0	5
площадка	n	0	6
рме	v	42	9
икон	n	14	59
кредо	n	12	51
кұрт	v	38	11
қашқария	n	0	47
рсе	n	0	8
жетісай	n	3	33
батыраш	n	6	27
оғуз	n	3	16
әмірсана	n	0	30
перізат	n	6	35
шеллинг	n	0	26
азнабай	n	0	22
екей	n	4	24
гостиница	n	0	18
императрица	n	0	19
катастрофа	n	0	19
нартайлақ	n	5	15
державин	n	0	20
йар	n	2	13
байтұрсын	n	4	17
сельсовет	n	5	23
пролетарий	n	2	27
қуанышбай	n	4	14
экспертиза	n	0	10
донской	n	3	11
александровна	n	0	10
терещенко	n	0	9
детдом	n	8	54
жеребцов	n	2	6
кемелхан	n	0	4
доскей	n	0	6
ншек	n	0	29
этнолог	n	2	26
христ	n	11	48
сфинкс	n	4	28
бәтіш	n	10	19
некаһ	n	5	8
солярка	n	2	23
зура	n	0	20
жиһангез	n	0	13
диккенс	n	5	16
қабылбек	n	3	18
каганович	n	3	15
шектібай	n	2	16
хайролла	n	0	15
жоламанов	n	4	8
петрарка	n	0	10
бекдаш	n	0	24
челябі	n	0	11
бердіғожин	n	2	4
особняк	n	0	12
публика	n	0	4
сыпат	n	22	64
сарта	v	19	0
ғай	v	1281	45
күман	n	5	13
евклид	n	4	35
отель	n	2	31
тұщыбек	n	2	28
кенжекей	n	11	30
куропаткин	n	5	28
ячейка	n	4	13
түрксиб	n	5	20
хорезмшах	n	2	21
поза	n	0	18
дионисий	n	3	23
қарашүңгіл	n	2	22
прообраз	n	0	21
анахарсис	n	5	20
жаманқұл	n	5	18
казачество	n	0	11
путевка	n	0	18
құмкөл	n	3	12
псевдоним	n	0	21
тютчев	n	0	17
сәлімжан	n	3	11
сенсация	n	0	13
прибалтика	n	0	10
нарманбет	n	6	12
антонина	n	0	8
көккөз	n	0	8
жұмеке	n	0	4
қасеке	n	0	4
пілте	n	12	19
сеанс	n	4	41
күнәһ	v	262	78
бейсеке	n	0	10
тұрфан	n	2	22
евангелие	n	0	21
птоломей	n	4	31
ұлбике	n	0	22
пьесе	n	0	13
сарықамыс	n	0	21
ломакин	n	2	20
фейербах	n	2	13
камалиденов	n	4	8
кенжеғұл	n	3	10
сарыөзен	n	0	8
шыртанов	n	0	9
куманикус	n	2	9
тойшыбек	n	2	5
уәй	n	0	40
сұқбат	n	0	8
өтек	n	0	9
ригведа	n	0	40
ақбөпе	n	5	32
атаке	n	0	5
скандинав	n	0	21
аманқұл	n	8	19
фортепиано	n	0	28
көктоғай	n	7	24
гоминдан	n	2	19
еврипид	n	4	20
шеризат	n	6	24
рзаханов	n	2	11
йыл	n	7	12
саржомарт	n	0	12
йассауи	n	3	16
аштархан	n	4	12
карутц	n	0	9
қарамолда	n	0	11
сарыүйсін	n	0	8
төреқұл	n	3	7
кешубай	n	2	9
қыздарбек	n	0	9
чернигов	n	0	9
столба	n	0	4
қалмырза	n	2	5
комбинация	n	5	70
стрит	n	6	38
күләй	n	2	27
манихей	n	0	33
дуров	n	7	25
рукин	n	12	24
дүйсеке	n	0	8
дюркгейм	n	2	29
пружина	n	4	20
афродита	n	2	31
гуссерль	n	4	29
скептик	n	0	19
шалкөде	n	0	27
кертөбел	n	10	20
тойнби	n	4	19
сайлаубек	n	4	17
бергсон	n	0	22
талдыбұлақ	n	0	18
сиясат	n	6	22
жұң	n	3	11
келмембет	n	9	26
пастернак	n	2	13
ватерлоо	n	0	12
коробка	n	3	9
мицкевич	n	2	11
римлян	n	0	4
мақтаарал	n	2	12
мефистофель	n	0	14
сарқант	n	0	13
якобсон	n	0	10
дәулетбек	n	3	8
қырымқұл	n	2	11
расин	n	2	9
сасықкөл	n	0	4
бейсана	n	0	25
қайынаға	n	4	31
қален	n	4	32
саптаяқ	n	6	34
аналитика	n	0	112
қасырет	n	6	32
изм	n	0	14
шыңжан	n	2	21
жұфұт	n	0	18
халдун	n	0	20
йын	n	4	8
крон	n	17	28
яксарт	n	4	9
қыдырқожа	n	0	22
стендаль	n	5	26
дайырқожа	n	0	21
санчо	n	0	16
ильясов	n	0	5
бердіқұлов	n	0	16
комфорт	n	3	11
жанбике	n	0	15
төлеубек	n	5	10
махабхарата	n	0	10
шойынқұлақ	n	4	10
синьцзян	n	0	10
гудогі	n	0	8
шуманақ	n	0	12
османлы	n	0	13
байболов	n	0	6
найзабек	n	2	7
сағынғалиев	n	0	15
зеравшан	n	2	6
қарымсақов	n	0	7
колокол	n	0	7
наместник	v	3	0
скамейка	n	0	75
максима	n	3	40
стил	n	6	282
жоғ	n	4	678
статика	n	0	105
шахнама	n	6	39
евангелия	n	0	21
плотин	n	11	43
беседка	n	0	32
половец	n	0	21
речитатив	n	8	23
ғамзатов	n	5	22
ява	n	0	20
халха	n	0	18
котелок	n	7	18
княжна	n	0	16
қоскөл	n	0	21
майтөбе	n	0	23
сақара	n	0	24
ниса	n	0	9
байсалбай	n	2	21
жылыбұлақ	n	0	18
бадыров	n	2	11
жылқайдаров	n	3	14
хашим	n	5	14
әлниязов	n	5	14
мәтен	n	2	10
дәлелхан	n	4	16
неруда	n	0	15
петька	n	0	13
ілиясов	n	0	7
парпария	n	0	13
спекуляция	n	0	8
естеміс	n	7	18
қожамқұл	n	4	9
шөмішбай	n	2	10
бәдіғұлжамал	n	4	8
скобелев	n	2	12
клочков	n	0	9
кузьма	n	0	11
ликург	n	2	19
курляндия	n	0	8
михайловский	n	2	10
ришелье	n	0	10
тарланбоз	n	2	5
тәтімов	n	0	14
корчагин	n	3	6
қазымбет	n	2	13
бижанов	n	0	6
меңдекеш	n	2	5
текс	n	222	349
спарта	n	0	59
иезуит	n	0	41
тасбұлақ	n	0	42
шөңке	n	4	31
руссия	n	0	32
тастөбе	n	0	29
қартқожа	n	0	30
лавка	n	2	18
офис	n	0	21
герцогиня	n	0	28
жанкент	n	5	20
мамырбек	n	2	18
өкіреш	n	0	10
пәш	n	0	3
сириус	n	4	17
несториан	n	0	26
сорбонна	n	0	15
аристофан	n	0	12
қартқожақ	n	0	12
риккерт	n	2	12
шынай	n	0	923
мичурин	n	0	11
сәтбек	n	4	9
яровая	n	0	6
андреевна	n	0	12
костылецкий	n	0	12
малиновский	n	0	12
подрядчик	n	4	7
хүсейін	n	4	8
құлнияз	n	2	7
сизиф	n	2	7
мейрамбек	n	2	6
телерадио	n	0	6
кеңарал	n	0	6
көктүрік	n	2	32
жүке	n	0	4
қызымет	n	2	23
қөңіл	n	8	37
марқая	v	19	2
русия	n	0	35
бозұғлан	n	7	21
байшыкеш	n	0	17
бәйт	n	3	12
ақмет	n	8	19
плитка	n	4	22
төбекөз	n	8	23
аллақұл	n	4	29
параход	n	0	25
пенс	n	3	19
шоңмұрын	n	0	20
рибе	n	0	11
зейд	n	4	19
үштөбе	n	0	23
алмамбет	n	11	23
ника	n	0	7
мыр	n	3	66
семетей	n	6	19
телғара	n	0	15
аккад	n	0	8
бәлшебек	n	2	13
деникин	n	3	12
тілеуқабақ	n	2	13
ергенеқон	n	0	9
практикант	n	0	3
ақшолақов	n	2	6
хинган	n	0	6
ахметович	v	6	4
ьібырай	n	0	12
григорян	n	3	9
гришка	n	0	10
алексейчик	n	2	7
көрпебай	n	0	9
шынқожа	n	0	7
ьістық	n	0	5
пуговицы	n	0	2
лте	v	21	0
құреке	n	0	3
жауғаш	v	32	14
шән	n	7	24
слободка	n	2	25
ақмыш	n	0	22
тәшкент	n	4	22
сема	n	4	17
деррида	n	0	27
жиенқұл	n	5	19
пәлсафа	n	4	25
индивидум	n	2	12
сунна	n	0	16
эмпедокл	n	5	20
құттықия	n	0	22
дүтбай	n	0	21
шашлық	n	4	13
бальмонт	n	4	9
жантурин	n	2	13
қоңырбике	n	0	14
гес	v	9	2
аналитик	n	2	9
верещагин	n	2	11
қиынов	n	2	9
мәмбетнияз	n	3	8
мықтыбай	n	3	11
ақкөбік	v	3	2
бондаренко	n	0	10
коншин	n	0	10
қызыларай	n	0	10
башкирия	n	0	9
қосөзен	n	0	6
проходка	n	0	6
кенесарин	n	2	7
қаратүлей	n	0	8
рошаль	n	0	11
сәбе	n	0	4
асс	n	0	18
маңлай	n	0	18
алт	n	4	2126
педучилище	n	5	28
эрмитаж	n	2	38
штрек	n	5	33
фор	n	24	72
корсика	n	0	19
афин	n	2	54
иудея	n	0	27
адамилық	n	6	19
оғызнама	n	0	25
тотынама	n	2	20
еретик	n	0	10
яса	n	0	14
перчатка	v	8	3
понт	n	0	10
бәдіғұл	n	4	14
мақтарал	n	4	14
күлпаш	n	3	16
присяжный	n	0	6
симбиоз	n	0	11
строс	n	9	16
дильтей	n	0	14
ксенофонт	n	0	13
раевский	n	2	13
шухов	n	0	10
маэстро	n	0	12
өлгий	n	0	12
татищев	n	2	12
армстронг	n	2	6
саламатов	n	2	5
хұсейін	n	6	9
жанболатова	n	0	10
измайлов	n	2	3
құрамысов	n	2	8
чичерин	n	3	7
бакунин	n	0	9
дөрбілжін	n	0	8
ойқұдық	n	0	6
тәуірбай	n	0	8
банзаров	n	0	4
шельф	v	3	0
шұбарағаш	n	0	4
эмбрион	n	2	4
шкап	n	5	39
кұл	n	3	17
нұрке	n	0	11
озал	n	8	50
қоблан	v	39	4
стрелец	n	0	15
бурбон	n	0	21
горчаков	n	2	24
македон	n	0	18
утемисов	n	3	5
фуражке	n	6	11
мұсеке	n	0	15
секундант	n	0	17
энеолит	n	0	22
тәти	n	6	18
жолмұрат	n	0	25
һәмме	n	6	25
йол	n	0	20
лім	n	4	11
кромвель	n	2	18
шэн	n	4	10
қостөбе	n	0	17
досмухамбетов	v	7	3
қарауылқожа	n	0	17
петефи	n	3	14
гутковский	n	2	14
құладүз	n	3	9
күлшат	n	0	16
пенни	n	2	10
мәмбетей	n	0	15
сезінбес	n	0	10
ургенч	n	0	3
шахрух	n	0	11
қайрош	n	4	9
цинизм	n	0	13
каменка	n	0	10
телікөл	n	2	10
қызбел	n	0	6
жолдасов	n	0	6
противогаз	v	3	2
раскольников	n	2	8
әскербек	n	2	5
фейерверк	n	0	3
освальд	n	2	4
фак	v	278	104
біті	n	30	47
көнш	v	33	17
үйық	n	0	30
тте	v	8	0
қасқара	v	26	0
эфталит	n	2	24
жужан	n	3	20
карамазов	n	3	25
алта	v	322	7
галлия	n	0	29
воевода	n	0	15
трансценденция	n	0	25
өсеке	n	0	6
догматика	n	5	52
баршагүл	n	5	19
көкдауыл	n	4	23
басыра	n	0	18
елдімекен	n	2	5
йүз	n	0	9
гласный	n	0	5
эвклид	n	0	19
раджа	n	0	12
түке	v	4	2
қарақыстақ	n	2	13
жүзтайлақ	n	4	10
бурылтоғай	n	2	11
тихомиров	n	0	7
тәрбия	n	2	7
құтайба	n	2	11
посейдон	n	0	12
кордова	n	0	10
қоржынкөл	n	0	10
қожақұл	n	0	9
дмитриевна	n	0	8
қағазов	n	2	6
батуми	n	0	7
сарытоғай	n	0	4
тиыл	v	326	9
нбе	v	45	11
әбе	n	15	84
күмәнда	v	3	0
спе	v	29	11
күна	n	6	35
арғықазақ	n	0	36
сыйпат	n	6	26
пет	v	27	4
қарой	n	4	27
медина	n	0	30
сөзле	v	9	2
кушетка	n	0	27
эфиоп	n	0	17
патриций	n	0	22
якоби	n	2	3
лын	n	0	6
коляска	n	4	12
теңбілкөк	n	8	12
участогі	n	0	6
ханқожа	n	2	15
кебекбай	n	2	19
кеңқияқ	n	2	13
анахита	n	0	18
назымбек	n	3	11
бименде	n	0	16
земарх	n	3	9
конфиске	n	0	18
матильда	n	0	16
ашхабат	n	0	13
дубский	n	4	15
нагасаки	n	0	13
остроумов	n	0	7
сальери	n	2	12
совнархоз	n	2	12
нұрмолда	n	0	13
обломов	n	2	7
саквояж	n	2	5
тынянов	n	0	7
этномәдениет	n	2	15
бекбауыл	n	2	10
бабырнама	n	0	12
урусов	n	0	7
айбасов	n	0	6
бердіқұл	n	2	9
абылайханов	n	3	7
рудзутак	n	2	8
юечжи	n	0	2
мырзақұл	n	0	9
сейсеке	n	0	6
байсиық	n	0	8
констебль	n	2	6
мүслима	n	0	8
ьісқақ	n	3	5
әтембек	n	0	7
эренбург	n	0	7
клас	n	375	930
ғабе	n	0	7
мұрад	n	0	84
тәңірие	n	4	38
детерминация	n	2	37
мачта	n	3	44
скв	v	17	0
качалка	n	0	38
қанеке	n	0	2
юэчжи	n	0	13
әдеке	n	0	2
исседон	n	0	19
қарақытай	n	3	10
сәрсеке	n	0	10
хол	n	4	28
педсовет	n	0	31
корзина	n	4	22
савромат	n	0	14
колонка	n	0	23
ельцин	n	3	22
үндіеуропа	n	0	13
гасфорт	n	2	15
ниневия	n	0	22
конъюнктура	n	3	26
сорқұдық	n	0	21
константа	n	0	8
орынтақ	n	3	17
шүбһә	n	2	11
мейрамхан	n	3	11
бенарес	n	0	18
сосиска	n	2	8
лыс	n	4	8
әйтиев	n	4	13
әбілтай	n	3	16
төлеев	n	4	12
есімжан	n	4	12
православ	n	2	13
кангха	n	0	12
смольный	n	0	11
суықтөбе	n	0	14
халтурщик	n	0	3
хуанди	n	0	20
азынабай	n	2	13
витгенштейн	n	2	8
дәуренбек	n	3	10
каутский	n	0	9
кропоткин	n	2	11
қодарқұл	n	3	8
садвакасов	v	4	2
бейнеубай	n	0	12
қалығұл	n	2	10
панталон	n	0	21
испиджаб	n	3	8
ардвисура	n	0	10
веревкин	n	0	9
жанқылыш	n	3	7
калигула	n	0	10
малларме	n	0	10
кенжегүл	n	2	7
линейка	n	0	7
лотарингия	n	0	6
маленков	v	5	2
мұзбел	n	0	9
мыңтөбе	n	0	9
сияуыш	n	2	7
үшқұдық	n	0	9
ақкетік	n	0	8
беймүмкін	n	0	2
борисфен	n	0	6
извозчик	n	0	6
құлшығаш	n	2	6
тепеңкөк	n	2	6
царицын	n	0	6
шаляпин	n	2	6
жаңадария	n	0	7
ионов	n	0	4
маевский	n	0	5
рахматуллин	n	0	8
лме	v	74	0
өлг	n	4	107
мағна	n	26	55
ғауаз	n	5	28
сегмент	n	6	23
медал	n	3	74
фива	n	0	22
үндіиран	n	0	18
қашғария	n	0	24
үндіарий	n	0	24
халком	n	0	16
қабен	n	7	22
бозтөбе	n	2	19
даса	n	0	10
кәнпеске	n	0	12
қараханид	n	0	22
жаллат	n	0	9
маян	n	4	71
балашов	n	2	10
фразеологизм	n	2	44
психоаналитик	n	0	17
слобода	n	2	14
алшыораз	n	5	12
героика	n	2	15
қатонқарағай	n	2	19
жалмұқан	n	3	11
сақаба	n	0	13
раввин	n	0	7
скепсис	n	0	15
бессарабия	n	0	14
стилизация	n	0	3
сұлтанай	n	2	13
контаминация	n	0	10
прописка	n	0	10
унификация	n	0	7
абиссиния	n	0	6
везувий	n	3	10
насонов	n	2	8
салфетка	n	0	14
иномарка	n	0	11
сеньора	n	0	13
агафья	n	0	12
тайкөк	n	2	6
терлікбай	n	3	12
қаңтарбай	n	0	9
түрікмения	n	0	8
этажерка	n	0	9
кантилена	n	0	7
суықбұлақ	n	0	8
бандитизм	n	2	7
қырықкез	n	0	7
оразмұхаммед	n	0	9
ақжонас	n	3	11
вронский	n	2	8
гиппарх	n	0	6
губисполком	n	0	6
нұрмамбет	n	2	8
раушангүл	n	3	5
сайөтес	n	0	8
саяқбай	n	0	8
тәңірия	n	0	4
баратынский	n	0	5
жанысбай	n	3	7
зеленский	n	3	5
көкжота	n	0	7
нұрымбет	n	2	9
шыныбек	n	0	6
көрініш	v	82	12
софизм	n	8	22
түлға	n	4	14
праформа	n	2	52
шоқтерек	n	10	31
скифия	n	0	36
мери	n	6	17
сектант	n	0	22
носилка	n	3	25
ліг	n	0	9
сервант	n	9	17
байта	v	2	0
гиперборея	n	0	25
сарсүмбе	n	0	26
құрлыс	n	3	45
кақ	v	6	0
раушанбек	n	6	14
секөнт	n	0	21
құндызай	n	6	14
скамья	n	0	17
гаргантюа	n	0	14
мұхаммедфазыл	n	3	13
жылышырай	n	0	8
күлембай	n	0	15
стагирит	n	0	15
жұңго	n	0	12
корзинка	n	4	8
приходько	n	0	14
хиял	n	2	7
жаңасемей	n	0	7
өгізхан	n	0	4
алтынорда	n	0	12
бургундия	n	0	12
изабелла	n	0	12
көрстан	n	0	10
нәрікбай	n	3	12
антиохия	n	0	11
саркөл	n	3	8
ханабад	n	2	9
эней	n	0	11
байсақал	n	0	8
косыгин	n	2	8
матфей	n	0	10
нұрасыл	n	2	8
зырян	n	0	9
иллиада	n	0	7
тоққожа	n	0	9
байтурсунов	v	4	2
белослюдов	n	0	5
дауылов	n	2	6
копетдаг	n	0	4
майбұлақ	n	0	8
мүсеке	n	0	2
тевтон	n	0	6
костомаров	n	0	4
мефодий	n	0	5
рекрут	n	0	5
антиох	n	2	4
әлсейіт	n	0	10
кострома	n	0	4
митька	n	0	6
халд	n	74	300
кіна	n	5	16
езд	n	34	117
әрнәрсе	n	0	55
коннотация	n	0	13
модел	n	5	110
түпнегіз	n	12	24
коринф	n	3	26
папкі	n	3	21
манжурия	n	0	25
қозыеке	n	0	11
көзжұмбай	n	0	14
спирит	n	0	10
эполет	n	3	17
ономастикон	n	2	10
печорин	n	6	21
универсалия	n	0	10
варна	n	0	21
жәніке	n	0	13
симуляция	n	0	15
хұда	n	0	12
есіргеп	n	2	11
мәйке	n	3	6
сарацин	n	0	17
фландрия	n	0	16
мүшайра	n	2	8
біршымбай	n	8	14
күлмесхан	n	0	12
ричмонд	n	2	11
этнопедагогика	n	2	9
һауадақ	n	0	18
этнолингвистика	n	0	14
сита	n	0	9
қаржауов	n	2	11
махашқала	n	0	13
раковина	n	0	9
тойқожа	n	0	13
фригия	n	0	9
гертруда	n	0	12
деструкция	n	0	10
кинодраматургия	n	0	8
мосфильм	n	2	7
семиозис	n	0	8
добросмыслов	n	0	7
каторжник	n	0	8
қайынбике	n	0	11
лосовский	n	0	11
шаньси	n	0	9
архилох	n	3	7
зигфрид	n	2	8
кемелбай	n	0	10
тарквиний	n	0	5
тимонин	n	0	12
тоқмайдан	n	0	2
умурзаков	n	2	3
үшқиян	n	0	8
шайтанкөл	n	3	7
қаншеңгел	n	3	8
қарағантүп	n	0	5
савойя	n	0	7
черепица	n	0	7
эйзенштейн	n	0	6
эллипсис	n	0	6
алаторпа	n	0	8
гельдерлин	n	2	6
естемесов	n	0	8
прекос	n	0	12
словоохотов	n	0	6
аманқызылит	n	0	4
құлшаров	n	2	5
нүсіпхан	n	2	5
әндижан	n	0	4
лесли	n	2	4
маймақов	n	2	4
сәлімгереев	n	2	4
сперма	n	0	6
красноводскі	n	0	101
апт	n	6	308
олтыр	v	44	0
гиперборей	n	0	17
ғауазхан	n	6	30
констелляция	n	3	16
рубка	n	0	22
қарасартов	n	3	25
перипатетизм	n	0	13
автостанция	n	0	29
мединститут	n	3	19
лакедемон	n	0	8
үндіевропа	n	0	13
үнтаспа	n	5	26
пад	n	0	2
кәстрөл	n	4	17
шия	v	2	0
лесхоз	n	3	14
шарп	v	406	252
мутакаллим	n	0	12
йаз	n	0	7
бастилия	n	0	19
станогі	n	0	6
барқытбел	n	0	18
күнкөр	v	5	0
маһди	n	3	8
мінәжатхана	n	0	15
кюре	n	0	14
педтехникум	n	2	5
көзқаман	n	0	19
колба	v	60	40
ботантай	n	3	14
икарус	n	0	14
малатия	n	0	14
сельпо	n	0	14
үшбас	n	2	16
жанымхан	n	3	11
мамабике	n	0	13
сарысүмбе	n	0	11
тюильри	n	0	10
ходжанов	v	5	3
максимыч	n	6	13
троекуров	n	2	10
фессалия	n	0	9
франграсйан	n	3	11
бадақшан	n	0	4
қазақконцерт	n	0	10
навахо	n	0	6
сүлікқара	n	0	10
аязхан	n	2	6
әбуғалисина	n	0	9
боккаччо	n	0	9
плебс	n	0	9
таңсыққожа	n	0	9
тоқбике	n	0	9
шэньси	n	0	7
дәулетбике	n	0	8
субэтнос	n	0	14
әлқожа	n	0	7
главка	n	0	7
кангдиз	n	0	3
кандид	v	13	4
комдив	n	2	5
сановник	n	3	5
сарымырза	n	0	7
ячейке	n	0	3
гиперболизация	n	0	4
қазығұл	n	0	6
мақұлбай	n	3	6
пневма	n	0	4
хэнань	n	0	4
коммунис	n	72	787
сиы	v	21	6
қараке	v	46	11
сұрқ	n	17	95
сұн	v	77	0
келтірім	n	3	27
шұбарта	v	50	0
маха	n	0	2
княз	n	0	90
стоик	n	0	30
білі	v	31	11
ілек	v	9	2
жертарап	n	3	34
програм	n	8	35
харіп	v	7	2
пария	n	0	12
кубрик	n	0	18
пәлсәпа	n	2	16
фарн	n	5	13
құлжабек	n	4	16
магнитка	n	3	8
гүлия	n	0	17
мәртөбе	n	0	16
синдикализм	n	0	10
күллият	n	0	4
гумбольд	n	3	17
айчуваков	v	5	3
валгалла	n	0	14
түркмения	n	0	12
хасанхан	n	4	20
олеша	n	0	15
әтрет	n	3	11
делдаш	n	2	13
панса	n	0	14
валькирия	n	0	10
мокасин	n	2	7
сорбұлақ	n	0	14
циркуляция	n	3	7
меланезия	n	0	10
монтескьё	n	0	13
нехлюдов	n	3	8
шұбарқұдық	n	0	11
йүзі	n	0	4
байкөбек	n	0	8
бенгалия	n	0	9
зеркүл	n	4	8
идальго	n	0	9
қошоба	n	0	13
нүрилә	n	0	7
суматра	n	0	9
шакьямуни	n	0	11
жайлаубек	n	0	10
жанбозов	n	0	7
меңдіқыз	n	2	8
эпоним	n	0	7
гнозис	n	0	5
гречко	n	0	9
жарқұдық	n	2	5
кенжеғара	n	0	9
офелия	n	0	9
паннония	n	0	9
шлегель	n	0	9
жамантік	n	3	5
қамидолла	n	0	8
қарамашақ	n	2	6
органон	n	0	10
сакля	n	0	4
тұзтөбе	n	0	8
фазылов	n	0	8
арпоксай	n	0	7
великорус	n	0	5
жаппасбай	n	2	7
жұбанбас	n	0	5
сұлтанқұл	n	0	7
тілеубек	n	2	5
әмірзада	n	0	6
берданка	n	2	4
гештальт	n	0	2
гүлзия	n	0	6
есімқан	n	2	6
жайлыбеков	n	0	4
жалмағамбет	n	2	4
мамбеев	n	2	4
ординарец	n	2	4
сәменбет	n	2	12
червяков	n	2	4
журналис	n	62	443
контекс	n	28	228
зах	v	56	0
ыла	v	50	2
кауіп	v	4	0
эротика	n	0	53
жос	v	288	7
пысыр	v	32	2
шәмс	n	0	7
биша	n	0	9
прототүркі	n	0	13
иша	n	0	28
һұш	n	2	11
шераға	n	0	3
егжетей	n	0	12
бойс	n	0	2
галлерея	n	4	14
селихов	n	4	17
лейн	n	2	11
дхарма	n	2	23
спасскі	n	0	17
молтай	n	4	17
окиға	n	0	13
папке	n	4	13
һамра	n	0	8
язы	n	0	224
аристотелизм	n	5	13
бекки	n	4	14
аллюзия	n	0	9
фазис	n	0	6
консорция	n	0	12
кнәз	n	0	8
дөңқара	n	0	12
интеллекция	n	0	14
киплинг	n	2	14
прилавка	n	0	16
төлебике	n	0	15
мұхамедияров	n	2	9
родриго	n	0	14
славянофил	n	0	15
тохарстан	n	4	11
абызов	n	0	11
жалғызкөз	v	9	0
мазепа	n	0	13
трудармия	n	0	13
конфиска	n	0	2
медучилище	n	0	12
нарқамыс	n	0	9
ашғабад	n	0	8
беллетристика	n	0	23
леспромхоз	n	2	9
сайлыбек	n	2	9
шайбанилық	n	0	3
афиндық	n	0	2
бизянов	n	2	4
болонья	n	0	10
жиренкөл	n	2	6
шетқурай	n	2	10
шешенстан	n	0	4
гувернантка	n	0	9
интелегенция	n	0	6
құмтөбе	n	0	9
ракитин	n	2	7
сұржекей	n	3	9
ханбике	n	0	6
хасенхан	n	2	5
шацкий	n	0	9
голгофа	n	0	8
горгона	n	0	6
кенжанбай	n	4	8
милютин	n	2	6
неверов	n	2	3
охранка	n	0	6
рукуғ	n	2	10
сатурналий	n	0	4
акчурин	n	0	5
арлекин	n	2	5
запорож	n	0	2
каравелла	n	0	5
кобзев	n	2	5
кремлев	n	2	7
құтжол	n	2	7
шалқаров	n	2	5
эскадрилья	n	0	5
көртоғай	n	0	6
ойрантөбе	n	0	6
өндірқара	n	0	6
стикс	n	0	4
сяньби	n	0	4
фаланга	n	0	4
шоражан	n	2	4
қайрыл	v	553	14
шалқа	n	0	48
кұн	n	8	40
ұққ	n	0	18
күнәһы	n	6	12
үрп	n	0	26
жиы	n	2	297
корольд	v	89	59
тпе	v	20	0
мәсе	n	0	2
әбдік	n	4	9
ханта	v	10	0
донбас	n	14	48
сьез	n	0	23
тұлабой	n	9	97
денотация	n	0	12
ныс	n	2	6
этикетка	n	3	20
кұт	v	11	0
кинокартина	n	3	13
эзотеризм	n	3	12
провинциал	n	3	21
гракх	n	0	14
ғұз	n	2	6
жәмбіл	n	2	15
шұғла	v	5	3
гугенот	n	0	9
сюртугі	n	0	11
хиқая	n	2	7
көктүрк	n	0	10
абдух	n	4	12
көксандал	n	7	13
осборн	n	2	12
хионит	n	0	12
байтек	n	3	6
бозаман	n	2	11
бұлғария	v	3	2
мұхтархан	n	2	13
урваши	n	5	10
сәрсебек	n	2	12
ғаждамбек	n	4	10
жақсықылыш	n	2	10
кейптаун	n	0	10
мәжнүнкөк	n	4	10
промсол	n	3	8
ботабек	n	2	11
этимолог	n	0	10
майа	n	0	6
жолдыөзек	n	0	12
саутгемптон	n	0	8
расхот	n	0	10
гегемон	n	0	11
колаксай	n	0	10
қарүлек	n	0	7
қостөре	n	0	5
садвокасов	n	2	5
сәулебек	n	2	8
хумбаба	n	0	10
досмайыл	n	2	7
карачи	n	0	4
кетебике	n	0	9
көктұйғын	n	3	7
неоплатоник	n	0	3
нюхалов	n	2	5
спецовка	n	0	4
трансильвания	n	0	7
түктіаяқ	n	0	9
херсонес	n	4	11
ашгабад	n	0	6
бодаубек	n	2	6
куртизанка	n	0	6
қалмұратов	n	0	4
қиясбай	n	4	8
надсон	n	0	4
сосновка	n	0	8
телшора	n	0	8
тойымбай	n	0	8
бегдаш	n	0	7
джакупов	n	0	4
кеңжанбай	n	0	5
конкурент	n	0	11
кронштад	n	0	10
қараорман	n	3	7
маккензи	n	0	7
нүптебек	n	2	5
потребсоюз	n	2	5
таврида	n	0	7
физиогномика	n	0	5
херувим	n	0	2
эйфория	n	0	9
эльдорадо	n	0	7
великорос	n	0	8
жезбике	n	0	6
заготскот	n	0	10
кабарда	n	0	7
көкарал	n	0	6
растиньяк	n	2	6
трансцендентализм	n	0	4
фраварти	n	0	2
һиндустан	n	0	8
шаштөбе	n	0	4
парқ	n	0	132
тре	n	22	62
сыйпа	v	47	0
гүлс	n	0	143
хунн	v	36	10
қаншай	n	0	38
разъез	n	26	110
венг	v	44	0
дорж	n	0	30
пла	n	53	203
шпе	v	5	0
жантеке	n	0	2
тапхана	n	0	18
қыймыл	n	0	4
көшеке	n	0	2
жәмбілбел	n	4	18
марғышаһ	n	0	22
комикс	n	0	11
ахей	n	0	3
күржістан	n	0	13
ақзарбап	n	6	12
монофизит	n	0	18
енох	n	5	12
жатынжай	n	0	16
рефлекция	n	2	13
экспликация	n	0	8
раманқұл	n	4	12
конститутция	n	0	6
кинолента	n	0	7
кеңөзек	n	2	10
күлғасыл	n	2	8
равенна	n	0	10
сараңбай	n	4	14
яғмус	n	2	12
гиксос	n	0	6
кенжеқыз	n	0	13
қайынсіңлі	v	4	0
машбюро	n	0	11
митраизм	n	2	11
патрокл	n	2	13
шағдатхан	n	0	9
алниязов	n	2	3
кавказия	n	0	10
саятқора	n	0	10
танзимат	n	2	6
тұлымқожа	n	0	12
узус	n	0	10
формализация	n	0	8
ақмадия	n	0	11
ғауазжан	n	0	11
каноник	n	2	7
комбинаторика	n	2	9
меһрасып	n	0	9
мүкарама	n	0	13
өгдүлміш	n	3	8
аяуке	n	0	8
ғашірбек	n	2	8
дөртуіл	n	2	8
кемализм	n	2	8
мафруза	n	0	10
пенжагі	n	0	5
пиетизм	n	0	6
поэтизм	n	0	6
тоқмамбет	n	3	7
автандил	n	0	7
ақөзек	n	0	9
кескентерек	n	3	6
нидерландия	n	0	9
панург	n	3	9
симфонизм	n	0	5
утнапишти	n	2	7
филистимлян	n	0	2
бакенбард	n	2	11
көккөл	n	0	8
манвантара	n	0	4
сарыалатегеш	n	0	4
семиосфера	n	0	8
схоласт	v	10	2
тагимасад	n	3	5
түбежік	n	0	6
дидона	n	0	7
қисыбай	n	0	7
успения	n	0	5
айдарқұл	n	2	4
альтинг	n	0	4
зоосемиотика	n	0	6
кистеневка	n	0	6
қарпықбай	n	2	6
құланайжарқын	n	0	4
одғұрмыш	n	2	4
соғдиана	n	0	4
талдыөзек	n	0	6
серіп	v	60	2
тағл	n	4	122
социалис	n	21	602
конто	n	0	2
экономис	n	15	106
самғ	v	122	0
бассал	v	156	4
чока	n	0	2
мұқ	n	48	264
айрақ	v	37	4
сәд	v	51	3
мәк	v	20	0
ите	n	2	7
сенік	n	2	743
актуал	v	37	5
институция	n	0	33
кента	v	38	0
табал	v	95	5
немқұрай	v	252	20
чжо	v	25	0
һама	n	0	4
сарыжай	n	0	2
рена	n	0	6
трансценденталь	v	31	17
жауқаш	v	19	2
қабе	n	2	32
паттерн	n	2	7
объек	v	163	88
рыз	n	2	9
мазхаб	n	0	7
банкт	v	36	17
аристотел	n	2	17
әркет	n	0	7
тима	v	7	0
ахеменид	n	0	21
пятигорскі	n	0	14
түгеншеке	n	0	2
көзал	n	0	2
пашпырт	n	0	7
зүһра	n	0	10
андалузия	n	0	15
займке	n	0	15
дуд	v	107	43
аксиоматика	n	0	24
жантөкеш	n	0	17
мамағаш	n	2	13
жамсыб	n	2	8
псалм	n	2	6
шаппаз	n	2	8
мақсан	n	2	5
хәріп	n	2	4
амахраспанд	n	2	3
көзалшаһ	n	2	13
милықұдық	n	0	13
прототүрк	n	0	11
конфеске	n	0	4
күнасыл	n	2	8
методизм	n	2	10
печат	v	2	0
пигмей	n	0	6
пропозиция	n	0	7
тұлымби	n	3	9
ашғабат	n	0	9
доусон	n	0	8
мельбурн	n	0	9
смердяков	n	2	9
эйнхерий	n	0	6
аржелуз	n	0	8
грушницкий	n	2	12
гілгәмеш	n	2	8
ламанча	n	0	9
лиговская	n	0	4
мифологизм	n	2	6
священик	n	3	7
тәжбақыт	n	2	10
тәжмахал	v	6	2
феллага	n	0	8
гүлнахал	n	3	6
партпел	v	3	2
байматай	n	5	8
грамматология	n	0	8
доместикация	n	0	8
жайынбек	n	2	6
жүңго	n	0	6
кангюйлік	n	0	3
ктесифон	n	0	4
қалиевич	n	2	6
қарықбол	n	2	6
мехколонна	n	0	8
мүзіке	n	0	8
нарвал	n	2	6
саршаян	n	2	6
сарымсаков	n	2	3
сыйлыбай	n	3	8
тобосская	n	0	8
херсковиц	n	0	10
хоршаһра	n	0	8
калымщик	n	0	2
кастилия	n	0	7
клотильда	n	0	7
мәчин	n	2	5
түріккомиссия	n	0	7
уақыйға	n	0	7
эгенсон	n	0	5
аспанқора	n	0	6
әбужәһіл	n	0	6
әмірханова	n	0	6
буффало	n	0	4
демонизм	n	0	6
дульсинея	n	0	6
есентуки	n	0	4
зиусудра	n	0	6
конфуциан	n	0	13
кудреванько	n	0	6
қалмақтолағай	n	0	4
қандыаю	n	2	4
құбайра	n	0	6
лубянка	n	0	4
митенька	n	0	6
полицентризм	n	2	4
селсовет	n	0	7
тривандрум	n	0	4
тұрсынбике	n	0	6
тяньцзин	n	0	2
хоробрых	n	2	4
экзотеризм	n	2	4
отба	n	292	565
диалек	v	35	20
шаһиза	n	0	71
өлеңт	n	0	51
шерке	v	16	0
жеккөр	v	43	0
уго	n	0	9
дамаскі	n	0	47
қоңтаж	n	0	26
мифоэпика	n	0	28
жыйна	v	8	0
киліг	v	323	0
бейсемб	n	0	25
шынта	v	4	0
майе	n	0	4
киоскі	n	0	34
дифференция	n	0	6
стро	n	2	11
тетрахорд	n	2	17
трансцендентал	v	20	12
такті	n	3	27
нұрғаз	n	6	36
йла	v	4	0
календа	n	0	2
сүра	v	14	0
жонарқа	n	6	19
қойкел	v	24	0
кәртай	v	22	2
сиырқұйымшақ	n	0	3
яровизация	n	0	6
пәп	n	0	2
еса	n	0	14
қарғабой	n	0	6
перманент	v	16	8
субьектив	v	14	3
модальді	n	0	3
іііы	n	0	2
ертөс	n	0	17
финикий	n	0	3
тройцкі	n	0	14
элеат	n	0	7
егоровка	n	2	12
петровскі	n	0	14
уәләят	n	0	2
үста	v	5	0
аргиппей	n	0	5
қолшапалақ	n	0	2
икария	n	0	4
лексикод	n	2	4
клиентела	n	0	4
көппартия	n	0	8
маһирон	n	2	8
прагмема	n	0	4
редсмири	n	0	8
реификация	n	0	4
жаманке	n	0	11
коннотатив	n	4	7
пруссак	n	0	3
сиянби	n	0	5
күнқияш	n	2	6
қағира	n	0	10
бірмезгіл	n	0	10
доббин	n	2	8
күландаз	n	2	8
мәкка	n	0	9
миметизм	n	0	8
раушенбек	n	2	8
росинант	n	2	8
гексаграмма	n	0	5
грушенька	n	0	10
ертұяқ	n	2	8
жалайырхан	n	2	8
жамбылбел	n	0	10
кінған	n	0	6
ләззатбал	n	2	8
массовка	n	0	10
метафорология	n	2	6
нәлқара	n	0	10
окленд	n	0	8
саутдаун	n	2	6
субкод	n	0	4
тетрада	n	0	10
фарқағад	n	2	8
шабшак	n	4	8
бензоколонка	n	0	9
варенька	n	0	9
философема	n	0	5
энергетизм	n	0	7
амангерей	n	2	6
бейракрс	n	2	4
бугеев	n	2	6
ғалатнама	n	0	8
ғамири	n	0	8
естігүл	n	0	10
жаппарқұл	n	0	8
жартыетек	n	2	6
жаседіл	n	0	4
ждақай	n	2	8
жекешұнақ	n	0	8
идеологика	n	0	8
кәждембек	n	0	6
керафил	n	2	6
кифара	n	0	8
көлшүнгент	n	2	6
құнанбел	n	2	4
құрбанкүл	n	2	6
нәзігүл	n	2	6
нөкербай	n	0	6
сартқара	n	0	6
синсизи	n	2	6
сиогун	n	0	2
суперквартал	n	0	4
таңшолақ	n	2	6
теміраяқ	n	2	6
трибхувана	n	0	6
хабаровскі	n	0	8
брайтон	n	0	4
микрокредит	n	0	5
парахот	n	2	7
секвенция	n	0	7
абдулуаһап	n	2	4
австралопитек	n	0	4
ангирас	n	0	4
афласон	n	0	4
әйдербек	n	0	6
бегімана	n	0	6
бейсекеш	n	2	4
бибінияз	n	2	4
богдановка	n	0	4
бромптон	n	0	2
вулич	n	2	4
дәумама	n	0	6
дипломатка	n	0	4
елісхан	n	2	6
еркеатан	n	2	4
жамантелпек	n	2	4
жамнұн	n	2	6
жәнехан	n	0	4
жоржетта	n	0	6
зәуреней	n	2	6
интенцияшіл	n	0	2
казбич	n	2	4
кандуха	n	0	4
кетедал	n	2	4
колодкі	n	0	4
колумкилли	n	0	6
көкшоқат	n	0	6
кроуфорд	n	0	6
күлзайра	n	0	6
қайырсынов	n	0	6
қалтон	n	0	2
қангерман	n	0	4
қандыөзек	n	0	6
қанжарқан	n	0	6
қанкөшек	n	2	4
қасенхан	n	0	4
қәдірхан	n	2	4
қосмалия	n	0	6
лапландия	n	0	4
мақтымхан	n	0	4
мәнжал	n	2	4
мейізкүл	n	0	6
нарқұла	n	0	4
ознобин	n	2	4
орайнатан	n	2	4
остроухов	n	0	6
отыкен	n	2	6
пахраддин	n	2	4
перверсия	n	0	4
пифия	n	0	6
ресторация	n	0	6
сартоқай	n	0	4
сейдхарта	n	0	6
символат	n	0	2
синергизм	n	2	4
соуллилья	n	0	6
сұркөк	n	2	4
таңдайбай	n	2	6
тобосо	n	0	6
томагавкі	v	2	0
төлегатай	n	0	4
уәзірхан	n	0	6
ұйғырия	n	0	6
үйезнай	n	2	6
хасенміл	n	2	4
цинцендорф	n	0	6
чэдвик	n	0	2
шаймұза	n	0	6
шерқуат	n	2	8
шүршітпай	n	2	6
эллора	n	0	6
атсал	v	4	0
ғұрп	n	0	304
аспек	v	91	57
фашис	n	71	295
неғы	n	7	15
оншақ	v	315	0
ұйқ	n	2	1631
прогре	n	22	56
нарқ	n	0	161
ұйқа	n	70	121
қоласт	n	0	6
капиталис	n	26	308
сиғыз	v	90	0
қараге	v	2	0
ұйт	v	4	0
сәйке	v	25	5
кызме	v	49	4
көрсеқыз	v	103	0
пайымдал	v	156	0
көрұғл	n	0	69
конгре	n	11	38
қызылта	v	52	0
тапжыл	v	81	5
көзбоя	v	21	0
келіңкіре	v	61	0
орманбе	n	0	2
кесепа	v	30	7
зейнолл	n	0	3
шалажанс	v	136	0
байшұб	v	38	0
өзгеріл	v	87	0
тәңірбер	v	112	0
хәк	n	0	77
турис	n	5	118
отырыл	v	126	0
заңдастырыл	v	89	0
мұхамеджа	n	0	4
сеніңкіре	v	8	0
түпқара	v	62	0
начальни	n	0	16
сыйқ	n	0	57
сәудег	v	41	0
шідерт	n	2	59
өркения	v	6	0
хайдегг	v	33	0
сілкінт	v	146	0
міңге	v	3	0
өнебой	n	2	78
бекта	v	14	3
есенгел	v	60	0
шәһә	n	0	2
қожабер	v	69	0
сәйкестендіріл	v	102	0
қожаназ	v	49	0
байұл	n	0	151
бәйімбе	v	4	0
карага	n	0	6
оғл	n	4	56
сізл	v	24	0
ханбиб	n	0	36
уһле	v	8	0
қызыләск	v	33	0
декабрис	n	9	43
кұй	v	67	0
сайраң	n	0	5
рационалис	n	0	78
анархис	n	2	57
тох	v	24	12
ыбраһ	n	0	26
әлжап	v	6	0
қарато	n	5	29
қоныра	v	39	0
лингвис	n	7	44
тайсой	v	49	0
ақсұл	v	29	0
империалис	n	13	88
көндіг	v	222	0
көптом	n	2	45
өнбой	n	2	30
төлепбер	v	44	0
іштарт	v	42	0
марксис	n	4	116
сөйде	v	56	2
самс	v	23	15
сөзл	v	21	6
сакраль	v	32	15
көкба	n	0	8
құламер	v	35	0
ридд	v	33	0
нұрмағамбе	v	2	0
өтежа	n	0	3
гиппокра	n	0	5
тәңірта	v	20	0
машинис	n	14	74
хансұл	v	17	9
шаһна	n	0	7
ізба	n	0	2
шпенгл	v	37	0
позитивис	n	0	47
бастарт	v	34	0
қойбағ	v	34	0
қойс	v	5	0
манифе	n	8	19
жаранл	v	31	0
құлбол	v	24	0
тәкабб	v	39	0
рыц	v	6	0
кішіта	v	21	0
ұжы	v	19	0
атағоз	n	0	38
жанғаз	n	0	26
материалис	n	6	153
фаус	n	13	41
қарате	n	0	5
шонж	v	115	21
ақшымыра	v	28	0
робеспь	v	24	0
идеалис	n	0	144
сыйп	v	35	0
эффек	n	17	37
бәзбіре	v	5	0
болыңқыра	v	16	0
сүрінт	v	42	0
байто	n	0	9
мәмлег	v	25	0
подъез	n	3	72
керқұ	n	0	4
қаракөзай	n	0	27
нацис	n	2	26
беста	v	21	0
қортын	v	65	0
сидыр	v	19	2
қосба	n	0	3
шынт	n	2	13
амбивалент	v	16	6
кетбұ	n	0	22
көзкөр	v	19	11
наркомпро	v	22	0
тескента	v	32	0
қарадә	v	11	0
публицис	n	17	51
шахна	n	0	2
жылкел	v	31	0
казахстанц	n	0	25
ақме	n	0	2
космонав	n	10	40
реалис	n	8	213
шынжа	v	28	0
ынтаз	v	19	0
жылқайд	v	26	0
иконожаз	v	2	0
нұрбер	v	28	0
сыңс	v	403	0
ханл	v	19	0
әбдіғап	v	25	0
баяруна	v	3	0
татья	n	0	33
алқ	n	21	64
артылт	v	26	0
жігітл	v	24	0
краснод	v	27	0
ориенталис	n	10	27
магоме	n	0	43
оразкел	v	19	0
адамл	v	22	0
кербес	v	14	0
базбіре	v	5	0
көкбес	v	22	0
шыг	v	27	0
баянта	v	9	0
шарттал	v	28	0
қарамер	v	30	0
легитим	v	15	8
сейпілмә	n	0	24
хақназ	v	27	0
кұры	v	6	0
пісірт	v	30	0
рәсімдел	v	24	0
сездірт	v	18	0
үздіг	v	221	91
шатал	v	37	2
нарманбе	v	2	0
сұлтанғаз	n	0	34
буддис	n	7	38
көкта	v	12	3
утопис	n	2	20
адамдік	n	0	57
гүлжауһ	v	15	0
қойгел	v	27	0
нәла	v	9	0
начальниг	n	0	80
постмодернис	n	0	28
балқанта	v	16	0
мырқ	n	0	11
рефлексив	v	15	8
ябғ	v	11	0
нарымбе	n	0	4
сатыпал	v	27	0
сейфүлмә	n	0	27
ханкел	v	18	0
қанжы	n	0	53
ұлту	v	18	0
жұмсартыл	v	31	0
жанл	v	18	0
жүмы	n	0	3
кұла	v	8	2
лма	v	10	0
шариа	n	3	55
юрис	n	15	30
алдоңғ	v	24	0
македо	n	0	2
момышұл	n	0	87
ақтот	n	0	17
отбас	n	0	611
порм	n	0	5
таңғалт	v	29	0
зороаст	v	3	0
көлқайн	v	12	0
мәлікаж	n	0	15
нармамбе	n	0	2
фундаментал	v	28	4
шолаққор	v	24	0
ерента	v	14	0
көшбас	n	0	14
жоямер	v	17	0
қожамберд	n	0	37
ақбер	v	43	0
зерте	v	18	0
сакрал	v	11	2
сарыба	n	0	2
сейі	n	0	37
таксис	n	6	21
тракторис	n	9	33
ақтамберд	n	0	93
бесоқ	v	20	0
кертолға	v	19	0
советста	n	0	3
шендестіріл	v	30	0
альпинис	n	0	32
сиа	v	4	0
дискурсив	v	25	7
құдайназ	v	21	0
уәлибақ	n	0	18
кодтал	v	24	0
күнтек	v	16	0
шеміш	n	0	15
кызметк	v	5	0
қарасоп	n	0	15
акто	v	4	0
қисы	n	0	424
мің	v	12	0
жексемб	n	0	16
парадоксал	v	20	3
священни	n	0	2
структуралис	n	0	19
сюнн	v	16	0
инстинк	v	66	42
ландшаф	n	25	60
тақырыптал	v	2	0
уәждел	v	10	0
басқалардік	n	0	15
ғауазха	n	0	6
мыңжылқ	n	0	16
тәңіртек	v	16	0
айқа	v	208	93
артиллерис	n	10	22
жанж	v	5	0
живопис	n	7	26
қаржа	v	57	0
тұщ	n	3	360
контрас	n	26	52
панисламис	n	0	15
сиуңн	v	7	0
атрап	n	0	9
қоңырта	v	7	0
иконжаз	v	2	0
люциф	v	12	0
өтепбер	v	25	0
тілеуберд	n	0	65
жемса	v	21	0
инструментт	n	3	5
қөр	v	9	2
мұсылманл	v	12	0
рецеп	v	23	6
каузаль	v	19	5
саршоқ	n	0	10
сарысоп	n	0	10
жылгел	v	15	0
кроват	n	0	23
малкел	v	16	0
меһірба	n	0	4
таубұз	v	11	0
шығал	n	2	19
бүрсікү	n	0	15
кальвинис	n	0	10
құнек	v	4	0
орынтағ	n	0	3
орыстіл	v	16	0
сейітқаз	n	0	15
хосро	v	6	0
шәріпха	n	0	2
экзистенциалис	n	0	19
бәдиғы	n	0	2
хұнх	v	6	0
альциаг	v	7	0
кисловодскі	n	0	20
корифей	n	0	4
латынамерика	n	0	5
одноаульц	n	2	11
спиритуалис	n	0	13
түнға	n	0	13
кайте	v	3	0
күңіре	v	5	0
келімберд	n	0	32
қоқанлоқ	n	0	10
саудег	v	3	0
сыбызг	n	2	14
антитез	n	7	18
дұшпанл	v	2	0
қабылданыл	v	17	0
қарж	n	4	577
мәшіңке	n	3	13
штирн	v	7	0
аллабер	v	21	0
бірмезет	n	0	8
есімжа	n	0	2
жүмеке	n	0	3
құдайбердіұл	n	0	71
субэтно	n	0	4
сұлушоқ	n	0	7
эксплицит	v	10	4
якобин	n	0	5
кінәлә	v	4	0
мәнек	v	3	0
антиго	n	0	2
аримасп	n	0	13
әділқаз	n	0	12
бекбула	n	0	3
өрбітіл	v	32	0
репрезентатив	v	9	4
семейта	v	8	0
тасқор	v	7	0
тереңдетіл	v	45	0
шырайнал	v	13	2
этрускі	n	0	7
бригаді	n	0	6
методис	n	2	10
айғыркі	n	0	3
жертараб	n	0	5
қанышай	n	0	4
некаһла	v	5	0
объективтендіріл	v	13	0
ротмист	v	3	0
сарышоқ	n	0	9
символис	n	2	17
социолек	n	0	2
тілепбер	v	9	0
барал	n	2	21
судъя	n	0	6
адамдардік	n	0	18
белқұ	n	0	9
бөтента	v	4	0
қаражүз	v	9	0
меңдісұл	v	10	0
олардік	n	0	98
садвака	v	7	0
сойылсоғ	v	4	0
түнқа	n	0	11
хасанха	n	0	4
байқоз	n	0	7
ғажапла	v	2	0
керуенба	n	10	56
қарагөзай	n	0	4
литфон	n	0	3
мажиқы	n	0	14
номиналис	n	0	12
өзімбілем	n	0	3
таңшеб	v	4	0
туындатыл	v	16	0
тілқайс	v	2	0
янцз	n	0	10
адамила	v	2	0
бегунц	n	2	3
бибіаж	v	5	0
даңдайс	v	10	0
джейра	n	0	2
есілдерт	n	0	9
жөпшеңк	n	0	7
импералис	n	0	8
каттақор	v	4	0
комунис	n	0	11
көкқайқ	n	0	2
қызылшоқ	n	0	7
мейрамсоп	n	0	6
неғылде	v	3	0
парахо	v	4	0
пиетис	n	0	5
телқоз	n	0	7
челябинс	n	0	3
дескейр	v	2	0
абсолюттендіріл	v	11	0
анабаптис	n	0	8
аюдә	v	7	0
байшоқ	n	0	4
есқаз	n	0	8
жасағанбер	v	5	0
концептуаль	v	9	3
қаніпез	v	8	0
құймышағ	n	0	11
полицмейст	v	20	0
трансцедент	v	7	3
функционалис	n	0	8
хасіре	v	3	0
акцидент	v	6	3
богдыха	n	0	3
евангелис	n	0	11
жұмабайұл	n	0	32
замог	n	0	7
иллирия	n	0	9
камердин	v	11	0
келісіңкіре	v	4	0
коррелятив	n	3	6
көзтарт	v	3	0
көпнұсқа	n	0	3
қонтайж	n	0	6
мінайд	v	5	0
протоболг	v	3	0
төнкері	n	0	7
туркестанц	n	0	6
тюленгут	n	2	3
фарсизм	n	0	2
фаһимда	v	4	0
ыждиһа	n	0	2
яныч	v	3	0
арғымер	v	5	0
гүлдарай	n	0	2
диапозо	n	0	8
квазитрансценденті	n	0	4
көпқабат	v	25	0
кулпыта	n	2	6
қанқақса	n	0	2
өрікайд	v	2	0
подьез	n	2	8
синдикалис	n	0	6
солардік	n	0	74
сөзжаса	v	2	0
тоталитарис	n	0	6
троцкис	n	0	5
тілепал	v	6	0
уәлиқыз	n	0	5
физиократ	n	0	6
хулига	n	0	4
шамырығ	v	8	0
шөгүнке	n	2	8
ішімдікхана	n	0	4
язидл	v	2	0
аймауытұл	n	0	26
ақбелбе	v	5	0
антихрис	n	6	10
арзрум	n	0	9
аткө	n	0	2
ахметұл	n	0	82
гуанчжо	v	4	0
дәулетжа	n	0	2
иоаннит	n	0	3
карасака	v	2	0
күйгента	v	2	0
оқығансы	v	3	0
симбирс	n	0	4
славянофиль	n	0	8
таушелек	n	2	7
тәңірімберд	n	0	3
телерадиокомпания	n	0	5
түпсана	n	2	5
чужеродц	n	2	3
айгайта	v	3	0
айтқұрма	n	0	2
антропофагия	n	0	8
бітікта	n	0	2
гетерономия	n	0	4
жетімқоз	n	0	3
жүйелендіріл	v	4	0
заттандырыл	v	6	0
каббалис	n	0	6
көкқайн	v	3	0
крепос	n	6	15
күншуағ	n	0	14
қөзқара	n	2	4
мадбери	n	0	6
онтүс	n	0	13
отпанта	v	4	0
петрозаводскі	n	0	6
пиәңкеш	n	0	3
порымдал	v	6	0
приказчиг	n	0	13
рахымберд	n	0	7
сартеке	n	0	2
семиотизация	n	0	2
сиванм	v	3	0
сұркү	n	0	2
таирулмә	n	0	2
тайшұб	v	4	0
ұтымдандырыл	v	4	0
хорлыжа	n	0	4
шанбілбел	n	0	8
ьіңғай	n	0	4
эпифания	n	0	8
эполе	v	6	0
якутскі	n	0	8
ақтанберд	n	0	29
асқақтатыл	v	4	0
аутентика	n	0	3
біздердік	n	0	16
видевда	n	0	2
гоплит	n	0	5
жуасытыл	v	8	0
кейхұсра	v	3	0
көпбейне	n	0	4
көрініңкіре	v	2	0
қылбелбе	v	3	0
меннонит	n	0	2
мылқайд	v	3	0
некахл	n	2	3
өміртаным	n	0	4
патшахан	n	0	3
плюрал	n	0	3
подольскі	n	0	5
сарыдә	v	3	0
тасшоқ	n	0	3
торвальдсен	n	0	7
түркітек	v	3	0
уранид	n	0	3
утилитарис	n	0	3
ұзынсай	n	0	7
хайдег	v	3	2
христология	n	0	7
шәмбілбел	n	2	5
ықшамаудан	n	0	3
элиминация	n	0	5
арменста	n	0	2
байсалқыз	n	0	2
бейұй	n	0	2
ботакөзай	n	0	2
гуажо	v	2	0
днепропетровскі	n	0	4
ертұрма	n	0	2
жусандала	n	0	6
идеолингвистика	n	0	6
инсургент	n	0	2
интеллигибел	v	2	0
истиха	n	0	4
квазиметафора	n	0	2
конструк	n	0	2
конформис	n	0	2
кошеуа	n	0	4
күлшаһ	v	2	0
қасқырдік	n	0	7
қәдірха	n	0	2
қожанұл	n	0	14
қосшықұл	n	0	6
қызжире	n	0	2
майшек	v	2	0
мәтрөш	n	0	2
мессиан	n	0	14
метапарадигма	n	0	4
момынғол	n	2	4
муфаккиһ	n	0	2
мырзағалиұл	n	0	8
неокант	n	0	2
нушеби	n	0	4
орхестра	n	0	6
парцелла	n	0	2
раблезиан	n	0	4
сентимент	n	0	6
сеңгірта	v	2	0
талданыл	v	13	0
тарадайке	n	2	4
текрада	n	0	2
травессия	n	0	2
утиредсмири	n	0	4
фраваш	n	0	2
читлек	n	2	4
шерқуа	v	2	0
эвере	n	0	2
экзекуция	n	0	6
