# stem	verdict	lemma	pos	voices	per-model — tools/triage.py
# `verdict` is what every model that answered agreed on, or
# `disputed`. `voices` is how many answered: one is weaker than two.
# Proposals. tools/regress.py decides whether they go in.
шаба	fragment			1	nemotron-3-ultra-550b-a55b:free=fragment
жиды	word	жиу	v	1	nemotron-3-ultra-550b-a55b:free=word
нең	fragment			1	nemotron-3-ultra-550b-a55b:free=fragment
жия	word	жию	v	1	nemotron-3-ultra-550b-a55b:free=word
қаупі	word	қауіп	n	1	nemotron-3-ultra-550b-a55b:free=word
қауып	fragment			1	nemotron-3-ultra-550b-a55b:free=fragment
был	foreign			1	nemotron-3-ultra-550b-a55b:free=foreign
япыр	fragment			1	nemotron-3-ultra-550b-a55b:free=fragment
мой	foreign			1	nemotron-3-ultra-550b-a55b:free=foreign
рахым	word	рахым	n	1	nemotron-3-ultra-550b-a55b:free=word
пор	foreign			1	nemotron-3-ultra-550b-a55b:free=foreign
мамыражай	name			1	nemotron-3-ultra-550b-a55b:free=name
кішірек	word	кішірек	adj	1	nemotron-3-ultra-550b-a55b:free=word
свет	foreign			1	nemotron-3-ultra-550b-a55b:free=foreign
міс	fragment			1	nemotron-3-ultra-550b-a55b:free=fragment
план	word	план	n	1	nemotron-3-ultra-550b-a55b:free=word
езі	word	ез	n	1	nemotron-3-ultra-550b-a55b:free=word
әркез	fragment			1	nemotron-3-ultra-550b-a55b:free=fragment
інген	fragment			1	nemotron-3-ultra-550b-a55b:free=fragment
край	foreign			1	nemotron-3-ultra-550b-a55b:free=foreign
книга	foreign			1	nemotron-3-ultra-550b-a55b:free=foreign
дед	foreign			1	nemotron-3-ultra-550b-a55b:free=foreign
сила	foreign			1	nemotron-3-ultra-550b-a55b:free=foreign
права	foreign			1	nemotron-3-ultra-550b-a55b:free=foreign
срок	foreign			1	nemotron-3-ultra-550b-a55b:free=foreign
света	foreign			1	nemotron-3-ultra-550b-a55b:free=foreign
астрахань	foreign			1	nemotron-3-ultra-550b-a55b:free=foreign
рек	foreign			1	nemotron-3-ultra-550b-a55b:free=foreign
скот	foreign			1	nemotron-3-ultra-550b-a55b:free=foreign
оныкі	fragment			1	nemotron-3-ultra-550b-a55b:free=fragment
көнбес	unanswered			0	
ильич	foreign			1	nemotron-3-ultra-550b-a55b:free=foreign
байқұс	word	байқұс	n	1	nemotron-3-ultra-550b-a55b:free=word
союз	foreign			1	nemotron-3-ultra-550b-a55b:free=foreign
сей	word	сей	n	1	nemotron-3-ultra-550b-a55b:free=word
школа	word	школа	n	1	nemotron-3-ultra-550b-a55b:free=word
сөнбес	word	сөнбес	adj	1	nemotron-3-ultra-550b-a55b:free=word
сиқын	word	сиқын	n	1	nemotron-3-ultra-550b-a55b:free=word
статья	word	статья	n	1	nemotron-3-ultra-550b-a55b:free=word
тоқтамыс	word	тоқтамыс	n	1	nemotron-3-ultra-550b-a55b:free=word
балқан	word	балқан	n	1	nemotron-3-ultra-550b-a55b:free=word
шаг	foreign			1	nemotron-3-ultra-550b-a55b:free=foreign
қараш	word	қараш	n	1	nemotron-3-ultra-550b-a55b:free=word
әбділда	name	Әбділ		1	nemotron-3-ultra-550b-a55b:free=name
нес	word	нес	pron	1	nemotron-3-ultra-550b-a55b:free=word
итак	foreign			1	nemotron-3-ultra-550b-a55b:free=foreign
член	foreign			1	nemotron-3-ultra-550b-a55b:free=foreign
форм	fragment			1	nemotron-3-ultra-550b-a55b:free=fragment
түсінбес	word	түсіну	v	1	nemotron-3-ultra-550b-a55b:free=word
сарыала	word	сарыала	adj	1	nemotron-3-ultra-550b-a55b:free=word
досан	name			1	nemotron-3-ultra-550b-a55b:free=name
қаракерей	name			1	nemotron-3-ultra-550b-a55b:free=name
ырғыз	name			1	nemotron-3-ultra-550b-a55b:free=name
школ	fragment			1	nemotron-3-ultra-550b-a55b:free=fragment
ыржия	fragment			1	nemotron-3-ultra-550b-a55b:free=fragment
реке	foreign			1	nemotron-3-ultra-550b-a55b:free=foreign
сыңаржақ	fragment			1	nemotron-3-ultra-550b-a55b:free=fragment
гегель	name			1	nemotron-3-ultra-550b-a55b:free=name
ыққан	word	ық	v	1	nemotron-3-ultra-550b-a55b:free=word
сәке	word	сәке	n	1	nemotron-3-ultra-550b-a55b:free=word
пер	fragment			1	nemotron-3-ultra-550b-a55b:free=fragment
шань	name			1	nemotron-3-ultra-550b-a55b:free=name
яссауи	name			1	nemotron-3-ultra-550b-a55b:free=name
победа	foreign			1	nemotron-3-ultra-550b-a55b:free=foreign
пәлекет	fragment			1	nemotron-3-ultra-550b-a55b:free=fragment
темірхан	name			1	nemotron-3-ultra-550b-a55b:free=name
алынбас	name			1	nemotron-3-ultra-550b-a55b:free=name
тағлым	word	тағ	n	1	nemotron-3-ultra-550b-a55b:free=word
қубас	fragment			1	nemotron-3-ultra-550b-a55b:free=fragment
қарашаш	word	қарашаш	n	1	nemotron-3-ultra-550b-a55b:free=word
зылиха	name			1	nemotron-3-ultra-550b-a55b:free=name
арыслан	name			1	nemotron-3-ultra-550b-a55b:free=name
сибирь	foreign			1	nemotron-3-ultra-550b-a55b:free=foreign
награда	foreign			1	nemotron-3-ultra-550b-a55b:free=foreign
ивановна	foreign			1	nemotron-3-ultra-550b-a55b:free=foreign
бекен	name			1	nemotron-3-ultra-550b-a55b:free=name
рақ	word	рақ	adv	1	nemotron-3-ultra-550b-a55b:free=word
сек	word	сек	interj	1	nemotron-3-ultra-550b-a55b:free=word
атығай	word	атығай	n	1	nemotron-3-ultra-550b-a55b:free=word
отдел	foreign			1	nemotron-3-ultra-550b-a55b:free=foreign
хүкім	word	хүкім	n	1	nemotron-3-ultra-550b-a55b:free=word
үргеніш	word	үргеніш	n	1	nemotron-3-ultra-550b-a55b:free=word
мағауин	fragment			1	nemotron-3-ultra-550b-a55b:free=fragment
қобда	word	қобда	n	1	nemotron-3-ultra-550b-a55b:free=word
плен	foreign			1	nemotron-3-ultra-550b-a55b:free=foreign
ғабдолла	name			1	nemotron-3-ultra-550b-a55b:free=name
поселка	foreign			1	nemotron-3-ultra-550b-a55b:free=foreign
пауза	word	пауза	n	1	nemotron-3-ultra-550b-a55b:free=word
участке	foreign			1	nemotron-3-ultra-550b-a55b:free=foreign
ылаж	fragment			1	nemotron-3-ultra-550b-a55b:free=fragment
рум	fragment			1	nemotron-3-ultra-550b-a55b:free=fragment
мұхамед	name			1	nemotron-3-ultra-550b-a55b:free=name
культ	word	культ	n	1	nemotron-3-ultra-550b-a55b:free=word
мон	fragment			1	nemotron-3-ultra-550b-a55b:free=fragment
бег	word	бег	n	1	nemotron-3-ultra-550b-a55b:free=word
сәна	name			1	nemotron-3-ultra-550b-a55b:free=name
жеңбек	word	жеңбек	n	1	nemotron-3-ultra-550b-a55b:free=word
шәкен	name			1	nemotron-3-ultra-550b-a55b:free=name
әнет	word	әнет	n	1	nemotron-3-ultra-550b-a55b:free=word
жеменей	name			1	nemotron-3-ultra-550b-a55b:free=name
алқакөл	name			1	nemotron-3-ultra-550b-a55b:free=name
қадиша	name			1	nemotron-3-ultra-550b-a55b:free=name
мұқаш	word	мұқаш	adv	1	nemotron-3-ultra-550b-a55b:free=word
поль	fragment			1	nemotron-3-ultra-550b-a55b:free=fragment
валиханов	name			1	nemotron-3-ultra-550b-a55b:free=name
шорман	name			1	nemotron-3-ultra-550b-a55b:free=name
иль	foreign			1	nemotron-3-ultra-550b-a55b:free=foreign
юга	foreign			1	nemotron-3-ultra-550b-a55b:free=foreign
рос	fragment			1	nemotron-3-ultra-550b-a55b:free=fragment
қапал	word	қапал	adj	1	nemotron-3-ultra-550b-a55b:free=word
қаражан	name			1	nemotron-3-ultra-550b-a55b:free=name
мұхаметжан	name			1	nemotron-3-ultra-550b-a55b:free=name
кұс	word	кұс	n	1	nemotron-3-ultra-550b-a55b:free=word
қазбек	name			1	nemotron-3-ultra-550b-a55b:free=name
шеркеш	word	шеркеш	n	1	nemotron-3-ultra-550b-a55b:free=word
пристав	foreign			1	nemotron-3-ultra-550b-a55b:free=foreign
әбеке	word	әбеке	adj	1	nemotron-3-ultra-550b-a55b:free=word
бөкенбай	name			1	nemotron-3-ultra-550b-a55b:free=name
самарқанд	name			1	nemotron-3-ultra-550b-a55b:free=name
әбен	word	әбен	adj	1	nemotron-3-ultra-550b-a55b:free=word
бейсен	fragment			1	nemotron-3-ultra-550b-a55b:free=fragment
ағыбай	name			1	nemotron-3-ultra-550b-a55b:free=name
өліара	fragment			1	nemotron-3-ultra-550b-a55b:free=fragment
бия	name			1	nemotron-3-ultra-550b-a55b:free=name
жанбас	name			1	nemotron-3-ultra-550b-a55b:free=name
дав	word	дав	n	1	nemotron-3-ultra-550b-a55b:free=word
тыңла	word	тыңлау	v	1	nemotron-3-ultra-550b-a55b:free=word
реу	fragment			1	nemotron-3-ultra-550b-a55b:free=fragment
еркетотай	fragment			1	nemotron-3-ultra-550b-a55b:free=fragment
гейне	fragment			1	nemotron-3-ultra-550b-a55b:free=fragment
мақаш	word	мақаш	n	1	nemotron-3-ultra-550b-a55b:free=word
қареке	word	қареке	n	1	nemotron-3-ultra-550b-a55b:free=word
юсуф	name			1	nemotron-3-ultra-550b-a55b:free=name
созі	fragment			1	nemotron-3-ultra-550b-a55b:free=fragment
хәкім	word	хәкім	n	1	nemotron-3-ultra-550b-a55b:free=word
қаратөбе	name			1	nemotron-3-ultra-550b-a55b:free=name
сигарет	word	сигарет	n	1	nemotron-3-ultra-550b-a55b:free=word
сейілхан	name			1	nemotron-3-ultra-550b-a55b:free=name
бейсенбай	name			1	nemotron-3-ultra-550b-a55b:free=name
садуақас	fragment			1	nemotron-3-ultra-550b-a55b:free=fragment
бальзак	name			1	nemotron-3-ultra-550b-a55b:free=name
қажымұқан	name			1	nemotron-3-ultra-550b-a55b:free=name
пей	foreign			1	nemotron-3-ultra-550b-a55b:free=foreign
соловьев	name			1	nemotron-3-ultra-550b-a55b:free=name
рая	foreign			1	nemotron-3-ultra-550b-a55b:free=foreign
контраст	word	контраст	n	1	nemotron-3-ultra-550b-a55b:free=word
салют	word	салют	n	1	nemotron-3-ultra-550b-a55b:free=word
жарқанат	word	жарқанат	n	1	nemotron-3-ultra-550b-a55b:free=word
гүлсім	word	гүлсім	n	1	nemotron-3-ultra-550b-a55b:free=word
оры	fragment			1	nemotron-3-ultra-550b-a55b:free=fragment
мәдине	name			1	nemotron-3-ultra-550b-a55b:free=name
кеңгірбай	name			1	nemotron-3-ultra-550b-a55b:free=name
жарылғап	fragment			1	nemotron-3-ultra-550b-a55b:free=fragment
қарпық	word	қарпық	adj	1	nemotron-3-ultra-550b-a55b:free=word
ахметова	name			1	nemotron-3-ultra-550b-a55b:free=name
велик	foreign			1	nemotron-3-ultra-550b-a55b:free=foreign
сумма	word	сумма	n	1	nemotron-3-ultra-550b-a55b:free=word
ахтанов	name	ахтанов	n	1	nemotron-3-ultra-550b-a55b:free=name
иасауи	name	ясауи	n	1	nemotron-3-ultra-550b-a55b:free=name
шаһизада	word	шаһизада	n	1	nemotron-3-ultra-550b-a55b:free=word
хәл	word	хәл	n	1	nemotron-3-ultra-550b-a55b:free=word
нартай	name	нартай	n	1	nemotron-3-ultra-550b-a55b:free=name
холм	foreign			1	nemotron-3-ultra-550b-a55b:free=foreign
монғолия	name	монғолия	n	1	nemotron-3-ultra-550b-a55b:free=name
ыға	fragment			1	nemotron-3-ultra-550b-a55b:free=fragment
склад	word	склад	n	1	nemotron-3-ultra-550b-a55b:free=word
өкінбес	fragment			1	nemotron-3-ultra-550b-a55b:free=fragment
тұманбай	name			1	nemotron-3-ultra-550b-a55b:free=name
коғам	word	коғам	n	1	nemotron-3-ultra-550b-a55b:free=word
приход	word	приход	n	1	nemotron-3-ultra-550b-a55b:free=word
қонбақ	fragment			1	nemotron-3-ultra-550b-a55b:free=fragment
қашқари	name			1	nemotron-3-ultra-550b-a55b:free=name
әзербайжан	name			1	nemotron-3-ultra-550b-a55b:free=name
шалкиіз	fragment			1	nemotron-3-ultra-550b-a55b:free=fragment
буырыл	fragment			1	nemotron-3-ultra-550b-a55b:free=fragment
үндіс	fragment			1	nemotron-3-ultra-550b-a55b:free=fragment
қарабек	name			1	nemotron-3-ultra-550b-a55b:free=name
иоанн	name			1	nemotron-3-ultra-550b-a55b:free=name
биеке	fragment			1	nemotron-3-ultra-550b-a55b:free=fragment
сартай	name			1	nemotron-3-ultra-550b-a55b:free=name
манаш	word	манаш	interj	1	nemotron-3-ultra-550b-a55b:free=word
илла	word	илла	adv	1	nemotron-3-ultra-550b-a55b:free=word
сцена	word	сцена	n	1	nemotron-3-ultra-550b-a55b:free=word
салиха	name			1	nemotron-3-ultra-550b-a55b:free=name
қарақия	name			1	nemotron-3-ultra-550b-a55b:free=name
қанапия	fragment			1	nemotron-3-ultra-550b-a55b:free=fragment
балхаш	name			1	nemotron-3-ultra-550b-a55b:free=name
смайыл	fragment			1	nemotron-3-ultra-550b-a55b:free=fragment
жұмаш	name			1	nemotron-3-ultra-550b-a55b:free=name
әлжан	name			1	nemotron-3-ultra-550b-a55b:free=name
нұреке	name			1	nemotron-3-ultra-550b-a55b:free=name
копия	word	копия	n	1	nemotron-3-ultra-550b-a55b:free=word
қожан	word	қожан	n	1	nemotron-3-ultra-550b-a55b:free=word
шад	word	шад	adj	1	nemotron-3-ultra-550b-a55b:free=word
ставка	word	ставка	n	1	nemotron-3-ultra-550b-a55b:free=word
фабрик	fragment			1	nemotron-3-ultra-550b-a55b:free=fragment
һай	word	һай	interj	1	nemotron-3-ultra-550b-a55b:free=word
налог	word	налог	n	1	nemotron-3-ultra-550b-a55b:free=word
көте	fragment			1	nemotron-3-ultra-550b-a55b:free=fragment
персия	name			1	nemotron-3-ultra-550b-a55b:free=name
ілтифат	word	ілтифат	n	1	nemotron-3-ultra-550b-a55b:free=word
шөмекей	word	шөмекей	adv	1	nemotron-3-ultra-550b-a55b:free=word
гамлет	name			1	nemotron-3-ultra-550b-a55b:free=name
жылқыбай	name			1	nemotron-3-ultra-550b-a55b:free=name
текес	word	текес	adj	1	nemotron-3-ultra-550b-a55b:free=word
сыпатай	word	сыпатай	adj	1	nemotron-3-ultra-550b-a55b:free=word
үмбетей	word	үмбетей	adv	1	nemotron-3-ultra-550b-a55b:free=word
тәң	word	тәң	adj	1	nemotron-3-ultra-550b-a55b:free=word
жылой	word	жылой	adj	1	nemotron-3-ultra-550b-a55b:free=word
расход	word	расход	n	1	nemotron-3-ultra-550b-a55b:free=word
ствол	word	ствол	n	1	nemotron-3-ultra-550b-a55b:free=word
ткен	word	ткелу	v	1	nemotron-3-ultra-550b-a55b:free=word
управитель	foreign			1	nemotron-3-ultra-550b-a55b:free=foreign
гений	word	гений	n	1	nemotron-3-ultra-550b-a55b:free=word
қосан	word	қосан	n	1	nemotron-3-ultra-550b-a55b:free=word
мәке	word	мәке	n	1	nemotron-3-ultra-550b-a55b:free=word
сармат	word	сармат	n	1	nemotron-3-ultra-550b-a55b:free=word
төлеш	word	төлеш	n	1	nemotron-3-ultra-550b-a55b:free=word
шайбани	name			1	nemotron-3-ultra-550b-a55b:free=name
ақмақ	word	ақмақ	n	1	nemotron-3-ultra-550b-a55b:free=word
мәрия	name			1	nemotron-3-ultra-550b-a55b:free=name
кәрібай	name			1	nemotron-3-ultra-550b-a55b:free=name
фархад	name			1	nemotron-3-ultra-550b-a55b:free=name
медіресе	fragment			1	nemotron-3-ultra-550b-a55b:free=fragment
лен	word	лен	n	1	nemotron-3-ultra-550b-a55b:free=word
фауст	name			1	nemotron-3-ultra-550b-a55b:free=name
қорабай	name			1	nemotron-3-ultra-550b-a55b:free=name
лік	word	лік	n	1	nemotron-3-ultra-550b-a55b:free=word
плато	word	плато	n	1	nemotron-3-ultra-550b-a55b:free=word
цин	fragment			1	nemotron-3-ultra-550b-a55b:free=fragment
шариат	word	шариат	n	1	nemotron-3-ultra-550b-a55b:free=word
акті	fragment			1	nemotron-3-ultra-550b-a55b:free=fragment
әйла	word	әйла	n	1	nemotron-3-ultra-550b-a55b:free=word
колбин	name			1	nemotron-3-ultra-550b-a55b:free=name
құлтай	word	құлтай	n	1	nemotron-3-ultra-550b-a55b:free=word
абдуллин	name			1	nemotron-3-ultra-550b-a55b:free=name
шапка	word	шапка	n	1	nemotron-3-ultra-550b-a55b:free=word
көкежан	name			1	nemotron-3-ultra-550b-a55b:free=name
саид	name			1	nemotron-3-ultra-550b-a55b:free=name
пласт	word	пласт	n	1	nemotron-3-ultra-550b-a55b:free=word
құдырет	word	құдырет	n	1	nemotron-3-ultra-550b-a55b:free=word
купец	foreign			1	nemotron-3-ultra-550b-a55b:free=foreign
дулати	name	Дулат		1	nemotron-3-ultra-550b-a55b:free=name
шотан	fragment			1	nemotron-3-ultra-550b-a55b:free=fragment
усы	word	усы	n	1	nemotron-3-ultra-550b-a55b:free=word
ұзақбай	name	Ұзақбай		1	nemotron-3-ultra-550b-a55b:free=name
түг	word	түг	n	1	nemotron-3-ultra-550b-a55b:free=word
казақ	fragment			1	nemotron-3-ultra-550b-a55b:free=fragment
қарақожа	name	Қарақожа		1	nemotron-3-ultra-550b-a55b:free=name
вася	foreign			1	nemotron-3-ultra-550b-a55b:free=foreign
түрған	name	Түрган		1	nemotron-3-ultra-550b-a55b:free=name
қаратүнек	fragment			1	nemotron-3-ultra-550b-a55b:free=fragment
күлк	fragment			1	nemotron-3-ultra-550b-a55b:free=fragment
этаж	word	этаж	n	1	nemotron-3-ultra-550b-a55b:free=word
нез	fragment			1	nemotron-3-ultra-550b-a55b:free=fragment
қондыбай	word	қону	v	1	nemotron-3-ultra-550b-a55b:free=word
досмұхамедов	name			1	nemotron-3-ultra-550b-a55b:free=name
жиенбай	name			1	nemotron-3-ultra-550b-a55b:free=name
өмірбек	name			1	nemotron-3-ultra-550b-a55b:free=name
рер	fragment			1	nemotron-3-ultra-550b-a55b:free=fragment
фрейд	name			1	nemotron-3-ultra-550b-a55b:free=name
мұңал	fragment			1	nemotron-3-ultra-550b-a55b:free=fragment
рус	word	рус	n	1	nemotron-3-ultra-550b-a55b:free=word
әмірхан	name			1	nemotron-3-ultra-550b-a55b:free=name
беков	name			1	nemotron-3-ultra-550b-a55b:free=name
мәс	word	мәс	n	1	nemotron-3-ultra-550b-a55b:free=word
емесп	fragment			1	nemotron-3-ultra-550b-a55b:free=fragment
дача	word	дача	n	1	nemotron-3-ultra-550b-a55b:free=word
орманов	name			1	nemotron-3-ultra-550b-a55b:free=name
қасымхан	name			1	nemotron-3-ultra-550b-a55b:free=name
николаевна	foreign			1	nemotron-3-ultra-550b-a55b:free=foreign
зген	fragment			1	nemotron-3-ultra-550b-a55b:free=fragment
қаратас	name			1	nemotron-3-ultra-550b-a55b:free=name
тілмәш	fragment			1	nemotron-3-ultra-550b-a55b:free=fragment
эмба	name			1	nemotron-3-ultra-550b-a55b:free=name
маната	fragment			1	nemotron-3-ultra-550b-a55b:free=fragment
тоныкөк	fragment			1	nemotron-3-ultra-550b-a55b:free=fragment
сығанақ	word	сығанақ	n	1	nemotron-3-ultra-550b-a55b:free=word
илиада	name	Илиада	n	1	nemotron-3-ultra-550b-a55b:free=name
рейн	foreign			1	nemotron-3-ultra-550b-a55b:free=foreign
илә	fragment			1	nemotron-3-ultra-550b-a55b:free=fragment
леу	fragment			1	nemotron-3-ultra-550b-a55b:free=fragment
қастек	fragment			1	nemotron-3-ultra-550b-a55b:free=fragment
тайжан	fragment			1	nemotron-3-ultra-550b-a55b:free=fragment
төкен	fragment			1	nemotron-3-ultra-550b-a55b:free=fragment
әлімхан	name	Әлімхан	n	1	nemotron-3-ultra-550b-a55b:free=name
ваня	foreign			1	nemotron-3-ultra-550b-a55b:free=foreign
пос	fragment			1	nemotron-3-ultra-550b-a55b:free=fragment
айты	word	айт	n	1	nemotron-3-ultra-550b-a55b:free=word
керітартпа	fragment			1	nemotron-3-ultra-550b-a55b:free=fragment
жүрм	fragment			1	nemotron-3-ultra-550b-a55b:free=fragment
етк	fragment			1	nemotron-3-ultra-550b-a55b:free=fragment
солон	word	солон	adj	1	nemotron-3-ultra-550b-a55b:free=word
евразия	name	Евразия	n	1	nemotron-3-ultra-550b-a55b:free=name
гриша	name	Гриша	n	1	nemotron-3-ultra-550b-a55b:free=name
триста	foreign			1	nemotron-3-ultra-550b-a55b:free=foreign
оразалин	name	Оразалин	n	1	nemotron-3-ultra-550b-a55b:free=name
қойшыбай	name	Қойшыбай	n	1	nemotron-3-ultra-550b-a55b:free=name
күйбің	fragment			1	nemotron-3-ultra-550b-a55b:free=fragment
үлг	fragment			1	nemotron-3-ultra-550b-a55b:free=fragment
авеста	name	Авеста	n	1	nemotron-3-ultra-550b-a55b:free=name
түркменстан	name	Түркменстан	n	1	nemotron-3-ultra-550b-a55b:free=name
конт	fragment			1	nemotron-3-ultra-550b-a55b:free=fragment
қалибек	name	Қалибек	n	1	nemotron-3-ultra-550b-a55b:free=name
сейтек	name	Сейтек	n	1	nemotron-3-ultra-550b-a55b:free=name
теб	fragment			1	nemotron-3-ultra-550b-a55b:free=fragment
ұсынбақ	word	ұсыну	v	1	nemotron-3-ultra-550b-a55b:free=word
жимақ	word	жимақ	n	1	nemotron-3-ultra-550b-a55b:free=word
тынбақ	word	тынбақ	n	1	nemotron-3-ultra-550b-a55b:free=word
сариев	name	Сариев	n	1	nemotron-3-ultra-550b-a55b:free=name
дербент	name	Дербент	n	1	nemotron-3-ultra-550b-a55b:free=name
дәмеш	word	дәмеш	adj	1	nemotron-3-ultra-550b-a55b:free=word
қоңырбай	name	қоңырбай	n	1	nemotron-3-ultra-550b-a55b:free=name
рұм	word	рұм	n	1	nemotron-3-ultra-550b-a55b:free=word
исмаилов	foreign			1	nemotron-3-ultra-550b-a55b:free=foreign
рашиди	name	рашиди	n	1	nemotron-3-ultra-550b-a55b:free=name
тұрлыбек	name	тұрлыбек	n	1	nemotron-3-ultra-550b-a55b:free=name
хорезми	word	хорезми	adj	1	nemotron-3-ultra-550b-a55b:free=word
зап	fragment			1	nemotron-3-ultra-550b-a55b:free=fragment
зухра	name	зухра	n	1	nemotron-3-ultra-550b-a55b:free=name
тіней	fragment			1	nemotron-3-ultra-550b-a55b:free=fragment
лұқман	name	лұқман	n	1	nemotron-3-ultra-550b-a55b:free=name
қабдеш	fragment			1	nemotron-3-ultra-550b-a55b:free=fragment
әрк	fragment			1	nemotron-3-ultra-550b-a55b:free=fragment
бисен	name			1	nemotron-3-ultra-550b-a55b:free=name
ото	fragment			1	nemotron-3-ultra-550b-a55b:free=fragment
күнн	fragment			1	nemotron-3-ultra-550b-a55b:free=fragment
сін	word	сін	pron	1	nemotron-3-ultra-550b-a55b:free=word
лир	fragment			1	nemotron-3-ultra-550b-a55b:free=fragment
мерв	fragment			1	nemotron-3-ultra-550b-a55b:free=fragment
валя	foreign			1	nemotron-3-ultra-550b-a55b:free=foreign
жаңай	word	жаңай	adj	1	nemotron-3-ultra-550b-a55b:free=word
тортай	fragment			1	nemotron-3-ultra-550b-a55b:free=fragment
өтеш	word	өтеш	adv	1	nemotron-3-ultra-550b-a55b:free=word
көнбек	name			1	nemotron-3-ultra-550b-a55b:free=name
мәкен	word	мәкен	n	1	nemotron-3-ultra-550b-a55b:free=word
итбай	name			1	nemotron-3-ultra-550b-a55b:free=name
тке	fragment			1	nemotron-3-ultra-550b-a55b:free=fragment
кұм	word	кұм	n	1	nemotron-3-ultra-550b-a55b:free=word
өні	fragment			1	nemotron-3-ultra-550b-a55b:free=fragment
карпат	name			1	nemotron-3-ultra-550b-a55b:free=name
мұсабай	name			1	nemotron-3-ultra-550b-a55b:free=name
тәкен	word	тәкен	n	1	nemotron-3-ultra-550b-a55b:free=word
стена	foreign			1	nemotron-3-ultra-550b-a55b:free=foreign
сословия	foreign			1	nemotron-3-ultra-550b-a55b:free=foreign
резинка	foreign			1	nemotron-3-ultra-550b-a55b:free=foreign
вуз	foreign			1	nemotron-3-ultra-550b-a55b:free=foreign
салман	name			1	nemotron-3-ultra-550b-a55b:free=name
жән	word	жән	n	1	nemotron-3-ultra-550b-a55b:free=word
сыйқы	word	сыйқы	adj	1	nemotron-3-ultra-550b-a55b:free=word
зәуреш	word	зәуреш	n	1	nemotron-3-ultra-550b-a55b:free=word
тобыш	word	тобыш	n	1	nemotron-3-ultra-550b-a55b:free=word
аюке	name			1	nemotron-3-ultra-550b-a55b:free=name
карелин	name			1	nemotron-3-ultra-550b-a55b:free=name
берке	word	берке	adj	1	nemotron-3-ultra-550b-a55b:free=word
секс	word	секс	n	1	nemotron-3-ultra-550b-a55b:free=word
шалабай	word	шалабай	adj	1	nemotron-3-ultra-550b-a55b:free=word
қонысбай	name			1	nemotron-3-ultra-550b-a55b:free=name
сегізбай	name			1	nemotron-3-ultra-550b-a55b:free=name
қоны	fragment			1	nemotron-3-ultra-550b-a55b:free=fragment
берегірек	word	берек	adj	1	nemotron-3-ultra-550b-a55b:free=word
уклад	word	уклад	n	1	nemotron-3-ultra-550b-a55b:free=word
қаратон	word	қаратон	n	1	nemotron-3-ultra-550b-a55b:free=word
сыдиықов	name			1	nemotron-3-ultra-550b-a55b:free=name
диоген	name			1	nemotron-3-ultra-550b-a55b:free=name
қаражал	name			1	nemotron-3-ultra-550b-a55b:free=name
құдабай	name			1	nemotron-3-ultra-550b-a55b:free=name
лин	name			1	nemotron-3-ultra-550b-a55b:free=name
кәкішев	name			1	nemotron-3-ultra-550b-a55b:free=name
хасанов	name			1	nemotron-3-ultra-550b-a55b:free=name
падишаһ	fragment			1	nemotron-3-ultra-550b-a55b:free=fragment
ыждаһат	fragment			1	nemotron-3-ultra-550b-a55b:free=fragment
ереке	word	ереке	adj	1	nemotron-3-ultra-550b-a55b:free=word
шота	fragment			1	nemotron-3-ultra-550b-a55b:free=fragment
хотан	name			1	nemotron-3-ultra-550b-a55b:free=name
қызылтас	name			1	nemotron-3-ultra-550b-a55b:free=name
ботпай	fragment			1	nemotron-3-ultra-550b-a55b:free=fragment
жайылхан	name			1	nemotron-3-ultra-550b-a55b:free=name
якуб	name			1	nemotron-3-ultra-550b-a55b:free=name
шотланд	fragment			1	nemotron-3-ultra-550b-a55b:free=fragment
қарақұл	word	қарақұл	n	1	nemotron-3-ultra-550b-a55b:free=word
қыстаубай	name			1	nemotron-3-ultra-550b-a55b:free=name
өңез	word	өңез	n	1	nemotron-3-ultra-550b-a55b:free=word
марғасқа	fragment			1	nemotron-3-ultra-550b-a55b:free=fragment
робинзон	name	Робинзон	n	1	nemotron-3-ultra-550b-a55b:free=name
есеке	word	есек	n	1	nemotron-3-ultra-550b-a55b:free=word
қарасаз	name	Қарасаз	n	1	nemotron-3-ultra-550b-a55b:free=name
тоқабай	name	Тоқабай	n	1	nemotron-3-ultra-550b-a55b:free=name
жамантай	name	Жамантай	n	1	nemotron-3-ultra-550b-a55b:free=name
отпан	word	отпан	n	1	nemotron-3-ultra-550b-a55b:free=word
сенека	name	Сенека	n	1	nemotron-3-ultra-550b-a55b:free=name
ботбай	name	Ботбай	n	1	nemotron-3-ultra-550b-a55b:free=name
ибрай	name	Ибрай	n	1	nemotron-3-ultra-550b-a55b:free=name
бозжорға	word	боз жорға	n	1	nemotron-3-ultra-550b-a55b:free=word
фил	word	фил	n	1	nemotron-3-ultra-550b-a55b:free=word
аброй	foreign			1	nemotron-3-ultra-550b-a55b:free=foreign
жақай	fragment			1	nemotron-3-ultra-550b-a55b:free=fragment
кузьмич	foreign			1	nemotron-3-ultra-550b-a55b:free=foreign
бөлекбай	name			1	nemotron-3-ultra-550b-a55b:free=name
бісмілла	word	бісмілла	interj	1	nemotron-3-ultra-550b-a55b:free=word
артистка	word	артистка	n	1	nemotron-3-ultra-550b-a55b:free=word
манера	word	манера	n	1	nemotron-3-ultra-550b-a55b:free=word
нұрман	name			1	nemotron-3-ultra-550b-a55b:free=name
мүс	fragment			1	nemotron-3-ultra-550b-a55b:free=fragment
сенбек	name			1	nemotron-3-ultra-550b-a55b:free=name
бухарин	foreign			1	nemotron-3-ultra-550b-a55b:free=foreign
козла	foreign			1	nemotron-3-ultra-550b-a55b:free=foreign
стул	word	стул	n	1	nemotron-3-ultra-550b-a55b:free=word
эллин	name			1	nemotron-3-ultra-550b-a55b:free=name
нұртаза	name			1	nemotron-3-ultra-550b-a55b:free=name
натура	word	натура	n	1	nemotron-3-ultra-550b-a55b:free=word
сережа	foreign			1	nemotron-3-ultra-550b-a55b:free=foreign
ашина	name			1	nemotron-3-ultra-550b-a55b:free=name
боқай	word	боқай	n	1	nemotron-3-ultra-550b-a55b:free=word
байсейітова	name			1	nemotron-3-ultra-550b-a55b:free=name
жданов	name			1	nemotron-3-ultra-550b-a55b:free=name
мақан	word	мақан	n	1	nemotron-3-ultra-550b-a55b:free=word
сералин	name			1	nemotron-3-ultra-550b-a55b:free=name
рази	name			1	nemotron-3-ultra-550b-a55b:free=name
цинь	name			1	nemotron-3-ultra-550b-a55b:free=name
дүн	word	дүн	adv	1	nemotron-3-ultra-550b-a55b:free=word
хүкімет	word	хүкімет	n	1	nemotron-3-ultra-550b-a55b:free=word
кельт	fragment			1	nemotron-3-ultra-550b-a55b:free=fragment
балх	name			1	nemotron-3-ultra-550b-a55b:free=name
қызылсай	name			1	nemotron-3-ultra-550b-a55b:free=name
хұсайынов	name			1	nemotron-3-ultra-550b-a55b:free=name
кәкітай	fragment			1	nemotron-3-ultra-550b-a55b:free=fragment
сиған	word	сен	pron	1	nemotron-3-ultra-550b-a55b:free=word
зернов	foreign			1	nemotron-3-ultra-550b-a55b:free=foreign
ойсыл	fragment			1	nemotron-3-ultra-550b-a55b:free=fragment
ақмоншақ	name			1	nemotron-3-ultra-550b-a55b:free=name
бектас	name			1	nemotron-3-ultra-550b-a55b:free=name
жұмахан	name			1	nemotron-3-ultra-550b-a55b:free=name
гоби	name			1	nemotron-3-ultra-550b-a55b:free=name
уклон	foreign			1	nemotron-3-ultra-550b-a55b:free=foreign
нива	foreign			1	nemotron-3-ultra-550b-a55b:free=foreign
һәрне	fragment			1	nemotron-3-ultra-550b-a55b:free=fragment
байбоз	name			1	nemotron-3-ultra-550b-a55b:free=name
луки	foreign			1	nemotron-3-ultra-550b-a55b:free=foreign
дионис	name			1	nemotron-3-ultra-550b-a55b:free=name
қарақол	name			1	nemotron-3-ultra-550b-a55b:free=name
гуля	name			1	nemotron-3-ultra-550b-a55b:free=name
қарамола	name			1	nemotron-3-ultra-550b-a55b:free=name
бекетай	name			1	nemotron-3-ultra-550b-a55b:free=name
танаш	word	танаш	n	1	nemotron-3-ultra-550b-a55b:free=word
әбікен	name			1	nemotron-3-ultra-550b-a55b:free=name
хора	foreign			1	nemotron-3-ultra-550b-a55b:free=foreign
юсуп	name			1	nemotron-3-ultra-550b-a55b:free=name
шмидт	name			1	nemotron-3-ultra-550b-a55b:free=name
пре	fragment			1	nemotron-3-ultra-550b-a55b:free=fragment
сорта	foreign			1	nemotron-3-ultra-550b-a55b:free=foreign
полотна	foreign			1	nemotron-3-ultra-550b-a55b:free=foreign
тян	fragment			1	nemotron-3-ultra-550b-a55b:free=fragment
мұха	word	мұха	n	1	nemotron-3-ultra-550b-a55b:free=word
келге	fragment			1	nemotron-3-ultra-550b-a55b:free=fragment
бесқала	name			1	nemotron-3-ultra-550b-a55b:free=name
бетбақ	word	бетбақ	adj	1	nemotron-3-ultra-550b-a55b:free=word
тұрысбек	name	Тұрысбек	n	1	nemotron-3-ultra-550b-a55b:free=name
азиат	word	азиат	n	1	nemotron-3-ultra-550b-a55b:free=word
алқаш	word	алқаш	adj	1	nemotron-3-ultra-550b-a55b:free=word
деспот	word	деспот	n	1	nemotron-3-ultra-550b-a55b:free=word
дарий	name			1	nemotron-3-ultra-550b-a55b:free=name
катон	word	катон	n	1	nemotron-3-ultra-550b-a55b:free=word
алеша	name			1	nemotron-3-ultra-550b-a55b:free=name
қарабала	word	қарабала	n	1	nemotron-3-ultra-550b-a55b:free=word
сәбет	word	сәбет	n	1	nemotron-3-ultra-550b-a55b:free=word
далабай	name			1	nemotron-3-ultra-550b-a55b:free=name
қалихан	name			1	nemotron-3-ultra-550b-a55b:free=name
мыз	word	мыз	n	1	nemotron-3-ultra-550b-a55b:free=word
киселев	name	киселев		1	nemotron-3-ultra-550b-a55b:free=name
абдаллах	name	абдаллах		1	nemotron-3-ultra-550b-a55b:free=name
сөй	word	сөй	v	1	nemotron-3-ultra-550b-a55b:free=word
семит	word	семит	n	1	nemotron-3-ultra-550b-a55b:free=word
пантеон	word	пантеон	n	1	nemotron-3-ultra-550b-a55b:free=word
көкөзек	word	көкөзек	n	1	nemotron-3-ultra-550b-a55b:free=word
троя	name	троя		1	nemotron-3-ultra-550b-a55b:free=name
мәрзия	word	мәрзия	n	1	nemotron-3-ultra-550b-a55b:free=word
заратуштра	name	заратуштра		1	nemotron-3-ultra-550b-a55b:free=name
мұқатай	name	мұқатай		1	nemotron-3-ultra-550b-a55b:free=name
қалабай	name	қалабай		1	nemotron-3-ultra-550b-a55b:free=name
мүй	word	мүй	adj	1	nemotron-3-ultra-550b-a55b:free=word
сіреңке	fragment			1	nemotron-3-ultra-550b-a55b:free=fragment
хазрет	name			1	nemotron-3-ultra-550b-a55b:free=name
таңжарық	word	таңжарық	n	1	nemotron-3-ultra-550b-a55b:free=word
ығылман	name			1	nemotron-3-ultra-550b-a55b:free=name
қылжия	fragment			1	nemotron-3-ultra-550b-a55b:free=fragment
ғүрып	fragment			1	nemotron-3-ultra-550b-a55b:free=fragment
асеке	name			1	nemotron-3-ultra-550b-a55b:free=name
аңшыбай	name			1	nemotron-3-ultra-550b-a55b:free=name
маңғұл	fragment			1	nemotron-3-ultra-550b-a55b:free=fragment
тілла	fragment			1	nemotron-3-ultra-550b-a55b:free=fragment
шаһнама	name			1	nemotron-3-ultra-550b-a55b:free=name
қарағұл	word	қарағұл	n	1	nemotron-3-ultra-550b-a55b:free=word
обоз	foreign			1	nemotron-3-ultra-550b-a55b:free=foreign
ғазали	name			1	nemotron-3-ultra-550b-a55b:free=name
михайловна	foreign			1	nemotron-3-ultra-550b-a55b:free=foreign
нұргүл	name			1	nemotron-3-ultra-550b-a55b:free=name
нұрқан	name			1	nemotron-3-ultra-550b-a55b:free=name
шкен	fragment			1	nemotron-3-ultra-550b-a55b:free=fragment
нұрманов	name			1	nemotron-3-ultra-550b-a55b:free=name
тұрсынхан	name			1	nemotron-3-ultra-550b-a55b:free=name
қарақұдық	word	қарақұдық	n	1	nemotron-3-ultra-550b-a55b:free=word
теу	word	теу	v	1	nemotron-3-ultra-550b-a55b:free=word
қанипа	fragment			1	nemotron-3-ultra-550b-a55b:free=fragment
айа	fragment			1	nemotron-3-ultra-550b-a55b:free=fragment
хауіп	foreign			1	nemotron-3-ultra-550b-a55b:free=foreign
ақшолпан	word	ақшолпан	n	1	nemotron-3-ultra-550b-a55b:free=word
тацит	name			1	nemotron-3-ultra-550b-a55b:free=name
бәйтік	name			1	nemotron-3-ultra-550b-a55b:free=name
хамиди	name			1	nemotron-3-ultra-550b-a55b:free=name
анатолия	name			1	nemotron-3-ultra-550b-a55b:free=name
йер	foreign			1	nemotron-3-ultra-550b-a55b:free=foreign
қаныкей	fragment			1	nemotron-3-ultra-550b-a55b:free=fragment
спанов	name			1	nemotron-3-ultra-550b-a55b:free=name
салықов	name			1	nemotron-3-ultra-550b-a55b:free=name
айра	fragment			1	nemotron-3-ultra-550b-a55b:free=fragment
нерон	name			1	nemotron-3-ultra-550b-a55b:free=name
байымбет	name			1	nemotron-3-ultra-550b-a55b:free=name
бернияз	name			1	nemotron-3-ultra-550b-a55b:free=name
құлжабай	name			1	nemotron-3-ultra-550b-a55b:free=name
текебай	name			1	nemotron-3-ultra-550b-a55b:free=name
қозыке	name			1	nemotron-3-ultra-550b-a55b:free=name
жүй	fragment			1	nemotron-3-ultra-550b-a55b:free=fragment
түбіжік	word	түбіжік	n	1	nemotron-3-ultra-550b-a55b:free=word
бөр	word	бөр	n	1	nemotron-3-ultra-550b-a55b:free=word
огуз	name			1	nemotron-3-ultra-550b-a55b:free=name
күйкен	name			1	nemotron-3-ultra-550b-a55b:free=name
сейтен	name			1	nemotron-3-ultra-550b-a55b:free=name
енесей	name	енесей	n	1	nemotron-3-ultra-550b-a55b:free=name
есқожа	name	есқожа	n	1	nemotron-3-ultra-550b-a55b:free=name
сурков	name	сурков	n	1	nemotron-3-ultra-550b-a55b:free=name
тоқмақ	word	тоқмақ	n	1	nemotron-3-ultra-550b-a55b:free=word
һаман	word	һаман	adv	1	nemotron-3-ultra-550b-a55b:free=word
телеграм	word	телеграм	n	1	nemotron-3-ultra-550b-a55b:free=word
айтқожа	name	айтқожа	n	1	nemotron-3-ultra-550b-a55b:free=name
мел	word	мел	n	1	nemotron-3-ultra-550b-a55b:free=word
пантюркизм	foreign			1	nemotron-3-ultra-550b-a55b:free=foreign
рақымет	fragment			1	nemotron-3-ultra-550b-a55b:free=fragment
брест	name	брест	n	1	nemotron-3-ultra-550b-a55b:free=name
куча	foreign			1	nemotron-3-ultra-550b-a55b:free=foreign
ефим	name			1	nemotron-3-ultra-550b-a55b:free=name
шахнаме	name			1	nemotron-3-ultra-550b-a55b:free=name
ниц	fragment			1	nemotron-3-ultra-550b-a55b:free=fragment
ореке	word	ореке	adj	1	nemotron-3-ultra-550b-a55b:free=word
стадия	word	стадия	n	1	nemotron-3-ultra-550b-a55b:free=word
шарыш	word	шарыш	n	1	nemotron-3-ultra-550b-a55b:free=word
бактрия	name			1	nemotron-3-ultra-550b-a55b:free=name
мый	word	мый	n	1	nemotron-3-ultra-550b-a55b:free=word
жағрапия	fragment			1	nemotron-3-ultra-550b-a55b:free=fragment
баутин	name			1	nemotron-3-ultra-550b-a55b:free=name
қалипа	word	қалипа	n	1	nemotron-3-ultra-550b-a55b:free=word
танакөз	word	танакөз	n	1	nemotron-3-ultra-550b-a55b:free=word
самархан	name			1	nemotron-3-ultra-550b-a55b:free=name
фикция	word	фикция	n	1	nemotron-3-ultra-550b-a55b:free=word
малдыбай	name			1	nemotron-3-ultra-550b-a55b:free=name
пәрман	word	пәрман	n	1	nemotron-3-ultra-550b-a55b:free=word
еңсеп	fragment			1	nemotron-3-ultra-550b-a55b:free=fragment
елегзи	fragment			1	nemotron-3-ultra-550b-a55b:free=fragment
нұрлыхан	name			1	nemotron-3-ultra-550b-a55b:free=name
алексеевна	foreign			1	nemotron-3-ultra-550b-a55b:free=foreign
қарқабат	word	қарқабат	n	1	nemotron-3-ultra-550b-a55b:free=word
құлтума	name			1	nemotron-3-ultra-550b-a55b:free=name
әлібай	name			1	nemotron-3-ultra-550b-a55b:free=name
тілеуке	name			1	nemotron-3-ultra-550b-a55b:free=name
алпамыш	name			1	nemotron-3-ultra-550b-a55b:free=name
жаулыбай	name			1	nemotron-3-ultra-550b-a55b:free=name
хива	name			1	nemotron-3-ultra-550b-a55b:free=name
бойко	name			1	nemotron-3-ultra-550b-a55b:free=name
процес	fragment			1	nemotron-3-ultra-550b-a55b:free=fragment
ште	fragment			1	nemotron-3-ultra-550b-a55b:free=fragment
қособа	name			1	nemotron-3-ultra-550b-a55b:free=name
рюмке	foreign			1	nemotron-3-ultra-550b-a55b:free=foreign
қабыш	word	қабыш	n	1	nemotron-3-ultra-550b-a55b:free=word
дәркембай	name			1	nemotron-3-ultra-550b-a55b:free=name
сало	word	сало	n	1	nemotron-3-ultra-550b-a55b:free=word
акима	foreign			1	nemotron-3-ultra-550b-a55b:free=foreign
арабстан	name	арабстан	n	1	nemotron-3-ultra-550b-a55b:free=name
бадахшан	name	бадахшан	n	1	nemotron-3-ultra-550b-a55b:free=name
қанабек	name	қанабек	n	1	nemotron-3-ultra-550b-a55b:free=name
байтоқ	name	байтоқ	n	1	nemotron-3-ultra-550b-a55b:free=name
исмайыл	name	исмайыл	n	1	nemotron-3-ultra-550b-a55b:free=name
досов	name	досов	n	1	nemotron-3-ultra-550b-a55b:free=name
дьяков	name	дьяков	n	1	nemotron-3-ultra-550b-a55b:free=name
хақан	word	хақан	n	1	nemotron-3-ultra-550b-a55b:free=word
тілеке	fragment			1	nemotron-3-ultra-550b-a55b:free=fragment
саура	fragment			1	nemotron-3-ultra-550b-a55b:free=fragment
фараб	name	фараб	n	1	nemotron-3-ultra-550b-a55b:free=name
көшей	fragment			1	nemotron-3-ultra-550b-a55b:free=fragment
темеш	word	темеш	n	1	nemotron-3-ultra-550b-a55b:free=word
вэй	foreign			1	nemotron-3-ultra-550b-a55b:free=foreign
инд	fragment			1	nemotron-3-ultra-550b-a55b:free=fragment
лун	name			1	nemotron-3-ultra-550b-a55b:free=name
шкентай	fragment			1	nemotron-3-ultra-550b-a55b:free=fragment
көнтері	fragment			1	nemotron-3-ultra-550b-a55b:free=fragment
чао	word	чао	interj	1	nemotron-3-ultra-550b-a55b:free=word
қабеке	word	қабеке	n	1	nemotron-3-ultra-550b-a55b:free=word
үнд	fragment			1	nemotron-3-ultra-550b-a55b:free=fragment
қосшағыл	fragment			1	nemotron-3-ultra-550b-a55b:free=fragment
ганг	foreign			1	nemotron-3-ultra-550b-a55b:free=foreign
бораш	fragment			1	nemotron-3-ultra-550b-a55b:free=fragment
самарқант	name			1	nemotron-3-ultra-550b-a55b:free=name
шіңгіл	word	шіңгіл	adj	1	nemotron-3-ultra-550b-a55b:free=word
ындыс	name			1	nemotron-3-ultra-550b-a55b:free=name
шанин	name			1	nemotron-3-ultra-550b-a55b:free=name
петро	fragment			1	nemotron-3-ultra-550b-a55b:free=fragment
махамбетов	name			1	nemotron-3-ultra-550b-a55b:free=name
шеркес	word	шеркес	n	1	nemotron-3-ultra-550b-a55b:free=word
турфан	name			1	nemotron-3-ultra-550b-a55b:free=name
жира	word	жира	n	1	nemotron-3-ultra-550b-a55b:free=word
иск	foreign			1	nemotron-3-ultra-550b-a55b:free=foreign
халиолла	name			1	nemotron-3-ultra-550b-a55b:free=name
әмзе	word	әмзе	n	1	nemotron-3-ultra-550b-a55b:free=word
қосжан	name			1	nemotron-3-ultra-550b-a55b:free=name
таспиық	fragment			1	nemotron-3-ultra-550b-a55b:free=fragment
арарат	name			1	nemotron-3-ultra-550b-a55b:free=name
төрк	fragment			1	nemotron-3-ultra-550b-a55b:free=fragment
шүрен	fragment			1	nemotron-3-ultra-550b-a55b:free=fragment
алмат	name			1	nemotron-3-ultra-550b-a55b:free=name
лов	foreign			1	nemotron-3-ultra-550b-a55b:free=foreign
данқ	fragment			1	nemotron-3-ultra-550b-a55b:free=fragment
киг	fragment			1	nemotron-3-ultra-550b-a55b:free=fragment
моңғұл	word	моңғұл	n	1	nemotron-3-ultra-550b-a55b:free=word
афины	foreign			1	nemotron-3-ultra-550b-a55b:free=foreign
маңырақ	fragment			1	nemotron-3-ultra-550b-a55b:free=fragment
хохол	foreign			1	nemotron-3-ultra-550b-a55b:free=foreign
сақыш	word	сақыш	n	1	nemotron-3-ultra-550b-a55b:free=word
қарсақпай	word	қарсақпай	adj	1	nemotron-3-ultra-550b-a55b:free=word
фет	fragment			1	nemotron-3-ultra-550b-a55b:free=fragment
шәриф	name	Шәриф	n	1	nemotron-3-ultra-550b-a55b:free=name
көй	word	көйу	v	1	nemotron-3-ultra-550b-a55b:free=word
болатов	name	Болатов	n	1	nemotron-3-ultra-550b-a55b:free=name
жанатай	name	Жанатай	n	1	nemotron-3-ultra-550b-a55b:free=name
бекжанов	name	Бекжанов	n	1	nemotron-3-ultra-550b-a55b:free=name
тұраш	unanswered			0	
кендебай	name	Кендебай	n	1	nemotron-3-ultra-550b-a55b:free=name
махмудов	name	Махмудов	n	1	nemotron-3-ultra-550b-a55b:free=name
қазақия	fragment			1	nemotron-3-ultra-550b-a55b:free=fragment
мишка	word	мишка	n	1	nemotron-3-ultra-550b-a55b:free=word
тұрғанбай	name			1	nemotron-3-ultra-550b-a55b:free=name
яхуди	word	яхуди	n	1	nemotron-3-ultra-550b-a55b:free=word
стрелка	foreign			1	nemotron-3-ultra-550b-a55b:free=foreign
кетк	fragment			1	nemotron-3-ultra-550b-a55b:free=fragment
рме	fragment			1	nemotron-3-ultra-550b-a55b:free=fragment
икон	fragment			1	nemotron-3-ultra-550b-a55b:free=fragment
кредо	word	кредо	n	1	nemotron-3-ultra-550b-a55b:free=word
кұрт	word	кұрт	n	1	nemotron-3-ultra-550b-a55b:free=word
бега	fragment			1	nemotron-3-ultra-550b-a55b:free=fragment
ақшахан	fragment			1	nemotron-3-ultra-550b-a55b:free=fragment
рсе	fragment			1	nemotron-3-ultra-550b-a55b:free=fragment
жетісай	name			1	nemotron-3-ultra-550b-a55b:free=name
батыраш	fragment			1	nemotron-3-ultra-550b-a55b:free=fragment
букейханов	name			1	nemotron-3-ultra-550b-a55b:free=name
оғуз	word	оғуз	n	1	nemotron-3-ultra-550b-a55b:free=word
пке	fragment			1	nemotron-3-ultra-550b-a55b:free=fragment
перізат	name			1	nemotron-3-ultra-550b-a55b:free=name
шеллинг	word	шеллинг	n	1	nemotron-3-ultra-550b-a55b:free=word
азнабай	name			1	nemotron-3-ultra-550b-a55b:free=name
аплатон	fragment			1	nemotron-3-ultra-550b-a55b:free=fragment
қамза	word	қамза	n	1	nemotron-3-ultra-550b-a55b:free=word
екей	fragment			1	nemotron-3-ultra-550b-a55b:free=fragment
құдайке	fragment			1	nemotron-3-ultra-550b-a55b:free=fragment
оянбас	word	оянбас	n	1	nemotron-3-ultra-550b-a55b:free=word
зиарат	word	зиарат	n	1	nemotron-3-ultra-550b-a55b:free=word
өзг	fragment			1	nemotron-3-ultra-550b-a55b:free=fragment
поляна	foreign			1	nemotron-3-ultra-550b-a55b:free=foreign
разин	name	Разин	n	1	nemotron-3-ultra-550b-a55b:free=name
йар	fragment			1	nemotron-3-ultra-550b-a55b:free=fragment
эксперт	word	эксперт	n	1	nemotron-3-ultra-550b-a55b:free=word
атилла	name			1	nemotron-3-ultra-550b-a55b:free=name
өсербай	name			1	nemotron-3-ultra-550b-a55b:free=name
қазықұрт	name			1	nemotron-3-ultra-550b-a55b:free=name
қожамбет	name			1	nemotron-3-ultra-550b-a55b:free=name
құлбай	name			1	nemotron-3-ultra-550b-a55b:free=name
нбес	fragment			1	nemotron-3-ultra-550b-a55b:free=fragment
ізбас	fragment			1	nemotron-3-ultra-550b-a55b:free=fragment
исхак	name			1	nemotron-3-ultra-550b-a55b:free=name
почерк	foreign			1	nemotron-3-ultra-550b-a55b:free=foreign
сібе	fragment			1	nemotron-3-ultra-550b-a55b:free=fragment
архивы	foreign			1	nemotron-3-ultra-550b-a55b:free=foreign
гүлістан	name			1	nemotron-3-ultra-550b-a55b:free=name
мүш	word	мүш	n	1	nemotron-3-ultra-550b-a55b:free=word
енбес	fragment			1	nemotron-3-ultra-550b-a55b:free=fragment
турция	foreign			1	nemotron-3-ultra-550b-a55b:free=foreign
шәһид	word	шәһид	n	1	nemotron-3-ultra-550b-a55b:free=word
ншек	fragment			1	nemotron-3-ultra-550b-a55b:free=fragment
этнолог	word	этнолог	n	1	nemotron-3-ultra-550b-a55b:free=word
аржақ	word	аржақ	adj	1	nemotron-3-ultra-550b-a55b:free=word
христ	fragment			1	nemotron-3-ultra-550b-a55b:free=fragment
хуа	fragment			1	nemotron-3-ultra-550b-a55b:free=fragment
құлжанов	name			1	nemotron-3-ultra-550b-a55b:free=name
сфинкс	word	сфинкс	n	1	nemotron-3-ultra-550b-a55b:free=word
рін	fragment			1	nemotron-3-ultra-550b-a55b:free=fragment
шағалақ	word	шағалақ	adv	1	nemotron-3-ultra-550b-a55b:free=word
бәтіш	word	бәтіш	adj	1	nemotron-3-ultra-550b-a55b:free=word
некаһ	fragment			1	nemotron-3-ultra-550b-a55b:free=fragment
үрпі	word	үрпі	n	1	nemotron-3-ultra-550b-a55b:free=word
зура	fragment			1	nemotron-3-ultra-550b-a55b:free=fragment
барнаул	name			1	nemotron-3-ultra-550b-a55b:free=name
жиһангез	name			1	nemotron-3-ultra-550b-a55b:free=name
датов	name			1	nemotron-3-ultra-550b-a55b:free=name
ханеке	fragment			1	nemotron-3-ultra-550b-a55b:free=fragment
плиний	name			1	nemotron-3-ultra-550b-a55b:free=name
сарытас	name			1	nemotron-3-ultra-550b-a55b:free=name
атанбақ	name			1	nemotron-3-ultra-550b-a55b:free=name
езде	word	ездеу	v	1	nemotron-3-ultra-550b-a55b:free=word
меңдешев	name			1	nemotron-3-ultra-550b-a55b:free=name
османов	name			1	nemotron-3-ultra-550b-a55b:free=name
шақабай	name			1	nemotron-3-ultra-550b-a55b:free=name
жаңбырбай	word	жаңбырбай	adj	1	nemotron-3-ultra-550b-a55b:free=word
хисап	word	хисап	n	1	nemotron-3-ultra-550b-a55b:free=word
шапай	word	шапай	n	1	nemotron-3-ultra-550b-a55b:free=word
йазид	name			1	nemotron-3-ultra-550b-a55b:free=name
ибаш	fragment			1	nemotron-3-ultra-550b-a55b:free=fragment
ирланд	fragment			1	nemotron-3-ultra-550b-a55b:free=fragment
ния	fragment			1	nemotron-3-ultra-550b-a55b:free=fragment
мәмет	name			1	nemotron-3-ultra-550b-a55b:free=name
тиған	word	тігу	v	1	nemotron-3-ultra-550b-a55b:free=word
сыпат	word	сыпат	n	1	nemotron-3-ultra-550b-a55b:free=word
сарта	fragment			1	nemotron-3-ultra-550b-a55b:free=fragment
мейрім	word	мейрім	n	1	nemotron-3-ultra-550b-a55b:free=word
ғай	fragment			1	nemotron-3-ultra-550b-a55b:free=fragment
күман	word	күман	n	1	nemotron-3-ultra-550b-a55b:free=word
отель	word	отель	n	1	nemotron-3-ultra-550b-a55b:free=word
түрксиб	name			1	nemotron-3-ultra-550b-a55b:free=name
поза	word	поза	n	1	nemotron-3-ultra-550b-a55b:free=word
зенон	name			1	nemotron-3-ultra-550b-a55b:free=name
кұдай	word	кұдай	n	1	nemotron-3-ultra-550b-a55b:free=word
майн	word	майн	n	1	nemotron-3-ultra-550b-a55b:free=word
әбдіхалықов	name			1	nemotron-3-ultra-550b-a55b:free=name
ыбрай	name			1	nemotron-3-ultra-550b-a55b:free=name
зияш	fragment			1	nemotron-3-ultra-550b-a55b:free=fragment
майлыаяқ	fragment			1	nemotron-3-ultra-550b-a55b:free=fragment
ойл	fragment			1	nemotron-3-ultra-550b-a55b:free=fragment
мәми	name			1	nemotron-3-ultra-550b-a55b:free=name
шаха	fragment			1	nemotron-3-ultra-550b-a55b:free=fragment
балташ	name			1	nemotron-3-ultra-550b-a55b:free=name
рмес	fragment			1	nemotron-3-ultra-550b-a55b:free=fragment
садуақасов	name			1	nemotron-3-ultra-550b-a55b:free=name
сарыбұлақ	name			1	nemotron-3-ultra-550b-a55b:free=name
табынай	name			1	nemotron-3-ultra-550b-a55b:free=name
сәлімжан	name			1	nemotron-3-ultra-550b-a55b:free=name
валиди	name			1	nemotron-3-ultra-550b-a55b:free=name
дегенн	fragment			1	nemotron-3-ultra-550b-a55b:free=fragment
жид	fragment			1	nemotron-3-ultra-550b-a55b:free=fragment
қоянақ	word	қоянақ	n	1	nemotron-3-ultra-550b-a55b:free=word
саналуан	fragment			1	nemotron-3-ultra-550b-a55b:free=fragment
шторм	word	шторм	n	1	nemotron-3-ultra-550b-a55b:free=word
керман	name			1	nemotron-3-ultra-550b-a55b:free=name
рисала	word	рисала	n	1	nemotron-3-ultra-550b-a55b:free=word
никитич	foreign			1	nemotron-3-ultra-550b-a55b:free=foreign
марья	foreign			1	nemotron-3-ultra-550b-a55b:free=foreign
қасеке	fragment			1	nemotron-3-ultra-550b-a55b:free=fragment
пілте	fragment			1	nemotron-3-ultra-550b-a55b:free=fragment
сеанс	word	сеанс	n	1	nemotron-3-ultra-550b-a55b:free=word
күнәһ	fragment			1	nemotron-3-ultra-550b-a55b:free=fragment
ент	foreign			1	nemotron-3-ultra-550b-a55b:free=foreign
тұрфан	word	тұрфан	n	1	nemotron-3-ultra-550b-a55b:free=word
дюма	foreign			1	nemotron-3-ultra-550b-a55b:free=foreign
птоломей	name			1	nemotron-3-ultra-550b-a55b:free=name
қасқырбай	name			1	nemotron-3-ultra-550b-a55b:free=name
рел	word	рел	n	1	nemotron-3-ultra-550b-a55b:free=word
имаш	fragment			1	nemotron-3-ultra-550b-a55b:free=fragment
пьесе	foreign			1	nemotron-3-ultra-550b-a55b:free=foreign
ақатай	name			1	nemotron-3-ultra-550b-a55b:free=name
ақмолла	name			1	nemotron-3-ultra-550b-a55b:free=name
қарақыз	word	қарақыз	n	1	nemotron-3-ultra-550b-a55b:free=word
қартбай	name			1	nemotron-3-ultra-550b-a55b:free=name
теміржан	name			1	nemotron-3-ultra-550b-a55b:free=name
ахилл	name			1	nemotron-3-ultra-550b-a55b:free=name
құбылай	name			1	nemotron-3-ultra-550b-a55b:free=name
салманов	name			1	nemotron-3-ultra-550b-a55b:free=name
елегізи	fragment			1	nemotron-3-ultra-550b-a55b:free=fragment
қосағаш	fragment			1	nemotron-3-ultra-550b-a55b:free=fragment
экстра	word	экстра	adj	1	nemotron-3-ultra-550b-a55b:free=word
сейсен	name			1	nemotron-3-ultra-550b-a55b:free=name
тра	fragment			1	nemotron-3-ultra-550b-a55b:free=fragment
сабырхан	name			1	nemotron-3-ultra-550b-a55b:free=name
бәтен	word	бәтен	adj	1	nemotron-3-ultra-550b-a55b:free=word
нөкіс	word	нөкіс	n	1	nemotron-3-ultra-550b-a55b:free=word
тока	foreign			1	nemotron-3-ultra-550b-a55b:free=foreign
крузо	name			1	nemotron-3-ultra-550b-a55b:free=name
зілғара	word	зілғара	n	1	nemotron-3-ultra-550b-a55b:free=word
шүңет	fragment			1	nemotron-3-ultra-550b-a55b:free=fragment
базаров	name			1	nemotron-3-ultra-550b-a55b:free=name
есенжол	name			1	nemotron-3-ultra-550b-a55b:free=name
зейнел	name			1	nemotron-3-ultra-550b-a55b:free=name
урус	word	урус	n	1	nemotron-3-ultra-550b-a55b:free=word
ига	fragment			1	nemotron-3-ultra-550b-a55b:free=fragment
уәй	fragment			1	nemotron-3-ultra-550b-a55b:free=fragment
қалеке	word	қалеке	n	1	nemotron-3-ultra-550b-a55b:free=word
дәуке	word	дәуке	n	1	nemotron-3-ultra-550b-a55b:free=word
сұқбат	name			1	nemotron-3-ultra-550b-a55b:free=name
өтек	word	өтек	adv	1	nemotron-3-ultra-550b-a55b:free=word
ригведа	name	Ригведа	n	1	nemotron-3-ultra-550b-a55b:free=name
атаке	fragment			1	nemotron-3-ultra-550b-a55b:free=fragment
аманқұл	name	Аманқұл	n	1	nemotron-3-ultra-550b-a55b:free=name
мағаш	fragment			1	nemotron-3-ultra-550b-a55b:free=fragment
көктоғай	name	Көктоғай	n	1	nemotron-3-ultra-550b-a55b:free=name
гоминдан	name	Гоминьдан	n	1	nemotron-3-ultra-550b-a55b:free=name
ілия	name	Илия	n	1	nemotron-3-ultra-550b-a55b:free=name
падишах	word	падишах	n	1	nemotron-3-ultra-550b-a55b:free=word
солт	word	солт	adj	1	nemotron-3-ultra-550b-a55b:free=word
асаубай	name	Асаубай	n	1	nemotron-3-ultra-550b-a55b:free=name
ела	word	елау	v	1	nemotron-3-ultra-550b-a55b:free=word
қанікей	fragment			1	nemotron-3-ultra-550b-a55b:free=fragment
шеризат	name			1	nemotron-3-ultra-550b-a55b:free=name
елхан	name			1	nemotron-3-ultra-550b-a55b:free=name
рзаханов	name			1	nemotron-3-ultra-550b-a55b:free=name
айырплан	fragment			1	nemotron-3-ultra-550b-a55b:free=fragment
йыл	fragment			1	nemotron-3-ultra-550b-a55b:free=fragment
кін	fragment			1	nemotron-3-ultra-550b-a55b:free=fragment
тәнеке	fragment			1	nemotron-3-ultra-550b-a55b:free=fragment
ірбіт	name			1	nemotron-3-ultra-550b-a55b:free=name
қанатбай	name			1	nemotron-3-ultra-550b-a55b:free=name
батырбай	name			1	nemotron-3-ultra-550b-a55b:free=name
жартыбай	name			1	nemotron-3-ultra-550b-a55b:free=name
осі	fragment			1	nemotron-3-ultra-550b-a55b:free=fragment
қабдолла	name			1	nemotron-3-ultra-550b-a55b:free=name
сәмбет	name			1	nemotron-3-ultra-550b-a55b:free=name
ванька	foreign			1	nemotron-3-ultra-550b-a55b:free=foreign
енесай	name			1	nemotron-3-ultra-550b-a55b:free=name
қыдыров	name			1	nemotron-3-ultra-550b-a55b:free=name
молдаш	word	молдаш	n	1	nemotron-3-ultra-550b-a55b:free=word
пчела	foreign			1	nemotron-3-ultra-550b-a55b:free=foreign
бабық	word	бабық	n	1	nemotron-3-ultra-550b-a55b:free=word
нел	fragment			1	nemotron-3-ultra-550b-a55b:free=fragment
хисметов	name			1	nemotron-3-ultra-550b-a55b:free=name
стрит	foreign			1	nemotron-3-ultra-550b-a55b:free=foreign
күләй	word	күләй	adj	1	nemotron-3-ultra-550b-a55b:free=word
дуров	name	дуров		1	nemotron-3-ultra-550b-a55b:free=name
рукин	name	рукин		1	nemotron-3-ultra-550b-a55b:free=name
дүйсеке	word	дүйсеке	n	1	nemotron-3-ultra-550b-a55b:free=word
секе	word	секе	n	1	nemotron-3-ultra-550b-a55b:free=word
пружина	word	пружина	n	1	nemotron-3-ultra-550b-a55b:free=word
логик	fragment			1	nemotron-3-ultra-550b-a55b:free=fragment
ылақ	word	ылақ	adj	1	nemotron-3-ultra-550b-a55b:free=word
бәзіл	fragment			1	nemotron-3-ultra-550b-a55b:free=fragment
берия	name	берия		1	nemotron-3-ultra-550b-a55b:free=name
маруся	name	маруся		1	nemotron-3-ultra-550b-a55b:free=name
мырзаш	fragment			1	nemotron-3-ultra-550b-a55b:free=fragment
рубрук	name			1	nemotron-3-ultra-550b-a55b:free=name
мәжік	fragment			1	nemotron-3-ultra-550b-a55b:free=fragment
сиясат	word	сиясат	n	1	nemotron-3-ultra-550b-a55b:free=word
жұң	word	жұң	n	1	nemotron-3-ultra-550b-a55b:free=word
глинка	foreign			1	nemotron-3-ultra-550b-a55b:free=foreign
ырысбай	name			1	nemotron-3-ultra-550b-a55b:free=name
қайрақбай	name			1	nemotron-3-ultra-550b-a55b:free=name
милль	foreign			1	nemotron-3-ultra-550b-a55b:free=foreign
баянжан	name			1	nemotron-3-ultra-550b-a55b:free=name
паж	foreign			1	nemotron-3-ultra-550b-a55b:free=foreign
машан	fragment			1	nemotron-3-ultra-550b-a55b:free=fragment
монологі	word	монолог	n	1	nemotron-3-ultra-550b-a55b:free=word
әлімбет	name	әлімбет	n	1	nemotron-3-ultra-550b-a55b:free=name
кеншімбай	name	кеншімбай	n	1	nemotron-3-ultra-550b-a55b:free=name
қоғабай	name	қоғабай	n	1	nemotron-3-ultra-550b-a55b:free=name
михайл	name	михайл	n	1	nemotron-3-ultra-550b-a55b:free=name
орысбай	name	орысбай	n	1	nemotron-3-ultra-550b-a55b:free=name
менс	fragment			1	nemotron-3-ultra-550b-a55b:free=fragment
баязид	name	баязид	n	1	nemotron-3-ultra-550b-a55b:free=name
естерек	name	естерек	n	1	nemotron-3-ultra-550b-a55b:free=name
сход	foreign			1	nemotron-3-ultra-550b-a55b:free=foreign
төлеміс	fragment			1	nemotron-3-ultra-550b-a55b:free=fragment
басқұдық	name	басқұдық	n	1	nemotron-3-ultra-550b-a55b:free=name
томпсон	name	томпсон	n	1	nemotron-3-ultra-550b-a55b:free=name
хоу	fragment			1	nemotron-3-ultra-550b-a55b:free=fragment
бокин	name			1	nemotron-3-ultra-550b-a55b:free=name
носки	foreign			1	nemotron-3-ultra-550b-a55b:free=foreign
свита	word	свита	n	1	nemotron-3-ultra-550b-a55b:free=word
болға	word	болу	v	1	nemotron-3-ultra-550b-a55b:free=word
қайынаға	word	қайына	n	1	nemotron-3-ultra-550b-a55b:free=word
қален	fragment			1	nemotron-3-ultra-550b-a55b:free=fragment
саптаяқ	fragment			1	nemotron-3-ultra-550b-a55b:free=fragment
саю	fragment			1	nemotron-3-ultra-550b-a55b:free=fragment
риса	name			1	nemotron-3-ultra-550b-a55b:free=name
қасырет	word	қасырет	n	1	nemotron-3-ultra-550b-a55b:free=word
изм	fragment			1	nemotron-3-ultra-550b-a55b:free=fragment
шыңжан	word	шыңжан	adj	1	nemotron-3-ultra-550b-a55b:free=word
йын	word	йын	n	1	nemotron-3-ultra-550b-a55b:free=word
крон	foreign			1	nemotron-3-ultra-550b-a55b:free=foreign
нұрыш	word	нұрыш	n	1	nemotron-3-ultra-550b-a55b:free=word
яго	unanswered			0	
кришна	name			1	nemotron-3-ultra-550b-a55b:free=name
қалел	name			1	nemotron-3-ultra-550b-a55b:free=name
қоспан	word	қоспан	n	1	nemotron-3-ultra-550b-a55b:free=word
жанарал	fragment			1	nemotron-3-ultra-550b-a55b:free=fragment
кювье	foreign			1	nemotron-3-ultra-550b-a55b:free=foreign
санчо	name			1	nemotron-3-ultra-550b-a55b:free=name
сартас	name			1	nemotron-3-ultra-550b-a55b:free=name
қобық	word	қобық	n	1	nemotron-3-ultra-550b-a55b:free=word
шаһизат	name			1	nemotron-3-ultra-550b-a55b:free=name
құрымбай	name			1	nemotron-3-ultra-550b-a55b:free=name
яхия	name			1	nemotron-3-ultra-550b-a55b:free=name
шабанбай	name			1	nemotron-3-ultra-550b-a55b:free=name
қалмақан	fragment			1	nemotron-3-ultra-550b-a55b:free=fragment
тобаяқ	fragment			1	nemotron-3-ultra-550b-a55b:free=fragment
қаблан	name			1	nemotron-3-ultra-550b-a55b:free=name
мақтанбақ	fragment			1	nemotron-3-ultra-550b-a55b:free=fragment
арыстанбаб	name			1	nemotron-3-ultra-550b-a55b:free=name
мете	name			1	nemotron-3-ultra-550b-a55b:free=name
мыңжан	name			1	nemotron-3-ultra-550b-a55b:free=name
сапаров	name	сапаров	n	1	nemotron-3-ultra-550b-a55b:free=name
атшыбай	name	атшыбай	n	1	nemotron-3-ultra-550b-a55b:free=name
жарылғас	word	жарылғас	n	1	nemotron-3-ultra-550b-a55b:free=word
салла	word	салла	adj	1	nemotron-3-ultra-550b-a55b:free=word
мейірхан	name	мейірхан	n	1	nemotron-3-ultra-550b-a55b:free=name
сүлейменова	name	сүлейменова	n	1	nemotron-3-ultra-550b-a55b:free=name
тәзіке	word	тәзік	n	1	nemotron-3-ultra-550b-a55b:free=word
еремин	name	еремин	n	1	nemotron-3-ultra-550b-a55b:free=name
ңыз	fragment			1	nemotron-3-ultra-550b-a55b:free=fragment
тамань	foreign			1	nemotron-3-ultra-550b-a55b:free=foreign
хами	name	хами	n	1	nemotron-3-ultra-550b-a55b:free=name
шахмет	fragment			1	nemotron-3-ultra-550b-a55b:free=fragment
әбжан	fragment			1	nemotron-3-ultra-550b-a55b:free=fragment
бух	fragment			1	nemotron-3-ultra-550b-a55b:free=fragment
максима	name			1	nemotron-3-ultra-550b-a55b:free=name
құдия	fragment			1	nemotron-3-ultra-550b-a55b:free=fragment
стил	word	стил	n	1	nemotron-3-ultra-550b-a55b:free=word
жоғ	fragment			1	nemotron-3-ultra-550b-a55b:free=fragment
статика	word	статика	n	1	nemotron-3-ultra-550b-a55b:free=word
шахнама	name			1	nemotron-3-ultra-550b-a55b:free=name
плотин	foreign			1	nemotron-3-ultra-550b-a55b:free=foreign
ява	name			1	nemotron-3-ultra-550b-a55b:free=name
бич	fragment			1	nemotron-3-ultra-550b-a55b:free=fragment
халха	name			1	nemotron-3-ultra-550b-a55b:free=name
котелок	word	котелок	n	1	nemotron-3-ultra-550b-a55b:free=word
балбұлақ	name			1	nemotron-3-ultra-550b-a55b:free=name
сақара	name			1	nemotron-3-ultra-550b-a55b:free=name
ниса	name			1	nemotron-3-ultra-550b-a55b:free=name
бадыров	name			1	nemotron-3-ultra-550b-a55b:free=name
кельн	name			1	nemotron-3-ultra-550b-a55b:free=name
хашим	name			1	nemotron-3-ultra-550b-a55b:free=name
елка	word	елка	n	1	nemotron-3-ultra-550b-a55b:free=word
мәтен	fragment			1	nemotron-3-ultra-550b-a55b:free=fragment
айнамкөз	word	айнамкөз	n	1	nemotron-3-ultra-550b-a55b:free=word
золя	foreign			1	nemotron-3-ultra-550b-a55b:free=foreign
нәмарт	fragment			1	nemotron-3-ultra-550b-a55b:free=fragment
ұлбосын	fragment			1	nemotron-3-ultra-550b-a55b:free=fragment
авров	foreign			1	nemotron-3-ultra-550b-a55b:free=foreign
жақайым	word	жақай	adj	1	nemotron-3-ultra-550b-a55b:free=word
оразай	name			1	nemotron-3-ultra-550b-a55b:free=name
сақан	name			1	nemotron-3-ultra-550b-a55b:free=name
жәпек	fragment			1	nemotron-3-ultra-550b-a55b:free=fragment
құлыш	word	құлыш	n	1	nemotron-3-ultra-550b-a55b:free=word
будун	fragment			1	nemotron-3-ultra-550b-a55b:free=fragment
қақабай	name			1	nemotron-3-ultra-550b-a55b:free=name
жанғожа	name			1	nemotron-3-ultra-550b-a55b:free=name
кег	foreign			1	nemotron-3-ultra-550b-a55b:free=foreign
барсхан	name			1	nemotron-3-ultra-550b-a55b:free=name
лис	foreign			1	nemotron-3-ultra-550b-a55b:free=foreign
сотников	name			1	nemotron-3-ultra-550b-a55b:free=name
қызылқия	name			1	nemotron-3-ultra-550b-a55b:free=name
жайлыбай	name			1	nemotron-3-ultra-550b-a55b:free=name
иранбек	name			1	nemotron-3-ultra-550b-a55b:free=name
мене	word	мене	interj	1	nemotron-3-ultra-550b-a55b:free=word
шина	word	шина	adj	1	nemotron-3-ultra-550b-a55b:free=word
текс	fragment			1	nemotron-3-ultra-550b-a55b:free=fragment
спарта	name			1	nemotron-3-ultra-550b-a55b:free=name
тасбұлақ	name			1	nemotron-3-ultra-550b-a55b:free=name
шөңке	word	шөңке	n	1	nemotron-3-ultra-550b-a55b:free=word
руссия	foreign			1	nemotron-3-ultra-550b-a55b:free=foreign
лавка	foreign			1	nemotron-3-ultra-550b-a55b:free=foreign
офис	word	офис	n	1	nemotron-3-ultra-550b-a55b:free=word
жанкент	name			1	nemotron-3-ultra-550b-a55b:free=name
варуна	foreign			1	nemotron-3-ultra-550b-a55b:free=foreign
тұң	word	тұң	n	1	nemotron-3-ultra-550b-a55b:free=word
нұрата	name			1	nemotron-3-ultra-550b-a55b:free=name
тәжен	name			1	nemotron-3-ultra-550b-a55b:free=name
ғазірейіл	fragment			1	nemotron-3-ultra-550b-a55b:free=fragment
берікбол	name			1	nemotron-3-ultra-550b-a55b:free=name
көкенай	name			1	nemotron-3-ultra-550b-a55b:free=name
нұрадин	name			1	nemotron-3-ultra-550b-a55b:free=name
өкіреш	word	өкіреш	n	1	nemotron-3-ultra-550b-a55b:free=word
пәш	fragment			1	nemotron-3-ultra-550b-a55b:free=fragment
фуко	name			1	nemotron-3-ultra-550b-a55b:free=name
термез	name			1	nemotron-3-ultra-550b-a55b:free=name
бәйеке	word	бәйеке	adj	1	nemotron-3-ultra-550b-a55b:free=word
грифон	word	грифон	n	1	nemotron-3-ultra-550b-a55b:free=word
қамажай	fragment			1	nemotron-3-ultra-550b-a55b:free=fragment
эльмира	name			1	nemotron-3-ultra-550b-a55b:free=name
есеней	name			1	nemotron-3-ultra-550b-a55b:free=name
исенов	name			1	nemotron-3-ultra-550b-a55b:free=name
қожаш	fragment			1	nemotron-3-ultra-550b-a55b:free=fragment
суб	fragment			1	nemotron-3-ultra-550b-a55b:free=fragment
айхан	name			1	nemotron-3-ultra-550b-a55b:free=name
балғабай	name			1	nemotron-3-ultra-550b-a55b:free=name
гог	foreign			1	nemotron-3-ultra-550b-a55b:free=foreign
кинг	foreign			1	nemotron-3-ultra-550b-a55b:free=foreign
номад	word	номад	n	1	nemotron-3-ultra-550b-a55b:free=word
шынай	fragment			1	nemotron-3-ultra-550b-a55b:free=fragment
эко	fragment			1	nemotron-3-ultra-550b-a55b:free=fragment
байғұз	name			1	nemotron-3-ultra-550b-a55b:free=name
бела	word	бела	n	1	nemotron-3-ultra-550b-a55b:free=word
карлаг	name			1	nemotron-3-ultra-550b-a55b:free=name
мамун	name			1	nemotron-3-ultra-550b-a55b:free=name
ұзынбұлақ	name			1	nemotron-3-ultra-550b-a55b:free=name
директив	fragment			1	nemotron-3-ultra-550b-a55b:free=fragment
сейт	word	сейт	n	1	nemotron-3-ultra-550b-a55b:free=word
малыбай	name			1	nemotron-3-ultra-550b-a55b:free=name
масон	word	масон	n	1	nemotron-3-ultra-550b-a55b:free=word
микоян	name			1	nemotron-3-ultra-550b-a55b:free=name
шахматов	name			1	nemotron-3-ultra-550b-a55b:free=name
ақымет	fragment			1	nemotron-3-ultra-550b-a55b:free=fragment
сәнжан	name			1	nemotron-3-ultra-550b-a55b:free=name
жүке	word	жүк	n	1	nemotron-3-ultra-550b-a55b:free=word
қызымет	fragment			1	nemotron-3-ultra-550b-a55b:free=fragment
сенг	word	сенг	n	1	nemotron-3-ultra-550b-a55b:free=word
қөңіл	word	қөңіл	n	1	nemotron-3-ultra-550b-a55b:free=word
марқая	name			1	nemotron-3-ultra-550b-a55b:free=name
русия	name			1	nemotron-3-ultra-550b-a55b:free=name
байшыкеш	name			1	nemotron-3-ultra-550b-a55b:free=name
бәйт	word	бәйт	n	1	nemotron-3-ultra-550b-a55b:free=word
ақмет	name			1	nemotron-3-ultra-550b-a55b:free=name
плитка	word	плитка	n	1	nemotron-3-ultra-550b-a55b:free=word
түркстан	name			1	nemotron-3-ultra-550b-a55b:free=name
параход	word	параход	n	1	nemotron-3-ultra-550b-a55b:free=word
пенс	word	пенс	n	1	nemotron-3-ultra-550b-a55b:free=word
рибе	fragment			1	nemotron-3-ultra-550b-a55b:free=fragment
зейд	name			1	nemotron-3-ultra-550b-a55b:free=name
сирена	word	сирена	n	1	nemotron-3-ultra-550b-a55b:free=word
йима	fragment			1	nemotron-3-ultra-550b-a55b:free=fragment
ника	name			1	nemotron-3-ultra-550b-a55b:free=name
митя	name			1	nemotron-3-ultra-550b-a55b:free=name
мыр	fragment			1	nemotron-3-ultra-550b-a55b:free=fragment
калуга	name			1	nemotron-3-ultra-550b-a55b:free=name
илия	name			1	nemotron-3-ultra-550b-a55b:free=name
қырықбай	name			1	nemotron-3-ultra-550b-a55b:free=name
арх	fragment			1	nemotron-3-ultra-550b-a55b:free=fragment
булатов	name			1	nemotron-3-ultra-550b-a55b:free=name
мұхамедханов	name			1	nemotron-3-ultra-550b-a55b:free=name
кинди	fragment			1	nemotron-3-ultra-550b-a55b:free=fragment
мух	fragment			1	nemotron-3-ultra-550b-a55b:free=fragment
сәли	name			1	nemotron-3-ultra-550b-a55b:free=name
вин	foreign			1	nemotron-3-ultra-550b-a55b:free=foreign
жүмыс	unanswered			0	
ақерке	name			1	nemotron-3-ultra-550b-a55b:free=name
өрдек	word	өрдек	n	1	nemotron-3-ultra-550b-a55b:free=word
рхан	fragment			1	nemotron-3-ultra-550b-a55b:free=fragment
қүн	word	қүн	n	1	nemotron-3-ultra-550b-a55b:free=word
ркес	fragment			1	nemotron-3-ultra-550b-a55b:free=fragment
қыпшақбай	name			1	nemotron-3-ultra-550b-a55b:free=name
сабытай	name			1	nemotron-3-ultra-550b-a55b:free=name
сунақ	name			1	nemotron-3-ultra-550b-a55b:free=name
шато	word	шато	n	1	nemotron-3-ultra-550b-a55b:free=word
қошай	word	қошай	n	1	nemotron-3-ultra-550b-a55b:free=word
пагон	word	пагон	n	1	nemotron-3-ultra-550b-a55b:free=word
рузе	name			1	nemotron-3-ultra-550b-a55b:free=name
лте	fragment			1	nemotron-3-ultra-550b-a55b:free=fragment
құреке	fragment			1	nemotron-3-ultra-550b-a55b:free=fragment
сул	fragment			1	nemotron-3-ultra-550b-a55b:free=fragment
қарпі	fragment			1	nemotron-3-ultra-550b-a55b:free=fragment
сүйеке	word	сүйек	n	1	nemotron-3-ultra-550b-a55b:free=word
жауғаш	fragment			1	nemotron-3-ultra-550b-a55b:free=fragment
өске	word	өске	adj	1	nemotron-3-ultra-550b-a55b:free=word
тақсырет	word	тақсырет	n	1	nemotron-3-ultra-550b-a55b:free=word
шән	word	шән	n	1	nemotron-3-ultra-550b-a55b:free=word
ағаке	word	аға	n	1	nemotron-3-ultra-550b-a55b:free=word
слободка	foreign			1	nemotron-3-ultra-550b-a55b:free=foreign
ақмыш	word	ақмыш	n	1	nemotron-3-ultra-550b-a55b:free=word
исеке	fragment			1	nemotron-3-ultra-550b-a55b:free=fragment
жазымыш	word	жазымыш	n	1	nemotron-3-ultra-550b-a55b:free=word
тәшкент	name			1	nemotron-3-ultra-550b-a55b:free=name
сема	foreign			1	nemotron-3-ultra-550b-a55b:free=foreign
пәлсафа	word	пәлсафа	n	1	nemotron-3-ultra-550b-a55b:free=word
индивидум	foreign			1	nemotron-3-ultra-550b-a55b:free=foreign
қанқожа	name			1	nemotron-3-ultra-550b-a55b:free=name
барж	fragment			1	nemotron-3-ultra-550b-a55b:free=fragment
сунна	word	сүнна	n	1	nemotron-3-ultra-550b-a55b:free=word
анан	fragment			1	nemotron-3-ultra-550b-a55b:free=fragment
милюков	name			1	nemotron-3-ultra-550b-a55b:free=name
шашлық	word	шашлық	n	1	nemotron-3-ultra-550b-a55b:free=word
ерманов	name			1	nemotron-3-ultra-550b-a55b:free=name
кұшақ	word	кұшақ	n	1	nemotron-3-ultra-550b-a55b:free=word
полицай	foreign			1	nemotron-3-ultra-550b-a55b:free=foreign
қосжанов	name			1	nemotron-3-ultra-550b-a55b:free=name
мінбес	word	мінбес	abbr	1	nemotron-3-ultra-550b-a55b:free=word
тонтай	word	тонтау	v	1	nemotron-3-ultra-550b-a55b:free=word
гес	word	гес	abbr	1	nemotron-3-ultra-550b-a55b:free=word
гет	foreign			1	nemotron-3-ultra-550b-a55b:free=foreign
дзен	word	дзен	n	1	nemotron-3-ultra-550b-a55b:free=word
гера	fragment			1	nemotron-3-ultra-550b-a55b:free=fragment
самбо	word	самбо	n	1	nemotron-3-ultra-550b-a55b:free=word
йел	fragment			1	nemotron-3-ultra-550b-a55b:free=fragment
күшлік	word	күшлік	adj	1	nemotron-3-ultra-550b-a55b:free=word
моррис	name			1	nemotron-3-ultra-550b-a55b:free=name
парис	name			1	nemotron-3-ultra-550b-a55b:free=name
сәдібек	name			1	nemotron-3-ultra-550b-a55b:free=name
ысрайыл	name			1	nemotron-3-ultra-550b-a55b:free=name
куплет	word	куплет	n	1	nemotron-3-ultra-550b-a55b:free=word
кұлақ	word	кұлақ	n	1	nemotron-3-ultra-550b-a55b:free=word
маңғытай	name			1	nemotron-3-ultra-550b-a55b:free=name
орион	name			1	nemotron-3-ultra-550b-a55b:free=name
сүйімбай	name			1	nemotron-3-ultra-550b-a55b:free=name
чик	fragment			1	nemotron-3-ultra-550b-a55b:free=fragment
шекен	fragment			1	nemotron-3-ultra-550b-a55b:free=fragment
парс	word	парс	n	1	nemotron-3-ultra-550b-a55b:free=word
нүсіпбек	name			1	nemotron-3-ultra-550b-a55b:free=name
фән	fragment			1	nemotron-3-ultra-550b-a55b:free=fragment
свифт	word	свифт	n	1	nemotron-3-ultra-550b-a55b:free=word
сәбе	fragment			1	nemotron-3-ultra-550b-a55b:free=fragment
асс	foreign			1	nemotron-3-ultra-550b-a55b:free=foreign
бауке	name			1	nemotron-3-ultra-550b-a55b:free=name
маңлай	fragment			1	nemotron-3-ultra-550b-a55b:free=fragment
алт	fragment			1	nemotron-3-ultra-550b-a55b:free=fragment
штрек	foreign			1	nemotron-3-ultra-550b-a55b:free=foreign
фор	foreign			1	nemotron-3-ultra-550b-a55b:free=foreign
афин	fragment			1	nemotron-3-ultra-550b-a55b:free=fragment
иудея	name	Иудея	n	1	nemotron-3-ultra-550b-a55b:free=name
бән	word	бән	n	1	nemotron-3-ultra-550b-a55b:free=word
врангель	name	Врангель	n	1	nemotron-3-ultra-550b-a55b:free=name
хаса	name	Хаса	n	1	nemotron-3-ultra-550b-a55b:free=name
яса	word	яса	n	1	nemotron-3-ultra-550b-a55b:free=word
понт	foreign			1	nemotron-3-ultra-550b-a55b:free=foreign
көксай	name	Көксай	n	1	nemotron-3-ultra-550b-a55b:free=name
қанбақ	word	қанбақ	adj	1	nemotron-3-ultra-550b-a55b:free=word
үғым	fragment			1	nemotron-3-ultra-550b-a55b:free=fragment
биллиард	foreign			1	nemotron-3-ultra-550b-a55b:free=foreign
боря	foreign			1	nemotron-3-ultra-550b-a55b:free=foreign
сүл	word	сүл	n	1	nemotron-3-ultra-550b-a55b:free=word
италиян	word	италиян	n	1	nemotron-3-ultra-550b-a55b:free=word
сетка	foreign			1	nemotron-3-ultra-550b-a55b:free=foreign
строс	fragment			1	nemotron-3-ultra-550b-a55b:free=fragment
бабатай	name			1	nemotron-3-ultra-550b-a55b:free=name
белл	name			1	nemotron-3-ultra-550b-a55b:free=name
екідай	word	екідай	adv	1	nemotron-3-ultra-550b-a55b:free=word
крез	fragment			1	nemotron-3-ultra-550b-a55b:free=fragment
сарбұлақ	name			1	nemotron-3-ultra-550b-a55b:free=name
шәлгез	word	шәлгез	n	1	nemotron-3-ultra-550b-a55b:free=word
шәріф	name			1	nemotron-3-ultra-550b-a55b:free=name
ғыз	fragment			1	nemotron-3-ultra-550b-a55b:free=fragment
көмбес	word	көмбес	n	1	nemotron-3-ultra-550b-a55b:free=word
қайырхан	name			1	nemotron-3-ultra-550b-a55b:free=name
мәуке	word	мәуке	adv	1	nemotron-3-ultra-550b-a55b:free=word
ренан	name			1	nemotron-3-ultra-550b-a55b:free=name
бұй	word	бұй	n	1	nemotron-3-ultra-550b-a55b:free=word
көгедай	fragment			1	nemotron-3-ultra-550b-a55b:free=fragment
сұмса	fragment			1	nemotron-3-ultra-550b-a55b:free=fragment
коман	fragment			1	nemotron-3-ultra-550b-a55b:free=fragment
құбаш	word	құбаш	adj	1	nemotron-3-ultra-550b-a55b:free=word
маманов	name			1	nemotron-3-ultra-550b-a55b:free=name
нек	fragment			1	nemotron-3-ultra-550b-a55b:free=fragment
оғұз	word	оғұз	n	1	nemotron-3-ultra-550b-a55b:free=word
барыня	foreign			1	nemotron-3-ultra-550b-a55b:free=foreign
клава	foreign			1	nemotron-3-ultra-550b-a55b:free=foreign
қоқыш	word	қоқыш	n	1	nemotron-3-ultra-550b-a55b:free=word
қыбырай	word	қыбырай	n	1	nemotron-3-ultra-550b-a55b:free=word
павлик	name			1	nemotron-3-ultra-550b-a55b:free=name
қарақойын	word	қарақой	n	1	nemotron-3-ultra-550b-a55b:free=word
балжанов	name			1	nemotron-3-ultra-550b-a55b:free=name
хайдаров	name			1	nemotron-3-ultra-550b-a55b:free=name
кенеке	word	кенеке	n	1	nemotron-3-ultra-550b-a55b:free=word
шкап	word	шкап	n	1	nemotron-3-ultra-550b-a55b:free=word
кұл	word	кұл	n	1	nemotron-3-ultra-550b-a55b:free=word
қайс	fragment			1	nemotron-3-ultra-550b-a55b:free=fragment
озал	name			1	nemotron-3-ultra-550b-a55b:free=name
қоблан	word	қоблан	n	1	nemotron-3-ultra-550b-a55b:free=word
бурбон	word	бурбон	n	1	nemotron-3-ultra-550b-a55b:free=word
горчаков	name			1	nemotron-3-ultra-550b-a55b:free=name
фуражке	foreign			1	nemotron-3-ultra-550b-a55b:free=foreign
энеолит	word	энеолит	n	1	nemotron-3-ultra-550b-a55b:free=word
тәти	fragment			1	nemotron-3-ultra-550b-a55b:free=fragment
понти	foreign			1	nemotron-3-ultra-550b-a55b:free=foreign
өскембай	name			1	nemotron-3-ultra-550b-a55b:free=name
һәмме	word	һәмме	pron	1	nemotron-3-ultra-550b-a55b:free=word
йол	foreign			1	nemotron-3-ultra-550b-a55b:free=foreign
лім	fragment			1	nemotron-3-ultra-550b-a55b:free=fragment
әлдеке	word	әлдеке	adv	1	nemotron-3-ultra-550b-a55b:free=word
базеке	fragment			1	nemotron-3-ultra-550b-a55b:free=fragment
қаранай	fragment			1	nemotron-3-ultra-550b-a55b:free=fragment
шэн	name			1	nemotron-3-ultra-550b-a55b:free=name
жәнтекей	word	жәнтекей	adv	1	nemotron-3-ultra-550b-a55b:free=word
канг	name			1	nemotron-3-ultra-550b-a55b:free=name
айеке	fragment			1	nemotron-3-ultra-550b-a55b:free=fragment
ділла	name	Ділла	n	1	nemotron-3-ultra-550b-a55b:free=name
атлантида	name			1	nemotron-3-ultra-550b-a55b:free=name
байбаков	name			1	nemotron-3-ultra-550b-a55b:free=name
күлшат	name			1	nemotron-3-ultra-550b-a55b:free=name
пенни	word	пенни	n	1	nemotron-3-ultra-550b-a55b:free=word
уәлид	name	Уәлид		1	nemotron-3-ultra-550b-a55b:free=name
пантүркизм	word	пантүркизм	n	1	nemotron-3-ultra-550b-a55b:free=word
леня	name	Леня		1	nemotron-3-ultra-550b-a55b:free=name
шетк	fragment			1	nemotron-3-ultra-550b-a55b:free=fragment
юнга	foreign			1	nemotron-3-ultra-550b-a55b:free=foreign
жүндібай	word	жүндібай	adj	1	nemotron-3-ultra-550b-a55b:free=word
матақ	word	матақ	n	1	nemotron-3-ultra-550b-a55b:free=word
процессия	word	процессия	n	1	nemotron-3-ultra-550b-a55b:free=word
хатымтай	word	хатымтай	adj	1	nemotron-3-ultra-550b-a55b:free=word
шадрин	name	Шадрин		1	nemotron-3-ultra-550b-a55b:free=name
біліг	word	біліг	n	1	nemotron-3-ultra-550b-a55b:free=word
дәмежан	fragment			1	nemotron-3-ultra-550b-a55b:free=fragment
мэрия	foreign			1	nemotron-3-ultra-550b-a55b:free=foreign
сарафан	word	сарафан	n	1	nemotron-3-ultra-550b-a55b:free=word
архип	name	Архип	n	1	nemotron-3-ultra-550b-a55b:free=name
атантай	name	Атантай	n	1	nemotron-3-ultra-550b-a55b:free=name
мишле	fragment			1	nemotron-3-ultra-550b-a55b:free=fragment
солтан	foreign			1	nemotron-3-ultra-550b-a55b:free=foreign
япон	foreign			1	nemotron-3-ultra-550b-a55b:free=foreign
брехт	name	Брехт	n	1	nemotron-3-ultra-550b-a55b:free=name
матрена	name	Матрена	n	1	nemotron-3-ultra-550b-a55b:free=name
районо	foreign			1	nemotron-3-ultra-550b-a55b:free=foreign
джинс	foreign			1	nemotron-3-ultra-550b-a55b:free=foreign
инда	fragment			1	nemotron-3-ultra-550b-a55b:free=fragment
харон	name			1	nemotron-3-ultra-550b-a55b:free=name
рах	fragment			1	nemotron-3-ultra-550b-a55b:free=fragment
фак	unanswered			0	
біті	fragment			1	nemotron-3-ultra-550b-a55b:free=fragment
көнш	fragment			1	nemotron-3-ultra-550b-a55b:free=fragment
үйық	word	үйық	adj	1	nemotron-3-ultra-550b-a55b:free=word
өтеке	word	өтеке	n	1	nemotron-3-ultra-550b-a55b:free=word
тте	fragment			1	nemotron-3-ultra-550b-a55b:free=fragment
қасқара	fragment			1	nemotron-3-ultra-550b-a55b:free=fragment
нәке	fragment			1	nemotron-3-ultra-550b-a55b:free=fragment
секрета	foreign			1	nemotron-3-ultra-550b-a55b:free=foreign
жужан	name			1	nemotron-3-ultra-550b-a55b:free=name
сапеке	fragment			1	nemotron-3-ultra-550b-a55b:free=fragment
алта	name			1	nemotron-3-ultra-550b-a55b:free=name
галлия	foreign			1	nemotron-3-ultra-550b-a55b:free=foreign
стамбол	name			1	nemotron-3-ultra-550b-a55b:free=name
өсеке	word	өсеке	n	1	nemotron-3-ultra-550b-a55b:free=word
озі	fragment			1	nemotron-3-ultra-550b-a55b:free=fragment
сити	word	сити	n	1	nemotron-3-ultra-550b-a55b:free=word
баршагүл	name			1	nemotron-3-ultra-550b-a55b:free=name
жәркент	name			1	nemotron-3-ultra-550b-a55b:free=name
басыра	word	басыра	n	1	nemotron-3-ultra-550b-a55b:free=word
ранке	fragment			1	nemotron-3-ultra-550b-a55b:free=fragment
уағада	word	уаға	n	1	nemotron-3-ultra-550b-a55b:free=word
йүз	fragment			1	nemotron-3-ultra-550b-a55b:free=fragment
раджа	name			1	nemotron-3-ultra-550b-a55b:free=name
ксеркс	name			1	nemotron-3-ultra-550b-a55b:free=name
құмбел	word	құмбел	n	1	nemotron-3-ultra-550b-a55b:free=word
түке	name			1	nemotron-3-ultra-550b-a55b:free=name
сарқамыс	name			1	nemotron-3-ultra-550b-a55b:free=name
нүрила	name			1	nemotron-3-ultra-550b-a55b:free=name
әлеуке	fragment			1	nemotron-3-ultra-550b-a55b:free=fragment
дах	fragment			1	nemotron-3-ultra-550b-a55b:free=fragment
қыбла	fragment			1	nemotron-3-ultra-550b-a55b:free=fragment
нұран	name			1	nemotron-3-ultra-550b-a55b:free=name
тіріклік	word	тіріклік	n	1	nemotron-3-ultra-550b-a55b:free=word
шәуке	fragment			1	nemotron-3-ultra-550b-a55b:free=fragment
ася	name			1	nemotron-3-ultra-550b-a55b:free=name
дантон	name			1	nemotron-3-ultra-550b-a55b:free=name
құшынаш	word	құшынаш	n	1	nemotron-3-ultra-550b-a55b:free=word
мексикан	fragment			1	nemotron-3-ultra-550b-a55b:free=fragment
тәрбия	word	тәрбия	n	1	nemotron-3-ultra-550b-a55b:free=word
құтжан	name			1	nemotron-3-ultra-550b-a55b:free=name
моғұл	word	моғұл	n	1	nemotron-3-ultra-550b-a55b:free=word
шашин	fragment			1	nemotron-3-ultra-550b-a55b:free=fragment
шотай	fragment			1	nemotron-3-ultra-550b-a55b:free=fragment
кәрие	foreign			1	nemotron-3-ultra-550b-a55b:free=foreign
кұрал	word	кұрал	n	1	nemotron-3-ultra-550b-a55b:free=word
саңырық	word	саңырық	n	1	nemotron-3-ultra-550b-a55b:free=word
әжіке	word	әжіке	adj	1	nemotron-3-ultra-550b-a55b:free=word
варя	foreign			1	nemotron-3-ultra-550b-a55b:free=foreign
маршак	name			1	nemotron-3-ultra-550b-a55b:free=name
табғач	name			1	nemotron-3-ultra-550b-a55b:free=name
төрткөл	name			1	nemotron-3-ultra-550b-a55b:free=name
зарипов	name			1	nemotron-3-ultra-550b-a55b:free=name
үрегей	word	үрегей	n	1	nemotron-3-ultra-550b-a55b:free=word
бұхари	word	бұхари	n	1	nemotron-3-ultra-550b-a55b:free=word
дауд	name			1	nemotron-3-ultra-550b-a55b:free=name
мели	name			1	nemotron-3-ultra-550b-a55b:free=name
мпаз	fragment			1	nemotron-3-ultra-550b-a55b:free=fragment
соғда	word	соғда	n	1	nemotron-3-ultra-550b-a55b:free=word
судак	word	судак	n	1	nemotron-3-ultra-550b-a55b:free=word
шафран	word	шафран	n	1	nemotron-3-ultra-550b-a55b:free=word
шыбыл	word	шыбыл	n	1	nemotron-3-ultra-550b-a55b:free=word
эле	word	эле	adv	1	nemotron-3-ultra-550b-a55b:free=word
дәулетхан	name			1	nemotron-3-ultra-550b-a55b:free=name
қабден	fragment			1	nemotron-3-ultra-550b-a55b:free=fragment
сарқан	word	сарқан	n	1	nemotron-3-ultra-550b-a55b:free=word
төкеш	word	төкеш	n	1	nemotron-3-ultra-550b-a55b:free=word
түсіпбек	name			1	nemotron-3-ultra-550b-a55b:free=name
уйсун	word	уйсу	v	1	nemotron-3-ultra-550b-a55b:free=word
фок	fragment			1	nemotron-3-ultra-550b-a55b:free=fragment
исахан	name			1	nemotron-3-ultra-550b-a55b:free=name
көбеш	fragment			1	nemotron-3-ultra-550b-a55b:free=fragment
күшәла	fragment			1	nemotron-3-ultra-550b-a55b:free=fragment
порма	fragment			1	nemotron-3-ultra-550b-a55b:free=fragment
прибой	foreign			1	nemotron-3-ultra-550b-a55b:free=foreign
рсек	fragment			1	nemotron-3-ultra-550b-a55b:free=fragment
цзи	name			1	nemotron-3-ultra-550b-a55b:free=name
тиыл	word	тиыл	adj	1	nemotron-3-ultra-550b-a55b:free=word
нбе	fragment			1	nemotron-3-ultra-550b-a55b:free=fragment
әбе	word	әбе	interj	1	nemotron-3-ultra-550b-a55b:free=word
күмәнда	fragment			1	nemotron-3-ultra-550b-a55b:free=fragment
спе	fragment			1	nemotron-3-ultra-550b-a55b:free=fragment
күна	fragment			1	nemotron-3-ultra-550b-a55b:free=fragment
кирелең	fragment			1	nemotron-3-ultra-550b-a55b:free=fragment
сыйпат	word	сыйпат	n	1	nemotron-3-ultra-550b-a55b:free=word
пет	fragment			1	nemotron-3-ultra-550b-a55b:free=fragment
бекета	word	бекет	n	1	nemotron-3-ultra-550b-a55b:free=word
қодеке	fragment			1	nemotron-3-ultra-550b-a55b:free=fragment
қалі	name			1	nemotron-3-ultra-550b-a55b:free=name
қарой	fragment			1	nemotron-3-ultra-550b-a55b:free=fragment
медина	name			1	nemotron-3-ultra-550b-a55b:free=name
альп	foreign			1	nemotron-3-ultra-550b-a55b:free=foreign
қалде	fragment			1	nemotron-3-ultra-550b-a55b:free=fragment
сөзле	word	сөзле	adj	1	nemotron-3-ultra-550b-a55b:free=word
патриций	word	патриций	n	1	nemotron-3-ultra-550b-a55b:free=word
якоби	name			1	nemotron-3-ultra-550b-a55b:free=name
ілез	fragment			1	nemotron-3-ultra-550b-a55b:free=fragment
лын	fragment			1	nemotron-3-ultra-550b-a55b:free=fragment
моңғолстан	name			1	nemotron-3-ultra-550b-a55b:free=name
олжеке	fragment			1	nemotron-3-ultra-550b-a55b:free=fragment
фра	fragment			1	nemotron-3-ultra-550b-a55b:free=fragment
ғал	fragment			1	nemotron-3-ultra-550b-a55b:free=fragment
иза	fragment			1	nemotron-3-ultra-550b-a55b:free=fragment
қосеке	fragment			1	nemotron-3-ultra-550b-a55b:free=fragment
ханқожа	name			1	nemotron-3-ultra-550b-a55b:free=name
қызылкөл	name			1	nemotron-3-ultra-550b-a55b:free=name
үлк	fragment			1	nemotron-3-ultra-550b-a55b:free=fragment
зорбай	name			1	nemotron-3-ultra-550b-a55b:free=name
назымбек	name			1	nemotron-3-ultra-550b-a55b:free=name
судия	word	судия	n	1	nemotron-3-ultra-550b-a55b:free=word
суяб	name			1	nemotron-3-ultra-550b-a55b:free=name
тыныбай	name			1	nemotron-3-ultra-550b-a55b:free=name
ангара	foreign			1	nemotron-3-ultra-550b-a55b:free=foreign
балағаз	fragment			1	nemotron-3-ultra-550b-a55b:free=fragment
барнауыл	name			1	nemotron-3-ultra-550b-a55b:free=name
зақ	fragment			1	nemotron-3-ultra-550b-a55b:free=fragment
қарымбай	name			1	nemotron-3-ultra-550b-a55b:free=name
әка	word	әка	n	1	nemotron-3-ultra-550b-a55b:free=word
бекбауыл	name			1	nemotron-3-ultra-550b-a55b:free=name
кин	fragment			1	nemotron-3-ultra-550b-a55b:free=fragment
қозан	word	қозан	n	1	nemotron-3-ultra-550b-a55b:free=word
шүн	word	шүн	adj	1	nemotron-3-ultra-550b-a55b:free=word
байтасов	name			1	nemotron-3-ultra-550b-a55b:free=name
итқара	fragment			1	nemotron-3-ultra-550b-a55b:free=fragment
казақстан	foreign			1	nemotron-3-ultra-550b-a55b:free=foreign
моро	fragment			1	nemotron-3-ultra-550b-a55b:free=fragment
чау	foreign			1	nemotron-3-ultra-550b-a55b:free=foreign
күлжамал	name			1	nemotron-3-ultra-550b-a55b:free=name
милет	word	миллет	n	1	nemotron-3-ultra-550b-a55b:free=word
парфенон	name			1	nemotron-3-ultra-550b-a55b:free=name
сидақ	word	сидақ	n	1	nemotron-3-ultra-550b-a55b:free=word
энд	fragment			1	nemotron-3-ultra-550b-a55b:free=fragment
ажыбай	name			1	nemotron-3-ultra-550b-a55b:free=name
бәби	word	бәби	n	1	nemotron-3-ultra-550b-a55b:free=word
жұманов	name			1	nemotron-3-ultra-550b-a55b:free=name
эрлик	name			1	nemotron-3-ultra-550b-a55b:free=name
ақаш	fragment			1	nemotron-3-ultra-550b-a55b:free=fragment
ауғаныстан	name			1	nemotron-3-ultra-550b-a55b:free=name
ғалдан	name			1	nemotron-3-ultra-550b-a55b:free=name
кааба	name			1	nemotron-3-ultra-550b-a55b:free=name
қадірбек	name			1	nemotron-3-ultra-550b-a55b:free=name
махбүб	word	махбүб	adj	1	nemotron-3-ultra-550b-a55b:free=word
раптан	fragment			1	nemotron-3-ultra-550b-a55b:free=fragment
смен	fragment			1	nemotron-3-ultra-550b-a55b:free=fragment
уазифа	word	уазифа	n	1	nemotron-3-ultra-550b-a55b:free=word
кенебай	name			1	nemotron-3-ultra-550b-a55b:free=name
михайло	name			1	nemotron-3-ultra-550b-a55b:free=name
отгон	name			1	nemotron-3-ultra-550b-a55b:free=name
тройке	foreign			1	nemotron-3-ultra-550b-a55b:free=foreign
аспантай	word	аспантай	adj	1	nemotron-3-ultra-550b-a55b:free=word
жақаш	word	жақаш	n	1	nemotron-3-ultra-550b-a55b:free=word
зекен	fragment			1	nemotron-3-ultra-550b-a55b:free=fragment
кенжехан	name			1	nemotron-3-ultra-550b-a55b:free=name
пәй	fragment			1	nemotron-3-ultra-550b-a55b:free=fragment
щорс	foreign			1	nemotron-3-ultra-550b-a55b:free=foreign
клас	fragment			1	nemotron-3-ultra-550b-a55b:free=fragment
сеу	word	сеу	v	1	nemotron-3-ultra-550b-a55b:free=word
кита	fragment			1	nemotron-3-ultra-550b-a55b:free=fragment
ғабе	fragment			1	nemotron-3-ultra-550b-a55b:free=fragment
мұрад	word	мұрад	n	1	nemotron-3-ultra-550b-a55b:free=word
тәңірие	fragment			1	nemotron-3-ultra-550b-a55b:free=fragment
мачта	word	мачта	n	1	nemotron-3-ultra-550b-a55b:free=word
скв	word	скв	abbr	1	nemotron-3-ultra-550b-a55b:free=word
қанеке	fragment			1	nemotron-3-ultra-550b-a55b:free=fragment
сасанид	word	сасанид	n	1	nemotron-3-ultra-550b-a55b:free=word
әдеке	word	әдеке	adv	1	nemotron-3-ultra-550b-a55b:free=word
эге	fragment			1	nemotron-3-ultra-550b-a55b:free=fragment
қарақытай	name	қарақытай	n	1	nemotron-3-ultra-550b-a55b:free=name
шәпке	fragment			1	nemotron-3-ultra-550b-a55b:free=fragment
хол	fragment			1	nemotron-3-ultra-550b-a55b:free=fragment
корзина	foreign			1	nemotron-3-ultra-550b-a55b:free=foreign
колонка	word	колонка	n	1	nemotron-3-ultra-550b-a55b:free=word
айрес	fragment			1	nemotron-3-ultra-550b-a55b:free=fragment
жанбол	name	жанбол	n	1	nemotron-3-ultra-550b-a55b:free=name
әлке	fragment			1	nemotron-3-ultra-550b-a55b:free=fragment
бәтуә	fragment			1	nemotron-3-ultra-550b-a55b:free=fragment
шүбһә	fragment			1	nemotron-3-ultra-550b-a55b:free=fragment
алтынбай	name			1	nemotron-3-ultra-550b-a55b:free=name
мейрамхан	name			1	nemotron-3-ultra-550b-a55b:free=name
лыс	foreign			1	nemotron-3-ultra-550b-a55b:free=foreign
сәлімбай	name			1	nemotron-3-ultra-550b-a55b:free=name
агра	name			1	nemotron-3-ultra-550b-a55b:free=name
генс	fragment			1	nemotron-3-ultra-550b-a55b:free=fragment
әлмерек	word	әлмерек	adj	1	nemotron-3-ultra-550b-a55b:free=word
қүдай	name			1	nemotron-3-ultra-550b-a55b:free=name
егінбай	name			1	nemotron-3-ultra-550b-a55b:free=name
кейнс	name			1	nemotron-3-ultra-550b-a55b:free=name
медея	name			1	nemotron-3-ultra-550b-a55b:free=name
сорель	name			1	nemotron-3-ultra-550b-a55b:free=name
зеріп	word	зеріп	n	1	nemotron-3-ultra-550b-a55b:free=word
кәмеш	fragment			1	nemotron-3-ultra-550b-a55b:free=fragment
киото	name			1	nemotron-3-ultra-550b-a55b:free=name
әнә	fragment			1	nemotron-3-ultra-550b-a55b:free=fragment
әнипа	fragment			1	nemotron-3-ultra-550b-a55b:free=fragment
жаманай	name			1	nemotron-3-ultra-550b-a55b:free=name
колька	foreign			1	nemotron-3-ultra-550b-a55b:free=foreign
сахра	word	сахра	n	1	nemotron-3-ultra-550b-a55b:free=word
сумке	fragment			1	nemotron-3-ultra-550b-a55b:free=fragment
харбин	name			1	nemotron-3-ultra-550b-a55b:free=name
цветаева	name			1	nemotron-3-ultra-550b-a55b:free=name
аманниязов	name			1	nemotron-3-ultra-550b-a55b:free=name
диктат	word	диктат	n	1	nemotron-3-ultra-550b-a55b:free=word
злобин	name	злобин		1	nemotron-3-ultra-550b-a55b:free=name
мәртаба	word	мәртаба	n	1	nemotron-3-ultra-550b-a55b:free=word
мора	fragment			1	nemotron-3-ultra-550b-a55b:free=fragment
рэкет	foreign			1	nemotron-3-ultra-550b-a55b:free=foreign
сыддық	word	сыддық	n	1	nemotron-3-ultra-550b-a55b:free=word
балзия	fragment			1	nemotron-3-ultra-550b-a55b:free=fragment
исхаков	name	исхаков		1	nemotron-3-ultra-550b-a55b:free=name
сарықыз	word	сарықыз	n	1	nemotron-3-ultra-550b-a55b:free=word
телжанов	name	телжанов		1	nemotron-3-ultra-550b-a55b:free=name
дуня	foreign			1	nemotron-3-ultra-550b-a55b:free=foreign
кұбылыс	word	кұбылыс	n	1	nemotron-3-ultra-550b-a55b:free=word
молдажан	name	Молдажан		1	nemotron-3-ultra-550b-a55b:free=name
сыртанов	name	Сыртанов		1	nemotron-3-ultra-550b-a55b:free=name
аллей	fragment			1	nemotron-3-ultra-550b-a55b:free=fragment
әзірбай	name	Әзірбай		1	nemotron-3-ultra-550b-a55b:free=name
долон	word	долон	n	1	nemotron-3-ultra-550b-a55b:free=word
исмайылов	name	Исмайылов		1	nemotron-3-ultra-550b-a55b:free=name
шотана	fragment			1	nemotron-3-ultra-550b-a55b:free=fragment
иден	fragment			1	nemotron-3-ultra-550b-a55b:free=fragment
кирил	name	Кірил		1	nemotron-3-ultra-550b-a55b:free=name
болғ	fragment			1	nemotron-3-ultra-550b-a55b:free=fragment
шуме	fragment			1	nemotron-3-ultra-550b-a55b:free=fragment
лме	fragment			1	nemotron-3-ultra-550b-a55b:free=fragment
өлг	fragment			1	nemotron-3-ultra-550b-a55b:free=fragment
мағна	fragment			1	nemotron-3-ultra-550b-a55b:free=fragment
ғауаз	fragment			1	nemotron-3-ultra-550b-a55b:free=fragment
пәленшеке	fragment			1	nemotron-3-ultra-550b-a55b:free=fragment
сегмент	word	сегмент	n	1	nemotron-3-ultra-550b-a55b:free=word
медал	word	медал	n	1	nemotron-3-ultra-550b-a55b:free=word
есаға	fragment			1	nemotron-3-ultra-550b-a55b:free=fragment
іст	fragment			1	nemotron-3-ultra-550b-a55b:free=fragment
фива	name			1	nemotron-3-ultra-550b-a55b:free=name
қабен	fragment			1	nemotron-3-ultra-550b-a55b:free=fragment
ақборық	word	ақборық	n	1	nemotron-3-ultra-550b-a55b:free=word
біре	fragment			1	nemotron-3-ultra-550b-a55b:free=fragment
гек	fragment			1	nemotron-3-ultra-550b-a55b:free=fragment
даса	word	даса	adv	1	nemotron-3-ultra-550b-a55b:free=word
кәнпеске	word	кәнпес	n	1	nemotron-3-ultra-550b-a55b:free=word
жаллат	word	жаллат	n	1	nemotron-3-ultra-550b-a55b:free=word
маян	word	маян	n	1	nemotron-3-ultra-550b-a55b:free=word
таха	name			1	nemotron-3-ultra-550b-a55b:free=name
балашов	name			1	nemotron-3-ultra-550b-a55b:free=name
сүке	word	сүке	n	1	nemotron-3-ultra-550b-a55b:free=word
өсі	word	өсі	n	1	nemotron-3-ultra-550b-a55b:free=word
слобода	foreign			1	nemotron-3-ultra-550b-a55b:free=foreign
туғ	word	туғ	n	1	nemotron-3-ultra-550b-a55b:free=word
алена	name			1	nemotron-3-ultra-550b-a55b:free=name
гавана	name			1	nemotron-3-ultra-550b-a55b:free=name
жалмұқан	name			1	nemotron-3-ultra-550b-a55b:free=name
күлеке	word	күлек	n	1	nemotron-3-ultra-550b-a55b:free=word
пешет	fragment			1	nemotron-3-ultra-550b-a55b:free=fragment
сақаба	fragment			1	nemotron-3-ultra-550b-a55b:free=fragment
марияш	fragment			1	nemotron-3-ultra-550b-a55b:free=fragment
сартоғай	name			1	nemotron-3-ultra-550b-a55b:free=name
гея	foreign			1	nemotron-3-ultra-550b-a55b:free=foreign
қадеке	fragment			1	nemotron-3-ultra-550b-a55b:free=fragment
сұлтанай	name			1	nemotron-3-ultra-550b-a55b:free=name
абиссиния	name			1	nemotron-3-ultra-550b-a55b:free=name
вит	fragment			1	nemotron-3-ultra-550b-a55b:free=fragment
йаш	fragment			1	nemotron-3-ultra-550b-a55b:free=fragment
элей	name			1	nemotron-3-ultra-550b-a55b:free=name
бактра	name			1	nemotron-3-ultra-550b-a55b:free=name
минуті	foreign			1	nemotron-3-ultra-550b-a55b:free=foreign
рейх	word	рейх	n	1	nemotron-3-ultra-550b-a55b:free=word
бұтабай	name			1	nemotron-3-ultra-550b-a55b:free=name
иима	fragment			1	nemotron-3-ultra-550b-a55b:free=fragment
мосс	fragment			1	nemotron-3-ultra-550b-a55b:free=fragment
өкілет	word	өкілет	adj	1	nemotron-3-ultra-550b-a55b:free=word
сымайыл	word	сымайыл	adj	1	nemotron-3-ultra-550b-a55b:free=word
лозанна	name			1	nemotron-3-ultra-550b-a55b:free=name
мамырбай	name			1	nemotron-3-ultra-550b-a55b:free=name
мұғыл	word	мұғыл	adj	1	nemotron-3-ultra-550b-a55b:free=word
рдек	fragment			1	nemotron-3-ultra-550b-a55b:free=fragment
сатаева	name			1	nemotron-3-ultra-550b-a55b:free=name
бектай	name			1	nemotron-3-ultra-550b-a55b:free=name
гримм	name			1	nemotron-3-ultra-550b-a55b:free=name
кінарат	fragment			1	nemotron-3-ultra-550b-a55b:free=fragment
қанаш	fragment			1	nemotron-3-ultra-550b-a55b:free=fragment
құрманай	name			1	nemotron-3-ultra-550b-a55b:free=name
перме	fragment			1	nemotron-3-ultra-550b-a55b:free=fragment
сашка	foreign			1	nemotron-3-ultra-550b-a55b:free=foreign
төленгіт	fragment			1	nemotron-3-ultra-550b-a55b:free=fragment
ахырет	word	ахырет	n	1	nemotron-3-ultra-550b-a55b:free=word
застав	foreign			1	nemotron-3-ultra-550b-a55b:free=foreign
күреңбай	name			1	nemotron-3-ultra-550b-a55b:free=name
һәммә	fragment			1	nemotron-3-ultra-550b-a55b:free=fragment
шәрбан	foreign			1	nemotron-3-ultra-550b-a55b:free=foreign
оракул	word	оракул	n	1	nemotron-3-ultra-550b-a55b:free=word
санд	fragment			1	nemotron-3-ultra-550b-a55b:free=fragment
сеялка	foreign			1	nemotron-3-ultra-550b-a55b:free=foreign
фламанд	word	фламанд	n	1	nemotron-3-ultra-550b-a55b:free=word
боқаш	word	боқаш	n	1	nemotron-3-ultra-550b-a55b:free=word
керел	fragment			1	nemotron-3-ultra-550b-a55b:free=fragment
қабыкен	word	қабыкен	adj	1	nemotron-3-ultra-550b-a55b:free=word
ңіз	word	ңиз	n	1	nemotron-3-ultra-550b-a55b:free=word
әділқан	name			1	nemotron-3-ultra-550b-a55b:free=name
балабек	name			1	nemotron-3-ultra-550b-a55b:free=name
назымжан	name			1	nemotron-3-ultra-550b-a55b:free=name
рахымбек	name			1	nemotron-3-ultra-550b-a55b:free=name
көрініш	word	көрініш	n	1	nemotron-3-ultra-550b-a55b:free=word
білмейм	fragment			1	nemotron-3-ultra-550b-a55b:free=fragment
софизм	word	софизм	n	1	nemotron-3-ultra-550b-a55b:free=word
түлға	word	түлға	n	1	nemotron-3-ultra-550b-a55b:free=word
раха	fragment			1	nemotron-3-ultra-550b-a55b:free=fragment
мака	word	мака	n	1	nemotron-3-ultra-550b-a55b:free=word
ізд	fragment			1	nemotron-3-ultra-550b-a55b:free=fragment
хижаз	name			1	nemotron-3-ultra-550b-a55b:free=name
мери	name			1	nemotron-3-ultra-550b-a55b:free=name
сектант	word	сектант	n	1	nemotron-3-ultra-550b-a55b:free=word
ішк	fragment			1	nemotron-3-ultra-550b-a55b:free=fragment
ураз	name			1	nemotron-3-ultra-550b-a55b:free=name
ліг	fragment			1	nemotron-3-ultra-550b-a55b:free=fragment
сервант	foreign			1	nemotron-3-ultra-550b-a55b:free=foreign
форым	fragment			1	nemotron-3-ultra-550b-a55b:free=fragment
байта	fragment			1	nemotron-3-ultra-550b-a55b:free=fragment
родо	fragment			1	nemotron-3-ultra-550b-a55b:free=fragment
елеке	word	елеке	adj	1	nemotron-3-ultra-550b-a55b:free=word
құрлыс	fragment			1	nemotron-3-ultra-550b-a55b:free=fragment
ғаза	word	ғаза	n	1	nemotron-3-ultra-550b-a55b:free=word
кақ	word	қақ	adj	1	nemotron-3-ultra-550b-a55b:free=word
қабылет	word	қабылет	n	1	nemotron-3-ultra-550b-a55b:free=word
арун	fragment			1	nemotron-3-ultra-550b-a55b:free=fragment
амана	word	амана	adv	1	nemotron-3-ultra-550b-a55b:free=word
бәйділда	word	бәйділ	n	1	nemotron-3-ultra-550b-a55b:free=word
кербие	fragment			1	nemotron-3-ultra-550b-a55b:free=fragment
құндызай	word	құндызай	n	1	nemotron-3-ultra-550b-a55b:free=word
байбақов	name			1	nemotron-3-ultra-550b-a55b:free=name
рыл	foreign			1	nemotron-3-ultra-550b-a55b:free=foreign
досмухамедов	name			1	nemotron-3-ultra-550b-a55b:free=name
ақірет	fragment			1	nemotron-3-ultra-550b-a55b:free=fragment
отряді	foreign			1	nemotron-3-ultra-550b-a55b:free=foreign
эдда	name			1	nemotron-3-ultra-550b-a55b:free=name
атт	fragment			1	nemotron-3-ultra-550b-a55b:free=fragment
қөз	word	қөз	n	1	nemotron-3-ultra-550b-a55b:free=word
садақбай	name			1	nemotron-3-ultra-550b-a55b:free=name
абдол	fragment			1	nemotron-3-ultra-550b-a55b:free=fragment
бегенов	name			1	nemotron-3-ultra-550b-a55b:free=name
мод	fragment			1	nemotron-3-ultra-550b-a55b:free=fragment
нанкин	name			1	nemotron-3-ultra-550b-a55b:free=name
нік	fragment			1	nemotron-3-ultra-550b-a55b:free=fragment
паллада	name			1	nemotron-3-ultra-550b-a55b:free=name
хиял	word	хиял	n	1	nemotron-3-ultra-550b-a55b:free=word
джума	foreign			1	nemotron-3-ultra-550b-a55b:free=foreign
күлзипа	fragment			1	nemotron-3-ultra-550b-a55b:free=fragment
үйқы	word	үйқы	n	1	nemotron-3-ultra-550b-a55b:free=word
шағдат	word	шағдат	n	1	nemotron-3-ultra-550b-a55b:free=word
бабаджанов	name			1	nemotron-3-ultra-550b-a55b:free=name
бейсеуов	name			1	nemotron-3-ultra-550b-a55b:free=name
бірдене	word	бірдене	adv	1	nemotron-3-ultra-550b-a55b:free=word
сымағұл	name			1	nemotron-3-ultra-550b-a55b:free=name
баржы	fragment			1	nemotron-3-ultra-550b-a55b:free=fragment
қандағаш	word	қандағаш	adv	1	nemotron-3-ultra-550b-a55b:free=word
мәдібек	name			1	nemotron-3-ultra-550b-a55b:free=name
эре	word	эре	n	1	nemotron-3-ultra-550b-a55b:free=word
айнық	word	айнық	n	1	nemotron-3-ultra-550b-a55b:free=word
қыдыш	word	қыдыш	n	1	nemotron-3-ultra-550b-a55b:free=word
пәнда	word	пәнда	n	1	nemotron-3-ultra-550b-a55b:free=word
хилл	fragment			1	nemotron-3-ultra-550b-a55b:free=fragment
ақсарай	name			1	nemotron-3-ultra-550b-a55b:free=name
ақтандақ	word	ақтандақ	n	1	nemotron-3-ultra-550b-a55b:free=word
жолайырық	word	жолайырық	n	1	nemotron-3-ultra-550b-a55b:free=word
оқан	word	оқан	n	1	nemotron-3-ultra-550b-a55b:free=word
боққара	name			1	nemotron-3-ultra-550b-a55b:free=name
йағ	word	яғ	n	1	nemotron-3-ultra-550b-a55b:free=word
кембай	name			1	nemotron-3-ultra-550b-a55b:free=name
көгез	word	көгез	n	1	nemotron-3-ultra-550b-a55b:free=word
лым	fragment			1	nemotron-3-ultra-550b-a55b:free=fragment
таити	name			1	nemotron-3-ultra-550b-a55b:free=name
шварц	name			1	nemotron-3-ultra-550b-a55b:free=name
асқап	word	асқап	n	1	nemotron-3-ultra-550b-a55b:free=word
краз	fragment			1	nemotron-3-ultra-550b-a55b:free=fragment
мехмед	name			1	nemotron-3-ultra-550b-a55b:free=name
халаф	name			1	nemotron-3-ultra-550b-a55b:free=name
шамғұн	word	шамғұн	n	1	nemotron-3-ultra-550b-a55b:free=word
шәмен	fragment			1	nemotron-3-ultra-550b-a55b:free=fragment
халд	fragment			1	nemotron-3-ultra-550b-a55b:free=fragment
кіна	word	кіна	n	1	nemotron-3-ultra-550b-a55b:free=word
езд	foreign			1	nemotron-3-ultra-550b-a55b:free=foreign
модел	fragment			1	nemotron-3-ultra-550b-a55b:free=fragment
сале	fragment			1	nemotron-3-ultra-550b-a55b:free=fragment
сұлтеке	word	сұлтеке	n	1	nemotron-3-ultra-550b-a55b:free=word
папкі	foreign			1	nemotron-3-ultra-550b-a55b:free=foreign
қозыеке	word	қозыеке	n	1	nemotron-3-ultra-550b-a55b:free=word
спирит	foreign			1	nemotron-3-ultra-550b-a55b:free=foreign
ыбеке	fragment			1	nemotron-3-ultra-550b-a55b:free=fragment
варна	name			1	nemotron-3-ultra-550b-a55b:free=name
жәніке	word	жәніке	n	1	nemotron-3-ultra-550b-a55b:free=word
окс	fragment			1	nemotron-3-ultra-550b-a55b:free=fragment
симуляция	word	симуляция	n	1	nemotron-3-ultra-550b-a55b:free=word
үрт	word	үрт	n	1	nemotron-3-ultra-550b-a55b:free=word
мырқал	fragment			1	nemotron-3-ultra-550b-a55b:free=fragment
хұда	name			1	nemotron-3-ultra-550b-a55b:free=name
есіргеп	word	есіргеу	v	1	nemotron-3-ultra-550b-a55b:free=word
қаратаз	name			1	nemotron-3-ultra-550b-a55b:free=name
мәйке	fragment			1	nemotron-3-ultra-550b-a55b:free=fragment
мадрас	fragment			1	nemotron-3-ultra-550b-a55b:free=fragment
мүшайра	word	мүшайра	n	1	nemotron-3-ultra-550b-a55b:free=word
жіг	fragment			1	nemotron-3-ultra-550b-a55b:free=fragment
лоян	fragment			1	nemotron-3-ultra-550b-a55b:free=fragment
гуньмо	fragment			1	nemotron-3-ultra-550b-a55b:free=fragment
қошалақ	fragment			1	nemotron-3-ultra-550b-a55b:free=fragment
мәзһаб	word	мәзһаб	n	1	nemotron-3-ultra-550b-a55b:free=word
парфян	fragment			1	nemotron-3-ultra-550b-a55b:free=fragment
сулла	name			1	nemotron-3-ultra-550b-a55b:free=name
топика	foreign			1	nemotron-3-ultra-550b-a55b:free=foreign
боткин	name			1	nemotron-3-ultra-550b-a55b:free=name
көбентай	fragment			1	nemotron-3-ultra-550b-a55b:free=fragment
сита	foreign			1	nemotron-3-ultra-550b-a55b:free=foreign
хорен	name			1	nemotron-3-ultra-550b-a55b:free=name
аймаутов	name			1	nemotron-3-ultra-550b-a55b:free=name
мақпалжан	name			1	nemotron-3-ultra-550b-a55b:free=name
дерект	word	дерект	n	1	nemotron-3-ultra-550b-a55b:free=word
майқұдық	fragment			1	nemotron-3-ultra-550b-a55b:free=fragment
манг	word	манг	adj	1	nemotron-3-ultra-550b-a55b:free=word
мөржан	name			1	nemotron-3-ultra-550b-a55b:free=name
руан	name			1	nemotron-3-ultra-550b-a55b:free=name
сух	foreign			1	nemotron-3-ultra-550b-a55b:free=foreign
сұртай	fragment			1	nemotron-3-ultra-550b-a55b:free=fragment
уба	fragment			1	nemotron-3-ultra-550b-a55b:free=fragment
боу	foreign			1	nemotron-3-ultra-550b-a55b:free=foreign
ғаж	fragment			1	nemotron-3-ultra-550b-a55b:free=fragment
яшт	fragment			1	nemotron-3-ultra-550b-a55b:free=fragment
әһл	fragment			1	nemotron-3-ultra-550b-a55b:free=fragment
біра	fragment			1	nemotron-3-ultra-550b-a55b:free=fragment
кереке	word	кереке	n	1	nemotron-3-ultra-550b-a55b:free=word
локи	name			1	nemotron-3-ultra-550b-a55b:free=name
оливье	word	оливье	n	1	nemotron-3-ultra-550b-a55b:free=word
пешпент	foreign			1	nemotron-3-ultra-550b-a55b:free=foreign
рық	word	рық	n	1	nemotron-3-ultra-550b-a55b:free=word
сарыоба	name			1	nemotron-3-ultra-550b-a55b:free=name
сәркен	word	сәркен	adj	1	nemotron-3-ultra-550b-a55b:free=word
табай	name			1	nemotron-3-ultra-550b-a55b:free=name
шоңбай	name			1	nemotron-3-ultra-550b-a55b:free=name
байбала	name			1	nemotron-3-ultra-550b-a55b:free=name
бейт	word	бейт	n	1	nemotron-3-ultra-550b-a55b:free=word
гяур	foreign			1	nemotron-3-ultra-550b-a55b:free=foreign
жұмай	name			1	nemotron-3-ultra-550b-a55b:free=name
қазакстан	fragment			1	nemotron-3-ultra-550b-a55b:free=fragment
неман	name			1	nemotron-3-ultra-550b-a55b:free=name
прус	foreign			1	nemotron-3-ultra-550b-a55b:free=foreign
сабырбек	name			1	nemotron-3-ultra-550b-a55b:free=name
сарыүйек	word	сарыүйек	n	1	nemotron-3-ultra-550b-a55b:free=word
үше	fragment			1	nemotron-3-ultra-550b-a55b:free=fragment
ханаан	name			1	nemotron-3-ultra-550b-a55b:free=name
кұлын	word	кұл	n	1	nemotron-3-ultra-550b-a55b:free=word
қарабұтақ	word	қарабұтақ	n	1	nemotron-3-ultra-550b-a55b:free=word
табити	word	табити	adj	1	nemotron-3-ultra-550b-a55b:free=word
әліпбай	name			1	nemotron-3-ultra-550b-a55b:free=name
басбай	name			1	nemotron-3-ultra-550b-a55b:free=name
трубке	foreign			1	nemotron-3-ultra-550b-a55b:free=foreign
апт	word	апт	abbr	1	nemotron-3-ultra-550b-a55b:free=word
олтыр	word	олтыр	n	1	nemotron-3-ultra-550b-a55b:free=word
әзеке	fragment			1	nemotron-3-ultra-550b-a55b:free=fragment
рубка	foreign			1	nemotron-3-ultra-550b-a55b:free=foreign
комит	fragment			1	nemotron-3-ultra-550b-a55b:free=fragment
басқ	fragment			1	nemotron-3-ultra-550b-a55b:free=fragment
кпе	fragment			1	nemotron-3-ultra-550b-a55b:free=fragment
өмеке	fragment			1	nemotron-3-ultra-550b-a55b:free=fragment
мединститут	word	мединститут	n	1	nemotron-3-ultra-550b-a55b:free=word
але	fragment			1	nemotron-3-ultra-550b-a55b:free=fragment
пад	foreign			1	nemotron-3-ultra-550b-a55b:free=foreign
кәстрөл	word	кәстрөл	n	1	nemotron-3-ultra-550b-a55b:free=word
шия	fragment			1	nemotron-3-ultra-550b-a55b:free=fragment
солқыл	word	солқыл	adj	1	nemotron-3-ultra-550b-a55b:free=word
йет	fragment			1	nemotron-3-ultra-550b-a55b:free=fragment
шарп	word	шарп	adv	1	nemotron-3-ultra-550b-a55b:free=word
иде	word	иде	v	1	nemotron-3-ultra-550b-a55b:free=word
йаз	fragment			1	nemotron-3-ultra-550b-a55b:free=fragment
лтипат	fragment			1	nemotron-3-ultra-550b-a55b:free=fragment
маянбай	name			1	nemotron-3-ultra-550b-a55b:free=name
оде	fragment			1	nemotron-3-ultra-550b-a55b:free=fragment
омеке	word	өмеке	n	1	nemotron-3-ultra-550b-a55b:free=word
әйеке	word	жеке	adj	1	nemotron-3-ultra-550b-a55b:free=word
мағұлмат	fragment			1	nemotron-3-ultra-550b-a55b:free=fragment
маһди	name			1	nemotron-3-ultra-550b-a55b:free=name
мінәжатхана	word	мінәжатхана	n	1	nemotron-3-ultra-550b-a55b:free=word
усков	name			1	nemotron-3-ultra-550b-a55b:free=name
хаус	word	хаус	n	1	nemotron-3-ultra-550b-a55b:free=word
кюре	foreign			1	nemotron-3-ultra-550b-a55b:free=foreign
марғұба	name			1	nemotron-3-ultra-550b-a55b:free=name
патима	name			1	nemotron-3-ultra-550b-a55b:free=name
ықа	word	ықа	adj	1	nemotron-3-ultra-550b-a55b:free=word
бәйбек	name			1	nemotron-3-ultra-550b-a55b:free=name
бұд	word	бұд	adj	1	nemotron-3-ultra-550b-a55b:free=word
елаға	fragment			1	nemotron-3-ultra-550b-a55b:free=fragment
жәмеш	word	жәмеш	adj	1	nemotron-3-ultra-550b-a55b:free=word
колба	word	колба	n	1	nemotron-3-ultra-550b-a55b:free=word
қосарал	fragment			1	nemotron-3-ultra-550b-a55b:free=fragment
роджерс	name			1	nemotron-3-ultra-550b-a55b:free=name
күмәны	fragment			1	nemotron-3-ultra-550b-a55b:free=fragment
лакан	name			1	nemotron-3-ultra-550b-a55b:free=name
неофит	word	неофит	n	1	nemotron-3-ultra-550b-a55b:free=word
парн	fragment			1	nemotron-3-ultra-550b-a55b:free=fragment
ашари	name			1	nemotron-3-ultra-550b-a55b:free=name
борей	name			1	nemotron-3-ultra-550b-a55b:free=name
дахака	name			1	nemotron-3-ultra-550b-a55b:free=name
науырыз	fragment			1	nemotron-3-ultra-550b-a55b:free=fragment
шігіл	word	шігіл	n	1	nemotron-3-ultra-550b-a55b:free=word
баринов	name			1	nemotron-3-ultra-550b-a55b:free=name
жанаш	word	жанаш	n	1	nemotron-3-ultra-550b-a55b:free=word
қытан	fragment			1	nemotron-3-ultra-550b-a55b:free=fragment
таңыбай	name			1	nemotron-3-ultra-550b-a55b:free=name
экспанция	foreign			1	nemotron-3-ultra-550b-a55b:free=foreign
астахов	name			1	nemotron-3-ultra-550b-a55b:free=name
жапеке	fragment			1	nemotron-3-ultra-550b-a55b:free=fragment
жүлдыз	word	жүлдыз	n	1	nemotron-3-ultra-550b-a55b:free=word
керімбала	name			1	nemotron-3-ultra-550b-a55b:free=name
қаршеке	fragment			1	nemotron-3-ultra-550b-a55b:free=fragment
тәтен	fragment			1	nemotron-3-ultra-550b-a55b:free=fragment
шаһбал	fragment			1	nemotron-3-ultra-550b-a55b:free=fragment
жағырафия	foreign			1	nemotron-3-ultra-550b-a55b:free=foreign
канн	fragment			1	nemotron-3-ultra-550b-a55b:free=fragment
люся	name			1	nemotron-3-ultra-550b-a55b:free=name
манш	fragment			1	nemotron-3-ultra-550b-a55b:free=fragment
шиан	fragment			1	nemotron-3-ultra-550b-a55b:free=fragment
әпен	word	әпен	adv	1	nemotron-3-ultra-550b-a55b:free=word
божанов	name			1	nemotron-3-ultra-550b-a55b:free=name
динго	word	динго	n	1	nemotron-3-ultra-550b-a55b:free=word
дия	fragment			1	nemotron-3-ultra-550b-a55b:free=fragment
елеңке	word	елеңке	adv	1	nemotron-3-ultra-550b-a55b:free=word
жеткір	fragment			1	nemotron-3-ultra-550b-a55b:free=fragment
йат	fragment			1	nemotron-3-ultra-550b-a55b:free=fragment
күмбет	word	күмбет	n	1	nemotron-3-ultra-550b-a55b:free=word
мәкіш	word	мәкіш	n	1	nemotron-3-ultra-550b-a55b:free=word
отырық	word	отырық	n	1	nemotron-3-ultra-550b-a55b:free=word
рал	fragment			1	nemotron-3-ultra-550b-a55b:free=fragment
саламин	word	саламин	n	1	nemotron-3-ultra-550b-a55b:free=word
фәлак	word	фәлек	n	1	nemotron-3-ultra-550b-a55b:free=word
эдик	name			1	nemotron-3-ultra-550b-a55b:free=name
әулад	word	әулад	n	1	nemotron-3-ultra-550b-a55b:free=word
дөн	word	дөн	n	1	nemotron-3-ultra-550b-a55b:free=word
ералин	name			1	nemotron-3-ultra-550b-a55b:free=name
кебеке	word	кебеке	n	1	nemotron-3-ultra-550b-a55b:free=word
кюе	fragment			1	nemotron-3-ultra-550b-a55b:free=fragment
қарамұрт	word	қарамұрт	n	1	nemotron-3-ultra-550b-a55b:free=word
мақай	word	мақай	pron	1	nemotron-3-ultra-550b-a55b:free=word
стачка	word	стачка	n	1	nemotron-3-ultra-550b-a55b:free=word
хұрма	word	хұрма	n	1	nemotron-3-ultra-550b-a55b:free=word
шәкей	fragment			1	nemotron-3-ultra-550b-a55b:free=fragment
абарис	fragment			1	nemotron-3-ultra-550b-a55b:free=fragment
әйіп	word	әйіп	adj	1	nemotron-3-ultra-550b-a55b:free=word
вик	word	вик	abbr	1	nemotron-3-ultra-550b-a55b:free=word
мақұлқат	fragment			1	nemotron-3-ultra-550b-a55b:free=fragment
обьект	foreign			1	nemotron-3-ultra-550b-a55b:free=foreign
степнов	name			1	nemotron-3-ultra-550b-a55b:free=name
феод	word	феод	n	1	nemotron-3-ultra-550b-a55b:free=word
коммунис	fragment			1	nemotron-3-ultra-550b-a55b:free=fragment
сиы	fragment			1	nemotron-3-ultra-550b-a55b:free=fragment
қараке	fragment			1	nemotron-3-ultra-550b-a55b:free=fragment
кетке	fragment			1	nemotron-3-ultra-550b-a55b:free=fragment
сұрқ	fragment			1	nemotron-3-ultra-550b-a55b:free=fragment
әрп	fragment			1	nemotron-3-ultra-550b-a55b:free=fragment
сұн	fragment			1	nemotron-3-ultra-550b-a55b:free=fragment
келтірім	word	келтірім	n	1	nemotron-3-ultra-550b-a55b:free=word
шұбарта	foreign			1	nemotron-3-ultra-550b-a55b:free=foreign
маха	name			1	nemotron-3-ultra-550b-a55b:free=name
княз	word	княз	n	1	nemotron-3-ultra-550b-a55b:free=word
ибра	name			1	nemotron-3-ultra-550b-a55b:free=name
білі	fragment			1	nemotron-3-ultra-550b-a55b:free=fragment
кенек	word	кенек	adj	1	nemotron-3-ultra-550b-a55b:free=word
ілек	word	ілек	n	1	nemotron-3-ultra-550b-a55b:free=word
әнеке	word	әнеке	adv	1	nemotron-3-ultra-550b-a55b:free=word
берда	fragment			1	nemotron-3-ultra-550b-a55b:free=fragment
қашеке	word	қашеке	n	1	nemotron-3-ultra-550b-a55b:free=word
нүрке	fragment			1	nemotron-3-ultra-550b-a55b:free=fragment
мұс	word	мұс	n	1	nemotron-3-ultra-550b-a55b:free=word
ілеке	fragment			1	nemotron-3-ultra-550b-a55b:free=fragment
байте	fragment			1	nemotron-3-ultra-550b-a55b:free=fragment
ңке	fragment			1	nemotron-3-ultra-550b-a55b:free=fragment
отр	fragment			1	nemotron-3-ultra-550b-a55b:free=fragment
харіп	word	харіп	n	1	nemotron-3-ultra-550b-a55b:free=word
пария	foreign			1	nemotron-3-ultra-550b-a55b:free=foreign
әлжеке	fragment			1	nemotron-3-ultra-550b-a55b:free=fragment
кубрик	name			1	nemotron-3-ultra-550b-a55b:free=name
йақ	fragment			1	nemotron-3-ultra-550b-a55b:free=fragment
пәлсәпа	fragment			1	nemotron-3-ultra-550b-a55b:free=fragment
сах	fragment			1	nemotron-3-ultra-550b-a55b:free=fragment
фарн	foreign			1	nemotron-3-ultra-550b-a55b:free=foreign
гүлия	name			1	nemotron-3-ultra-550b-a55b:free=name
манчжурия	name			1	nemotron-3-ultra-550b-a55b:free=name
мәртөбе	fragment			1	nemotron-3-ultra-550b-a55b:free=fragment
суғ	fragment			1	nemotron-3-ultra-550b-a55b:free=fragment
шалеке	fragment			1	nemotron-3-ultra-550b-a55b:free=fragment
ика	fragment			1	nemotron-3-ultra-550b-a55b:free=fragment
күллият	word	күллият	n	1	nemotron-3-ultra-550b-a55b:free=word
пәкстан	fragment			1	nemotron-3-ultra-550b-a55b:free=fragment
шиел	fragment			1	nemotron-3-ultra-550b-a55b:free=fragment
ава	fragment			1	nemotron-3-ultra-550b-a55b:free=fragment
алм	fragment			1	nemotron-3-ultra-550b-a55b:free=fragment
өшірет	word	өшірет	v	1	nemotron-3-ultra-550b-a55b:free=word
сарарқа	fragment			1	nemotron-3-ultra-550b-a55b:free=fragment
сәрке	word	сәрке	n	1	nemotron-3-ultra-550b-a55b:free=word
стерн	name			1	nemotron-3-ultra-550b-a55b:free=name
антогонизм	fragment			1	nemotron-3-ultra-550b-a55b:free=fragment
олеша	name			1	nemotron-3-ultra-550b-a55b:free=name
рақа	word	рақа	n	1	nemotron-3-ultra-550b-a55b:free=word
ханжан	name			1	nemotron-3-ultra-550b-a55b:free=name
алк	fragment			1	nemotron-3-ultra-550b-a55b:free=fragment
әтрет	fragment			1	nemotron-3-ultra-550b-a55b:free=fragment
бағышла	word	бағышлау	v	1	nemotron-3-ultra-550b-a55b:free=word
бэла	fragment			1	nemotron-3-ultra-550b-a55b:free=fragment
ғабеке	fragment			1	nemotron-3-ultra-550b-a55b:free=fragment
делдаш	fragment			1	nemotron-3-ultra-550b-a55b:free=fragment
констант	fragment			1	nemotron-3-ultra-550b-a55b:free=fragment
қасқабай	name			1	nemotron-3-ultra-550b-a55b:free=name
панса	fragment			1	nemotron-3-ultra-550b-a55b:free=fragment
рға	fragment			1	nemotron-3-ultra-550b-a55b:free=fragment
бақия	word	бақия	n	1	nemotron-3-ultra-550b-a55b:free=word
қаңлыбай	name			1	nemotron-3-ultra-550b-a55b:free=name
шид	fragment			1	nemotron-3-ultra-550b-a55b:free=fragment
бейли	fragment			1	nemotron-3-ultra-550b-a55b:free=fragment
дува	fragment			1	nemotron-3-ultra-550b-a55b:free=fragment
йүзі	word	жүз	n	1	nemotron-3-ultra-550b-a55b:free=word
касог	fragment			1	nemotron-3-ultra-550b-a55b:free=fragment
маро	fragment			1	nemotron-3-ultra-550b-a55b:free=fragment
ржол	fragment			1	nemotron-3-ultra-550b-a55b:free=fragment
темке	word	темке	n	1	nemotron-3-ultra-550b-a55b:free=word
ука	fragment			1	nemotron-3-ultra-550b-a55b:free=fragment
барпария	fragment			1	nemotron-3-ultra-550b-a55b:free=fragment
кубра	name			1	nemotron-3-ultra-550b-a55b:free=name
күләйхан	name			1	nemotron-3-ultra-550b-a55b:free=name
мбай	fragment			1	nemotron-3-ultra-550b-a55b:free=fragment
тамим	name			1	nemotron-3-ultra-550b-a55b:free=name
тами	name			1	nemotron-3-ultra-550b-a55b:free=name
язид	name			1	nemotron-3-ultra-550b-a55b:free=name
әнеш	fragment			1	nemotron-3-ultra-550b-a55b:free=fragment
бренди	word	бренди	n	1	nemotron-3-ultra-550b-a55b:free=word
жайырбек	name			1	nemotron-3-ultra-550b-a55b:free=name
заимке	fragment			1	nemotron-3-ultra-550b-a55b:free=fragment
көтеке	fragment			1	nemotron-3-ultra-550b-a55b:free=fragment
қараүйрек	word	қараүйрек	adj	1	nemotron-3-ultra-550b-a55b:free=word
мелиса	word	мелиса	n	1	nemotron-3-ultra-550b-a55b:free=word
мойка	word	мойка	n	1	nemotron-3-ultra-550b-a55b:free=word
мілиса	fragment			1	nemotron-3-ultra-550b-a55b:free=fragment
төйте	word	төй	n	1	nemotron-3-ultra-550b-a55b:free=word
янв	foreign			1	nemotron-3-ultra-550b-a55b:free=foreign
бургун	name			1	nemotron-3-ultra-550b-a55b:free=name
дофин	fragment			1	nemotron-3-ultra-550b-a55b:free=fragment
итеке	fragment			1	nemotron-3-ultra-550b-a55b:free=fragment
қанғ	fragment			1	nemotron-3-ultra-550b-a55b:free=fragment
мише	fragment			1	nemotron-3-ultra-550b-a55b:free=fragment
нарқыз	name			1	nemotron-3-ultra-550b-a55b:free=name
секрек	fragment			1	nemotron-3-ultra-550b-a55b:free=fragment
һүр	fragment			1	nemotron-3-ultra-550b-a55b:free=fragment
шланга	foreign			1	nemotron-3-ultra-550b-a55b:free=foreign
ариадна	name			1	nemotron-3-ultra-550b-a55b:free=name
бланшо	foreign			1	nemotron-3-ultra-550b-a55b:free=foreign
кирилов	name			1	nemotron-3-ultra-550b-a55b:free=name
ницца	name			1	nemotron-3-ultra-550b-a55b:free=name
нюра	name			1	nemotron-3-ultra-550b-a55b:free=name
полли	name			1	nemotron-3-ultra-550b-a55b:free=name
самақ	word	самақ	n	1	nemotron-3-ultra-550b-a55b:free=word
айымкүл	name			1	nemotron-3-ultra-550b-a55b:free=name
альпа	name			1	nemotron-3-ultra-550b-a55b:free=name
бозоқ	word	бозоқ	n	1	nemotron-3-ultra-550b-a55b:free=word
бронников	name			1	nemotron-3-ultra-550b-a55b:free=name
галле	name			1	nemotron-3-ultra-550b-a55b:free=name
ғұл	word	ғұл	n	1	nemotron-3-ultra-550b-a55b:free=word
екібай	name			1	nemotron-3-ultra-550b-a55b:free=name
кағба	fragment			1	nemotron-3-ultra-550b-a55b:free=fragment
қуатжан	name			1	nemotron-3-ultra-550b-a55b:free=name
махдум	name			1	nemotron-3-ultra-550b-a55b:free=name
моменті	word	момент	n	1	nemotron-3-ultra-550b-a55b:free=word
содия	fragment			1	nemotron-3-ultra-550b-a55b:free=fragment
тамил	word	тамил	n	1	nemotron-3-ultra-550b-a55b:free=word
тұлақ	word	тұлақ	adj	1	nemotron-3-ultra-550b-a55b:free=word
шашбай	name			1	nemotron-3-ultra-550b-a55b:free=name
аккум	word	аккум	n	1	nemotron-3-ultra-550b-a55b:free=word
ақорал	name			1	nemotron-3-ultra-550b-a55b:free=name
барра	name			1	nemotron-3-ultra-550b-a55b:free=name
йыр	fragment			1	nemotron-3-ultra-550b-a55b:free=fragment
ләж	fragment			1	nemotron-3-ultra-550b-a55b:free=fragment
рбай	fragment			1	nemotron-3-ultra-550b-a55b:free=fragment
журналис	fragment			1	nemotron-3-ultra-550b-a55b:free=fragment
контекс	fragment			1	nemotron-3-ultra-550b-a55b:free=fragment
зах	fragment			1	nemotron-3-ultra-550b-a55b:free=fragment
шапат	word	шапат	n	1	nemotron-3-ultra-550b-a55b:free=word
ыла	fragment			1	nemotron-3-ultra-550b-a55b:free=fragment
саке	word	саке	n	1	nemotron-3-ultra-550b-a55b:free=word
хиса	fragment			1	nemotron-3-ultra-550b-a55b:free=fragment
кауіп	word	кауіп	n	1	nemotron-3-ultra-550b-a55b:free=word
келмеге	word	кел-	v	1	nemotron-3-ultra-550b-a55b:free=word
жос	word	жос	adj	1	nemotron-3-ultra-550b-a55b:free=word
пысыр	word	пысыр	n	1	nemotron-3-ultra-550b-a55b:free=word
ынд	fragment			1	nemotron-3-ultra-550b-a55b:free=fragment
теоретика	foreign			1	nemotron-3-ultra-550b-a55b:free=foreign
гуа	fragment			1	nemotron-3-ultra-550b-a55b:free=fragment
шәмс	name			1	nemotron-3-ultra-550b-a55b:free=name
шына	word	шына	adv	1	nemotron-3-ultra-550b-a55b:free=word
нөк	word	нөк	adj	1	nemotron-3-ultra-550b-a55b:free=word
биша	fragment			1	nemotron-3-ultra-550b-a55b:free=fragment
кұда	word	кұда	n	1	nemotron-3-ultra-550b-a55b:free=word
мару	fragment			1	nemotron-3-ultra-550b-a55b:free=fragment
иша	fragment			1	nemotron-3-ultra-550b-a55b:free=fragment
үшы	fragment			1	nemotron-3-ultra-550b-a55b:free=fragment
һұш	fragment			1	nemotron-3-ultra-550b-a55b:free=fragment
авансцена	word	авансцена	n	1	nemotron-3-ultra-550b-a55b:free=word
егжетей	fragment			1	nemotron-3-ultra-550b-a55b:free=fragment
көктай	word	көктай	adj	1	nemotron-3-ultra-550b-a55b:free=word
руа	fragment			1	nemotron-3-ultra-550b-a55b:free=fragment
бойс	fragment			1	nemotron-3-ultra-550b-a55b:free=fragment
галлерея	word	галлерея	n	1	nemotron-3-ultra-550b-a55b:free=word
селихов	name	селихов	n	1	nemotron-3-ultra-550b-a55b:free=name
тоталь	fragment			1	nemotron-3-ultra-550b-a55b:free=fragment
лейн	foreign			1	nemotron-3-ultra-550b-a55b:free=foreign
әупіш	fragment			1	nemotron-3-ultra-550b-a55b:free=fragment
шпага	word	шпага	n	1	nemotron-3-ultra-550b-a55b:free=word
ылық	word	ылық	n	1	nemotron-3-ultra-550b-a55b:free=word
ғаз	word	ғаз	n	1	nemotron-3-ultra-550b-a55b:free=word
имлақ	fragment			1	nemotron-3-ultra-550b-a55b:free=fragment
молтай	fragment			1	nemotron-3-ultra-550b-a55b:free=fragment
окиға	word	оқиға	n	1	nemotron-3-ultra-550b-a55b:free=word
папке	foreign			1	nemotron-3-ultra-550b-a55b:free=foreign
усе	foreign			1	nemotron-3-ultra-550b-a55b:free=foreign
һамра	name			1	nemotron-3-ultra-550b-a55b:free=name
шәп	word	шәп	adv	1	nemotron-3-ultra-550b-a55b:free=word
язы	fragment			1	nemotron-3-ultra-550b-a55b:free=fragment
аллюзия	word	аллюзия	n	1	nemotron-3-ultra-550b-a55b:free=word
бейжін	name			1	nemotron-3-ultra-550b-a55b:free=name
күніке	fragment			1	nemotron-3-ultra-550b-a55b:free=fragment
фазис	word	фазис	n	1	nemotron-3-ultra-550b-a55b:free=word
белгия	name			1	nemotron-3-ultra-550b-a55b:free=name
кнәз	fragment			1	nemotron-3-ultra-550b-a55b:free=fragment
жалут	fragment			1	nemotron-3-ultra-550b-a55b:free=fragment
жиа	fragment			1	nemotron-3-ultra-550b-a55b:free=fragment
мүйнет	fragment			1	nemotron-3-ultra-550b-a55b:free=fragment
һижра	word	һижра	n	1	nemotron-3-ultra-550b-a55b:free=word
дәрд	word	дәрд	n	1	nemotron-3-ultra-550b-a55b:free=word
көбеке	word	көбек	n	1	nemotron-3-ultra-550b-a55b:free=word
орақа	word	орақ	n	1	nemotron-3-ultra-550b-a55b:free=word
тангут	name	Танғут	n	1	nemotron-3-ultra-550b-a55b:free=name
ылия	name	Ылия	n	1	nemotron-3-ultra-550b-a55b:free=name
суфия	foreign			1	nemotron-3-ultra-550b-a55b:free=foreign
әшеке	fragment			1	nemotron-3-ultra-550b-a55b:free=fragment
жәрменке	fragment			1	nemotron-3-ultra-550b-a55b:free=fragment
кошо	fragment			1	nemotron-3-ultra-550b-a55b:free=fragment
маке	fragment			1	nemotron-3-ultra-550b-a55b:free=fragment
мехрап	foreign			1	nemotron-3-ultra-550b-a55b:free=foreign
сычуан	name	Сычуан	n	1	nemotron-3-ultra-550b-a55b:free=name
шейлок	name			1	nemotron-3-ultra-550b-a55b:free=name
әнуәрбек	name			1	nemotron-3-ultra-550b-a55b:free=name
бәйеш	word	бәйеш	adj	1	nemotron-3-ultra-550b-a55b:free=word
итжон	fragment			1	nemotron-3-ultra-550b-a55b:free=fragment
шөлстан	word	шөлстан	n	1	nemotron-3-ultra-550b-a55b:free=word
айкенже	name			1	nemotron-3-ultra-550b-a55b:free=name
ақкекіл	name			1	nemotron-3-ultra-550b-a55b:free=name
атаукере	fragment			1	nemotron-3-ultra-550b-a55b:free=fragment
әмр	word	әмр	n	1	nemotron-3-ultra-550b-a55b:free=word
кәдірхан	name			1	nemotron-3-ultra-550b-a55b:free=name
күлбаршын	word	күлбаршын	n	1	nemotron-3-ultra-550b-a55b:free=word
қырта	fragment			1	nemotron-3-ultra-550b-a55b:free=fragment
навин	name			1	nemotron-3-ultra-550b-a55b:free=name
рысжан	name			1	nemotron-3-ultra-550b-a55b:free=name
адабият	fragment			1	nemotron-3-ultra-550b-a55b:free=fragment
арқабек	name			1	nemotron-3-ultra-550b-a55b:free=name
әуелхан	name			1	nemotron-3-ultra-550b-a55b:free=name
байғұлан	name			1	nemotron-3-ultra-550b-a55b:free=name
буреке	fragment			1	nemotron-3-ultra-550b-a55b:free=fragment
екрек	fragment			1	nemotron-3-ultra-550b-a55b:free=fragment
каданс	word	каданс	n	1	nemotron-3-ultra-550b-a55b:free=word
лоторея	word	лоторея	n	1	nemotron-3-ultra-550b-a55b:free=word
мөл	word	мөл	n	1	nemotron-3-ultra-550b-a55b:free=word
напа	fragment			1	nemotron-3-ultra-550b-a55b:free=fragment
олжабек	name			1	nemotron-3-ultra-550b-a55b:free=name
ряса	foreign			1	nemotron-3-ultra-550b-a55b:free=foreign
таке	word	таке	adj	1	nemotron-3-ultra-550b-a55b:free=word
хума	word	хума	n	1	nemotron-3-ultra-550b-a55b:free=word
әліқұл	name			1	nemotron-3-ultra-550b-a55b:free=name
башла	fragment			1	nemotron-3-ultra-550b-a55b:free=fragment
бейль	fragment			1	nemotron-3-ultra-550b-a55b:free=fragment
горнизон	foreign			1	nemotron-3-ultra-550b-a55b:free=foreign
диа	fragment			1	nemotron-3-ultra-550b-a55b:free=fragment
жиһаншаһ	fragment			1	nemotron-3-ultra-550b-a55b:free=fragment
құлжатай	name			1	nemotron-3-ultra-550b-a55b:free=name
лмаш	fragment			1	nemotron-3-ultra-550b-a55b:free=fragment
оразқан	name			1	nemotron-3-ultra-550b-a55b:free=name
тәйни	fragment			1	nemotron-3-ultra-550b-a55b:free=fragment
һүндістан	fragment			1	nemotron-3-ultra-550b-a55b:free=fragment
ысеке	fragment			1	nemotron-3-ultra-550b-a55b:free=fragment
ақжамал	name			1	nemotron-3-ultra-550b-a55b:free=name
ахұн	word	ахун	n	1	nemotron-3-ultra-550b-a55b:free=word
жабықбай	name			1	nemotron-3-ultra-550b-a55b:free=name
зибаш	fragment			1	nemotron-3-ultra-550b-a55b:free=fragment
плат	foreign			1	nemotron-3-ultra-550b-a55b:free=foreign
тогі	fragment			1	nemotron-3-ultra-550b-a55b:free=fragment
халаж	fragment			1	nemotron-3-ultra-550b-a55b:free=fragment
хүн	fragment			1	nemotron-3-ultra-550b-a55b:free=fragment
шортық	word	шортық	adj	1	nemotron-3-ultra-550b-a55b:free=word
ятсен	name			1	nemotron-3-ultra-550b-a55b:free=name
ашпара	fragment			1	nemotron-3-ultra-550b-a55b:free=fragment
деев	name			1	nemotron-3-ultra-550b-a55b:free=name
күнбала	word	күнбала	n	1	nemotron-3-ultra-550b-a55b:free=word
қаламүш	fragment			1	nemotron-3-ultra-550b-a55b:free=fragment
қожахан	name			1	nemotron-3-ultra-550b-a55b:free=name
қүш	word	қүш	n	1	nemotron-3-ultra-550b-a55b:free=word
лоп	foreign			1	nemotron-3-ultra-550b-a55b:free=foreign
майке	fragment			1	nemotron-3-ultra-550b-a55b:free=fragment
тод	fragment			1	nemotron-3-ultra-550b-a55b:free=fragment
шорабай	name			1	nemotron-3-ultra-550b-a55b:free=name
қайрыл	word	қайру	v	1	nemotron-3-ultra-550b-a55b:free=word
доса	name			1	nemotron-3-ultra-550b-a55b:free=name
шалқа	word	шалқа	n	1	nemotron-3-ultra-550b-a55b:free=word
кұн	fragment			1	nemotron-3-ultra-550b-a55b:free=fragment
баст	word	басу	v	1	nemotron-3-ultra-550b-a55b:free=word
ұққ	fragment			1	nemotron-3-ultra-550b-a55b:free=fragment
күнәһы	fragment			1	nemotron-3-ultra-550b-a55b:free=fragment
үрп	word	үрпу	v	1	nemotron-3-ultra-550b-a55b:free=word
жиы	fragment			1	nemotron-3-ultra-550b-a55b:free=fragment
корольд	fragment			1	nemotron-3-ultra-550b-a55b:free=fragment
тпе	fragment			1	nemotron-3-ultra-550b-a55b:free=fragment
мус	foreign			1	nemotron-3-ultra-550b-a55b:free=foreign
хайя	fragment			1	nemotron-3-ultra-550b-a55b:free=fragment
отырға	word	отыру	v	1	nemotron-3-ultra-550b-a55b:free=word
мәсе	fragment			1	nemotron-3-ultra-550b-a55b:free=fragment
чапа	word	чапа	n	1	nemotron-3-ultra-550b-a55b:free=word
әбдік	fragment			1	nemotron-3-ultra-550b-a55b:free=fragment
ханта	name			1	nemotron-3-ultra-550b-a55b:free=name
нұрқа	name			1	nemotron-3-ultra-550b-a55b:free=name
донбас	name			1	nemotron-3-ultra-550b-a55b:free=name
сәтеке	word	сәтеке	n	1	nemotron-3-ultra-550b-a55b:free=word
спа	word	спа	n	1	nemotron-3-ultra-550b-a55b:free=word
сьез	foreign			1	nemotron-3-ultra-550b-a55b:free=foreign
диалогте	word	диалог	n	1	nemotron-3-ultra-550b-a55b:free=word
тұлабой	name			1	nemotron-3-ultra-550b-a55b:free=name
ішір	word	ішір	v	1	nemotron-3-ultra-550b-a55b:free=word
бағла	word	бағла	n	1	nemotron-3-ultra-550b-a55b:free=word
күстәна	fragment			1	nemotron-3-ultra-550b-a55b:free=fragment
сиым	word	сиым	adj	1	nemotron-3-ultra-550b-a55b:free=word
ныс	word	ныс	n	1	nemotron-3-ultra-550b-a55b:free=word
гуз	foreign			1	nemotron-3-ultra-550b-a55b:free=foreign
кұт	word	кұт	n	1	nemotron-3-ultra-550b-a55b:free=word
узе	fragment			1	nemotron-3-ultra-550b-a55b:free=fragment
мәтеке	word	мәтеке	n	1	nemotron-3-ultra-550b-a55b:free=word
аспаһан	name			1	nemotron-3-ultra-550b-a55b:free=name
верт	foreign			1	nemotron-3-ultra-550b-a55b:free=foreign
ғұз	word	ғұз	n	1	nemotron-3-ultra-550b-a55b:free=word
арқауыл	name			1	nemotron-3-ultra-550b-a55b:free=name
жәмбіл	name			1	nemotron-3-ultra-550b-a55b:free=name
жәнеке	fragment			1	nemotron-3-ultra-550b-a55b:free=fragment
клирик	word	клирик	n	1	nemotron-3-ultra-550b-a55b:free=word
осеке	fragment			1	nemotron-3-ultra-550b-a55b:free=fragment
пия	fragment			1	nemotron-3-ultra-550b-a55b:free=fragment
шұғла	fragment			1	nemotron-3-ultra-550b-a55b:free=fragment
джу	foreign			1	nemotron-3-ultra-550b-a55b:free=foreign
тәңіри	word	тәңіри	n	1	nemotron-3-ultra-550b-a55b:free=word
хиқая	foreign			1	nemotron-3-ultra-550b-a55b:free=foreign
абдух	fragment			1	nemotron-3-ultra-550b-a55b:free=fragment
параллел	fragment			1	nemotron-3-ultra-550b-a55b:free=fragment
түреке	word	түреке	n	1	nemotron-3-ultra-550b-a55b:free=word
үры	fragment			1	nemotron-3-ultra-550b-a55b:free=fragment
байтек	name			1	nemotron-3-ultra-550b-a55b:free=name
пормы	foreign			1	nemotron-3-ultra-550b-a55b:free=foreign
роял	fragment			1	nemotron-3-ultra-550b-a55b:free=fragment
штан	fragment			1	nemotron-3-ultra-550b-a55b:free=fragment
әлиза	name			1	nemotron-3-ultra-550b-a55b:free=name
әния	name			1	nemotron-3-ultra-550b-a55b:free=name
гүлшаһра	name			1	nemotron-3-ultra-550b-a55b:free=name
күнәһі	fragment			1	nemotron-3-ultra-550b-a55b:free=fragment
қалиян	word	қалиян	n	1	nemotron-3-ultra-550b-a55b:free=word
марпл	name			1	nemotron-3-ultra-550b-a55b:free=name
өжең	word	өжең	adj	1	nemotron-3-ultra-550b-a55b:free=word
ппе	fragment			1	nemotron-3-ultra-550b-a55b:free=fragment
ркел	fragment			1	nemotron-3-ultra-550b-a55b:free=fragment
сәрсебек	name			1	nemotron-3-ultra-550b-a55b:free=name
ыстамбол	name	Ыстамбул		1	nemotron-3-ultra-550b-a55b:free=name
белдем	word	белдеу	v	1	nemotron-3-ultra-550b-a55b:free=word
вакуф	word	вакуф	n	1	nemotron-3-ultra-550b-a55b:free=word
диагонал	word	диагонал	n	1	nemotron-3-ultra-550b-a55b:free=word
жарт	word	жарт	n	1	nemotron-3-ultra-550b-a55b:free=word
көңбай	name			1	nemotron-3-ultra-550b-a55b:free=name
бәтиха	fragment			1	nemotron-3-ultra-550b-a55b:free=fragment
бірне	word	бірне	num	1	nemotron-3-ultra-550b-a55b:free=word
вла	foreign			1	nemotron-3-ultra-550b-a55b:free=foreign
воронков	name			1	nemotron-3-ultra-550b-a55b:free=name
ескеркіш	word	ескеркіш	n	1	nemotron-3-ultra-550b-a55b:free=word
жамаш	word	жамаш	n	1	nemotron-3-ultra-550b-a55b:free=word
жанеке	word	жанеке	n	1	nemotron-3-ultra-550b-a55b:free=word
леся	name			1	nemotron-3-ultra-550b-a55b:free=name
майа	name			1	nemotron-3-ultra-550b-a55b:free=name
мос	foreign			1	nemotron-3-ultra-550b-a55b:free=foreign
сағырбай	name			1	nemotron-3-ultra-550b-a55b:free=name
хум	foreign			1	nemotron-3-ultra-550b-a55b:free=foreign
шаһарбан	word	шаһарбан	n	1	nemotron-3-ultra-550b-a55b:free=word
бидаш	fragment			1	nemotron-3-ultra-550b-a55b:free=fragment
киеке	fragment			1	nemotron-3-ultra-550b-a55b:free=fragment
қапеке	word	қапек	adj	1	nemotron-3-ultra-550b-a55b:free=word
меңтай	name			1	nemotron-3-ultra-550b-a55b:free=name
оро	word	оро	n	1	nemotron-3-ultra-550b-a55b:free=word
пассажи	fragment			1	nemotron-3-ultra-550b-a55b:free=fragment
хайд	name			1	nemotron-3-ultra-550b-a55b:free=name
ырымбек	name			1	nemotron-3-ultra-550b-a55b:free=name
ыса	word	ыса	adv	1	nemotron-3-ultra-550b-a55b:free=word
антонин	name			1	nemotron-3-ultra-550b-a55b:free=name
ебейсін	word	ебеу	v	1	nemotron-3-ultra-550b-a55b:free=word
кайши	fragment			1	nemotron-3-ultra-550b-a55b:free=fragment
келісап	fragment			1	nemotron-3-ultra-550b-a55b:free=fragment
комедиант	word	комедиант	n	1	nemotron-3-ultra-550b-a55b:free=word
кітабі	fragment			1	nemotron-3-ultra-550b-a55b:free=fragment
қазанбек	name			1	nemotron-3-ultra-550b-a55b:free=name
құсеке	word	құсеке	n	1	nemotron-3-ultra-550b-a55b:free=word
мұза	word	мұза	n	1	nemotron-3-ultra-550b-a55b:free=word
риязат	word	риязат	n	1	nemotron-3-ultra-550b-a55b:free=word
секунт	fragment			1	nemotron-3-ultra-550b-a55b:free=fragment
айбөкен	name			1	nemotron-3-ultra-550b-a55b:free=name
алдасай	word	алдау	v	1	nemotron-3-ultra-550b-a55b:free=word
апполон	fragment			1	nemotron-3-ultra-550b-a55b:free=fragment
жәна	fragment			1	nemotron-3-ultra-550b-a55b:free=fragment
креш	fragment			1	nemotron-3-ultra-550b-a55b:free=fragment
қохан	fragment			1	nemotron-3-ultra-550b-a55b:free=fragment
нареке	fragment			1	nemotron-3-ultra-550b-a55b:free=fragment
хаюан	foreign			1	nemotron-3-ultra-550b-a55b:free=foreign
аргус	name			1	nemotron-3-ultra-550b-a55b:free=name
бирон	fragment			1	nemotron-3-ultra-550b-a55b:free=fragment
бұлыш	word	бұлыш	n	1	nemotron-3-ultra-550b-a55b:free=word
елентай	name			1	nemotron-3-ultra-550b-a55b:free=name
ера	name			1	nemotron-3-ultra-550b-a55b:free=name
зағира	name			1	nemotron-3-ultra-550b-a55b:free=name
заһит	fragment			1	nemotron-3-ultra-550b-a55b:free=fragment
көкбала	word	көкбала	n	1	nemotron-3-ultra-550b-a55b:free=word
нәзи	fragment			1	nemotron-3-ultra-550b-a55b:free=fragment
остяк	word	остяк	n	1	nemotron-3-ultra-550b-a55b:free=word
поззия	fragment			1	nemotron-3-ultra-550b-a55b:free=fragment
сайбек	name			1	nemotron-3-ultra-550b-a55b:free=name
сатыш	word	сатыш	n	1	nemotron-3-ultra-550b-a55b:free=word
сәйід	word	сәйід	adj	1	nemotron-3-ultra-550b-a55b:free=word
суг	fragment			1	nemotron-3-ultra-550b-a55b:free=fragment
ция	fragment			1	nemotron-3-ultra-550b-a55b:free=fragment
адепт	word	адепт	n	1	nemotron-3-ultra-550b-a55b:free=word
әул	word	әул	n	1	nemotron-3-ultra-550b-a55b:free=word
жаббас	fragment			1	nemotron-3-ultra-550b-a55b:free=fragment
жанет	name			1	nemotron-3-ultra-550b-a55b:free=name
офорт	fragment			1	nemotron-3-ultra-550b-a55b:free=fragment
халаш	word	халаш	v	1	nemotron-3-ultra-550b-a55b:free=word
хион	fragment			1	nemotron-3-ultra-550b-a55b:free=fragment
шлиман	name			1	nemotron-3-ultra-550b-a55b:free=name
будин	unanswered			0	
ғалижан	name			1	nemotron-3-ultra-550b-a55b:free=name
жанасыл	name			1	nemotron-3-ultra-550b-a55b:free=name
жог	word	жог	interj	1	nemotron-3-ultra-550b-a55b:free=word
қапқаз	name			1	nemotron-3-ultra-550b-a55b:free=name
қарлаг	name			1	nemotron-3-ultra-550b-a55b:free=name
ларина	name			1	nemotron-3-ultra-550b-a55b:free=name
мағазин	word	мағазин	n	1	nemotron-3-ultra-550b-a55b:free=word
мұғауия	word	мұғауия	n	1	nemotron-3-ultra-550b-a55b:free=word
нонни	fragment			1	nemotron-3-ultra-550b-a55b:free=fragment
рбаян	fragment			1	nemotron-3-ultra-550b-a55b:free=fragment
рекет	word	рекет	n	1	nemotron-3-ultra-550b-a55b:free=word
спрут	word	спрут	n	1	nemotron-3-ultra-550b-a55b:free=word
тайра	word	тайра	adj	1	nemotron-3-ultra-550b-a55b:free=word
ткер	fragment			1	nemotron-3-ultra-550b-a55b:free=fragment
парқ	fragment			1	nemotron-3-ultra-550b-a55b:free=fragment
тре	fragment			1	nemotron-3-ultra-550b-a55b:free=fragment
сыйпа	word	сыйпа	n	1	nemotron-3-ultra-550b-a55b:free=word
гүлс	fragment			1	nemotron-3-ultra-550b-a55b:free=fragment
өлті	fragment			1	nemotron-3-ultra-550b-a55b:free=fragment
сәк	word	сәк	adj	1	nemotron-3-ultra-550b-a55b:free=word
хүк	fragment			1	nemotron-3-ultra-550b-a55b:free=fragment
менік	fragment			1	nemotron-3-ultra-550b-a55b:free=fragment
хунн	fragment			1	nemotron-3-ultra-550b-a55b:free=fragment
жарылға	word	жарыл	v	1	nemotron-3-ultra-550b-a55b:free=word
қаншай	word	қаншай	pron	1	nemotron-3-ultra-550b-a55b:free=word
ерса	word	ер	n	1	nemotron-3-ultra-550b-a55b:free=word
разъез	fragment			1	nemotron-3-ultra-550b-a55b:free=fragment
венг	fragment			1	nemotron-3-ultra-550b-a55b:free=fragment
айр	word	айр	adj	1	nemotron-3-ultra-550b-a55b:free=word
шағ	fragment			1	nemotron-3-ultra-550b-a55b:free=fragment
дорж	name			1	nemotron-3-ultra-550b-a55b:free=name
морал	word	морал	n	1	nemotron-3-ultra-550b-a55b:free=word
әтте	word	әттеу	v	1	nemotron-3-ultra-550b-a55b:free=word
ойн	fragment			1	nemotron-3-ultra-550b-a55b:free=fragment
пла	fragment			1	nemotron-3-ultra-550b-a55b:free=fragment
павл	fragment			1	nemotron-3-ultra-550b-a55b:free=fragment
кұрмет	word	кұрмет	n	1	nemotron-3-ultra-550b-a55b:free=word
като	fragment			1	nemotron-3-ultra-550b-a55b:free=fragment
сиға	word	сигу	v	1	nemotron-3-ultra-550b-a55b:free=word
шпе	fragment			1	nemotron-3-ultra-550b-a55b:free=fragment
кела	word	келу	v	1	nemotron-3-ultra-550b-a55b:free=word
абақа	fragment			1	nemotron-3-ultra-550b-a55b:free=fragment
дерб	fragment			1	nemotron-3-ultra-550b-a55b:free=fragment
мұх	fragment			1	nemotron-3-ultra-550b-a55b:free=fragment
зәке	word	зәке	pron	1	nemotron-3-ultra-550b-a55b:free=word
леке	word	леке	n	1	nemotron-3-ultra-550b-a55b:free=word
тапхана	word	тапхана	n	1	nemotron-3-ultra-550b-a55b:free=word
сияса	word	сияса	n	1	nemotron-3-ultra-550b-a55b:free=word
гайд	word	гайд	n	1	nemotron-3-ultra-550b-a55b:free=word
тапсы	fragment			1	nemotron-3-ultra-550b-a55b:free=fragment
қыймыл	fragment			1	nemotron-3-ultra-550b-a55b:free=fragment
ғафа	word	ғафа	n	1	nemotron-3-ultra-550b-a55b:free=word
көшеке	word	көшеке	n	1	nemotron-3-ultra-550b-a55b:free=word
сәлә	fragment			1	nemotron-3-ultra-550b-a55b:free=fragment
уте	word	уте	n	1	nemotron-3-ultra-550b-a55b:free=word
биаға	fragment			1	nemotron-3-ultra-550b-a55b:free=fragment
комикс	word	комикс	n	1	nemotron-3-ultra-550b-a55b:free=word
ахей	word	ахей	interj	1	nemotron-3-ultra-550b-a55b:free=word
құлыс	word	құлыс	n	1	nemotron-3-ultra-550b-a55b:free=word
үсе	fragment			1	nemotron-3-ultra-550b-a55b:free=fragment
әртү	word	әртү	adv	1	nemotron-3-ultra-550b-a55b:free=word
бұяқ	word	бұяқ	n	1	nemotron-3-ultra-550b-a55b:free=word
күржістан	fragment			1	nemotron-3-ultra-550b-a55b:free=fragment
ахо	word	ахо	interj	1	nemotron-3-ultra-550b-a55b:free=word
тараш	word	тараш	n	1	nemotron-3-ultra-550b-a55b:free=word
шиа	word	шиа	n	1	nemotron-3-ultra-550b-a55b:free=word
енох	name	Енох		1	nemotron-3-ultra-550b-a55b:free=name
айтма	word	айтма	n	1	nemotron-3-ultra-550b-a55b:free=word
боа	word	боа	n	1	nemotron-3-ultra-550b-a55b:free=word
саманид	name			1	nemotron-3-ultra-550b-a55b:free=name
түрікпенстан	fragment			1	nemotron-3-ultra-550b-a55b:free=fragment
шиба	word	шиба	n	1	nemotron-3-ultra-550b-a55b:free=word
байкел	foreign			1	nemotron-3-ultra-550b-a55b:free=foreign
қайреке	fragment			1	nemotron-3-ultra-550b-a55b:free=fragment
рефлекция	foreign			1	nemotron-3-ultra-550b-a55b:free=foreign
тайван	name			1	nemotron-3-ultra-550b-a55b:free=name
конфуци	fragment			1	nemotron-3-ultra-550b-a55b:free=fragment
кро	fragment			1	nemotron-3-ultra-550b-a55b:free=fragment
науай	fragment			1	nemotron-3-ultra-550b-a55b:free=fragment
ізеке	word	ізеке	n	1	nemotron-3-ultra-550b-a55b:free=word
банкы	word	банк	n	1	nemotron-3-ultra-550b-a55b:free=word
конститутция	fragment			1	nemotron-3-ultra-550b-a55b:free=fragment
лио	name			1	nemotron-3-ultra-550b-a55b:free=name
ожа	word	ожа	n	1	nemotron-3-ultra-550b-a55b:free=word
алл	fragment			1	nemotron-3-ultra-550b-a55b:free=fragment
баа	word	баа	n	1	nemotron-3-ultra-550b-a55b:free=word
гав	foreign			1	nemotron-3-ultra-550b-a55b:free=foreign
доба	fragment			1	nemotron-3-ultra-550b-a55b:free=fragment
жатахана	word	жатахана	n	1	nemotron-3-ultra-550b-a55b:free=word
йас	name			1	nemotron-3-ultra-550b-a55b:free=name
күлс	fragment			1	nemotron-3-ultra-550b-a55b:free=fragment
шақырылым	word	шақырылым	n	1	nemotron-3-ultra-550b-a55b:free=word
шүба	fragment			1	nemotron-3-ultra-550b-a55b:free=fragment
асатал	fragment			1	nemotron-3-ultra-550b-a55b:free=fragment
әттегенай	fragment			1	nemotron-3-ultra-550b-a55b:free=fragment
бореке	fragment			1	nemotron-3-ultra-550b-a55b:free=fragment
хұр	fragment			1	nemotron-3-ultra-550b-a55b:free=fragment
әзбике	name			1	nemotron-3-ultra-550b-a55b:free=name
йег	fragment			1	nemotron-3-ultra-550b-a55b:free=fragment
каһарман	fragment			1	nemotron-3-ultra-550b-a55b:free=fragment
қут	word	қут	n	1	nemotron-3-ultra-550b-a55b:free=word
мапыраш	fragment			1	nemotron-3-ultra-550b-a55b:free=fragment
нәсібе	word	нәсібе	n	1	nemotron-3-ultra-550b-a55b:free=word
орқа	word	орқа	n	1	nemotron-3-ultra-550b-a55b:free=word
рина	name			1	nemotron-3-ultra-550b-a55b:free=name
суба	fragment			1	nemotron-3-ultra-550b-a55b:free=fragment
суықсай	name			1	nemotron-3-ultra-550b-a55b:free=name
тәрби	fragment			1	nemotron-3-ultra-550b-a55b:free=fragment
фило	fragment			1	nemotron-3-ultra-550b-a55b:free=fragment
фитра	word	фитра	n	1	nemotron-3-ultra-550b-a55b:free=word
шәм	word	шәм	n	1	nemotron-3-ultra-550b-a55b:free=word
брит	fragment			1	nemotron-3-ultra-550b-a55b:free=fragment
бэл	word	бэл	n	1	nemotron-3-ultra-550b-a55b:free=word
корол	foreign			1	nemotron-3-ultra-550b-a55b:free=foreign
қарабах	name			1	nemotron-3-ultra-550b-a55b:free=name
тасба	word	тасба	n	1	nemotron-3-ultra-550b-a55b:free=word
төңі	word	төңі	adj	1	nemotron-3-ultra-550b-a55b:free=word
арха	word	арха	n	1	nemotron-3-ultra-550b-a55b:free=word
ашвин	name			1	nemotron-3-ultra-550b-a55b:free=name
әйми	word	әйми	adj	1	nemotron-3-ultra-550b-a55b:free=word
байбике	name			1	nemotron-3-ultra-550b-a55b:free=name
зыңдан	fragment			1	nemotron-3-ultra-550b-a55b:free=fragment
қауас	word	қауас	n	1	nemotron-3-ultra-550b-a55b:free=word
нәреке	word	нәреке	n	1	nemotron-3-ultra-550b-a55b:free=word
өтеубай	name			1	nemotron-3-ultra-550b-a55b:free=name
өтір	word	өтір	n	1	nemotron-3-ultra-550b-a55b:free=word
рар	fragment			1	nemotron-3-ultra-550b-a55b:free=fragment
родон	fragment			1	nemotron-3-ultra-550b-a55b:free=fragment
спартан	fragment			1	nemotron-3-ultra-550b-a55b:free=fragment
стайн	name			1	nemotron-3-ultra-550b-a55b:free=name
уір	word	уір	n	1	nemotron-3-ultra-550b-a55b:free=word
хасеке	word	хасеке	adj	1	nemotron-3-ultra-550b-a55b:free=word
афа	fragment			1	nemotron-3-ultra-550b-a55b:free=fragment
әпіш	word	әпіш	n	1	nemotron-3-ultra-550b-a55b:free=word
баймақан	name			1	nemotron-3-ultra-550b-a55b:free=name
байтеке	name			1	nemotron-3-ultra-550b-a55b:free=name
бесс	fragment			1	nemotron-3-ultra-550b-a55b:free=fragment
болшевик	word	болшевик	n	1	nemotron-3-ultra-550b-a55b:free=word
гностицизм	word	гностицизм	n	1	nemotron-3-ultra-550b-a55b:free=word
ехлас	fragment			1	nemotron-3-ultra-550b-a55b:free=fragment
зойка	name			1	nemotron-3-ultra-550b-a55b:free=name
көлсай	name			1	nemotron-3-ultra-550b-a55b:free=name
қолқат	fragment			1	nemotron-3-ultra-550b-a55b:free=fragment
лоу	foreign			1	nemotron-3-ultra-550b-a55b:free=foreign
танғұт	name			1	nemotron-3-ultra-550b-a55b:free=name
тург	fragment			1	nemotron-3-ultra-550b-a55b:free=fragment
урманов	name			1	nemotron-3-ultra-550b-a55b:free=name
уча	fragment			1	nemotron-3-ultra-550b-a55b:free=fragment
шанси	fragment			1	nemotron-3-ultra-550b-a55b:free=fragment
альв	fragment			1	nemotron-3-ultra-550b-a55b:free=fragment
байтоғыз	name			1	nemotron-3-ultra-550b-a55b:free=name
жалынбақ	word	жалынбақ	adj	1	nemotron-3-ultra-550b-a55b:free=word
зәйіп	word	зәйіп	adj	1	nemotron-3-ultra-550b-a55b:free=word
зейн	name			1	nemotron-3-ultra-550b-a55b:free=name
лахыт	fragment			1	nemotron-3-ultra-550b-a55b:free=fragment
наго	foreign			1	nemotron-3-ultra-550b-a55b:free=foreign
нағиман	name			1	nemotron-3-ultra-550b-a55b:free=name
сатори	foreign			1	nemotron-3-ultra-550b-a55b:free=foreign
таңнама	word	таңнама	n	1	nemotron-3-ultra-550b-a55b:free=word
шөт	word	шөт	n	1	nemotron-3-ultra-550b-a55b:free=word
ақхан	name			1	nemotron-3-ultra-550b-a55b:free=name
балақаз	fragment			1	nemotron-3-ultra-550b-a55b:free=fragment
бәйжігіт	word	бәйжігіт	n	1	nemotron-3-ultra-550b-a55b:free=word
бебель	fragment			1	nemotron-3-ultra-550b-a55b:free=fragment
бескөрік	fragment			1	nemotron-3-ultra-550b-a55b:free=fragment
гат	foreign			1	nemotron-3-ultra-550b-a55b:free=foreign
дербез	fragment			1	nemotron-3-ultra-550b-a55b:free=fragment
дубовик	foreign			1	nemotron-3-ultra-550b-a55b:free=foreign
йге	fragment			1	nemotron-3-ultra-550b-a55b:free=fragment
қарылға	word	қарыл	n	1	nemotron-3-ultra-550b-a55b:free=word
қореке	word	қорек	n	1	nemotron-3-ultra-550b-a55b:free=word
малдеке	fragment			1	nemotron-3-ultra-550b-a55b:free=fragment
ыстақан	fragment			1	nemotron-3-ultra-550b-a55b:free=fragment
эпископ	foreign			1	nemotron-3-ultra-550b-a55b:free=foreign
язит	fragment			1	nemotron-3-ultra-550b-a55b:free=fragment
анхель	name	анхель	n	1	nemotron-3-ultra-550b-a55b:free=name
ариоза	name	ариоза	n	1	nemotron-3-ultra-550b-a55b:free=name
бадампай	name	бадампай	n	1	nemotron-3-ultra-550b-a55b:free=name
ғауан	fragment			1	nemotron-3-ultra-550b-a55b:free=fragment
давань	name	давань	n	1	nemotron-3-ultra-550b-a55b:free=name
дика	foreign			1	nemotron-3-ultra-550b-a55b:free=foreign
емран	name	емран	n	1	nemotron-3-ultra-550b-a55b:free=name
жәнке	fragment			1	nemotron-3-ultra-550b-a55b:free=fragment
иония	name	иония	n	1	nemotron-3-ultra-550b-a55b:free=name
камо	name	камо	n	1	nemotron-3-ultra-550b-a55b:free=name
капказ	fragment			1	nemotron-3-ultra-550b-a55b:free=fragment
карлион	name	карлион	n	1	nemotron-3-ultra-550b-a55b:free=name
кәріплік	word	кәріплік	adj	1	nemotron-3-ultra-550b-a55b:free=word
көкеке	fragment			1	nemotron-3-ultra-550b-a55b:free=fragment
күпейке	fragment			1	nemotron-3-ultra-550b-a55b:free=fragment
қарашелек	fragment			1	nemotron-3-ultra-550b-a55b:free=fragment
лоулан	name	Лоудан	n	1	nemotron-3-ultra-550b-a55b:free=name
монологизм	word	монологизм	n	1	nemotron-3-ultra-550b-a55b:free=word
понта	foreign			1	nemotron-3-ultra-550b-a55b:free=foreign
сарх	fragment			1	nemotron-3-ultra-550b-a55b:free=fragment
скальд	word	скальд	n	1	nemotron-3-ultra-550b-a55b:free=word
тав	fragment			1	nemotron-3-ultra-550b-a55b:free=fragment
тариқы	word	тариқ	n	1	nemotron-3-ultra-550b-a55b:free=word
таһиржан	name	Таһиржан	n	1	nemotron-3-ultra-550b-a55b:free=name
тәкіш	word	тәкіш	adj	1	nemotron-3-ultra-550b-a55b:free=word
темірке	fragment			1	nemotron-3-ultra-550b-a55b:free=fragment
торк	foreign			1	nemotron-3-ultra-550b-a55b:free=foreign
уыр	word	уыр	n	1	nemotron-3-ultra-550b-a55b:free=word
хираж	word	хираж	n	1	nemotron-3-ultra-550b-a55b:free=word
айтқ	fragment			1	nemotron-3-ultra-550b-a55b:free=fragment
серіп	fragment			1	nemotron-3-ultra-550b-a55b:free=fragment
тағл	fragment			1	nemotron-3-ultra-550b-a55b:free=fragment
социалис	fragment			1	nemotron-3-ultra-550b-a55b:free=fragment
конто	fragment			1	nemotron-3-ultra-550b-a55b:free=fragment
экономис	fragment			1	nemotron-3-ultra-550b-a55b:free=fragment
самғ	fragment			1	nemotron-3-ultra-550b-a55b:free=fragment
бассал	fragment			1	nemotron-3-ultra-550b-a55b:free=fragment
сұғ	fragment			1	nemotron-3-ultra-550b-a55b:free=fragment
чока	foreign			1	nemotron-3-ultra-550b-a55b:free=foreign
мұқ	fragment			1	nemotron-3-ultra-550b-a55b:free=fragment
ходж	fragment			1	nemotron-3-ultra-550b-a55b:free=fragment
өск	fragment			1	nemotron-3-ultra-550b-a55b:free=fragment
айрақ	word	айрақ	adv	1	nemotron-3-ultra-550b-a55b:free=word
сәд	fragment			1	nemotron-3-ultra-550b-a55b:free=fragment
мәк	fragment			1	nemotron-3-ultra-550b-a55b:free=fragment
ите	word	ите	n	1	nemotron-3-ultra-550b-a55b:free=word
сенік	fragment			1	nemotron-3-ultra-550b-a55b:free=fragment
актуал	foreign			1	nemotron-3-ultra-550b-a55b:free=foreign
кента	word	кент	n	1	nemotron-3-ultra-550b-a55b:free=word
табал	fragment			1	nemotron-3-ultra-550b-a55b:free=fragment
әте	word	әте	n	1	nemotron-3-ultra-550b-a55b:free=word
саржай	word	саржай	n	1	nemotron-3-ultra-550b-a55b:free=word
турга	fragment			1	nemotron-3-ultra-550b-a55b:free=fragment
чжо	name			1	nemotron-3-ultra-550b-a55b:free=name
һама	fragment			1	nemotron-3-ultra-550b-a55b:free=fragment
авгус	fragment			1	nemotron-3-ultra-550b-a55b:free=fragment
сарыжай	word	сарыжай	n	1	nemotron-3-ultra-550b-a55b:free=word
ытыр	word	ытыр	n	1	nemotron-3-ultra-550b-a55b:free=word
рена	name			1	nemotron-3-ultra-550b-a55b:free=name
айналшақ	word	айналшақ	n	1	nemotron-3-ultra-550b-a55b:free=word
жауқаш	word	жауқаш	adj	1	nemotron-3-ultra-550b-a55b:free=word
қабе	word	қабе	n	1	nemotron-3-ultra-550b-a55b:free=word
объек	fragment			1	nemotron-3-ultra-550b-a55b:free=fragment
рыз	fragment			1	nemotron-3-ultra-550b-a55b:free=fragment
үзг	fragment			1	nemotron-3-ultra-550b-a55b:free=fragment
интелектуал	word	интелектуал	n	1	nemotron-3-ultra-550b-a55b:free=word
сәді	word	сәді	adj	1	nemotron-3-ultra-550b-a55b:free=word
жармы	fragment			1	nemotron-3-ultra-550b-a55b:free=fragment
мач	word	мач	n	1	nemotron-3-ultra-550b-a55b:free=word
қызл	fragment			1	nemotron-3-ultra-550b-a55b:free=fragment
мазхаб	word	мазхаб	n	1	nemotron-3-ultra-550b-a55b:free=word
банкт	fragment			1	nemotron-3-ultra-550b-a55b:free=fragment
бәуке	word	бәуке	n	1	nemotron-3-ultra-550b-a55b:free=word
чага	fragment			1	nemotron-3-ultra-550b-a55b:free=fragment
аристотел	name	Аристотель	n	1	nemotron-3-ultra-550b-a55b:free=name
қарашо	fragment			1	nemotron-3-ultra-550b-a55b:free=fragment
әркет	word	әркет	n	1	nemotron-3-ultra-550b-a55b:free=word
тима	name	Тима	n	1	nemotron-3-ultra-550b-a55b:free=name
жоре	fragment			1	nemotron-3-ultra-550b-a55b:free=fragment
суха	foreign			1	nemotron-3-ultra-550b-a55b:free=foreign
ырса	word	ырсы	v	1	nemotron-3-ultra-550b-a55b:free=word
жәрке	word	жәрке	adj	1	nemotron-3-ultra-550b-a55b:free=word
көзал	fragment			1	nemotron-3-ultra-550b-a55b:free=fragment
мәжке	fragment			1	nemotron-3-ultra-550b-a55b:free=fragment
әнта	fragment			1	nemotron-3-ultra-550b-a55b:free=fragment
зүһра	name			1	nemotron-3-ultra-550b-a55b:free=name
комика	foreign			1	nemotron-3-ultra-550b-a55b:free=foreign
мифта	fragment			1	nemotron-3-ultra-550b-a55b:free=fragment
өпк	word	ӨПК	abbr	1	nemotron-3-ultra-550b-a55b:free=word
андалузия	name			1	nemotron-3-ultra-550b-a55b:free=name
гегел	name			1	nemotron-3-ultra-550b-a55b:free=name
гла	fragment			1	nemotron-3-ultra-550b-a55b:free=fragment
займке	foreign			1	nemotron-3-ultra-550b-a55b:free=foreign
дуд	name			1	nemotron-3-ultra-550b-a55b:free=name
акка	word	акка	n	1	nemotron-3-ultra-550b-a55b:free=word
ңір	fragment			1	nemotron-3-ultra-550b-a55b:free=fragment
секі	word	секіру	v	1	nemotron-3-ultra-550b-a55b:free=word
әбдірей	name			1	nemotron-3-ultra-550b-a55b:free=name
жамсыб	fragment			1	nemotron-3-ultra-550b-a55b:free=fragment
имеке	fragment			1	nemotron-3-ultra-550b-a55b:free=fragment
псалм	word	псалм	n	1	nemotron-3-ultra-550b-a55b:free=word
сог	fragment			1	nemotron-3-ultra-550b-a55b:free=fragment
шаппаз	fragment			1	nemotron-3-ultra-550b-a55b:free=fragment
зван	foreign			1	nemotron-3-ultra-550b-a55b:free=foreign
кува	fragment			1	nemotron-3-ultra-550b-a55b:free=fragment
қта	fragment			1	nemotron-3-ultra-550b-a55b:free=fragment
мақсан	fragment			1	nemotron-3-ultra-550b-a55b:free=fragment
хәріп	word	хәріп	n	1	nemotron-3-ultra-550b-a55b:free=word
боло	word	боло	n	1	nemotron-3-ultra-550b-a55b:free=word
гауһарай	name			1	nemotron-3-ultra-550b-a55b:free=name
жүрты	word	жүрт	n	1	nemotron-3-ultra-550b-a55b:free=word
зүке	fragment			1	nemotron-3-ultra-550b-a55b:free=fragment
ормазд	name			1	nemotron-3-ultra-550b-a55b:free=name
семиотик	foreign			1	nemotron-3-ultra-550b-a55b:free=foreign
сла	word	слау	v	1	nemotron-3-ultra-550b-a55b:free=word
таверна	word	таверна	n	1	nemotron-3-ultra-550b-a55b:free=word
төпли	fragment			1	nemotron-3-ultra-550b-a55b:free=fragment
әза	fragment			1	nemotron-3-ultra-550b-a55b:free=fragment
бассейін	fragment			1	nemotron-3-ultra-550b-a55b:free=fragment
киехана	fragment			1	nemotron-3-ultra-550b-a55b:free=fragment
көрү	word	көру	n	1	nemotron-3-ultra-550b-a55b:free=word
қазарма	word	казарма	n	1	nemotron-3-ultra-550b-a55b:free=word
мба	fragment			1	nemotron-3-ultra-550b-a55b:free=fragment
пәренже	fragment			1	nemotron-3-ultra-550b-a55b:free=fragment
рны	fragment			1	nemotron-3-ultra-550b-a55b:free=fragment
сапаһи	fragment			1	nemotron-3-ultra-550b-a55b:free=fragment
сма	fragment			1	nemotron-3-ultra-550b-a55b:free=fragment
әлп	fragment			1	nemotron-3-ultra-550b-a55b:free=fragment
мүке	word	мүке	adj	1	nemotron-3-ultra-550b-a55b:free=word
өйең	fragment			1	nemotron-3-ultra-550b-a55b:free=fragment
пабыл	fragment			1	nemotron-3-ultra-550b-a55b:free=fragment
сме	foreign			1	nemotron-3-ultra-550b-a55b:free=foreign
сүйіліш	word	сүйіліш	n	1	nemotron-3-ultra-550b-a55b:free=word
уел	word	уел	n	1	nemotron-3-ultra-550b-a55b:free=word
уро	fragment			1	nemotron-3-ultra-550b-a55b:free=fragment
шанбіл	fragment			1	nemotron-3-ultra-550b-a55b:free=fragment
шлангі	word	шланг	n	1	nemotron-3-ultra-550b-a55b:free=word
аптариха	fragment			1	nemotron-3-ultra-550b-a55b:free=fragment
әдебит	fragment			1	nemotron-3-ultra-550b-a55b:free=fragment
байд	fragment			1	nemotron-3-ultra-550b-a55b:free=fragment
жасалым	fragment			1	nemotron-3-ultra-550b-a55b:free=fragment
зәт	fragment			1	nemotron-3-ultra-550b-a55b:free=fragment
имперализм	fragment			1	nemotron-3-ultra-550b-a55b:free=fragment
ито	fragment			1	nemotron-3-ultra-550b-a55b:free=fragment
карач	fragment			1	nemotron-3-ultra-550b-a55b:free=fragment
қаракетік	fragment			1	nemotron-3-ultra-550b-a55b:free=fragment
қонжа	fragment			1	nemotron-3-ultra-550b-a55b:free=fragment
мехрибан	name			1	nemotron-3-ultra-550b-a55b:free=name
пәра	fragment			1	nemotron-3-ultra-550b-a55b:free=fragment
саралқа	word	саралқа	n	1	nemotron-3-ultra-550b-a55b:free=word
сарытай	name			1	nemotron-3-ultra-550b-a55b:free=name
тасқия	word	тасқия	n	1	nemotron-3-ultra-550b-a55b:free=word
уәлия	name			1	nemotron-3-ultra-550b-a55b:free=name
умлаут	foreign			1	nemotron-3-ultra-550b-a55b:free=foreign
шебе	word	шебе	n	1	nemotron-3-ultra-550b-a55b:free=word
ареопаг	name			1	nemotron-3-ultra-550b-a55b:free=name
асхап	fragment			1	nemotron-3-ultra-550b-a55b:free=fragment
иқа	fragment			1	nemotron-3-ultra-550b-a55b:free=fragment
құта	word	құта	n	1	nemotron-3-ultra-550b-a55b:free=word
ойпа	fragment			1	nemotron-3-ultra-550b-a55b:free=fragment
олжаш	fragment			1	nemotron-3-ultra-550b-a55b:free=fragment
саше	foreign			1	nemotron-3-ultra-550b-a55b:free=foreign
сове	foreign			1	nemotron-3-ultra-550b-a55b:free=foreign
тош	fragment			1	nemotron-3-ultra-550b-a55b:free=fragment
тояш	fragment			1	nemotron-3-ultra-550b-a55b:free=fragment
хаке	fragment			1	nemotron-3-ultra-550b-a55b:free=fragment
яван	name			1	nemotron-3-ultra-550b-a55b:free=name
язата	fragment			1	nemotron-3-ultra-550b-a55b:free=fragment
артиска	fragment			1	nemotron-3-ultra-550b-a55b:free=fragment
бауырай	name			1	nemotron-3-ultra-550b-a55b:free=name
гәзет	word	гәзет	n	1	nemotron-3-ultra-550b-a55b:free=word
горо	foreign			1	nemotron-3-ultra-550b-a55b:free=foreign
жақшыбек	name			1	nemotron-3-ultra-550b-a55b:free=name
жігітт	fragment			1	nemotron-3-ultra-550b-a55b:free=fragment
зине	foreign			1	nemotron-3-ultra-550b-a55b:free=foreign
инфанта	foreign			1	nemotron-3-ultra-550b-a55b:free=foreign
коч	foreign			1	nemotron-3-ultra-550b-a55b:free=foreign
қарадала	name			1	nemotron-3-ultra-550b-a55b:free=name
ладақ	name			1	nemotron-3-ultra-550b-a55b:free=name
леннан	name			1	nemotron-3-ultra-550b-a55b:free=name
нисба	word	нисба	n	1	nemotron-3-ultra-550b-a55b:free=word
статия	foreign			1	nemotron-3-ultra-550b-a55b:free=foreign
ұлысбек	name			1	nemotron-3-ultra-550b-a55b:free=name
флягі	foreign			1	nemotron-3-ultra-550b-a55b:free=foreign
шоғ	word	шоғ	n	1	nemotron-3-ultra-550b-a55b:free=word
шірк	word	шірк	n	1	nemotron-3-ultra-550b-a55b:free=word
ағиан	fragment			1	nemotron-3-ultra-550b-a55b:free=fragment
айтт	fragment			1	nemotron-3-ultra-550b-a55b:free=fragment
ақап	word	ақап	n	1	nemotron-3-ultra-550b-a55b:free=word
алашан	word	алашан	adj	1	nemotron-3-ultra-550b-a55b:free=word
альма	name			1	nemotron-3-ultra-550b-a55b:free=name
бадбақыт	word	бадбақыт	adj	1	nemotron-3-ultra-550b-a55b:free=word
вираз	foreign			1	nemotron-3-ultra-550b-a55b:free=foreign
гата	fragment			1	nemotron-3-ultra-550b-a55b:free=fragment
дижон	name			1	nemotron-3-ultra-550b-a55b:free=name
жұбақа	word	жұбақа	n	1	nemotron-3-ultra-550b-a55b:free=word
зорақы	fragment			1	nemotron-3-ultra-550b-a55b:free=fragment
иаһуда	fragment			1	nemotron-3-ultra-550b-a55b:free=fragment
катченко	name			1	nemotron-3-ultra-550b-a55b:free=name
қабиба	name			1	nemotron-3-ultra-550b-a55b:free=name
қарааю	word	қарааю	n	1	nemotron-3-ultra-550b-a55b:free=word
қулақ	word	қулақ	n	1	nemotron-3-ultra-550b-a55b:free=word
мерри	name			1	nemotron-3-ultra-550b-a55b:free=name
намұрт	fragment			1	nemotron-3-ultra-550b-a55b:free=fragment
пәлс	fragment			1	nemotron-3-ultra-550b-a55b:free=fragment
пеон	foreign			1	nemotron-3-ultra-550b-a55b:free=foreign
раке	fragment			1	nemotron-3-ultra-550b-a55b:free=fragment
рауайат	fragment			1	nemotron-3-ultra-550b-a55b:free=fragment
сәуда	word	сәуда	n	1	nemotron-3-ultra-550b-a55b:free=word
тарихаят	fragment			1	nemotron-3-ultra-550b-a55b:free=fragment
теміш	word	теміш	adj	1	nemotron-3-ultra-550b-a55b:free=word
уанас	word	уанау	v	1	nemotron-3-ultra-550b-a55b:free=word
шамхан	name			1	nemotron-3-ultra-550b-a55b:free=name
шахада	word	шахада	n	1	nemotron-3-ultra-550b-a55b:free=word
шырш	fragment			1	nemotron-3-ultra-550b-a55b:free=fragment
отба	fragment			1	nemotron-3-ultra-550b-a55b:free=fragment
қойн	fragment			1	nemotron-3-ultra-550b-a55b:free=fragment
диалек	fragment			1	nemotron-3-ultra-550b-a55b:free=fragment
көтіба	fragment			1	nemotron-3-ultra-550b-a55b:free=fragment
шыққ	fragment			1	nemotron-3-ultra-550b-a55b:free=fragment
абстрак	fragment			1	nemotron-3-ultra-550b-a55b:free=fragment
прогрес	fragment			1	nemotron-3-ultra-550b-a55b:free=fragment
мадия	fragment			1	nemotron-3-ultra-550b-a55b:free=fragment
шаһиза	fragment			1	nemotron-3-ultra-550b-a55b:free=fragment
өлеңт	fragment			1	nemotron-3-ultra-550b-a55b:free=fragment
шерке	word	шеркеу	v	1	nemotron-3-ultra-550b-a55b:free=word
ақма	fragment			1	nemotron-3-ultra-550b-a55b:free=fragment
барант	fragment			1	nemotron-3-ultra-550b-a55b:free=fragment
эсе	word	эсе	n	1	nemotron-3-ultra-550b-a55b:free=word
домб	fragment			1	nemotron-3-ultra-550b-a55b:free=fragment
палла	word	палла	n	1	nemotron-3-ultra-550b-a55b:free=word
үзен	word	үзен	n	1	nemotron-3-ultra-550b-a55b:free=word
уго	fragment			1	nemotron-3-ultra-550b-a55b:free=fragment
әбіке	word	әбіке	n	1	nemotron-3-ultra-550b-a55b:free=word
қобла	word	қобла	n	1	nemotron-3-ultra-550b-a55b:free=word
дамаскі	foreign			1	nemotron-3-ultra-550b-a55b:free=foreign
джамб	fragment			1	nemotron-3-ultra-550b-a55b:free=fragment
ашқ	fragment			1	nemotron-3-ultra-550b-a55b:free=fragment
карпа	word	карпа	n	1	nemotron-3-ultra-550b-a55b:free=word
байғоз	name			1	nemotron-3-ultra-550b-a55b:free=name
жыйна	fragment			1	nemotron-3-ultra-550b-a55b:free=fragment
тақт	word	тақт	n	1	nemotron-3-ultra-550b-a55b:free=word
киліг	fragment			1	nemotron-3-ultra-550b-a55b:free=fragment
түрекел	fragment			1	nemotron-3-ultra-550b-a55b:free=fragment
шынта	fragment			1	nemotron-3-ultra-550b-a55b:free=fragment
ағана	word	ағана	adv	1	nemotron-3-ultra-550b-a55b:free=word
генеология	foreign			1	nemotron-3-ultra-550b-a55b:free=foreign
майе	word	майе	adj	1	nemotron-3-ultra-550b-a55b:free=word
жиға	word	жиға	n	1	nemotron-3-ultra-550b-a55b:free=word
киоскі	word	киоск	n	1	nemotron-3-ultra-550b-a55b:free=word
бато	name			1	nemotron-3-ultra-550b-a55b:free=name
қайн	word	қайн	n	1	nemotron-3-ultra-550b-a55b:free=word
тоқба	fragment			1	nemotron-3-ultra-550b-a55b:free=fragment
азиа	name	Азия		1	nemotron-3-ultra-550b-a55b:free=name
курба	fragment			1	nemotron-3-ultra-550b-a55b:free=fragment
стро	fragment			1	nemotron-3-ultra-550b-a55b:free=fragment
тұрал	word	турау	v	1	nemotron-3-ultra-550b-a55b:free=word
шаңғ	fragment			1	nemotron-3-ultra-550b-a55b:free=fragment
шүге	fragment			1	nemotron-3-ultra-550b-a55b:free=fragment
шериза	fragment			1	nemotron-3-ultra-550b-a55b:free=fragment
қасі	name	Қасы		1	nemotron-3-ultra-550b-a55b:free=name
такті	foreign			1	nemotron-3-ultra-550b-a55b:free=foreign
нұрғаз	name	Нұрғаз		1	nemotron-3-ultra-550b-a55b:free=name
йла	fragment			1	nemotron-3-ultra-550b-a55b:free=fragment
дауле	fragment			1	nemotron-3-ultra-550b-a55b:free=fragment
сүра	fragment			1	nemotron-3-ultra-550b-a55b:free=fragment
гале	fragment			1	nemotron-3-ultra-550b-a55b:free=fragment
сәләма	fragment			1	nemotron-3-ultra-550b-a55b:free=fragment
кәртай	fragment			1	nemotron-3-ultra-550b-a55b:free=fragment
мико	name			1	nemotron-3-ultra-550b-a55b:free=name
ешқа	word	еш	n	1	nemotron-3-ultra-550b-a55b:free=word
пәп	fragment			1	nemotron-3-ultra-550b-a55b:free=fragment
айқ	word	айқ	n	1	nemotron-3-ultra-550b-a55b:free=word
манж	fragment			1	nemotron-3-ultra-550b-a55b:free=fragment
абдыр	name			1	nemotron-3-ultra-550b-a55b:free=name
еса	name			1	nemotron-3-ultra-550b-a55b:free=name
кәмә	word	кәмә	n	1	nemotron-3-ultra-550b-a55b:free=word
мха	fragment			1	nemotron-3-ultra-550b-a55b:free=fragment
осьте	fragment			1	nemotron-3-ultra-550b-a55b:free=fragment
солта	word	солта	adj	1	nemotron-3-ultra-550b-a55b:free=word
хрис	fragment			1	nemotron-3-ultra-550b-a55b:free=fragment
ідір	word	ідір	adj	1	nemotron-3-ultra-550b-a55b:free=word
адамн	fragment			1	nemotron-3-ultra-550b-a55b:free=fragment
арғ	fragment			1	nemotron-3-ultra-550b-a55b:free=fragment
тұрм	fragment			1	nemotron-3-ultra-550b-a55b:free=fragment
гүләй	name			1	nemotron-3-ultra-550b-a55b:free=name
оянға	word	оян	adj	1	nemotron-3-ultra-550b-a55b:free=word
робе	fragment			1	nemotron-3-ultra-550b-a55b:free=fragment
аббасид	name			1	nemotron-3-ultra-550b-a55b:free=name
аал	word	аал	n	1	nemotron-3-ultra-550b-a55b:free=word
байғұ	fragment			1	nemotron-3-ultra-550b-a55b:free=fragment
модальді	fragment			1	nemotron-3-ultra-550b-a55b:free=fragment
федо	name			1	nemotron-3-ultra-550b-a55b:free=name
хиуаз	fragment			1	nemotron-3-ultra-550b-a55b:free=fragment
іііы	fragment			1	nemotron-3-ultra-550b-a55b:free=fragment
атба	fragment			1	nemotron-3-ultra-550b-a55b:free=fragment
биба	name			1	nemotron-3-ultra-550b-a55b:free=name
біргә	fragment			1	nemotron-3-ultra-550b-a55b:free=fragment
дио	name			1	nemotron-3-ultra-550b-a55b:free=name
ертөс	fragment			1	nemotron-3-ultra-550b-a55b:free=fragment
жанте	fragment			1	nemotron-3-ultra-550b-a55b:free=fragment
наре	fragment			1	nemotron-3-ultra-550b-a55b:free=fragment
сати	fragment			1	nemotron-3-ultra-550b-a55b:free=fragment
тасеке	word	тасеке	n	1	nemotron-3-ultra-550b-a55b:free=word
тұпнұсқа	word	тұпнұсқа	n	1	nemotron-3-ultra-550b-a55b:free=word
финикий	word	финикий	adj	1	nemotron-3-ultra-550b-a55b:free=word
фольклорис	foreign			1	nemotron-3-ultra-550b-a55b:free=foreign
шахма	fragment			1	nemotron-3-ultra-550b-a55b:free=fragment
компромис	fragment			1	nemotron-3-ultra-550b-a55b:free=fragment
рава	fragment			1	nemotron-3-ultra-550b-a55b:free=fragment
уәләят	fragment			1	nemotron-3-ultra-550b-a55b:free=fragment
ұзеке	word	ұзеке	adv	1	nemotron-3-ultra-550b-a55b:free=word
үста	word	үста	n	1	nemotron-3-ultra-550b-a55b:free=word
икария	name			1	nemotron-3-ultra-550b-a55b:free=name
керта	fragment			1	nemotron-3-ultra-550b-a55b:free=fragment
киммерия	name			1	nemotron-3-ultra-550b-a55b:free=name
көрн	fragment			1	nemotron-3-ultra-550b-a55b:free=fragment
қараме	fragment			1	nemotron-3-ultra-550b-a55b:free=fragment
лексикод	word	лексикод	n	1	nemotron-3-ultra-550b-a55b:free=word
ната	word	нат	n	1	nemotron-3-ultra-550b-a55b:free=word
чап	word	чап	adj	1	nemotron-3-ultra-550b-a55b:free=word
ассиметрия	word	ассиметрия	n	1	nemotron-3-ultra-550b-a55b:free=word
варн	fragment			1	nemotron-3-ultra-550b-a55b:free=fragment
детал	fragment			1	nemotron-3-ultra-550b-a55b:free=fragment
өже	word	өже	n	1	nemotron-3-ultra-550b-a55b:free=word
өзгері	word	өзгері	n	1	nemotron-3-ultra-550b-a55b:free=word
рқы	fragment			1	nemotron-3-ultra-550b-a55b:free=fragment
әриай	fragment			1	nemotron-3-ultra-550b-a55b:free=fragment
друид	word	друид	n	1	nemotron-3-ultra-550b-a55b:free=word
дүшпан	word	дүшпан	n	1	nemotron-3-ultra-550b-a55b:free=word
көзү	word	көз	n	1	nemotron-3-ultra-550b-a55b:free=word
күнқияш	word	күнқияш	n	1	nemotron-3-ultra-550b-a55b:free=word
қағира	fragment			1	nemotron-3-ultra-550b-a55b:free=fragment
қипыжық	word	қипыжық	adj	1	nemotron-3-ultra-550b-a55b:free=word
құлқай	name			1	nemotron-3-ultra-550b-a55b:free=name
қыду	word	қыду	n	1	nemotron-3-ultra-550b-a55b:free=word
лиа	name			1	nemotron-3-ultra-550b-a55b:free=name
іркі	word	іркі	adj	1	nemotron-3-ultra-550b-a55b:free=word
айжа	fragment			1	nemotron-3-ultra-550b-a55b:free=fragment
алг	fragment			1	nemotron-3-ultra-550b-a55b:free=fragment
балеке	fragment			1	nemotron-3-ultra-550b-a55b:free=fragment
бригс	name			1	nemotron-3-ultra-550b-a55b:free=name
кута	word	кутау	v	1	nemotron-3-ultra-550b-a55b:free=word
сәле	word	сәле	adj	1	nemotron-3-ultra-550b-a55b:free=word
стеке	fragment			1	nemotron-3-ultra-550b-a55b:free=fragment
түмеке	word	түмеке	n	1	nemotron-3-ultra-550b-a55b:free=word
һаж	word	һаж	n	1	nemotron-3-ultra-550b-a55b:free=word
ауста	word	аустау	v	1	nemotron-3-ultra-550b-a55b:free=word
бақт	fragment			1	nemotron-3-ultra-550b-a55b:free=fragment
баһаргүл	name			1	nemotron-3-ultra-550b-a55b:free=name
бәш	fragment			1	nemotron-3-ultra-550b-a55b:free=fragment
бектербек	name			1	nemotron-3-ultra-550b-a55b:free=name
бре	foreign			1	nemotron-3-ultra-550b-a55b:free=foreign
готтентот	foreign			1	nemotron-3-ultra-550b-a55b:free=foreign
дәража	word	дәража	n	1	nemotron-3-ultra-550b-a55b:free=word
джоз	fragment			1	nemotron-3-ultra-550b-a55b:free=fragment
илю	fragment			1	nemotron-3-ultra-550b-a55b:free=fragment
индейц	fragment			1	nemotron-3-ultra-550b-a55b:free=fragment
иухана	fragment			1	nemotron-3-ultra-550b-a55b:free=fragment
кәждеке	word	кәждеке	n	1	nemotron-3-ultra-550b-a55b:free=word
кинезика	word	кинезика	n	1	nemotron-3-ultra-550b-a55b:free=word
көрбике	name			1	nemotron-3-ultra-550b-a55b:free=name
қанабоз	word	қанабоз	n	1	nemotron-3-ultra-550b-a55b:free=word
ләклек	fragment			1	nemotron-3-ultra-550b-a55b:free=fragment
месс	fragment			1	nemotron-3-ultra-550b-a55b:free=fragment
мүкей	word	мүкей	adj	1	nemotron-3-ultra-550b-a55b:free=word
нұрден	word	нұр	n	1	nemotron-3-ultra-550b-a55b:free=word
партиа	fragment			1	nemotron-3-ultra-550b-a55b:free=fragment
сақман	word	сақман	n	1	nemotron-3-ultra-550b-a55b:free=word
сарубал	fragment			1	nemotron-3-ultra-550b-a55b:free=fragment
сарыаяқ	word	сарыаяқ	n	1	nemotron-3-ultra-550b-a55b:free=word
седли	foreign			1	nemotron-3-ultra-550b-a55b:free=foreign
үйым	word	үй	n	1	nemotron-3-ultra-550b-a55b:free=word
шықыман	fragment			1	nemotron-3-ultra-550b-a55b:free=fragment
ышы	fragment			1	nemotron-3-ultra-550b-a55b:free=fragment
айс	fragment			1	nemotron-3-ultra-550b-a55b:free=fragment
ахр	fragment			1	nemotron-3-ultra-550b-a55b:free=fragment
балал	fragment			1	nemotron-3-ultra-550b-a55b:free=fragment
барре	word	барре	n	1	nemotron-3-ultra-550b-a55b:free=word
бәлнес	fragment			1	nemotron-3-ultra-550b-a55b:free=fragment
былдырық	word	былдырық	n	1	nemotron-3-ultra-550b-a55b:free=word
вее	foreign			1	nemotron-3-ultra-550b-a55b:free=foreign
дельф	fragment			1	nemotron-3-ultra-550b-a55b:free=fragment
жынт	fragment			1	nemotron-3-ultra-550b-a55b:free=fragment
кассио	name			1	nemotron-3-ultra-550b-a55b:free=name
кеи	fragment			1	nemotron-3-ultra-550b-a55b:free=fragment
қыма	word	қыма	n	1	nemotron-3-ultra-550b-a55b:free=word
малтабай	name			1	nemotron-3-ultra-550b-a55b:free=name
мұқиты	name			1	nemotron-3-ultra-550b-a55b:free=name
набо	fragment			1	nemotron-3-ultra-550b-a55b:free=fragment
өзеке	word	өзеке	adv	1	nemotron-3-ultra-550b-a55b:free=word
пун	fragment			1	nemotron-3-ultra-550b-a55b:free=fragment
радис	fragment			1	nemotron-3-ultra-550b-a55b:free=fragment
түсы	word	түс	n	1	nemotron-3-ultra-550b-a55b:free=word
тюркизм	word	тюркизм	n	1	nemotron-3-ultra-550b-a55b:free=word
шамақан	name			1	nemotron-3-ultra-550b-a55b:free=name
этрус	fragment			1	nemotron-3-ultra-550b-a55b:free=fragment
алаңқа	word	алаңқа	adj	1	nemotron-3-ultra-550b-a55b:free=word
әнал	fragment			1	nemotron-3-ultra-550b-a55b:free=fragment
бурш	fragment			1	nemotron-3-ultra-550b-a55b:free=fragment
гүлмәрия	name			1	nemotron-3-ultra-550b-a55b:free=name
ғамел	name			1	nemotron-3-ultra-550b-a55b:free=name
жимаш	word	жимаш	n	1	nemotron-3-ultra-550b-a55b:free=word
кавальеро	name			1	nemotron-3-ultra-550b-a55b:free=name
корі	fragment			1	nemotron-3-ultra-550b-a55b:free=fragment
көкү	fragment			1	nemotron-3-ultra-550b-a55b:free=fragment
көлебе	fragment			1	nemotron-3-ultra-550b-a55b:free=fragment
қозат	fragment			1	nemotron-3-ultra-550b-a55b:free=fragment
қошқой	word	қошқой	n	1	nemotron-3-ultra-550b-a55b:free=word
мақия	name			1	nemotron-3-ultra-550b-a55b:free=name
марықбай	name			1	nemotron-3-ultra-550b-a55b:free=name
месіл	fragment			1	nemotron-3-ultra-550b-a55b:free=fragment
нағ	fragment			1	nemotron-3-ultra-550b-a55b:free=fragment
наушат	name			1	nemotron-3-ultra-550b-a55b:free=name
ниғма	name			1	nemotron-3-ultra-550b-a55b:free=name
проссемика	foreign			1	nemotron-3-ultra-550b-a55b:free=foreign
сағбала	word	сағбала	n	1	nemotron-3-ultra-550b-a55b:free=word
ситан	name			1	nemotron-3-ultra-550b-a55b:free=name
универсиум	foreign			1	nemotron-3-ultra-550b-a55b:free=foreign
үлі	word	үлі	adj	1	nemotron-3-ultra-550b-a55b:free=word
һауаз	fragment			1	nemotron-3-ultra-550b-a55b:free=fragment
ыдыр	word	ыдыр	n	1	nemotron-3-ultra-550b-a55b:free=word
эмпирика	word	эмпирика	n	1	nemotron-3-ultra-550b-a55b:free=word
ясаж	word	ясаж	n	1	nemotron-3-ultra-550b-a55b:free=word
брянскі	foreign			1	nemotron-3-ultra-550b-a55b:free=foreign
докса	word	докса	n	1	nemotron-3-ultra-550b-a55b:free=word
йал	fragment			1	nemotron-3-ultra-550b-a55b:free=fragment
кізле	word	кізлеу	v	1	nemotron-3-ultra-550b-a55b:free=word
майапа	fragment			1	nemotron-3-ultra-550b-a55b:free=fragment
мантуя	fragment			1	nemotron-3-ultra-550b-a55b:free=fragment
мидий	word	мидий	n	1	nemotron-3-ultra-550b-a55b:free=word
нев	fragment			1	nemotron-3-ultra-550b-a55b:free=fragment
ньюанс	word	ньюанс	n	1	nemotron-3-ultra-550b-a55b:free=word
табана	name			1	nemotron-3-ultra-550b-a55b:free=name
туқ	word	туқ	n	1	nemotron-3-ultra-550b-a55b:free=word
шарло	name			1	nemotron-3-ultra-550b-a55b:free=name
шита	foreign			1	nemotron-3-ultra-550b-a55b:free=foreign
шығыл	word	шығыл	n	1	nemotron-3-ultra-550b-a55b:free=word
ақыбет	word	ақыбет	n	1	nemotron-3-ultra-550b-a55b:free=word
алалқан	fragment			1	nemotron-3-ultra-550b-a55b:free=fragment
анқа	word	анқа	adv	1	nemotron-3-ultra-550b-a55b:free=word
ассист	word	ассист	n	1	nemotron-3-ultra-550b-a55b:free=word
ассоцияция	fragment			1	nemotron-3-ultra-550b-a55b:free=fragment
әжығұл	name			1	nemotron-3-ultra-550b-a55b:free=name
әзілбек	name			1	nemotron-3-ultra-550b-a55b:free=name
әтба	word	әтба	n	1	nemotron-3-ultra-550b-a55b:free=word
бельгин	fragment			1	nemotron-3-ultra-550b-a55b:free=fragment
бонза	word	бонза	n	1	nemotron-3-ultra-550b-a55b:free=word
гилл	foreign			1	nemotron-3-ultra-550b-a55b:free=foreign
гөт	word	гөт	n	1	nemotron-3-ultra-550b-a55b:free=word
ғол	fragment			1	nemotron-3-ultra-550b-a55b:free=fragment
ғұзан	word	ғұзан	adj	1	nemotron-3-ultra-550b-a55b:free=word
дагни	fragment			1	nemotron-3-ultra-550b-a55b:free=fragment
дарт	word	дарт	n	1	nemotron-3-ultra-550b-a55b:free=word
діңгел	fragment			1	nemotron-3-ultra-550b-a55b:free=fragment
жандауыл	name			1	nemotron-3-ultra-550b-a55b:free=name
жөг	word	жөг	adv	1	nemotron-3-ultra-550b-a55b:free=word
зейнепгүл	name			1	nemotron-3-ultra-550b-a55b:free=name
ибеке	fragment			1	nemotron-3-ultra-550b-a55b:free=fragment
қаһмас	fragment			1	nemotron-3-ultra-550b-a55b:free=fragment
құжаз	fragment			1	nemotron-3-ultra-550b-a55b:free=fragment
ларсен	name			1	nemotron-3-ultra-550b-a55b:free=name
мағафа	fragment			1	nemotron-3-ultra-550b-a55b:free=fragment
майты	word	май	n	1	nemotron-3-ultra-550b-a55b:free=word
мамықтақ	fragment			1	nemotron-3-ultra-550b-a55b:free=fragment
марық	word	марық	adj	1	nemotron-3-ultra-550b-a55b:free=word
машал	word	машал	n	1	nemotron-3-ultra-550b-a55b:free=word
мәрке	word	мәрке	n	1	nemotron-3-ultra-550b-a55b:free=word
мень	fragment			1	nemotron-3-ultra-550b-a55b:free=fragment
назигүл	name			1	nemotron-3-ultra-550b-a55b:free=name
наталь	name			1	nemotron-3-ultra-550b-a55b:free=name
нұрсопа	name			1	nemotron-3-ultra-550b-a55b:free=name
омски	foreign			1	nemotron-3-ultra-550b-a55b:free=foreign
оуыз	fragment			1	nemotron-3-ultra-550b-a55b:free=fragment
піруә	fragment			1	nemotron-3-ultra-550b-a55b:free=fragment
реформат	word	реформат	n	1	nemotron-3-ultra-550b-a55b:free=word
сақла	fragment			1	nemotron-3-ultra-550b-a55b:free=fragment
салинг	fragment			1	nemotron-3-ultra-550b-a55b:free=fragment
сахыра	fragment			1	nemotron-3-ultra-550b-a55b:free=fragment
сәмсерек	word	сәмсерек	adj	1	nemotron-3-ultra-550b-a55b:free=word
соркүйік	word	соркүйік	adj	1	nemotron-3-ultra-550b-a55b:free=word
стыр	fragment			1	nemotron-3-ultra-550b-a55b:free=fragment
таупиғы	fragment			1	nemotron-3-ultra-550b-a55b:free=fragment
тикара	fragment			1	nemotron-3-ultra-550b-a55b:free=fragment
тити	word	тити	n	1	nemotron-3-ultra-550b-a55b:free=word
томпыш	fragment			1	nemotron-3-ultra-550b-a55b:free=fragment
торана	word	торан	n	1	nemotron-3-ultra-550b-a55b:free=word
тюр	fragment			1	nemotron-3-ultra-550b-a55b:free=fragment
ұлұ	fragment			1	nemotron-3-ultra-550b-a55b:free=fragment
флегель	fragment			1	nemotron-3-ultra-550b-a55b:free=fragment
шаадат	word	шаадат	n	1	nemotron-3-ultra-550b-a55b:free=word
юмаш	fragment			1	nemotron-3-ultra-550b-a55b:free=fragment
кла	fragment			1	nemotron-3-ultra-550b-a55b:free=fragment
казахс	unanswered			0	
аржағ	fragment			1	nemotron-3-ultra-550b-a55b:free=fragment
атсал	fragment			1	nemotron-3-ultra-550b-a55b:free=fragment
ғұрп	fragment			1	nemotron-3-ultra-550b-a55b:free=fragment
аспек	fragment			1	nemotron-3-ultra-550b-a55b:free=fragment
фашис	fragment			1	nemotron-3-ultra-550b-a55b:free=fragment
субъек	fragment			1	nemotron-3-ultra-550b-a55b:free=fragment
неғы	fragment			1	nemotron-3-ultra-550b-a55b:free=fragment
оншақ	fragment			1	nemotron-3-ultra-550b-a55b:free=fragment
ұйқ	fragment			1	nemotron-3-ultra-550b-a55b:free=fragment
прогре	fragment			1	nemotron-3-ultra-550b-a55b:free=fragment
жаңғырығ	fragment			1	nemotron-3-ultra-550b-a55b:free=fragment
коридо	fragment			1	nemotron-3-ultra-550b-a55b:free=fragment
жанұшыр	fragment			1	nemotron-3-ultra-550b-a55b:free=fragment
киы	fragment			1	nemotron-3-ultra-550b-a55b:free=fragment
байұ	fragment			1	nemotron-3-ultra-550b-a55b:free=fragment
байқұ	fragment			1	nemotron-3-ultra-550b-a55b:free=fragment
нарқ	fragment			1	nemotron-3-ultra-550b-a55b:free=fragment
ұйқа	word	ұйқа	n	1	nemotron-3-ultra-550b-a55b:free=word
куәла	fragment			1	nemotron-3-ultra-550b-a55b:free=fragment
қоласт	fragment			1	nemotron-3-ultra-550b-a55b:free=fragment
капиталис	fragment			1	nemotron-3-ultra-550b-a55b:free=fragment
сиғыз	word	сиғыз	n	1	nemotron-3-ultra-550b-a55b:free=word
қараге	fragment			1	nemotron-3-ultra-550b-a55b:free=fragment
ұйт	fragment			1	nemotron-3-ultra-550b-a55b:free=fragment
сәйке	word	сәйке	adj	1	nemotron-3-ultra-550b-a55b:free=word
пайымдал	word	пайымдау	v	1	nemotron-3-ultra-550b-a55b:free=word
қызылта	fragment			1	nemotron-3-ultra-550b-a55b:free=fragment
үсіг	fragment			1	nemotron-3-ultra-550b-a55b:free=fragment
атқ	fragment			1	nemotron-3-ultra-550b-a55b:free=fragment
қырсығ	fragment			1	nemotron-3-ultra-550b-a55b:free=fragment
қуба	fragment			1	nemotron-3-ultra-550b-a55b:free=fragment
сарыа	fragment			1	nemotron-3-ultra-550b-a55b:free=fragment
тапжыл	fragment			1	nemotron-3-ultra-550b-a55b:free=fragment
қыстығ	fragment			1	nemotron-3-ultra-550b-a55b:free=fragment
келіңкіре	fragment			1	nemotron-3-ultra-550b-a55b:free=fragment
арысла	fragment			1	nemotron-3-ultra-550b-a55b:free=fragment
салғ	fragment			1	nemotron-3-ultra-550b-a55b:free=fragment
эмб	fragment			1	nemotron-3-ultra-550b-a55b:free=fragment
жоқп	fragment			1	nemotron-3-ultra-550b-a55b:free=fragment
тұтығ	fragment			1	nemotron-3-ultra-550b-a55b:free=fragment
құдыре	fragment			1	nemotron-3-ultra-550b-a55b:free=fragment
ақсұ	fragment			1	nemotron-3-ultra-550b-a55b:free=fragment
құлп	fragment			1	nemotron-3-ultra-550b-a55b:free=fragment
вольте	foreign			1	nemotron-3-ultra-550b-a55b:free=foreign
һешбі	fragment			1	nemotron-3-ultra-550b-a55b:free=fragment
ұйытқ	fragment			1	nemotron-3-ultra-550b-a55b:free=fragment
ивановн	fragment			1	nemotron-3-ultra-550b-a55b:free=fragment
мойынқұ	fragment			1	nemotron-3-ultra-550b-a55b:free=fragment
әга	fragment			1	nemotron-3-ultra-550b-a55b:free=fragment
өзгеріл	fragment			1	nemotron-3-ultra-550b-a55b:free=fragment
аффек	fragment			1	nemotron-3-ultra-550b-a55b:free=fragment
гамле	foreign			1	nemotron-3-ultra-550b-a55b:free=foreign
құмығ	fragment			1	nemotron-3-ultra-550b-a55b:free=fragment
қыды	word	қыдыру	v	1	nemotron-3-ultra-550b-a55b:free=word
тайта	name			1	nemotron-3-ultra-550b-a55b:free=name
хәк	foreign			1	nemotron-3-ultra-550b-a55b:free=foreign
турис	fragment			1	nemotron-3-ultra-550b-a55b:free=fragment
шәһа	foreign			1	nemotron-3-ultra-550b-a55b:free=foreign
отырыл	fragment			1	nemotron-3-ultra-550b-a55b:free=fragment
көптү	fragment			1	nemotron-3-ultra-550b-a55b:free=fragment
тыңл	fragment			1	nemotron-3-ultra-550b-a55b:free=fragment
түпқара	word	түпқара	adj	1	nemotron-3-ultra-550b-a55b:free=word
жарқана	fragment			1	nemotron-3-ultra-550b-a55b:free=fragment
сыйқ	fragment			1	nemotron-3-ultra-550b-a55b:free=fragment
тотығ	fragment			1	nemotron-3-ultra-550b-a55b:free=fragment
әбүйі	fragment			1	nemotron-3-ultra-550b-a55b:free=fragment
лаге	fragment			1	nemotron-3-ultra-550b-a55b:free=fragment
малайс	fragment			1	nemotron-3-ultra-550b-a55b:free=fragment
көкжа	name	көкжа	n	1	nemotron-3-ultra-550b-a55b:free=name
шідерт	fragment			1	nemotron-3-ultra-550b-a55b:free=fragment
шорма	word	шорма	n	1	nemotron-3-ultra-550b-a55b:free=word
қаража	fragment			1	nemotron-3-ultra-550b-a55b:free=fragment
авраа	foreign			1	nemotron-3-ultra-550b-a55b:free=foreign
сілкінт	fragment			1	nemotron-3-ultra-550b-a55b:free=fragment
вагне	foreign			1	nemotron-3-ultra-550b-a55b:free=foreign
міңге	fragment			1	nemotron-3-ultra-550b-a55b:free=fragment
бекта	fragment			1	nemotron-3-ultra-550b-a55b:free=fragment
садуақа	fragment			1	nemotron-3-ultra-550b-a55b:free=fragment
таһи	name			1	nemotron-3-ultra-550b-a55b:free=name
қожабер	name			1	nemotron-3-ultra-550b-a55b:free=name
телегра	fragment			1	nemotron-3-ultra-550b-a55b:free=fragment
жазғ	fragment			1	nemotron-3-ultra-550b-a55b:free=fragment
қажымұқа	name			1	nemotron-3-ultra-550b-a55b:free=name
байұл	name			1	nemotron-3-ultra-550b-a55b:free=name
қопс	fragment			1	nemotron-3-ultra-550b-a55b:free=fragment
ыждаһа	fragment			1	nemotron-3-ultra-550b-a55b:free=fragment
карага	word	караға	n	1	nemotron-3-ultra-550b-a55b:free=word
оғл	fragment			1	nemotron-3-ultra-550b-a55b:free=fragment
сізл	fragment			1	nemotron-3-ultra-550b-a55b:free=fragment
ханбиб	name			1	nemotron-3-ultra-550b-a55b:free=name
кры	foreign			1	nemotron-3-ultra-550b-a55b:free=foreign
қитығ	fragment			1	nemotron-3-ultra-550b-a55b:free=fragment
мұхамме	fragment			1	nemotron-3-ultra-550b-a55b:free=fragment
былығ	fragment			1	nemotron-3-ultra-550b-a55b:free=fragment
танимы	word	таним	n	1	nemotron-3-ultra-550b-a55b:free=word
уһле	fragment			1	nemotron-3-ultra-550b-a55b:free=fragment
мынаус	fragment			1	nemotron-3-ultra-550b-a55b:free=fragment
декабрис	foreign			1	nemotron-3-ultra-550b-a55b:free=foreign
кұй	word	кұй	n	1	nemotron-3-ultra-550b-a55b:free=word
сайраң	fragment			1	nemotron-3-ultra-550b-a55b:free=fragment
азербайджа	fragment			1	nemotron-3-ultra-550b-a55b:free=fragment
таго	fragment			1	nemotron-3-ultra-550b-a55b:free=fragment
анархис	fragment			1	nemotron-3-ultra-550b-a55b:free=fragment
қорт	word	қорт	n	1	nemotron-3-ultra-550b-a55b:free=word
муртаз	fragment			1	nemotron-3-ultra-550b-a55b:free=fragment
тох	fragment			1	nemotron-3-ultra-550b-a55b:free=fragment
әлжа	fragment			1	nemotron-3-ultra-550b-a55b:free=fragment
әлжап	fragment			1	nemotron-3-ultra-550b-a55b:free=fragment
хота	foreign			1	nemotron-3-ultra-550b-a55b:free=foreign
барм	fragment			1	nemotron-3-ultra-550b-a55b:free=fragment
абро	fragment			1	nemotron-3-ultra-550b-a55b:free=fragment
қарато	fragment			1	nemotron-3-ultra-550b-a55b:free=fragment
қоныра	word	қоныр	adj	1	nemotron-3-ultra-550b-a55b:free=word
лингвис	fragment			1	nemotron-3-ultra-550b-a55b:free=fragment
шұбарт	word	шұбарт	n	1	nemotron-3-ultra-550b-a55b:free=word
хұзы	name			1	nemotron-3-ultra-550b-a55b:free=name
ақсұл	fragment			1	nemotron-3-ultra-550b-a55b:free=fragment
жымиы	fragment			1	nemotron-3-ultra-550b-a55b:free=fragment
империалис	fragment			1	nemotron-3-ultra-550b-a55b:free=fragment
көндіг	unanswered			0	
ілтифа	word	илтифа	n	1	nemotron-3-ultra-550b-a55b:free=word
люте	fragment			1	nemotron-3-ultra-550b-a55b:free=fragment
марксис	fragment			1	nemotron-3-ultra-550b-a55b:free=fragment
сөйде	fragment			1	nemotron-3-ultra-550b-a55b:free=fragment
үржа	fragment			1	nemotron-3-ultra-550b-a55b:free=fragment
самс	fragment			1	nemotron-3-ultra-550b-a55b:free=fragment
сөзл	fragment			1	nemotron-3-ultra-550b-a55b:free=fragment
тайжа	fragment			1	nemotron-3-ultra-550b-a55b:free=fragment
ферга	fragment			1	nemotron-3-ultra-550b-a55b:free=fragment
бізл	fragment			1	nemotron-3-ultra-550b-a55b:free=fragment
көкба	fragment			1	nemotron-3-ultra-550b-a55b:free=fragment
қарадө	fragment			1	nemotron-3-ultra-550b-a55b:free=fragment
ридд	fragment			1	nemotron-3-ultra-550b-a55b:free=fragment
хызы	fragment			1	nemotron-3-ultra-550b-a55b:free=fragment
құтқ	fragment			1	nemotron-3-ultra-550b-a55b:free=fragment
хүкіме	fragment			1	nemotron-3-ultra-550b-a55b:free=fragment
бейбар	name			1	nemotron-3-ultra-550b-a55b:free=name
гоминда	fragment			1	nemotron-3-ultra-550b-a55b:free=fragment
машинис	fragment			1	nemotron-3-ultra-550b-a55b:free=fragment
тінә	fragment			1	nemotron-3-ultra-550b-a55b:free=fragment
хансұл	fragment			1	nemotron-3-ultra-550b-a55b:free=fragment
ауызбі	fragment			1	nemotron-3-ultra-550b-a55b:free=fragment
шаһна	name			1	nemotron-3-ultra-550b-a55b:free=name
ізба	foreign			1	nemotron-3-ultra-550b-a55b:free=foreign
абылайха	fragment			1	nemotron-3-ultra-550b-a55b:free=fragment
бастарт	fragment			1	nemotron-3-ultra-550b-a55b:free=fragment
әмірха	name			1	nemotron-3-ultra-550b-a55b:free=name
кескес	word	кес-кес	adv	1	nemotron-3-ultra-550b-a55b:free=word
пессимис	fragment			1	nemotron-3-ultra-550b-a55b:free=fragment
жылқыайд	fragment			1	nemotron-3-ultra-550b-a55b:free=fragment
қойбағ	fragment			1	nemotron-3-ultra-550b-a55b:free=fragment
қойс	fragment			1	nemotron-3-ultra-550b-a55b:free=fragment
мойынұс	fragment			1	nemotron-3-ultra-550b-a55b:free=fragment
ролла	fragment			1	nemotron-3-ultra-550b-a55b:free=fragment
шығыңқыра	fragment			1	nemotron-3-ultra-550b-a55b:free=fragment
жаранл	fragment			1	nemotron-3-ultra-550b-a55b:free=fragment
проспек	fragment			1	nemotron-3-ultra-550b-a55b:free=fragment
созыңқыра	fragment			1	nemotron-3-ultra-550b-a55b:free=fragment
терісақ	fragment			1	nemotron-3-ultra-550b-a55b:free=fragment
марг	fragment			1	nemotron-3-ultra-550b-a55b:free=fragment
рыц	fragment			1	nemotron-3-ultra-550b-a55b:free=fragment
байқ	fragment			1	nemotron-3-ultra-550b-a55b:free=fragment
сақтағ	fragment			1	nemotron-3-ultra-550b-a55b:free=fragment
ұжы	fragment			1	nemotron-3-ultra-550b-a55b:free=fragment
іслә	fragment			1	nemotron-3-ultra-550b-a55b:free=fragment
абла	fragment			1	nemotron-3-ultra-550b-a55b:free=fragment
алаба	fragment			1	nemotron-3-ultra-550b-a55b:free=fragment
бельг	fragment			1	nemotron-3-ultra-550b-a55b:free=fragment
болұ	fragment			1	nemotron-3-ultra-550b-a55b:free=fragment
жаманта	fragment			1	nemotron-3-ultra-550b-a55b:free=fragment
жанғаз	fragment			1	nemotron-3-ultra-550b-a55b:free=fragment
материалис	fragment			1	nemotron-3-ultra-550b-a55b:free=fragment
өлтірг	fragment			1	nemotron-3-ultra-550b-a55b:free=fragment
фаус	fragment			1	nemotron-3-ultra-550b-a55b:free=fragment
итба	fragment			1	nemotron-3-ultra-550b-a55b:free=fragment
қарате	word	қарате	n	1	nemotron-3-ultra-550b-a55b:free=word
сержа	fragment			1	nemotron-3-ultra-550b-a55b:free=fragment
үйба	fragment			1	nemotron-3-ultra-550b-a55b:free=fragment
шонж	fragment			1	nemotron-3-ultra-550b-a55b:free=fragment
идеалис	fragment			1	nemotron-3-ultra-550b-a55b:free=fragment
робинзо	fragment			1	nemotron-3-ultra-550b-a55b:free=fragment
сыйп	fragment			1	nemotron-3-ultra-550b-a55b:free=fragment
хақа	fragment			1	nemotron-3-ultra-550b-a55b:free=fragment
эффек	fragment			1	nemotron-3-ultra-550b-a55b:free=fragment
болыңқыра	fragment			1	nemotron-3-ultra-550b-a55b:free=fragment
қондыке	fragment			1	nemotron-3-ultra-550b-a55b:free=fragment
саназ	name	саназ	n	1	nemotron-3-ultra-550b-a55b:free=name
сүрінт	fragment			1	nemotron-3-ultra-550b-a55b:free=fragment
шадия	name	шадия	n	1	nemotron-3-ultra-550b-a55b:free=name
байто	fragment			1	nemotron-3-ultra-550b-a55b:free=fragment
болга	fragment			1	nemotron-3-ultra-550b-a55b:free=fragment
бөлекба	fragment			1	nemotron-3-ultra-550b-a55b:free=fragment
мәмлег	fragment			1	nemotron-3-ultra-550b-a55b:free=fragment
подъез	fragment			1	nemotron-3-ultra-550b-a55b:free=fragment
қарамо	fragment			1	nemotron-3-ultra-550b-a55b:free=fragment
қожамбе	name	қожамбе	n	1	nemotron-3-ultra-550b-a55b:free=name
моментт	fragment			1	nemotron-3-ultra-550b-a55b:free=fragment
нацис	fragment			1	nemotron-3-ultra-550b-a55b:free=fragment
үяс	fragment			1	nemotron-3-ultra-550b-a55b:free=fragment
аллая	fragment			1	nemotron-3-ultra-550b-a55b:free=fragment
беста	fragment			1	nemotron-3-ultra-550b-a55b:free=fragment
қортын	fragment			1	nemotron-3-ultra-550b-a55b:free=fragment
масқ	fragment			1	nemotron-3-ultra-550b-a55b:free=fragment
махаба	fragment			1	nemotron-3-ultra-550b-a55b:free=fragment
пірад	fragment			1	nemotron-3-ultra-550b-a55b:free=fragment
сига	fragment			1	nemotron-3-ultra-550b-a55b:free=fragment
сидыр	fragment			1	nemotron-3-ultra-550b-a55b:free=fragment
чжа	name	Чжа	n	1	nemotron-3-ultra-550b-a55b:free=name
әрқайс	fragment			1	nemotron-3-ultra-550b-a55b:free=fragment
байг	fragment			1	nemotron-3-ultra-550b-a55b:free=fragment
қосба	word	қосу	v	1	nemotron-3-ultra-550b-a55b:free=word
шынт	fragment			1	nemotron-3-ultra-550b-a55b:free=fragment
арара	fragment			1	nemotron-3-ultra-550b-a55b:free=fragment
қарадә	fragment			1	nemotron-3-ultra-550b-a55b:free=fragment
қарақұ	fragment			1	nemotron-3-ultra-550b-a55b:free=fragment
қасқаба	fragment			1	nemotron-3-ultra-550b-a55b:free=fragment
публицис	name			1	nemotron-3-ultra-550b-a55b:free=name
сүқта	fragment			1	nemotron-3-ultra-550b-a55b:free=fragment
тайманұ	fragment			1	nemotron-3-ultra-550b-a55b:free=fragment
үғы	fragment			1	nemotron-3-ultra-550b-a55b:free=fragment
хоже	fragment			1	nemotron-3-ultra-550b-a55b:free=fragment
шахна	name			1	nemotron-3-ultra-550b-a55b:free=name
ақме	name			1	nemotron-3-ultra-550b-a55b:free=name
бірқа	fragment			1	nemotron-3-ultra-550b-a55b:free=fragment
космонав	fragment			1	nemotron-3-ultra-550b-a55b:free=fragment
қалиха	fragment			1	nemotron-3-ultra-550b-a55b:free=fragment
мөһі	fragment			1	nemotron-3-ultra-550b-a55b:free=fragment
нұртаз	name			1	nemotron-3-ultra-550b-a55b:free=name
періза	name			1	nemotron-3-ultra-550b-a55b:free=name
реалис	foreign			1	nemotron-3-ultra-550b-a55b:free=foreign
тоқе	name			1	nemotron-3-ultra-550b-a55b:free=name
шәкіра	name			1	nemotron-3-ultra-550b-a55b:free=name
шынжа	fragment			1	nemotron-3-ultra-550b-a55b:free=fragment
ынтаз	fragment			1	nemotron-3-ultra-550b-a55b:free=fragment
биғай	name			1	nemotron-3-ultra-550b-a55b:free=name
гәуһ	fragment			1	nemotron-3-ultra-550b-a55b:free=fragment
нұрбер	name			1	nemotron-3-ultra-550b-a55b:free=name
ордынц	foreign			1	nemotron-3-ultra-550b-a55b:free=foreign
сыңс	fragment			1	nemotron-3-ultra-550b-a55b:free=fragment
тапжы	fragment			1	nemotron-3-ultra-550b-a55b:free=fragment
турфа	foreign			1	nemotron-3-ultra-550b-a55b:free=foreign
ханл	fragment			1	nemotron-3-ultra-550b-a55b:free=fragment
ақшұқы	fragment			1	nemotron-3-ultra-550b-a55b:free=fragment
алқ	fragment			1	nemotron-3-ultra-550b-a55b:free=fragment
артылт	fragment			1	nemotron-3-ultra-550b-a55b:free=fragment
жігітл	fragment			1	nemotron-3-ultra-550b-a55b:free=fragment
краснод	fragment			1	nemotron-3-ultra-550b-a55b:free=fragment
молқ	fragment			1	nemotron-3-ultra-550b-a55b:free=fragment
ориенталис	foreign			1	nemotron-3-ultra-550b-a55b:free=foreign
пәрма	fragment			1	nemotron-3-ultra-550b-a55b:free=fragment
тулп	word	тулп	n	1	nemotron-3-ultra-550b-a55b:free=word
үйріл	fragment			1	nemotron-3-ultra-550b-a55b:free=fragment
адамл	fragment			1	nemotron-3-ultra-550b-a55b:free=fragment
ақшолпа	fragment			1	nemotron-3-ultra-550b-a55b:free=fragment
жаум	fragment			1	nemotron-3-ultra-550b-a55b:free=fragment
жолбол	fragment			1	nemotron-3-ultra-550b-a55b:free=fragment
кербес	word	кербес	adj	1	nemotron-3-ultra-550b-a55b:free=word
қаныке	fragment			1	nemotron-3-ultra-550b-a55b:free=fragment
лоял	word	лоял	adj	1	nemotron-3-ultra-550b-a55b:free=word
масғұ	fragment			1	nemotron-3-ultra-550b-a55b:free=fragment
михайловн	fragment			1	nemotron-3-ultra-550b-a55b:free=fragment
сүйкек	word	сүйкек	adj	1	nemotron-3-ultra-550b-a55b:free=word
хазре	fragment			1	nemotron-3-ultra-550b-a55b:free=fragment
хонтай	fragment			1	nemotron-3-ultra-550b-a55b:free=fragment
әзбер	word	әзбер	n	1	nemotron-3-ultra-550b-a55b:free=word
бадахша	fragment			1	nemotron-3-ultra-550b-a55b:free=fragment
көкбес	word	көкбес	n	1	nemotron-3-ultra-550b-a55b:free=word
ұғл	fragment			1	nemotron-3-ultra-550b-a55b:free=fragment
шыг	fragment			1	nemotron-3-ultra-550b-a55b:free=fragment
ізті	fragment			1	nemotron-3-ultra-550b-a55b:free=fragment
атақоз	fragment			1	nemotron-3-ultra-550b-a55b:free=fragment
баянта	fragment			1	nemotron-3-ultra-550b-a55b:free=fragment
магжа	fragment			1	nemotron-3-ultra-550b-a55b:free=fragment
тоқтағ	fragment			1	nemotron-3-ultra-550b-a55b:free=fragment
шарттал	fragment			1	nemotron-3-ultra-550b-a55b:free=fragment
алиха	name			1	nemotron-3-ultra-550b-a55b:free=name
гуманис	fragment			1	nemotron-3-ultra-550b-a55b:free=fragment
көнт	fragment			1	nemotron-3-ultra-550b-a55b:free=fragment
кұры	fragment			1	nemotron-3-ultra-550b-a55b:free=fragment
қайыната	fragment			1	nemotron-3-ultra-550b-a55b:free=fragment
қиты	fragment			1	nemotron-3-ultra-550b-a55b:free=fragment
қоңтай	name			1	nemotron-3-ultra-550b-a55b:free=name
құлжаба	name			1	nemotron-3-ultra-550b-a55b:free=name
пысықс	fragment			1	nemotron-3-ultra-550b-a55b:free=fragment
пісірт	word	пісір	v	1	nemotron-3-ultra-550b-a55b:free=word
рәсімдел	fragment			1	nemotron-3-ultra-550b-a55b:free=fragment
сездірт	fragment			1	nemotron-3-ultra-550b-a55b:free=fragment
уко	fragment			1	nemotron-3-ultra-550b-a55b:free=fragment
үздіг	fragment			1	nemotron-3-ultra-550b-a55b:free=fragment
шатал	fragment			1	nemotron-3-ultra-550b-a55b:free=fragment
буддис	fragment			1	nemotron-3-ultra-550b-a55b:free=fragment
бүры	word	бүры	adj	1	nemotron-3-ultra-550b-a55b:free=word
дәулета	fragment			1	nemotron-3-ultra-550b-a55b:free=fragment
көкта	fragment			1	nemotron-3-ultra-550b-a55b:free=fragment
малтаб	fragment			1	nemotron-3-ultra-550b-a55b:free=fragment
пады	foreign			1	nemotron-3-ultra-550b-a55b:free=foreign
салл	fragment			1	nemotron-3-ultra-550b-a55b:free=fragment
утопис	fragment			1	nemotron-3-ultra-550b-a55b:free=fragment
шәрба	fragment			1	nemotron-3-ultra-550b-a55b:free=fragment
кұшағ	fragment			1	nemotron-3-ultra-550b-a55b:free=fragment
күма	fragment			1	nemotron-3-ultra-550b-a55b:free=fragment
нәла	fragment			1	nemotron-3-ultra-550b-a55b:free=fragment
панай	fragment			1	nemotron-3-ultra-550b-a55b:free=fragment
уші	foreign			1	nemotron-3-ultra-550b-a55b:free=foreign
шыңжа	fragment			1	nemotron-3-ultra-550b-a55b:free=fragment
балқанта	word	балқан	n	1	nemotron-3-ultra-550b-a55b:free=word
бұлдір	word	бұлдір	pron	1	nemotron-3-ultra-550b-a55b:free=word
бүктү	word	бүктеу	v	1	nemotron-3-ultra-550b-a55b:free=word
енбег	fragment			1	nemotron-3-ultra-550b-a55b:free=fragment
құлба	fragment			1	nemotron-3-ultra-550b-a55b:free=fragment
мағн	fragment			1	nemotron-3-ultra-550b-a55b:free=fragment
мырқ	fragment			1	nemotron-3-ultra-550b-a55b:free=fragment
рефлексив	foreign			1	nemotron-3-ultra-550b-a55b:free=foreign
тайло	fragment			1	nemotron-3-ultra-550b-a55b:free=fragment
ұлиты	foreign			1	nemotron-3-ultra-550b-a55b:free=foreign
ханек	name			1	nemotron-3-ultra-550b-a55b:free=name
экспрессив	word	экспрессив	n	1	nemotron-3-ultra-550b-a55b:free=word
ябғ	fragment			1	nemotron-3-ultra-550b-a55b:free=fragment
ақжа	word	ақжа	n	1	nemotron-3-ultra-550b-a55b:free=word
әбірж	fragment			1	nemotron-3-ultra-550b-a55b:free=fragment
бегл	fragment			1	nemotron-3-ultra-550b-a55b:free=fragment
донба	name			1	nemotron-3-ultra-550b-a55b:free=name
кәусә	fragment			1	nemotron-3-ultra-550b-a55b:free=fragment
қанжы	fragment			1	nemotron-3-ultra-550b-a55b:free=fragment
қарақоз	word	қарақоз	n	1	nemotron-3-ultra-550b-a55b:free=word
манжұ	fragment			1	nemotron-3-ultra-550b-a55b:free=fragment
мыңжа	fragment			1	nemotron-3-ultra-550b-a55b:free=fragment
нұрту	fragment			1	nemotron-3-ultra-550b-a55b:free=fragment
тілта	fragment			1	nemotron-3-ultra-550b-a55b:free=fragment
ұлту	word	ұлту	v	1	nemotron-3-ultra-550b-a55b:free=word
шүре	word	шүре	n	1	nemotron-3-ultra-550b-a55b:free=word
бердә	fragment			1	nemotron-3-ultra-550b-a55b:free=fragment
бержағ	fragment			1	nemotron-3-ultra-550b-a55b:free=fragment
жанл	fragment			1	nemotron-3-ultra-550b-a55b:free=fragment
жүмы	fragment			1	nemotron-3-ultra-550b-a55b:free=fragment
крайко	name			1	nemotron-3-ultra-550b-a55b:free=name
кұла	fragment			1	nemotron-3-ultra-550b-a55b:free=fragment
лма	fragment			1	nemotron-3-ultra-550b-a55b:free=fragment
мүсә	name			1	nemotron-3-ultra-550b-a55b:free=name
мырзайы	fragment			1	nemotron-3-ultra-550b-a55b:free=fragment
нұғыма	word	нұғыма	n	1	nemotron-3-ultra-550b-a55b:free=word
шариа	fragment			1	nemotron-3-ultra-550b-a55b:free=fragment
юнке	fragment			1	nemotron-3-ultra-550b-a55b:free=fragment
юрис	fragment			1	nemotron-3-ultra-550b-a55b:free=fragment
ақтот	fragment			1	nemotron-3-ultra-550b-a55b:free=fragment
вилья	name			1	nemotron-3-ultra-550b-a55b:free=name
гротес	fragment			1	nemotron-3-ultra-550b-a55b:free=fragment
интеллек	fragment			1	nemotron-3-ultra-550b-a55b:free=fragment
қасек	word	қасек	adj	1	nemotron-3-ultra-550b-a55b:free=word
отбас	word	отбас	n	1	nemotron-3-ultra-550b-a55b:free=word
пәсей	fragment			1	nemotron-3-ultra-550b-a55b:free=fragment
порм	fragment			1	nemotron-3-ultra-550b-a55b:free=fragment
сіб	fragment			1	nemotron-3-ultra-550b-a55b:free=fragment
таңғалт	fragment			1	nemotron-3-ultra-550b-a55b:free=fragment
тиға	fragment			1	nemotron-3-ultra-550b-a55b:free=fragment
тілмә	fragment			1	nemotron-3-ultra-550b-a55b:free=fragment
ақшаха	fragment			1	nemotron-3-ultra-550b-a55b:free=fragment
аплато	foreign			1	nemotron-3-ultra-550b-a55b:free=foreign
батыңқыра	fragment			1	nemotron-3-ultra-550b-a55b:free=fragment
бойұс	fragment			1	nemotron-3-ultra-550b-a55b:free=fragment
гүлбаһра	name			1	nemotron-3-ultra-550b-a55b:free=name
демья	fragment			1	nemotron-3-ultra-550b-a55b:free=fragment
ерента	fragment			1	nemotron-3-ultra-550b-a55b:free=fragment
көшбас	word	көшбас	n	1	nemotron-3-ultra-550b-a55b:free=word
күлша	word	күлша	n	1	nemotron-3-ultra-550b-a55b:free=word
мәмбетә	name	Мәмбет	n	1	nemotron-3-ultra-550b-a55b:free=name
һешбіре	fragment			1	nemotron-3-ultra-550b-a55b:free=fragment
шаншылт	word	шаншыл	adj	1	nemotron-3-ultra-550b-a55b:free=word
шко	foreign			1	nemotron-3-ultra-550b-a55b:free=foreign
ақбер	name	Ақбер	n	1	nemotron-3-ultra-550b-a55b:free=name
атеис	fragment			1	nemotron-3-ultra-550b-a55b:free=fragment
байтұрсынұл	name	Байтұрсынов	n	1	nemotron-3-ultra-550b-a55b:free=name
беғаз	fragment			1	nemotron-3-ultra-550b-a55b:free=fragment
жақсымбе	fragment			1	nemotron-3-ultra-550b-a55b:free=fragment
зерте	word	зерттеу	v	1	nemotron-3-ultra-550b-a55b:free=word
көкө	word	көк	n	1	nemotron-3-ultra-550b-a55b:free=word
көрұ	fragment			1	nemotron-3-ultra-550b-a55b:free=fragment
қөңі	word	қөңі	n	1	nemotron-3-ultra-550b-a55b:free=word
сакрал	word	сакрал	adj	1	nemotron-3-ultra-550b-a55b:free=word
салава	word	салава	n	1	nemotron-3-ultra-550b-a55b:free=word
сарыба	fragment			1	nemotron-3-ultra-550b-a55b:free=fragment
сейі	word	сейі	n	1	nemotron-3-ultra-550b-a55b:free=word
сипы	word	сипы	n	1	nemotron-3-ultra-550b-a55b:free=word
сүгірә	fragment			1	nemotron-3-ultra-550b-a55b:free=fragment
сыяқ	word	сыяқ	n	1	nemotron-3-ultra-550b-a55b:free=word
таксис	fragment			1	nemotron-3-ultra-550b-a55b:free=fragment
талпынт	fragment			1	nemotron-3-ultra-550b-a55b:free=fragment
тракторис	foreign			1	nemotron-3-ultra-550b-a55b:free=foreign
фадла	name			1	nemotron-3-ultra-550b-a55b:free=name
шахме	fragment			1	nemotron-3-ultra-550b-a55b:free=fragment
шегіл	word	шегіл	v	1	nemotron-3-ultra-550b-a55b:free=word
ақсоп	name			1	nemotron-3-ultra-550b-a55b:free=name
альпинис	fragment			1	nemotron-3-ultra-550b-a55b:free=fragment
әдһа	fragment			1	nemotron-3-ultra-550b-a55b:free=fragment
гисса	fragment			1	nemotron-3-ultra-550b-a55b:free=fragment
зено	fragment			1	nemotron-3-ultra-550b-a55b:free=fragment
кааб	fragment			1	nemotron-3-ultra-550b-a55b:free=fragment
қасыре	fragment			1	nemotron-3-ultra-550b-a55b:free=fragment
қосанж	fragment			1	nemotron-3-ultra-550b-a55b:free=fragment
мұқанұ	fragment			1	nemotron-3-ultra-550b-a55b:free=fragment
нойо	fragment			1	nemotron-3-ultra-550b-a55b:free=fragment
сиа	fragment			1	nemotron-3-ultra-550b-a55b:free=fragment
томпсо	fragment			1	nemotron-3-ultra-550b-a55b:free=fragment
ториты	foreign			1	nemotron-3-ultra-550b-a55b:free=foreign
төрегел	word	төрегел	adj	1	nemotron-3-ultra-550b-a55b:free=word
харо	fragment			1	nemotron-3-ultra-550b-a55b:free=fragment
ариа	fragment			1	nemotron-3-ultra-550b-a55b:free=fragment
дейтұ	fragment			1	nemotron-3-ultra-550b-a55b:free=fragment
елха	fragment			1	nemotron-3-ultra-550b-a55b:free=fragment
итже	fragment			1	nemotron-3-ultra-550b-a55b:free=fragment
кодтал	word	кодтау	v	1	nemotron-3-ultra-550b-a55b:free=word
көзл	fragment			1	nemotron-3-ultra-550b-a55b:free=fragment
көкмұ	fragment			1	nemotron-3-ultra-550b-a55b:free=fragment
күнтек	fragment			1	nemotron-3-ultra-550b-a55b:free=fragment
нылқ	fragment			1	nemotron-3-ultra-550b-a55b:free=fragment
пенже	word	пенже	n	1	nemotron-3-ultra-550b-a55b:free=word
петрбо	fragment			1	nemotron-3-ultra-550b-a55b:free=fragment
прето	fragment			1	nemotron-3-ultra-550b-a55b:free=fragment
пыты	fragment			1	nemotron-3-ultra-550b-a55b:free=fragment
реуіш	fragment			1	nemotron-3-ultra-550b-a55b:free=fragment
сәруә	word	сәруә	n	1	nemotron-3-ultra-550b-a55b:free=word
шеміш	fragment			1	nemotron-3-ultra-550b-a55b:free=fragment
шерғаз	name	Шергаз		1	nemotron-3-ultra-550b-a55b:free=name
ірб	fragment			1	nemotron-3-ultra-550b-a55b:free=fragment
акто	name			1	nemotron-3-ultra-550b-a55b:free=name
ақыме	fragment			1	nemotron-3-ultra-550b-a55b:free=fragment
баянжа	fragment			1	nemotron-3-ultra-550b-a55b:free=fragment
булг	fragment			1	nemotron-3-ultra-550b-a55b:free=fragment
дәуітә	fragment			1	nemotron-3-ultra-550b-a55b:free=fragment
қале	fragment			1	nemotron-3-ultra-550b-a55b:free=fragment
қаракемпі	fragment			1	nemotron-3-ultra-550b-a55b:free=fragment
қисы	fragment			1	nemotron-3-ultra-550b-a55b:free=fragment
құлназ	name			1	nemotron-3-ultra-550b-a55b:free=name
мің	word	миң	num	1	nemotron-3-ultra-550b-a55b:free=word
нұрә	fragment			1	nemotron-3-ultra-550b-a55b:free=fragment
өмірә	fragment			1	nemotron-3-ultra-550b-a55b:free=fragment
тақсыре	word	тақсыр	v	1	nemotron-3-ultra-550b-a55b:free=word
танбу	word	танбу	n	1	nemotron-3-ultra-550b-a55b:free=word
ханн	fragment			1	nemotron-3-ultra-550b-a55b:free=fragment
шонанұ	fragment			1	nemotron-3-ultra-550b-a55b:free=fragment
айтқаз	fragment			1	nemotron-3-ultra-550b-a55b:free=fragment
ақкү	fragment			1	nemotron-3-ultra-550b-a55b:free=fragment
ахме	fragment			1	nemotron-3-ultra-550b-a55b:free=fragment
әбжа	fragment			1	nemotron-3-ultra-550b-a55b:free=fragment
есназ	fragment			1	nemotron-3-ultra-550b-a55b:free=fragment
жыйнал	fragment			1	nemotron-3-ultra-550b-a55b:free=fragment
инстинк	fragment			1	nemotron-3-ultra-550b-a55b:free=fragment
ишта	fragment			1	nemotron-3-ultra-550b-a55b:free=fragment
көга	fragment			1	nemotron-3-ultra-550b-a55b:free=fragment
күнл	fragment			1	nemotron-3-ultra-550b-a55b:free=fragment
ландшаф	fragment			1	nemotron-3-ultra-550b-a55b:free=fragment
малқоз	fragment			1	nemotron-3-ultra-550b-a55b:free=fragment
микоя	fragment			1	nemotron-3-ultra-550b-a55b:free=fragment
өжек	word	өжек	adj	1	nemotron-3-ultra-550b-a55b:free=word
сәнжа	fragment			1	nemotron-3-ultra-550b-a55b:free=fragment
сиба	fragment			1	nemotron-3-ultra-550b-a55b:free=fragment
тақырыптал	fragment			1	nemotron-3-ultra-550b-a55b:free=fragment
төрета	fragment			1	nemotron-3-ultra-550b-a55b:free=fragment
уәждел	fragment			1	nemotron-3-ultra-550b-a55b:free=fragment
фарха	fragment			1	nemotron-3-ultra-550b-a55b:free=fragment
шонт	fragment			1	nemotron-3-ultra-550b-a55b:free=fragment
айқа	name			1	nemotron-3-ultra-550b-a55b:free=name
алдамж	fragment			1	nemotron-3-ultra-550b-a55b:free=fragment
артиллерис	unanswered			0	
бюрге	fragment			1	nemotron-3-ultra-550b-a55b:free=fragment
ганьс	foreign			1	nemotron-3-ultra-550b-a55b:free=foreign
дрез	fragment			1	nemotron-3-ultra-550b-a55b:free=fragment
жанбиб	name			1	nemotron-3-ultra-550b-a55b:free=name
жанж	fragment			1	nemotron-3-ultra-550b-a55b:free=fragment
живопис	fragment			1	nemotron-3-ultra-550b-a55b:free=fragment
кайн	fragment			1	nemotron-3-ultra-550b-a55b:free=fragment
қалмақа	fragment			1	nemotron-3-ultra-550b-a55b:free=fragment
қарасо	fragment			1	nemotron-3-ultra-550b-a55b:free=fragment
қарде	fragment			1	nemotron-3-ultra-550b-a55b:free=fragment
қаржа	fragment			1	nemotron-3-ultra-550b-a55b:free=fragment
қосбар	word	қосбар	adj	1	nemotron-3-ultra-550b-a55b:free=word
мирахо	name			1	nemotron-3-ultra-550b-a55b:free=name
мұғадж	fragment			1	nemotron-3-ultra-550b-a55b:free=fragment
орио	name			1	nemotron-3-ultra-550b-a55b:free=name
паро	fragment			1	nemotron-3-ultra-550b-a55b:free=fragment
сабалұ	fragment			1	nemotron-3-ultra-550b-a55b:free=fragment
сейда	name			1	nemotron-3-ultra-550b-a55b:free=name
суфис	fragment			1	nemotron-3-ultra-550b-a55b:free=fragment
тәмәмдал	fragment			1	nemotron-3-ultra-550b-a55b:free=fragment
төрә	fragment			1	nemotron-3-ultra-550b-a55b:free=fragment
тұщ	fragment			1	nemotron-3-ultra-550b-a55b:free=fragment
шифоне	foreign			1	nemotron-3-ultra-550b-a55b:free=foreign
авантюрис	fragment			1	nemotron-3-ultra-550b-a55b:free=fragment
атрап	fragment			1	nemotron-3-ultra-550b-a55b:free=fragment
байба	fragment			1	nemotron-3-ultra-550b-a55b:free=fragment
байырқ	fragment			1	nemotron-3-ultra-550b-a55b:free=fragment
бамс	fragment			1	nemotron-3-ultra-550b-a55b:free=fragment
барсха	fragment			1	nemotron-3-ultra-550b-a55b:free=fragment
бейк	fragment			1	nemotron-3-ultra-550b-a55b:free=fragment
егоровн	foreign			1	nemotron-3-ultra-550b-a55b:free=foreign
есқуа	fragment			1	nemotron-3-ultra-550b-a55b:free=fragment
жанғұ	fragment			1	nemotron-3-ultra-550b-a55b:free=fragment
көкса	fragment			1	nemotron-3-ultra-550b-a55b:free=fragment
кінара	fragment			1	nemotron-3-ultra-550b-a55b:free=fragment
қарақо	fragment			1	nemotron-3-ultra-550b-a55b:free=fragment
қатынс	fragment			1	nemotron-3-ultra-550b-a55b:free=fragment
қодек	foreign			1	nemotron-3-ultra-550b-a55b:free=foreign
қоңырта	fragment			1	nemotron-3-ultra-550b-a55b:free=fragment
лапла	foreign			1	nemotron-3-ultra-550b-a55b:free=foreign
малқ	fragment			1	nemotron-3-ultra-550b-a55b:free=fragment
мұтыл	fragment			1	nemotron-3-ultra-550b-a55b:free=fragment
огла	fragment			1	nemotron-3-ultra-550b-a55b:free=fragment
сарсе	foreign			1	nemotron-3-ultra-550b-a55b:free=foreign
срог	fragment			1	nemotron-3-ultra-550b-a55b:free=fragment
шалғ	fragment			1	nemotron-3-ultra-550b-a55b:free=fragment
ізле	fragment			1	nemotron-3-ultra-550b-a55b:free=fragment
ішта	fragment			1	nemotron-3-ultra-550b-a55b:free=fragment
айтал	name			1	nemotron-3-ultra-550b-a55b:free=name
аңқат	word	аңқат	adj	1	nemotron-3-ultra-550b-a55b:free=word
аспаһа	fragment			1	nemotron-3-ultra-550b-a55b:free=fragment
әбдірай	name			1	nemotron-3-ultra-550b-a55b:free=name
бегә	fragment			1	nemotron-3-ultra-550b-a55b:free=fragment
екіба	fragment			1	nemotron-3-ultra-550b-a55b:free=fragment
есб	fragment			1	nemotron-3-ultra-550b-a55b:free=fragment
жабғ	fragment			1	nemotron-3-ultra-550b-a55b:free=fragment
жемса	fragment			1	nemotron-3-ultra-550b-a55b:free=fragment
инструментт	fragment			1	nemotron-3-ultra-550b-a55b:free=fragment
кенорн	fragment			1	nemotron-3-ultra-550b-a55b:free=fragment
клапро	fragment			1	nemotron-3-ultra-550b-a55b:free=fragment
қанл	fragment			1	nemotron-3-ultra-550b-a55b:free=fragment
қасбо	fragment			1	nemotron-3-ultra-550b-a55b:free=fragment
қөр	fragment			1	nemotron-3-ultra-550b-a55b:free=fragment
қызыме	fragment			1	nemotron-3-ultra-550b-a55b:free=fragment
митин	fragment			1	nemotron-3-ultra-550b-a55b:free=fragment
мұсылманл	fragment			1	nemotron-3-ultra-550b-a55b:free=fragment
олты	fragment			1	nemotron-3-ultra-550b-a55b:free=fragment
проек	fragment			1	nemotron-3-ultra-550b-a55b:free=fragment
рецеп	fragment			1	nemotron-3-ultra-550b-a55b:free=fragment
сидо	fragment			1	nemotron-3-ultra-550b-a55b:free=fragment
таңерте	word	таңерте	adv	1	nemotron-3-ultra-550b-a55b:free=word
үшта	fragment			1	nemotron-3-ultra-550b-a55b:free=fragment
шта	fragment			1	nemotron-3-ultra-550b-a55b:free=fragment
ышқ	fragment			1	nemotron-3-ultra-550b-a55b:free=fragment
юлиа	foreign			1	nemotron-3-ultra-550b-a55b:free=foreign
әрха	fragment			1	nemotron-3-ultra-550b-a55b:free=fragment
байкі	fragment			1	nemotron-3-ultra-550b-a55b:free=fragment
боқба	fragment			1	nemotron-3-ultra-550b-a55b:free=fragment
бұя	word	бұяу	v	1	nemotron-3-ultra-550b-a55b:free=word
бірә	fragment			1	nemotron-3-ultra-550b-a55b:free=fragment
вейма	fragment			1	nemotron-3-ultra-550b-a55b:free=fragment
казақс	fragment			1	nemotron-3-ultra-550b-a55b:free=fragment
каторгі	foreign			1	nemotron-3-ultra-550b-a55b:free=foreign
каузал	fragment			1	nemotron-3-ultra-550b-a55b:free=fragment
кваке	foreign			1	nemotron-3-ultra-550b-a55b:free=foreign
критери	fragment			1	nemotron-3-ultra-550b-a55b:free=fragment
қәзі	fragment			1	nemotron-3-ultra-550b-a55b:free=fragment
құлманбе	name			1	nemotron-3-ultra-550b-a55b:free=name
медға	fragment			1	nemotron-3-ultra-550b-a55b:free=fragment
ментал	foreign			1	nemotron-3-ultra-550b-a55b:free=foreign
полюст	fragment			1	nemotron-3-ultra-550b-a55b:free=fragment
фев	foreign			1	nemotron-3-ultra-550b-a55b:free=foreign
гасто	fragment			1	nemotron-3-ultra-550b-a55b:free=fragment
елжа	word	елжа	adj	1	nemotron-3-ultra-550b-a55b:free=word
ешуақ	fragment			1	nemotron-3-ultra-550b-a55b:free=fragment
жаха	fragment			1	nemotron-3-ultra-550b-a55b:free=fragment
капе	word	капе	n	1	nemotron-3-ultra-550b-a55b:free=word
конфлик	fragment			1	nemotron-3-ultra-550b-a55b:free=fragment
көксұ	fragment			1	nemotron-3-ultra-550b-a55b:free=fragment
қоңыра	word	қоңыра	adj	1	nemotron-3-ultra-550b-a55b:free=word
лоя	word	лоя	n	1	nemotron-3-ultra-550b-a55b:free=word
мино	fragment			1	nemotron-3-ultra-550b-a55b:free=fragment
разме	fragment			1	nemotron-3-ultra-550b-a55b:free=fragment
сұқсұ	word	сұқсұ	adj	1	nemotron-3-ultra-550b-a55b:free=word
сценари	foreign			1	nemotron-3-ultra-550b-a55b:free=foreign
табжыл	fragment			1	nemotron-3-ultra-550b-a55b:free=fragment
таубұз	fragment			1	nemotron-3-ultra-550b-a55b:free=fragment
тұржа	fragment			1	nemotron-3-ultra-550b-a55b:free=fragment
шошынт	fragment			1	nemotron-3-ultra-550b-a55b:free=fragment
шұбара	fragment			1	nemotron-3-ultra-550b-a55b:free=fragment
шығал	fragment			1	nemotron-3-ultra-550b-a55b:free=fragment
ықтыя	fragment			1	nemotron-3-ultra-550b-a55b:free=fragment
ылағ	fragment			1	nemotron-3-ultra-550b-a55b:free=fragment
азх	fragment			1	nemotron-3-ultra-550b-a55b:free=fragment
алұ	fragment			1	nemotron-3-ultra-550b-a55b:free=fragment
әлімұл	fragment			1	nemotron-3-ultra-550b-a55b:free=fragment
басыбай	name	басыбай	n	1	nemotron-3-ultra-550b-a55b:free=name
бәдиғы	fragment			1	nemotron-3-ultra-550b-a55b:free=fragment
биназ	name	биназ	n	1	nemotron-3-ultra-550b-a55b:free=name
бөріба	name	бөріба	n	1	nemotron-3-ultra-550b-a55b:free=name
бұнл	fragment			1	nemotron-3-ultra-550b-a55b:free=fragment
гавриловн	foreign			1	nemotron-3-ultra-550b-a55b:free=foreign
дейү	word	дейу	v	1	nemotron-3-ultra-550b-a55b:free=word
елба	fragment			1	nemotron-3-ultra-550b-a55b:free=fragment
жаго	fragment			1	nemotron-3-ultra-550b-a55b:free=fragment
жанқұ	fragment			1	nemotron-3-ultra-550b-a55b:free=fragment
жиенә	fragment			1	nemotron-3-ultra-550b-a55b:free=fragment
көзбай	name	көзбай	n	1	nemotron-3-ultra-550b-a55b:free=name
көсемса	word	көсе	v	1	nemotron-3-ultra-550b-a55b:free=word
қабде	word	қаб	n	1	nemotron-3-ultra-550b-a55b:free=word
қабыле	fragment			1	nemotron-3-ultra-550b-a55b:free=fragment
қансұл	fragment			1	nemotron-3-ultra-550b-a55b:free=fragment
қаныше	fragment			1	nemotron-3-ultra-550b-a55b:free=fragment
құтжа	fragment			1	nemotron-3-ultra-550b-a55b:free=fragment
мемелеке	fragment			1	nemotron-3-ultra-550b-a55b:free=fragment
өздерінік	fragment			1	nemotron-3-ultra-550b-a55b:free=fragment
рба	foreign			1	nemotron-3-ultra-550b-a55b:free=foreign
самыра	name			1	nemotron-3-ultra-550b-a55b:free=name
сарто	fragment			1	nemotron-3-ultra-550b-a55b:free=fragment
сурыл	fragment			1	nemotron-3-ultra-550b-a55b:free=fragment
ұлықұ	fragment			1	nemotron-3-ultra-550b-a55b:free=fragment
хұнх	fragment			1	nemotron-3-ultra-550b-a55b:free=fragment
шеттел	word	шеттел	n	1	nemotron-3-ultra-550b-a55b:free=word
азимха	fragment			1	nemotron-3-ultra-550b-a55b:free=fragment
айре	fragment			1	nemotron-3-ultra-550b-a55b:free=fragment
андже	fragment			1	nemotron-3-ultra-550b-a55b:free=fragment
әбіржі	fragment			1	nemotron-3-ultra-550b-a55b:free=fragment
бекто	fragment			1	nemotron-3-ultra-550b-a55b:free=fragment
гүләнда	fragment			1	nemotron-3-ultra-550b-a55b:free=fragment
дасту	fragment			1	nemotron-3-ultra-550b-a55b:free=fragment
ефра	fragment			1	nemotron-3-ultra-550b-a55b:free=fragment
жайқатыл	fragment			1	nemotron-3-ultra-550b-a55b:free=fragment
игна	fragment			1	nemotron-3-ultra-550b-a55b:free=fragment
кайте	word	кайту	v	1	nemotron-3-ultra-550b-a55b:free=word
кұбыл	fragment			1	nemotron-3-ultra-550b-a55b:free=fragment
күңіре	word	күңіре	adj	1	nemotron-3-ultra-550b-a55b:free=word
құрл	fragment			1	nemotron-3-ultra-550b-a55b:free=fragment
лашке	foreign			1	nemotron-3-ultra-550b-a55b:free=foreign
ойжай	fragment			1	nemotron-3-ultra-550b-a55b:free=fragment
омі	fragment			1	nemotron-3-ultra-550b-a55b:free=fragment
өзл	fragment			1	nemotron-3-ultra-550b-a55b:free=fragment
өзтемі	fragment			1	nemotron-3-ultra-550b-a55b:free=fragment
пинда	foreign			1	nemotron-3-ultra-550b-a55b:free=foreign
пристан	foreign			1	nemotron-3-ultra-550b-a55b:free=foreign
сауке	fragment			1	nemotron-3-ultra-550b-a55b:free=fragment
сердә	foreign			1	nemotron-3-ultra-550b-a55b:free=foreign
сойе	word	сой	n	1	nemotron-3-ultra-550b-a55b:free=word
сүйі	word	сүйі	n	1	nemotron-3-ultra-550b-a55b:free=word
ұшығ	word	ұшығ	n	1	nemotron-3-ultra-550b-a55b:free=word
үлгеріл	word	үлгеру	v	1	nemotron-3-ultra-550b-a55b:free=word
хараз	fragment			1	nemotron-3-ultra-550b-a55b:free=fragment
шағда	word	шағда	n	1	nemotron-3-ultra-550b-a55b:free=word
шаңқа	word	шаң	n	1	nemotron-3-ultra-550b-a55b:free=word
айтұ	fragment			1	nemotron-3-ultra-550b-a55b:free=fragment
акк	fragment			1	nemotron-3-ultra-550b-a55b:free=fragment
аме	word	аме	post	1	nemotron-3-ultra-550b-a55b:free=word
антитез	fragment			1	nemotron-3-ultra-550b-a55b:free=fragment
байдік	word	байдік	n	1	nemotron-3-ultra-550b-a55b:free=word
байті	word	байт	n	1	nemotron-3-ultra-550b-a55b:free=word
башл	fragment			1	nemotron-3-ultra-550b-a55b:free=fragment
баяндү	fragment			1	nemotron-3-ultra-550b-a55b:free=fragment
белба	fragment			1	nemotron-3-ultra-550b-a55b:free=fragment
бента	fragment			1	nemotron-3-ultra-550b-a55b:free=fragment
боспо	fragment			1	nemotron-3-ultra-550b-a55b:free=fragment
гимназис	fragment			1	nemotron-3-ultra-550b-a55b:free=fragment
диюле	fragment			1	nemotron-3-ultra-550b-a55b:free=fragment
дұшпанл	fragment			1	nemotron-3-ultra-550b-a55b:free=fragment
есекмер	fragment			1	nemotron-3-ultra-550b-a55b:free=fragment
жанто	fragment			1	nemotron-3-ultra-550b-a55b:free=fragment
жарг	fragment			1	nemotron-3-ultra-550b-a55b:free=fragment
жасқұ	fragment			1	nemotron-3-ultra-550b-a55b:free=fragment
жүзл	fragment			1	nemotron-3-ultra-550b-a55b:free=fragment
заманл	fragment			1	nemotron-3-ultra-550b-a55b:free=fragment
ибраһ	fragment			1	nemotron-3-ultra-550b-a55b:free=fragment
кағ	fragment			1	nemotron-3-ultra-550b-a55b:free=fragment
келеа	fragment			1	nemotron-3-ultra-550b-a55b:free=fragment
кемба	fragment			1	nemotron-3-ultra-550b-a55b:free=fragment
концеп	fragment			1	nemotron-3-ultra-550b-a55b:free=fragment
кіріңкіре	fragment			1	nemotron-3-ultra-550b-a55b:free=fragment
қабылданыл	fragment			1	nemotron-3-ultra-550b-a55b:free=fragment
қарж	word	қарж	n	1	nemotron-3-ultra-550b-a55b:free=word
қел	fragment			1	nemotron-3-ultra-550b-a55b:free=fragment
қушоқ	fragment			1	nemotron-3-ultra-550b-a55b:free=fragment
лағ	word	лағ	n	1	nemotron-3-ultra-550b-a55b:free=word
мадра	fragment			1	nemotron-3-ultra-550b-a55b:free=fragment
майко	name			1	nemotron-3-ultra-550b-a55b:free=name
макбе	fragment			1	nemotron-3-ultra-550b-a55b:free=fragment
мәшіңке	word	мәшіңке	n	1	nemotron-3-ultra-550b-a55b:free=word
мұреке	word	мұреке	n	1	nemotron-3-ultra-550b-a55b:free=word
нұрба	name			1	nemotron-3-ultra-550b-a55b:free=name
релик	fragment			1	nemotron-3-ultra-550b-a55b:free=fragment
саршата	word	саршау	v	1	nemotron-3-ultra-550b-a55b:free=word
сәуке	word	сәуке	n	1	nemotron-3-ultra-550b-a55b:free=word
старшинда	fragment			1	nemotron-3-ultra-550b-a55b:free=fragment
теңле	fragment			1	nemotron-3-ultra-550b-a55b:free=fragment
түрғы	fragment			1	nemotron-3-ultra-550b-a55b:free=fragment
хайб	fragment			1	nemotron-3-ultra-550b-a55b:free=fragment
һайя	fragment			1	nemotron-3-ultra-550b-a55b:free=fragment
шиырыл	fragment			1	nemotron-3-ultra-550b-a55b:free=fragment
шоққай	fragment			1	nemotron-3-ultra-550b-a55b:free=fragment
штирн	fragment			1	nemotron-3-ultra-550b-a55b:free=fragment
эфо	fragment			1	nemotron-3-ultra-550b-a55b:free=fragment
айдарқа	fragment			1	nemotron-3-ultra-550b-a55b:free=fragment
айтуұ	fragment			1	nemotron-3-ultra-550b-a55b:free=fragment
ақзе	fragment			1	nemotron-3-ultra-550b-a55b:free=fragment
бабалықұ	fragment			1	nemotron-3-ultra-550b-a55b:free=fragment
байқада	word	байқа	n	1	nemotron-3-ultra-550b-a55b:free=word
бақбер	name			1	nemotron-3-ultra-550b-a55b:free=name
биса	name			1	nemotron-3-ultra-550b-a55b:free=name
болі	fragment			1	nemotron-3-ultra-550b-a55b:free=fragment
габдулл	fragment			1	nemotron-3-ultra-550b-a55b:free=fragment
госпитал	foreign			1	nemotron-3-ultra-550b-a55b:free=foreign
гэсэ	foreign			1	nemotron-3-ultra-550b-a55b:free=foreign
ғака	fragment			1	nemotron-3-ultra-550b-a55b:free=fragment
ғалымл	fragment			1	nemotron-3-ultra-550b-a55b:free=fragment
дунх	fragment			1	nemotron-3-ultra-550b-a55b:free=fragment
жолба	fragment			1	nemotron-3-ultra-550b-a55b:free=fragment
каді	name	Каді	n	1	nemotron-3-ultra-550b-a55b:free=name
князде	foreign			1	nemotron-3-ultra-550b-a55b:free=foreign
колө	fragment			1	nemotron-3-ultra-550b-a55b:free=fragment
көкез	word	көкез	adj	1	nemotron-3-ultra-550b-a55b:free=word
курда	fragment			1	nemotron-3-ultra-550b-a55b:free=fragment
кінәлә	fragment			1	nemotron-3-ultra-550b-a55b:free=fragment
қеңе	fragment			1	nemotron-3-ultra-550b-a55b:free=fragment
қуқана	fragment			1	nemotron-3-ultra-550b-a55b:free=fragment
материял	foreign			1	nemotron-3-ultra-550b-a55b:free=foreign
мәнек	fragment			1	nemotron-3-ultra-550b-a55b:free=fragment
нигилис	fragment			1	nemotron-3-ultra-550b-a55b:free=fragment
нұрғай	name			1	nemotron-3-ultra-550b-a55b:free=name
октавиа	name			1	nemotron-3-ultra-550b-a55b:free=name
өйе	fragment			1	nemotron-3-ultra-550b-a55b:free=fragment
өтебайұ	fragment			1	nemotron-3-ultra-550b-a55b:free=fragment
роялис	fragment			1	nemotron-3-ultra-550b-a55b:free=fragment
сәнуа	fragment			1	nemotron-3-ultra-550b-a55b:free=fragment
серіл	fragment			1	nemotron-3-ultra-550b-a55b:free=fragment
сөле	word	сөле	adj	1	nemotron-3-ultra-550b-a55b:free=word
тасб	fragment			1	nemotron-3-ultra-550b-a55b:free=fragment
тұрегел	fragment			1	nemotron-3-ultra-550b-a55b:free=fragment
тье	foreign			1	nemotron-3-ultra-550b-a55b:free=foreign
уолте	name			1	nemotron-3-ultra-550b-a55b:free=name
үмбетл	fragment			1	nemotron-3-ultra-550b-a55b:free=fragment
феодо	fragment			1	nemotron-3-ultra-550b-a55b:free=fragment
шабданұ	fragment			1	nemotron-3-ultra-550b-a55b:free=fragment
шаһарба	fragment			1	nemotron-3-ultra-550b-a55b:free=fragment
шәме	fragment			1	nemotron-3-ultra-550b-a55b:free=fragment
аббо	fragment			1	nemotron-3-ultra-550b-a55b:free=fragment
ақсү	name			1	nemotron-3-ultra-550b-a55b:free=name
алдаж	fragment			1	nemotron-3-ultra-550b-a55b:free=fragment
алтынба	name			1	nemotron-3-ultra-550b-a55b:free=name
анғарт	fragment			1	nemotron-3-ultra-550b-a55b:free=fragment
ахма	fragment			1	nemotron-3-ultra-550b-a55b:free=fragment
бағл	fragment			1	nemotron-3-ultra-550b-a55b:free=fragment
бригаді	foreign			1	nemotron-3-ultra-550b-a55b:free=foreign
дув	fragment			1	nemotron-3-ultra-550b-a55b:free=fragment
изми	fragment			1	nemotron-3-ultra-550b-a55b:free=fragment
ико	fragment			1	nemotron-3-ultra-550b-a55b:free=fragment
иркутскі	foreign			1	nemotron-3-ultra-550b-a55b:free=foreign
каража	name	Қаража	n	1	nemotron-3-ultra-550b-a55b:free=name
кли	fragment			1	nemotron-3-ultra-550b-a55b:free=fragment
көлтау	word	көлтау	n	1	nemotron-3-ultra-550b-a55b:free=word
креб	fragment			1	nemotron-3-ultra-550b-a55b:free=fragment
күздікү	fragment			1	nemotron-3-ultra-550b-a55b:free=fragment
күнха	fragment			1	nemotron-3-ultra-550b-a55b:free=fragment
күңірс	fragment			1	nemotron-3-ultra-550b-a55b:free=fragment
кісінік	fragment			1	nemotron-3-ultra-550b-a55b:free=fragment
қанбиб	fragment			1	nemotron-3-ultra-550b-a55b:free=fragment
қылза	fragment			1	nemotron-3-ultra-550b-a55b:free=fragment
лахо	fragment			1	nemotron-3-ultra-550b-a55b:free=fragment
левита	fragment			1	nemotron-3-ultra-550b-a55b:free=fragment
манку	fragment			1	nemotron-3-ultra-550b-a55b:free=fragment
методис	fragment			1	nemotron-3-ultra-550b-a55b:free=fragment
министі	fragment			1	nemotron-3-ultra-550b-a55b:free=fragment
монополис	fragment			1	nemotron-3-ultra-550b-a55b:free=fragment
мусо	fragment			1	nemotron-3-ultra-550b-a55b:free=fragment
нәуба	fragment			1	nemotron-3-ultra-550b-a55b:free=fragment
өгізта	word	өгізтау	v	1	nemotron-3-ultra-550b-a55b:free=word
перуа	fragment			1	nemotron-3-ultra-550b-a55b:free=fragment
романис	fragment			1	nemotron-3-ultra-550b-a55b:free=fragment
сарыке	name			1	nemotron-3-ultra-550b-a55b:free=name
сарықұ	fragment			1	nemotron-3-ultra-550b-a55b:free=fragment
себепл	fragment			1	nemotron-3-ultra-550b-a55b:free=fragment
себептел	fragment			1	nemotron-3-ultra-550b-a55b:free=fragment
сепи	fragment			1	nemotron-3-ultra-550b-a55b:free=fragment
сүзілт	fragment			1	nemotron-3-ultra-550b-a55b:free=fragment
тарза	fragment			1	nemotron-3-ultra-550b-a55b:free=fragment
туспе	word	тусыну	v	1	nemotron-3-ultra-550b-a55b:free=word
шамырық	word	шамырық	n	1	nemotron-3-ultra-550b-a55b:free=word
шарига	fragment			1	nemotron-3-ultra-550b-a55b:free=fragment
яфе	name			1	nemotron-3-ultra-550b-a55b:free=name
ағажү	fragment			1	nemotron-3-ultra-550b-a55b:free=fragment
айто	fragment			1	nemotron-3-ultra-550b-a55b:free=fragment
әржақ	fragment			1	nemotron-3-ultra-550b-a55b:free=fragment
барал	fragment			1	nemotron-3-ultra-550b-a55b:free=fragment
бәже	fragment			1	nemotron-3-ultra-550b-a55b:free=fragment
бүркітбайұ	fragment			1	nemotron-3-ultra-550b-a55b:free=fragment
геодезис	fragment			1	nemotron-3-ultra-550b-a55b:free=fragment
еркөк	fragment			1	nemotron-3-ultra-550b-a55b:free=fragment
жауырн	fragment			1	nemotron-3-ultra-550b-a55b:free=fragment
жераст	fragment			1	nemotron-3-ultra-550b-a55b:free=fragment
койта	fragment			1	nemotron-3-ultra-550b-a55b:free=fragment
кұбы	word	кұб	n	1	nemotron-3-ultra-550b-a55b:free=word
қазақтік	word	қазақтық	adj	1	nemotron-3-ultra-550b-a55b:free=word
қазанбұз	word	қазанбұз	n	1	nemotron-3-ultra-550b-a55b:free=word
қараа	fragment			1	nemotron-3-ultra-550b-a55b:free=fragment
қиі	word	қиі	adj	1	nemotron-3-ultra-550b-a55b:free=word
қызылқа	fragment			1	nemotron-3-ultra-550b-a55b:free=fragment
қызылші	word	қызылші	adj	1	nemotron-3-ultra-550b-a55b:free=word
лтипа	fragment			1	nemotron-3-ultra-550b-a55b:free=fragment
максималис	fragment			1	nemotron-3-ultra-550b-a55b:free=fragment
мәга	fragment			1	nemotron-3-ultra-550b-a55b:free=fragment
мәнж	fragment			1	nemotron-3-ultra-550b-a55b:free=fragment
модернис	fragment			1	nemotron-3-ultra-550b-a55b:free=fragment
нурта	name			1	nemotron-3-ultra-550b-a55b:free=name
өтегенұ	fragment			1	nemotron-3-ultra-550b-a55b:free=fragment
паркт	fragment			1	nemotron-3-ultra-550b-a55b:free=fragment
приа	fragment			1	nemotron-3-ultra-550b-a55b:free=fragment
саптая	fragment			1	nemotron-3-ultra-550b-a55b:free=fragment
суғын	fragment			1	nemotron-3-ultra-550b-a55b:free=fragment
судъя	foreign			1	nemotron-3-ultra-550b-a55b:free=foreign
төленг	fragment			1	nemotron-3-ultra-550b-a55b:free=fragment
тэрн	fragment			1	nemotron-3-ultra-550b-a55b:free=fragment
ұқша	fragment			1	nemotron-3-ultra-550b-a55b:free=fragment
феминис	fragment			1	nemotron-3-ultra-550b-a55b:free=fragment
шәнт	fragment			1	nemotron-3-ultra-550b-a55b:free=fragment
шыныра	fragment			1	nemotron-3-ultra-550b-a55b:free=fragment
ыхла	fragment			1	nemotron-3-ultra-550b-a55b:free=fragment
энциклопедис	fragment			1	nemotron-3-ultra-550b-a55b:free=fragment
эфе	fragment			1	nemotron-3-ultra-550b-a55b:free=fragment
аждаһ	fragment			1	nemotron-3-ultra-550b-a55b:free=fragment
айдах	fragment			1	nemotron-3-ultra-550b-a55b:free=fragment
әбуғалиұ	fragment			1	nemotron-3-ultra-550b-a55b:free=fragment
әпе	fragment			1	nemotron-3-ultra-550b-a55b:free=fragment
әса	fragment			1	nemotron-3-ultra-550b-a55b:free=fragment
батал	word	батал	adj	1	nemotron-3-ultra-550b-a55b:free=word
бауырма	word	бауырма	n	1	nemotron-3-ultra-550b-a55b:free=word
бейж	fragment			1	nemotron-3-ultra-550b-a55b:free=fragment
бозанш	fragment			1	nemotron-3-ultra-550b-a55b:free=fragment
елтеб	fragment			1	nemotron-3-ultra-550b-a55b:free=fragment
ермо	fragment			1	nemotron-3-ultra-550b-a55b:free=fragment
жаби	fragment			1	nemotron-3-ultra-550b-a55b:free=fragment
жансе	fragment			1	nemotron-3-ultra-550b-a55b:free=fragment
жәк	fragment			1	nemotron-3-ultra-550b-a55b:free=fragment
жылк	fragment			1	nemotron-3-ultra-550b-a55b:free=fragment
зоове	foreign			1	nemotron-3-ultra-550b-a55b:free=foreign
йара	fragment			1	nemotron-3-ultra-550b-a55b:free=fragment
керто	fragment			1	nemotron-3-ultra-550b-a55b:free=fragment
кыды	fragment			1	nemotron-3-ultra-550b-a55b:free=fragment
қанжу	word	қанжуу	v	1	nemotron-3-ultra-550b-a55b:free=word
қонтаж	word	қонтаж	n	1	nemotron-3-ultra-550b-a55b:free=word
қурыл	fragment			1	nemotron-3-ultra-550b-a55b:free=fragment
құлмә	fragment			1	nemotron-3-ultra-550b-a55b:free=fragment
мике	name			1	nemotron-3-ultra-550b-a55b:free=name
оппортунис	fragment			1	nemotron-3-ultra-550b-a55b:free=fragment
пәше	fragment			1	nemotron-3-ultra-550b-a55b:free=fragment
салто	word	салто	n	1	nemotron-3-ultra-550b-a55b:free=word
санатори	fragment			1	nemotron-3-ultra-550b-a55b:free=fragment
сарпалда	word	сарпалдау	v	1	nemotron-3-ultra-550b-a55b:free=word
сөнге	word	сөңгі	adj	1	nemotron-3-ultra-550b-a55b:free=word
тайто	name			1	nemotron-3-ultra-550b-a55b:free=name
ұрысс	fragment			1	nemotron-3-ultra-550b-a55b:free=fragment
ұшқ	fragment			1	nemotron-3-ultra-550b-a55b:free=fragment
хазіретл	fragment			1	nemotron-3-ultra-550b-a55b:free=fragment
ханте	name			1	nemotron-3-ultra-550b-a55b:free=name
ықс	fragment			1	nemotron-3-ultra-550b-a55b:free=fragment
іренж	fragment			1	nemotron-3-ultra-550b-a55b:free=fragment
абылха	name			1	nemotron-3-ultra-550b-a55b:free=name
айназ	name			1	nemotron-3-ultra-550b-a55b:free=name
ақжай	name			1	nemotron-3-ultra-550b-a55b:free=name
аласапыра	fragment			1	nemotron-3-ultra-550b-a55b:free=fragment
анно	foreign			1	nemotron-3-ultra-550b-a55b:free=foreign
арнұ	fragment			1	nemotron-3-ultra-550b-a55b:free=fragment
әтре	fragment			1	nemotron-3-ultra-550b-a55b:free=fragment
байпат	fragment			1	nemotron-3-ultra-550b-a55b:free=fragment
бәлніс	fragment			1	nemotron-3-ultra-550b-a55b:free=fragment
берб	fragment			1	nemotron-3-ultra-550b-a55b:free=fragment
биқа	fragment			1	nemotron-3-ultra-550b-a55b:free=fragment
битаб	fragment			1	nemotron-3-ultra-550b-a55b:free=fragment
болатұ	fragment			1	nemotron-3-ultra-550b-a55b:free=fragment
бұлұ	fragment			1	nemotron-3-ultra-550b-a55b:free=fragment
бүла	fragment			1	nemotron-3-ultra-550b-a55b:free=fragment
гильо	foreign			1	nemotron-3-ultra-550b-a55b:free=foreign
гүлхан	name			1	nemotron-3-ultra-550b-a55b:free=name
еңгіз	word	еңгізу	v	1	nemotron-3-ultra-550b-a55b:free=word
жидеке	word	жидек	adv	1	nemotron-3-ultra-550b-a55b:free=word
идиолек	fragment			1	nemotron-3-ultra-550b-a55b:free=fragment
интернационалис	fragment			1	nemotron-3-ultra-550b-a55b:free=fragment
конспек	fragment			1	nemotron-3-ultra-550b-a55b:free=fragment
корқ	fragment			1	nemotron-3-ultra-550b-a55b:free=fragment
көбента	fragment			1	nemotron-3-ultra-550b-a55b:free=fragment
кұрба	word	кұрба	adj	1	nemotron-3-ultra-550b-a55b:free=word
кұш	word	кұш	n	1	nemotron-3-ultra-550b-a55b:free=word
күнелті	word	күнелті	adj	1	nemotron-3-ultra-550b-a55b:free=word
ленинс	fragment			1	nemotron-3-ultra-550b-a55b:free=fragment
магистрал	fragment			1	nemotron-3-ultra-550b-a55b:free=fragment
майқай	fragment			1	nemotron-3-ultra-550b-a55b:free=fragment
мауля	name			1	nemotron-3-ultra-550b-a55b:free=name
мауыз	fragment			1	nemotron-3-ultra-550b-a55b:free=fragment
мәдә	fragment			1	nemotron-3-ultra-550b-a55b:free=fragment
мәрма	fragment			1	nemotron-3-ultra-550b-a55b:free=fragment
мырзаке	name			1	nemotron-3-ultra-550b-a55b:free=name
нәсе	word	нәсе	n	1	nemotron-3-ultra-550b-a55b:free=word
өтә	word	өту	v	1	nemotron-3-ultra-550b-a55b:free=word
рахме	fragment			1	nemotron-3-ultra-550b-a55b:free=fragment
сәнс	fragment			1	nemotron-3-ultra-550b-a55b:free=fragment
сәпе	word	сәпе	n	1	nemotron-3-ultra-550b-a55b:free=word
сербе	fragment			1	nemotron-3-ultra-550b-a55b:free=fragment
тайж	fragment			1	nemotron-3-ultra-550b-a55b:free=fragment
тафси	fragment			1	nemotron-3-ultra-550b-a55b:free=fragment
ташл	fragment			1	nemotron-3-ultra-550b-a55b:free=fragment
террорис	fragment			1	nemotron-3-ultra-550b-a55b:free=fragment
түрма	word	түрма	n	1	nemotron-3-ultra-550b-a55b:free=word
тірікл	fragment			1	nemotron-3-ultra-550b-a55b:free=fragment
урарт	name			1	nemotron-3-ultra-550b-a55b:free=name
филис	name			1	nemotron-3-ultra-550b-a55b:free=name
формал	fragment			1	nemotron-3-ultra-550b-a55b:free=fragment
хиша	fragment			1	nemotron-3-ultra-550b-a55b:free=fragment
шолт	fragment			1	nemotron-3-ultra-550b-a55b:free=fragment
ықл	fragment			1	nemotron-3-ultra-550b-a55b:free=fragment
энтузиас	fragment			1	nemotron-3-ultra-550b-a55b:free=fragment
ақнұ	fragment			1	nemotron-3-ultra-550b-a55b:free=fragment
апана	fragment			1	nemotron-3-ultra-550b-a55b:free=fragment
апполо	name			1	nemotron-3-ultra-550b-a55b:free=name
апс	word	апс	abbr	1	nemotron-3-ultra-550b-a55b:free=word
әубас	fragment			1	nemotron-3-ultra-550b-a55b:free=fragment
әшімбайұ	fragment			1	nemotron-3-ultra-550b-a55b:free=fragment
бекба	name			1	nemotron-3-ultra-550b-a55b:free=name
бекл	fragment			1	nemotron-3-ultra-550b-a55b:free=fragment
биа	fragment			1	nemotron-3-ultra-550b-a55b:free=fragment
бойн	fragment			1	nemotron-3-ultra-550b-a55b:free=fragment
бұяғ	word	бұяғ	n	1	nemotron-3-ultra-550b-a55b:free=word
гүлфа	name			1	nemotron-3-ultra-550b-a55b:free=name
дескейр	fragment			1	nemotron-3-ultra-550b-a55b:free=fragment
ежігел	word	ежігу	v	1	nemotron-3-ultra-550b-a55b:free=word
зақұ	fragment			1	nemotron-3-ultra-550b-a55b:free=fragment
иғла	word	иғла	n	1	nemotron-3-ultra-550b-a55b:free=word
изве	foreign			1	nemotron-3-ultra-550b-a55b:free=foreign
ильха	name			1	nemotron-3-ultra-550b-a55b:free=name
командо	foreign			1	nemotron-3-ultra-550b-a55b:free=foreign
кочега	foreign			1	nemotron-3-ultra-550b-a55b:free=foreign
күлбарш	name			1	nemotron-3-ultra-550b-a55b:free=name
қанке	fragment			1	nemotron-3-ultra-550b-a55b:free=fragment
мато	foreign			1	nemotron-3-ultra-550b-a55b:free=foreign
мәжеке	word	мәжеке	adj	1	nemotron-3-ultra-550b-a55b:free=word
мәкә	fragment			1	nemotron-3-ultra-550b-a55b:free=fragment
миқа	fragment			1	nemotron-3-ultra-550b-a55b:free=fragment
мүшірікл	fragment			1	nemotron-3-ultra-550b-a55b:free=fragment
мыты	word	мыты	n	1	nemotron-3-ultra-550b-a55b:free=word
наданл	fragment			1	nemotron-3-ultra-550b-a55b:free=fragment
наубах	fragment			1	nemotron-3-ultra-550b-a55b:free=fragment
нәсеке	word	нәсеке	n	1	nemotron-3-ultra-550b-a55b:free=word
ниеттел	fragment			1	nemotron-3-ultra-550b-a55b:free=fragment
ноғайт	fragment			1	nemotron-3-ultra-550b-a55b:free=fragment
олқ	fragment			1	nemotron-3-ultra-550b-a55b:free=fragment
осте	fragment			1	nemotron-3-ultra-550b-a55b:free=fragment
патшай	fragment			1	nemotron-3-ultra-550b-a55b:free=fragment
рбая	fragment			1	nemotron-3-ultra-550b-a55b:free=fragment
сави	name			1	nemotron-3-ultra-550b-a55b:free=name
сәла	fragment			1	nemotron-3-ultra-550b-a55b:free=fragment
слоте	foreign			1	nemotron-3-ultra-550b-a55b:free=foreign
стеллаж	word	стеллаж	n	1	nemotron-3-ultra-550b-a55b:free=word
степановн	fragment			1	nemotron-3-ultra-550b-a55b:free=fragment
тағд	fragment			1	nemotron-3-ultra-550b-a55b:free=fragment
токса	fragment			1	nemotron-3-ultra-550b-a55b:free=fragment
тоқсұл	fragment			1	nemotron-3-ultra-550b-a55b:free=fragment
төрекел	fragment			1	nemotron-3-ultra-550b-a55b:free=fragment
тыққ	fragment			1	nemotron-3-ultra-550b-a55b:free=fragment
үйқа	fragment			1	nemotron-3-ultra-550b-a55b:free=fragment
циф	fragment			1	nemotron-3-ultra-550b-a55b:free=fragment
шайза	foreign			1	nemotron-3-ultra-550b-a55b:free=foreign
шамха	name			1	nemotron-3-ultra-550b-a55b:free=name
айрылт	word	айрылт	n	1	nemotron-3-ultra-550b-a55b:free=word
аққайра	word	аққайра	n	1	nemotron-3-ultra-550b-a55b:free=word
алысыл	word	алысыл	adj	1	nemotron-3-ultra-550b-a55b:free=word
асқарта	word	асқарта	v	1	nemotron-3-ultra-550b-a55b:free=word
асуа	fragment			1	nemotron-3-ultra-550b-a55b:free=fragment
атг	fragment			1	nemotron-3-ultra-550b-a55b:free=fragment
әбдә	fragment			1	nemotron-3-ultra-550b-a55b:free=fragment
әлбаты	fragment			1	nemotron-3-ultra-550b-a55b:free=fragment
әусе	fragment			1	nemotron-3-ultra-550b-a55b:free=fragment
балж	fragment			1	nemotron-3-ultra-550b-a55b:free=fragment
бекұ	fragment			1	nemotron-3-ultra-550b-a55b:free=fragment
бюто	foreign			1	nemotron-3-ultra-550b-a55b:free=foreign
ведомоство	foreign			1	nemotron-3-ultra-550b-a55b:free=foreign
горко	foreign			1	nemotron-3-ultra-550b-a55b:free=foreign
ғаріпл	fragment			1	nemotron-3-ultra-550b-a55b:free=fragment
делб	fragment			1	nemotron-3-ultra-550b-a55b:free=fragment
елегзі	fragment			1	nemotron-3-ultra-550b-a55b:free=fragment
жабба	fragment			1	nemotron-3-ultra-550b-a55b:free=fragment
жамағатл	fragment			1	nemotron-3-ultra-550b-a55b:free=fragment
жанқұт	name	Жанқұт	n	1	nemotron-3-ultra-550b-a55b:free=name
жарта	word	жарту	v	1	nemotron-3-ultra-550b-a55b:free=word
жолтаб	fragment			1	nemotron-3-ultra-550b-a55b:free=fragment
жылам	fragment			1	nemotron-3-ultra-550b-a55b:free=fragment
зұлыма	fragment			1	nemotron-3-ultra-550b-a55b:free=fragment
иріл	fragment			1	nemotron-3-ultra-550b-a55b:free=fragment
казе	fragment			1	nemotron-3-ultra-550b-a55b:free=fragment
камело	fragment			1	nemotron-3-ultra-550b-a55b:free=fragment
кәрта	fragment			1	nemotron-3-ultra-550b-a55b:free=fragment
киноө	fragment			1	nemotron-3-ultra-550b-a55b:free=fragment
көлжұ	fragment			1	nemotron-3-ultra-550b-a55b:free=fragment
көргенл	fragment			1	nemotron-3-ultra-550b-a55b:free=fragment
көрпіл	fragment			1	nemotron-3-ultra-550b-a55b:free=fragment
көтерліс	word	көтеріліс	n	1	nemotron-3-ultra-550b-a55b:free=word
красноярскі	foreign			1	nemotron-3-ultra-550b-a55b:free=foreign
куми	name	Коми	n	1	nemotron-3-ultra-550b-a55b:free=name
күңре	fragment			1	nemotron-3-ultra-550b-a55b:free=fragment
күшә	fragment			1	nemotron-3-ultra-550b-a55b:free=fragment
қайбырт	fragment			1	nemotron-3-ultra-550b-a55b:free=fragment
қардашл	fragment			1	nemotron-3-ultra-550b-a55b:free=fragment
қорж	fragment			1	nemotron-3-ultra-550b-a55b:free=fragment
құбақұ	fragment			1	nemotron-3-ultra-550b-a55b:free=fragment
қүра	fragment			1	nemotron-3-ultra-550b-a55b:free=fragment
майта	name	Майта	n	1	nemotron-3-ultra-550b-a55b:free=name
мәнік	fragment			1	nemotron-3-ultra-550b-a55b:free=fragment
мойынұ	fragment			1	nemotron-3-ultra-550b-a55b:free=fragment
мұхтарта	fragment			1	nemotron-3-ultra-550b-a55b:free=fragment
мүпта	fragment			1	nemotron-3-ultra-550b-a55b:free=fragment
мырзақа	fragment			1	nemotron-3-ultra-550b-a55b:free=fragment
озғ	fragment			1	nemotron-3-ultra-550b-a55b:free=fragment
ойқа	fragment			1	nemotron-3-ultra-550b-a55b:free=fragment
ордаба	fragment			1	nemotron-3-ultra-550b-a55b:free=fragment
пианис	fragment			1	nemotron-3-ultra-550b-a55b:free=fragment
президум	fragment			1	nemotron-3-ultra-550b-a55b:free=fragment
ржақ	word	ржақ	adj	1	nemotron-3-ultra-550b-a55b:free=word
сазбал	fragment			1	nemotron-3-ultra-550b-a55b:free=fragment
самне	fragment			1	nemotron-3-ultra-550b-a55b:free=fragment
санжа	fragment			1	nemotron-3-ultra-550b-a55b:free=fragment
сбо	fragment			1	nemotron-3-ultra-550b-a55b:free=fragment
сценарис	foreign			1	nemotron-3-ultra-550b-a55b:free=foreign
тонл	fragment			1	nemotron-3-ultra-550b-a55b:free=fragment
төменшек	word	төменшек	n	1	nemotron-3-ultra-550b-a55b:free=word
төнкеріл	fragment			1	nemotron-3-ultra-550b-a55b:free=fragment
түйсініл	fragment			1	nemotron-3-ultra-550b-a55b:free=fragment
үрү	word	үрү	n	1	nemotron-3-ultra-550b-a55b:free=word
фундаменталис	foreign			1	nemotron-3-ultra-550b-a55b:free=foreign
һүн	fragment			1	nemotron-3-ultra-550b-a55b:free=fragment
шәрбе	word	шәрбе	n	1	nemotron-3-ultra-550b-a55b:free=word
шүліңгі	fragment			1	nemotron-3-ultra-550b-a55b:free=fragment
шыс	word	шыс	n	1	nemotron-3-ultra-550b-a55b:free=word
эпи	fragment			1	nemotron-3-ultra-550b-a55b:free=fragment
айырғақ	word	айырғақ	n	1	nemotron-3-ultra-550b-a55b:free=word
аққ	fragment			1	nemotron-3-ultra-550b-a55b:free=fragment
аққола	name	Аққола	n	1	nemotron-3-ultra-550b-a55b:free=name
алқұ	fragment			1	nemotron-3-ultra-550b-a55b:free=fragment
алтайта	name	Алтай	n	1	nemotron-3-ultra-550b-a55b:free=name
алтыш	fragment			1	nemotron-3-ultra-550b-a55b:free=fragment
әлмаге	fragment			1	nemotron-3-ultra-550b-a55b:free=fragment
әлімжет	fragment			1	nemotron-3-ultra-550b-a55b:free=fragment
баптис	fragment			1	nemotron-3-ultra-550b-a55b:free=fragment
барұ	fragment			1	nemotron-3-ultra-550b-a55b:free=fragment
баске	fragment			1	nemotron-3-ultra-550b-a55b:free=fragment
бассей	fragment			1	nemotron-3-ultra-550b-a55b:free=fragment
бекә	fragment			1	nemotron-3-ultra-550b-a55b:free=fragment
берә	fragment			1	nemotron-3-ultra-550b-a55b:free=fragment
бисеке	fragment			1	nemotron-3-ultra-550b-a55b:free=fragment
бүзыл	fragment			1	nemotron-3-ultra-550b-a55b:free=fragment
варияция	foreign			1	nemotron-3-ultra-550b-a55b:free=foreign
газн	fragment			1	nemotron-3-ultra-550b-a55b:free=fragment
гүлда	fragment			1	nemotron-3-ultra-550b-a55b:free=fragment
гүлшаһ	fragment			1	nemotron-3-ultra-550b-a55b:free=fragment
ғазизла	fragment			1	nemotron-3-ultra-550b-a55b:free=fragment
ғиззатл	fragment			1	nemotron-3-ultra-550b-a55b:free=fragment
дымбіл	fragment			1	nemotron-3-ultra-550b-a55b:free=fragment
жерша	word	жерша	n	1	nemotron-3-ultra-550b-a55b:free=word
жүзағаш	fragment			1	nemotron-3-ultra-550b-a55b:free=fragment
жүмса	fragment			1	nemotron-3-ultra-550b-a55b:free=fragment
жылқ	fragment			1	nemotron-3-ultra-550b-a55b:free=fragment
залымл	fragment			1	nemotron-3-ultra-550b-a55b:free=fragment
иафе	foreign			1	nemotron-3-ultra-550b-a55b:free=foreign
ишеке	fragment			1	nemotron-3-ultra-550b-a55b:free=fragment
йті	fragment			1	nemotron-3-ultra-550b-a55b:free=fragment
каһарма	fragment			1	nemotron-3-ultra-550b-a55b:free=fragment
кәріта	fragment			1	nemotron-3-ultra-550b-a55b:free=fragment
колонис	fragment			1	nemotron-3-ultra-550b-a55b:free=fragment
коңыра	fragment			1	nemotron-3-ultra-550b-a55b:free=fragment
көгү	fragment			1	nemotron-3-ultra-550b-a55b:free=fragment
көрікл	fragment			1	nemotron-3-ultra-550b-a55b:free=fragment
куәлә	fragment			1	nemotron-3-ultra-550b-a55b:free=fragment
күла	fragment			1	nemotron-3-ultra-550b-a55b:free=fragment
қанжауғы	word	қанжау	adj	1	nemotron-3-ultra-550b-a55b:free=word
қарашә	fragment			1	nemotron-3-ultra-550b-a55b:free=fragment
қатынл	fragment			1	nemotron-3-ultra-550b-a55b:free=fragment
қауһ	fragment			1	nemotron-3-ultra-550b-a55b:free=fragment
қипат	fragment			1	nemotron-3-ultra-550b-a55b:free=fragment
қолқаб	fragment			1	nemotron-3-ultra-550b-a55b:free=fragment
қосту	fragment			1	nemotron-3-ultra-550b-a55b:free=fragment
лха	foreign			1	nemotron-3-ultra-550b-a55b:free=foreign
матре	fragment			1	nemotron-3-ultra-550b-a55b:free=fragment
моис	fragment			1	nemotron-3-ultra-550b-a55b:free=fragment
мүдда	fragment			1	nemotron-3-ultra-550b-a55b:free=fragment
мүмінл	fragment			1	nemotron-3-ultra-550b-a55b:free=fragment
нела	name			1	nemotron-3-ultra-550b-a55b:free=name
ойлам	word	ойлау	v	1	nemotron-3-ultra-550b-a55b:free=word
өңдір	fragment			1	nemotron-3-ultra-550b-a55b:free=fragment
өрта	word	өрта	n	1	nemotron-3-ultra-550b-a55b:free=word
періш	fragment			1	nemotron-3-ultra-550b-a55b:free=fragment
полифе	fragment			1	nemotron-3-ultra-550b-a55b:free=fragment
сарайба	fragment			1	nemotron-3-ultra-550b-a55b:free=fragment
скипе	fragment			1	nemotron-3-ultra-550b-a55b:free=fragment
сужұқ	word	сужұқ	adj	1	nemotron-3-ultra-550b-a55b:free=word
сықы	word	сықы	adj	1	nemotron-3-ultra-550b-a55b:free=word
тайба	word	тайба	n	1	nemotron-3-ultra-550b-a55b:free=word
тобольскі	foreign			1	nemotron-3-ultra-550b-a55b:free=foreign
тональ	word	тональ	adj	1	nemotron-3-ultra-550b-a55b:free=word
туғра	word	туғра	adj	1	nemotron-3-ultra-550b-a55b:free=word
тусі	fragment			1	nemotron-3-ultra-550b-a55b:free=fragment
тысқ	fragment			1	nemotron-3-ultra-550b-a55b:free=fragment
үндел	word	үндел	v	1	nemotron-3-ultra-550b-a55b:free=word
үңгірта	fragment			1	nemotron-3-ultra-550b-a55b:free=fragment
үңі	fragment			1	nemotron-3-ultra-550b-a55b:free=fragment
хатиры	foreign			1	nemotron-3-ultra-550b-a55b:free=foreign
хәрп	fragment			1	nemotron-3-ultra-550b-a55b:free=fragment
һамр	fragment			1	nemotron-3-ultra-550b-a55b:free=fragment
һая	fragment			1	nemotron-3-ultra-550b-a55b:free=fragment
һешқайс	fragment			1	nemotron-3-ultra-550b-a55b:free=fragment
шамсу	name			1	nemotron-3-ultra-550b-a55b:free=name
шамұра	fragment			1	nemotron-3-ultra-550b-a55b:free=fragment
ширы	fragment			1	nemotron-3-ultra-550b-a55b:free=fragment
шоңке	word	шоңке	adv	1	nemotron-3-ultra-550b-a55b:free=word
щығ	foreign			1	nemotron-3-ultra-550b-a55b:free=foreign
эде	fragment			1	nemotron-3-ultra-550b-a55b:free=fragment
эро	foreign			1	nemotron-3-ultra-550b-a55b:free=foreign
арақа	word	арақа	n	1	nemotron-3-ultra-550b-a55b:free=word
аяққұ	fragment			1	nemotron-3-ultra-550b-a55b:free=fragment
әули	fragment			1	nemotron-3-ultra-550b-a55b:free=fragment
борқ	fragment			1	nemotron-3-ultra-550b-a55b:free=fragment
бірбі	fragment			1	nemotron-3-ultra-550b-a55b:free=fragment
гени	foreign			1	nemotron-3-ultra-550b-a55b:free=foreign
грамматис	fragment			1	nemotron-3-ultra-550b-a55b:free=fragment
гүлжаһ	name			1	nemotron-3-ultra-550b-a55b:free=name
ғаба	fragment			1	nemotron-3-ultra-550b-a55b:free=fragment
ғажда	foreign			1	nemotron-3-ultra-550b-a55b:free=foreign
дұғ	fragment			1	nemotron-3-ultra-550b-a55b:free=fragment
еренл	fragment			1	nemotron-3-ultra-550b-a55b:free=fragment
ехла	fragment			1	nemotron-3-ultra-550b-a55b:free=fragment
жайта	fragment			1	nemotron-3-ultra-550b-a55b:free=fragment
жаслық	word	жаслық	n	1	nemotron-3-ultra-550b-a55b:free=word
жұбайұ	fragment			1	nemotron-3-ultra-550b-a55b:free=fragment
жыд	fragment			1	nemotron-3-ultra-550b-a55b:free=fragment
зорек	foreign			1	nemotron-3-ultra-550b-a55b:free=foreign
йафе	fragment			1	nemotron-3-ultra-550b-a55b:free=fragment
йығл	fragment			1	nemotron-3-ultra-550b-a55b:free=fragment
карьерис	fragment			1	nemotron-3-ultra-550b-a55b:free=fragment
кафф	fragment			1	nemotron-3-ultra-550b-a55b:free=fragment
кеужі	fragment			1	nemotron-3-ultra-550b-a55b:free=fragment
кинематографис	fragment			1	nemotron-3-ultra-550b-a55b:free=fragment
киіні	fragment			1	nemotron-3-ultra-550b-a55b:free=fragment
кұша	word	кұшу	v	1	nemotron-3-ultra-550b-a55b:free=word
кімл	fragment			1	nemotron-3-ultra-550b-a55b:free=fragment
қабылданы	word	қабылдану	v	1	nemotron-3-ultra-550b-a55b:free=word
қалж	fragment			1	nemotron-3-ultra-550b-a55b:free=fragment
қалжын	fragment			1	nemotron-3-ultra-550b-a55b:free=fragment
қаске	fragment			1	nemotron-3-ultra-550b-a55b:free=fragment
қонж	fragment			1	nemotron-3-ultra-550b-a55b:free=fragment
қосе	fragment			1	nemotron-3-ultra-550b-a55b:free=fragment
қосқор	word	қосқор	adj	1	nemotron-3-ultra-550b-a55b:free=word
құрб	fragment			1	nemotron-3-ultra-550b-a55b:free=fragment
қүры	fragment			1	nemotron-3-ultra-550b-a55b:free=fragment
қыйна	fragment			1	nemotron-3-ultra-550b-a55b:free=fragment
қылдырт	word	қылдыру	v	1	nemotron-3-ultra-550b-a55b:free=word
лауфе	fragment			1	nemotron-3-ultra-550b-a55b:free=fragment
ленгі	fragment			1	nemotron-3-ultra-550b-a55b:free=fragment
майсу	word	майсу	n	1	nemotron-3-ultra-550b-a55b:free=word
малл	foreign			1	nemotron-3-ultra-550b-a55b:free=foreign
манз	fragment			1	nemotron-3-ultra-550b-a55b:free=fragment
мапаш	fragment			1	nemotron-3-ultra-550b-a55b:free=fragment
махка	word	махка	n	1	nemotron-3-ultra-550b-a55b:free=word
махре	foreign			1	nemotron-3-ultra-550b-a55b:free=foreign
монад	foreign			1	nemotron-3-ultra-550b-a55b:free=foreign
найзаке	word	найзак	n	1	nemotron-3-ultra-550b-a55b:free=word
неқыл	fragment			1	nemotron-3-ultra-550b-a55b:free=fragment
нұртө	fragment			1	nemotron-3-ultra-550b-a55b:free=fragment
озде	fragment			1	nemotron-3-ultra-550b-a55b:free=fragment
оркесті	fragment			1	nemotron-3-ultra-550b-a55b:free=fragment
отғы	fragment			1	nemotron-3-ultra-550b-a55b:free=fragment
өбіл	word	өбіл	adj	1	nemotron-3-ultra-550b-a55b:free=word
пыша	foreign			1	nemotron-3-ultra-550b-a55b:free=foreign
ріг	word	ріг	n	1	nemotron-3-ultra-550b-a55b:free=word
самарка	word	самарка	n	1	nemotron-3-ultra-550b-a55b:free=word
сиғы	word	сиғу	v	1	nemotron-3-ultra-550b-a55b:free=word
сұлтанха	fragment			1	nemotron-3-ultra-550b-a55b:free=fragment
тайрыл	fragment			1	nemotron-3-ultra-550b-a55b:free=fragment
термидо	foreign			1	nemotron-3-ultra-550b-a55b:free=foreign
түйсіг	fragment			1	nemotron-3-ultra-550b-a55b:free=fragment
тықұ	fragment			1	nemotron-3-ultra-550b-a55b:free=fragment
үйы	word	үй	n	1	nemotron-3-ultra-550b-a55b:free=word
хаюа	fragment			1	nemotron-3-ultra-550b-a55b:free=fragment
цеза	foreign			1	nemotron-3-ultra-550b-a55b:free=foreign
шалжа	fragment			1	nemotron-3-ultra-550b-a55b:free=fragment
шаңла	word	шаңлау	v	1	nemotron-3-ultra-550b-a55b:free=word
шүңгі	word	шүңгі	adj	1	nemotron-3-ultra-550b-a55b:free=word
ілімг	fragment			1	nemotron-3-ultra-550b-a55b:free=fragment
элю	fragment			1	nemotron-3-ultra-550b-a55b:free=fragment
алдарт	fragment			1	nemotron-3-ultra-550b-a55b:free=fragment
аманса	fragment			1	nemotron-3-ultra-550b-a55b:free=fragment
арасла	fragment			1	nemotron-3-ultra-550b-a55b:free=fragment
аяг	fragment			1	nemotron-3-ultra-550b-a55b:free=fragment
әбсәтта	fragment			1	nemotron-3-ultra-550b-a55b:free=fragment
әбілаха	fragment			1	nemotron-3-ultra-550b-a55b:free=fragment
әфен	fragment			1	nemotron-3-ultra-550b-a55b:free=fragment
балаге	fragment			1	nemotron-3-ultra-550b-a55b:free=fragment
баршынжа	fragment			1	nemotron-3-ultra-550b-a55b:free=fragment
басқо	fragment			1	nemotron-3-ultra-550b-a55b:free=fragment
басталым	word	басталым	n	1	nemotron-3-ultra-550b-a55b:free=word
батба	fragment			1	nemotron-3-ultra-550b-a55b:free=fragment
бейнеке	fragment			1	nemotron-3-ultra-550b-a55b:free=fragment
бекбо	fragment			1	nemotron-3-ultra-550b-a55b:free=fragment
белгұ	fragment			1	nemotron-3-ultra-550b-a55b:free=fragment
белорта	word	белорта	n	1	nemotron-3-ultra-550b-a55b:free=word
биме	fragment			1	nemotron-3-ultra-550b-a55b:free=fragment
бұғазла	word	бұғазлау	v	1	nemotron-3-ultra-550b-a55b:free=word
дво	foreign			1	nemotron-3-ultra-550b-a55b:free=foreign
докторина	fragment			1	nemotron-3-ultra-550b-a55b:free=fragment
доктринё	fragment			1	nemotron-3-ultra-550b-a55b:free=fragment
долб	fragment			1	nemotron-3-ultra-550b-a55b:free=fragment
елегізі	word	елегіз	n	1	nemotron-3-ultra-550b-a55b:free=word
ерүш	fragment			1	nemotron-3-ultra-550b-a55b:free=fragment
жамһұ	fragment			1	nemotron-3-ultra-550b-a55b:free=fragment
жанбаты	name			1	nemotron-3-ultra-550b-a55b:free=name
жаңғ	fragment			1	nemotron-3-ultra-550b-a55b:free=fragment
жөрел	word	жөру	v	1	nemotron-3-ultra-550b-a55b:free=word
жүһүдл	fragment			1	nemotron-3-ultra-550b-a55b:free=fragment
калиян	word	калиян	n	1	nemotron-3-ultra-550b-a55b:free=word
кәнба	fragment			1	nemotron-3-ultra-550b-a55b:free=fragment
койқап	fragment			1	nemotron-3-ultra-550b-a55b:free=fragment
комиссарият	word	комиссарият	n	1	nemotron-3-ultra-550b-a55b:free=word
комплек	fragment			1	nemotron-3-ultra-550b-a55b:free=fragment
көза	fragment			1	nemotron-3-ultra-550b-a55b:free=fragment
көка	fragment			1	nemotron-3-ultra-550b-a55b:free=fragment
көпжа	fragment			1	nemotron-3-ultra-550b-a55b:free=fragment
көптек	fragment			1	nemotron-3-ultra-550b-a55b:free=fragment
куе	word	куу	v	1	nemotron-3-ultra-550b-a55b:free=word
қайғ	fragment			1	nemotron-3-ultra-550b-a55b:free=fragment
қарабе	fragment			1	nemotron-3-ultra-550b-a55b:free=fragment
қарақой	word	қарақой	n	1	nemotron-3-ultra-550b-a55b:free=word
қома	fragment			1	nemotron-3-ultra-550b-a55b:free=fragment
қосмән	fragment			1	nemotron-3-ultra-550b-a55b:free=fragment
құйдырт	fragment			1	nemotron-3-ultra-550b-a55b:free=fragment
қүла	fragment			1	nemotron-3-ultra-550b-a55b:free=fragment
маңл	fragment			1	nemotron-3-ultra-550b-a55b:free=fragment
мәушарбақ	fragment			1	nemotron-3-ultra-550b-a55b:free=fragment
меллә	foreign			1	nemotron-3-ultra-550b-a55b:free=foreign
мима	name			1	nemotron-3-ultra-550b-a55b:free=name
мұхта	word	мұхта	n	1	nemotron-3-ultra-550b-a55b:free=word
николаевс	fragment			1	nemotron-3-ultra-550b-a55b:free=fragment
орқ	word	орқ	n	1	nemotron-3-ultra-550b-a55b:free=word
парақтал	word	парақтау	v	1	nemotron-3-ultra-550b-a55b:free=word
пахо	fragment			1	nemotron-3-ultra-550b-a55b:free=fragment
пәйт	fragment			1	nemotron-3-ultra-550b-a55b:free=fragment
пәрмә	fragment			1	nemotron-3-ultra-550b-a55b:free=fragment
пешав	fragment			1	nemotron-3-ultra-550b-a55b:free=fragment
пилорама	foreign			1	nemotron-3-ultra-550b-a55b:free=foreign
порн	fragment			1	nemotron-3-ultra-550b-a55b:free=fragment
префек	fragment			1	nemotron-3-ultra-550b-a55b:free=fragment
сарқұ	fragment			1	nemotron-3-ultra-550b-a55b:free=fragment
сарс	word	сарс	n	1	nemotron-3-ultra-550b-a55b:free=word
сарұя	fragment			1	nemotron-3-ultra-550b-a55b:free=fragment
сұнқ	fragment			1	nemotron-3-ultra-550b-a55b:free=fragment
тажі	name			1	nemotron-3-ultra-550b-a55b:free=name
таймұ	fragment			1	nemotron-3-ultra-550b-a55b:free=fragment
тасқұ	fragment			1	nemotron-3-ultra-550b-a55b:free=fragment
тастыш	fragment			1	nemotron-3-ultra-550b-a55b:free=fragment
тауте	fragment			1	nemotron-3-ultra-550b-a55b:free=fragment
тәкап	fragment			1	nemotron-3-ultra-550b-a55b:free=fragment
тиа	fragment			1	nemotron-3-ultra-550b-a55b:free=fragment
тигер	name			1	nemotron-3-ultra-550b-a55b:free=name
түи	fragment			1	nemotron-3-ultra-550b-a55b:free=fragment
түркіба	word	түркіба	n	1	nemotron-3-ultra-550b-a55b:free=word
уақытл	fragment			1	nemotron-3-ultra-550b-a55b:free=fragment
уәзім	fragment			1	nemotron-3-ultra-550b-a55b:free=fragment
үйсінта	fragment			1	nemotron-3-ultra-550b-a55b:free=fragment
үшжа	fragment			1	nemotron-3-ultra-550b-a55b:free=fragment
факултет	fragment			1	nemotron-3-ultra-550b-a55b:free=fragment
фильт	fragment			1	nemotron-3-ultra-550b-a55b:free=fragment
фро	fragment			1	nemotron-3-ultra-550b-a55b:free=fragment
хараса	word	харас	n	1	nemotron-3-ultra-550b-a55b:free=word
хоба	fragment			1	nemotron-3-ultra-550b-a55b:free=fragment
хозу	fragment			1	nemotron-3-ultra-550b-a55b:free=fragment
чус	fragment			1	nemotron-3-ultra-550b-a55b:free=fragment
шант	fragment			1	nemotron-3-ultra-550b-a55b:free=fragment
шейба	foreign			1	nemotron-3-ultra-550b-a55b:free=foreign
шкаб	fragment			1	nemotron-3-ultra-550b-a55b:free=fragment
эрде	word	эрде	n	1	nemotron-3-ultra-550b-a55b:free=word
эфро	fragment			1	nemotron-3-ultra-550b-a55b:free=fragment
автономис	fragment			1	nemotron-3-ultra-550b-a55b:free=fragment
айсеке	name			1	nemotron-3-ultra-550b-a55b:free=name
ақм	fragment			1	nemotron-3-ultra-550b-a55b:free=fragment
апао	fragment			1	nemotron-3-ultra-550b-a55b:free=fragment
атраб	fragment			1	nemotron-3-ultra-550b-a55b:free=fragment
бабаура	name			1	nemotron-3-ultra-550b-a55b:free=name
бадбақ	fragment			1	nemotron-3-ultra-550b-a55b:free=fragment
баймага	fragment			1	nemotron-3-ultra-550b-a55b:free=fragment
балаке	fragment			1	nemotron-3-ultra-550b-a55b:free=fragment
бассе	fragment			1	nemotron-3-ultra-550b-a55b:free=fragment
бига	fragment			1	nemotron-3-ultra-550b-a55b:free=fragment
бозыл	fragment			1	nemotron-3-ultra-550b-a55b:free=fragment
брюме	fragment			1	nemotron-3-ultra-550b-a55b:free=fragment
бұйр	name			1	nemotron-3-ultra-550b-a55b:free=name
ғарс	fragment			1	nemotron-3-ultra-550b-a55b:free=fragment
ғасі	fragment			1	nemotron-3-ultra-550b-a55b:free=fragment
ғиа	fragment			1	nemotron-3-ultra-550b-a55b:free=fragment
ғұнна	fragment			1	nemotron-3-ultra-550b-a55b:free=fragment
дербестел	fragment			1	nemotron-3-ultra-550b-a55b:free=fragment
дүие	word	дүие	adj	1	nemotron-3-ultra-550b-a55b:free=word
елса	name			1	nemotron-3-ultra-550b-a55b:free=name
жантө	word	жантөу	v	1	nemotron-3-ultra-550b-a55b:free=word
жарылғ	fragment			1	nemotron-3-ultra-550b-a55b:free=fragment
жұмақа	fragment			1	nemotron-3-ultra-550b-a55b:free=fragment
зейнетле	fragment			1	nemotron-3-ultra-550b-a55b:free=fragment
имамл	fragment			1	nemotron-3-ultra-550b-a55b:free=fragment
ишла	fragment			1	nemotron-3-ultra-550b-a55b:free=fragment
кеменг	fragment			1	nemotron-3-ultra-550b-a55b:free=fragment
кеуке	fragment			1	nemotron-3-ultra-550b-a55b:free=fragment
клео	name			1	nemotron-3-ultra-550b-a55b:free=name
көзле	word	көзлеу	v	1	nemotron-3-ultra-550b-a55b:free=word
кітапл	fragment			1	nemotron-3-ultra-550b-a55b:free=fragment
қалс	fragment			1	nemotron-3-ultra-550b-a55b:free=fragment
қартей	fragment			1	nemotron-3-ultra-550b-a55b:free=fragment
қирал	fragment			1	nemotron-3-ultra-550b-a55b:free=fragment
қиус	fragment			1	nemotron-3-ultra-550b-a55b:free=fragment
құмбас	fragment			1	nemotron-3-ultra-550b-a55b:free=fragment
қыйқ	fragment			1	nemotron-3-ultra-550b-a55b:free=fragment
лобж	fragment			1	nemotron-3-ultra-550b-a55b:free=fragment
мизма	fragment			1	nemotron-3-ultra-550b-a55b:free=fragment
милитарис	fragment			1	nemotron-3-ultra-550b-a55b:free=fragment
минст	fragment			1	nemotron-3-ultra-550b-a55b:free=fragment
мұзап	fragment			1	nemotron-3-ultra-550b-a55b:free=fragment
мүре	word	мүре	n	1	nemotron-3-ultra-550b-a55b:free=word
мүрсә	fragment			1	nemotron-3-ultra-550b-a55b:free=fragment
оғланл	fragment			1	nemotron-3-ultra-550b-a55b:free=fragment
орато	fragment			1	nemotron-3-ultra-550b-a55b:free=fragment
орке	fragment			1	nemotron-3-ultra-550b-a55b:free=fragment
өнек	word	өнек	adj	1	nemotron-3-ultra-550b-a55b:free=word
өтекел	word	өтекел	adv	1	nemotron-3-ultra-550b-a55b:free=word
падно	fragment			1	nemotron-3-ultra-550b-a55b:free=fragment
пато	fragment			1	nemotron-3-ultra-550b-a55b:free=fragment
плэн	fragment			1	nemotron-3-ultra-550b-a55b:free=fragment
пұр	fragment			1	nemotron-3-ultra-550b-a55b:free=fragment
пьесса	fragment			1	nemotron-3-ultra-550b-a55b:free=fragment
рангі	word	ранг	n	1	nemotron-3-ultra-550b-a55b:free=word
ривь	fragment			1	nemotron-3-ultra-550b-a55b:free=fragment
роме	fragment			1	nemotron-3-ultra-550b-a55b:free=fragment
сақл	fragment			1	nemotron-3-ultra-550b-a55b:free=fragment
семент	word	семент	n	1	nemotron-3-ultra-550b-a55b:free=word
сұлта	word	сұлт	n	1	nemotron-3-ultra-550b-a55b:free=word
сұма	word	сұма	n	1	nemotron-3-ultra-550b-a55b:free=word
сүлфа	fragment			1	nemotron-3-ultra-550b-a55b:free=fragment
сыжа	fragment			1	nemotron-3-ultra-550b-a55b:free=fragment
тапба	word	тап	v	1	nemotron-3-ultra-550b-a55b:free=word
террасса	word	террасса	n	1	nemotron-3-ultra-550b-a55b:free=word
тле	fragment			1	nemotron-3-ultra-550b-a55b:free=fragment
төртаяқ	word	төртаяқ	adj	1	nemotron-3-ultra-550b-a55b:free=word
түркта	fragment			1	nemotron-3-ultra-550b-a55b:free=fragment
тынеке	fragment			1	nemotron-3-ultra-550b-a55b:free=fragment
уит	fragment			1	nemotron-3-ultra-550b-a55b:free=fragment
ульяновскі	foreign			1	nemotron-3-ultra-550b-a55b:free=foreign
ұйп	fragment			1	nemotron-3-ultra-550b-a55b:free=fragment
үсы	word	үс	n	1	nemotron-3-ultra-550b-a55b:free=word
хасе	fragment			1	nemotron-3-ultra-550b-a55b:free=fragment
шағла	fragment			1	nemotron-3-ultra-550b-a55b:free=fragment
шақла	fragment			1	nemotron-3-ultra-550b-a55b:free=fragment
шамырқант	fragment			1	nemotron-3-ultra-550b-a55b:free=fragment
шаһаря	fragment			1	nemotron-3-ultra-550b-a55b:free=fragment
шиха	name			1	nemotron-3-ultra-550b-a55b:free=name
школя	fragment			1	nemotron-3-ultra-550b-a55b:free=fragment
ізе	word	ізе	n	1	nemotron-3-ultra-550b-a55b:free=word
ілег	fragment			1	nemotron-3-ultra-550b-a55b:free=fragment
ісм	fragment			1	nemotron-3-ultra-550b-a55b:free=fragment
ағз	fragment			1	nemotron-3-ultra-550b-a55b:free=fragment
айрма	word	айрма	n	1	nemotron-3-ultra-550b-a55b:free=word
ақмеде	name			1	nemotron-3-ultra-550b-a55b:free=name
ақұ	fragment			1	nemotron-3-ultra-550b-a55b:free=fragment
анже	name			1	nemotron-3-ultra-550b-a55b:free=name
анл	fragment			1	nemotron-3-ultra-550b-a55b:free=fragment
антагонис	fragment			1	nemotron-3-ultra-550b-a55b:free=fragment
асаус	word	асаус	n	1	nemotron-3-ultra-550b-a55b:free=word
асбап	word	асбап	n	1	nemotron-3-ultra-550b-a55b:free=word
ауқа	word	ауқа	n	1	nemotron-3-ultra-550b-a55b:free=word
әндетіл	word	әндетіл	adj	1	nemotron-3-ultra-550b-a55b:free=word
бакха	name			1	nemotron-3-ultra-550b-a55b:free=name
бекбаз	name			1	nemotron-3-ultra-550b-a55b:free=name
бишә	foreign			1	nemotron-3-ultra-550b-a55b:free=foreign
бұрматал	word	бұрматал	adj	1	nemotron-3-ultra-550b-a55b:free=word
біреке	word	біреке	n	1	nemotron-3-ultra-550b-a55b:free=word
валта	word	валта	n	1	nemotron-3-ultra-550b-a55b:free=word
ғанимда	fragment			1	nemotron-3-ultra-550b-a55b:free=fragment
дәлбеде	word	дәлбеде	n	1	nemotron-3-ultra-550b-a55b:free=word
дұшманл	fragment			1	nemotron-3-ultra-550b-a55b:free=fragment
дінн	fragment			1	nemotron-3-ultra-550b-a55b:free=fragment
елме	word	елме	n	1	nemotron-3-ultra-550b-a55b:free=word
ерта	word	ерта	adv	1	nemotron-3-ultra-550b-a55b:free=word
жанкі	fragment			1	nemotron-3-ultra-550b-a55b:free=fragment
жаршағыл	fragment			1	nemotron-3-ultra-550b-a55b:free=fragment
жәлү	fragment			1	nemotron-3-ultra-550b-a55b:free=fragment
жиена	fragment			1	nemotron-3-ultra-550b-a55b:free=fragment
жүртта	word	жүрт	n	1	nemotron-3-ultra-550b-a55b:free=word
жыйн	fragment			1	nemotron-3-ultra-550b-a55b:free=fragment
зақа	word	зақау	v	1	nemotron-3-ultra-550b-a55b:free=word
зертге	fragment			1	nemotron-3-ultra-550b-a55b:free=fragment
исаковн	fragment			1	nemotron-3-ultra-550b-a55b:free=fragment
исламл	fragment			1	nemotron-3-ultra-550b-a55b:free=fragment
кайғыр	word	кайғыр	adj	1	nemotron-3-ultra-550b-a55b:free=word
кәрсо	fragment			1	nemotron-3-ultra-550b-a55b:free=fragment
кетеке	fragment			1	nemotron-3-ultra-550b-a55b:free=fragment
клика	word	клика	n	1	nemotron-3-ultra-550b-a55b:free=word
көкре	fragment			1	nemotron-3-ultra-550b-a55b:free=fragment
көктек	fragment			1	nemotron-3-ultra-550b-a55b:free=fragment
көрта	fragment			1	nemotron-3-ultra-550b-a55b:free=fragment
куәләндыр	fragment			1	nemotron-3-ultra-550b-a55b:free=fragment
кұрылым	word	кұрылым	n	1	nemotron-3-ultra-550b-a55b:free=word
күи	fragment			1	nemotron-3-ultra-550b-a55b:free=fragment
күлқа	fragment			1	nemotron-3-ultra-550b-a55b:free=fragment
күнбо	fragment			1	nemotron-3-ultra-550b-a55b:free=fragment
күнса	fragment			1	nemotron-3-ultra-550b-a55b:free=fragment
кіріктіріл	fragment			1	nemotron-3-ultra-550b-a55b:free=fragment
кюрнберг	name	кюрнберг		1	nemotron-3-ultra-550b-a55b:free=name
қазбе	name	қазбе		1	nemotron-3-ultra-550b-a55b:free=name
қамаға	fragment			1	nemotron-3-ultra-550b-a55b:free=fragment
қах	fragment			1	nemotron-3-ultra-550b-a55b:free=fragment
қаһма	fragment			1	nemotron-3-ultra-550b-a55b:free=fragment
қобылн	fragment			1	nemotron-3-ultra-550b-a55b:free=fragment
қостек	name	қостек		1	nemotron-3-ultra-550b-a55b:free=name
қосыұ	fragment			1	nemotron-3-ultra-550b-a55b:free=fragment
малғұнл	fragment			1	nemotron-3-ultra-550b-a55b:free=fragment
меһра	name			1	nemotron-3-ultra-550b-a55b:free=name
монофилит	word	монофилит	n	1	nemotron-3-ultra-550b-a55b:free=word
мумм	fragment			1	nemotron-3-ultra-550b-a55b:free=fragment
мұқамат	word	мұқамат	n	1	nemotron-3-ultra-550b-a55b:free=word
мһт	fragment			1	nemotron-3-ultra-550b-a55b:free=fragment
нарцис	word	нарцис	n	1	nemotron-3-ultra-550b-a55b:free=word
науади	fragment			1	nemotron-3-ultra-550b-a55b:free=fragment
ндеб	fragment			1	nemotron-3-ultra-550b-a55b:free=fragment
нұршаш	name			1	nemotron-3-ultra-550b-a55b:free=name
огу	fragment			1	nemotron-3-ultra-550b-a55b:free=fragment
өпек	word	өпек	n	1	nemotron-3-ultra-550b-a55b:free=word
өтектел	word	өтеу	v	1	nemotron-3-ultra-550b-a55b:free=word
психоаналис	word	психоаналис	n	1	nemotron-3-ultra-550b-a55b:free=word
піруәда	fragment			1	nemotron-3-ultra-550b-a55b:free=fragment
разьез	foreign			1	nemotron-3-ultra-550b-a55b:free=foreign
рейтин	fragment			1	nemotron-3-ultra-550b-a55b:free=fragment
руһбанл	fragment			1	nemotron-3-ultra-550b-a55b:free=fragment
саноб	fragment			1	nemotron-3-ultra-550b-a55b:free=fragment
сарбес	fragment			1	nemotron-3-ultra-550b-a55b:free=fragment
сойдақті	word	сойдақ	n	1	nemotron-3-ultra-550b-a55b:free=word
страто	fragment			1	nemotron-3-ultra-550b-a55b:free=fragment
субқұры	fragment			1	nemotron-3-ultra-550b-a55b:free=fragment
сімі	word	сім	n	1	nemotron-3-ultra-550b-a55b:free=word
тайкеш	word	тайкеш	adj	1	nemotron-3-ultra-550b-a55b:free=word
тайсалт	fragment			1	nemotron-3-ultra-550b-a55b:free=fragment
тамақс	fragment			1	nemotron-3-ultra-550b-a55b:free=fragment
тамамла	fragment			1	nemotron-3-ultra-550b-a55b:free=fragment
тассуат	fragment			1	nemotron-3-ultra-550b-a55b:free=fragment
тауеке	word	тауеке	n	1	nemotron-3-ultra-550b-a55b:free=word
тауле	fragment			1	nemotron-3-ultra-550b-a55b:free=fragment
тәна	word	тәна	n	1	nemotron-3-ultra-550b-a55b:free=word
тәңіре	word	тәңіре	n	1	nemotron-3-ultra-550b-a55b:free=word
текк	fragment			1	nemotron-3-ultra-550b-a55b:free=fragment
теоцентризм	word	теоцентризм	n	1	nemotron-3-ultra-550b-a55b:free=word
теро	fragment			1	nemotron-3-ultra-550b-a55b:free=fragment
тиара	word	тиара	n	1	nemotron-3-ultra-550b-a55b:free=word
тоқс	fragment			1	nemotron-3-ultra-550b-a55b:free=fragment
туро	fragment			1	nemotron-3-ultra-550b-a55b:free=fragment
түғы	fragment			1	nemotron-3-ultra-550b-a55b:free=fragment
тыйл	word	тыыл	adj	1	nemotron-3-ultra-550b-a55b:free=word
тюлен	word	тюлен	n	1	nemotron-3-ultra-550b-a55b:free=word
уәсуа	fragment			1	nemotron-3-ultra-550b-a55b:free=fragment
уйба	fragment			1	nemotron-3-ultra-550b-a55b:free=fragment
учаскі	foreign			1	nemotron-3-ultra-550b-a55b:free=foreign
ұлықл	fragment			1	nemotron-3-ultra-550b-a55b:free=fragment
ұңқы	word	ұңқы	n	1	nemotron-3-ultra-550b-a55b:free=word
хаді	name			1	nemotron-3-ultra-550b-a55b:free=name
хикметл	fragment			1	nemotron-3-ultra-550b-a55b:free=fragment
целебе	foreign			1	nemotron-3-ultra-550b-a55b:free=foreign
шаймі	fragment			1	nemotron-3-ultra-550b-a55b:free=fragment
шаһзара	fragment			1	nemotron-3-ultra-550b-a55b:free=fragment
шаһқ	fragment			1	nemotron-3-ultra-550b-a55b:free=fragment
шәһия	fragment			1	nemotron-3-ultra-550b-a55b:free=fragment
шиза	foreign			1	nemotron-3-ultra-550b-a55b:free=foreign
шовинис	fragment			1	nemotron-3-ultra-550b-a55b:free=fragment
шоқб	fragment			1	nemotron-3-ultra-550b-a55b:free=fragment
штарт	foreign			1	nemotron-3-ultra-550b-a55b:free=foreign
шұһба	fragment			1	nemotron-3-ultra-550b-a55b:free=fragment
шымба	fragment			1	nemotron-3-ultra-550b-a55b:free=fragment
ылда	word	ылдау	v	1	nemotron-3-ultra-550b-a55b:free=word
ымла	fragment			1	nemotron-3-ultra-550b-a55b:free=fragment
істап	fragment			1	nemotron-3-ultra-550b-a55b:free=fragment
ішпы	fragment			1	nemotron-3-ultra-550b-a55b:free=fragment
іііе	fragment			1	nemotron-3-ultra-550b-a55b:free=fragment
эйм	fragment			1	nemotron-3-ultra-550b-a55b:free=fragment
